ISO-10303-21;
HEADER;
FILE_DESCRIPTION(('102 face(s), 960 edge(s), 768 vertex/vertices confirmed by cade at n=128, half-extent 3.500000000000'),'2;1');
FILE_NAME('case.step','2026-08-23T00:00:00',('cade'),('cade'),'cade 0.1.0','cade','');
FILE_SCHEMA(('AUTOMOTIVE_DESIGN { 1 0 10303 214 1 1 1 1 }'));
ENDSEC;
DATA;
#1=CARTESIAN_POINT('',(0.000000000000,2.142054018786,1.643655858324));
#2=DIRECTION('',(0.000000000000,0.793353340291,0.608761429009));
#3=DIRECTION('',(0.000000000000,0.608761429009,-0.793353340291));
#4=AXIS2_PLACEMENT_3D('',#1,#2,#3);
#5=PLANE('',#4);
#6=CARTESIAN_POINT('',(-0.600000000000,2.087265490176,1.715057658950));
#7=VERTEX_POINT('',#6);
#8=CARTESIAN_POINT('',(1.100000000000,2.087265490176,1.715057658950));
#9=VERTEX_POINT('',#8);
#10=CARTESIAN_POINT('',(0.000000000000,2.087265490176,1.715057658950));
#11=DIRECTION('',(1.000000000000,0.000000000000,0.000000000000));
#12=VECTOR('',#11,1.0);
#13=LINE('',#10,#12);
#14=EDGE_CURVE('',#7,#9,#13,.T.);
#15=ORIENTED_EDGE('',*,*,#14,.T.);
#16=CARTESIAN_POINT('',(1.100000000000,2.196842547397,1.572254057697));
#17=VERTEX_POINT('',#16);
#18=CARTESIAN_POINT('',(1.100000000000,2.142054018786,1.643655858324));
#19=VECTOR('',#3,1.0);
#20=LINE('',#18,#19);
#21=EDGE_CURVE('',#9,#17,#20,.T.);
#22=ORIENTED_EDGE('',*,*,#21,.T.);
#23=CARTESIAN_POINT('',(-0.600000000000,2.196842547397,1.572254057697));
#24=VERTEX_POINT('',#23);
#25=CARTESIAN_POINT('',(0.000000000000,2.196842547397,1.572254057697));
#26=DIRECTION('',(-1.000000000000,0.000000000000,0.000000000000));
#27=VECTOR('',#26,1.0);
#28=LINE('',#25,#27);
#29=EDGE_CURVE('',#17,#24,#28,.T.);
#30=ORIENTED_EDGE('',*,*,#29,.T.);
#31=CARTESIAN_POINT('',(-0.600000000000,2.142054018786,1.643655858324));
#32=DIRECTION('',(0.000000000000,-0.608761429009,0.793353340291));
#33=VECTOR('',#32,1.0);
#34=LINE('',#31,#33);
#35=EDGE_CURVE('',#24,#7,#34,.T.);
#36=ORIENTED_EDGE('',*,*,#35,.T.);
#37=EDGE_LOOP('',(#15,#22,#30,#36));
#38=FACE_OUTER_BOUND('',#37,.T.);
#39=ADVANCED_FACE('',(#38),#5,.T.);
#40=CARTESIAN_POINT('',(0.000000000000,-0.054788528611,0.071401800626));
#41=AXIS2_PLACEMENT_3D('',#40,#32,#2);
#42=PLANE('',#41);
#43=CARTESIAN_POINT('',(1.100000000000,-2.196842547397,-1.572254057697));
#44=VERTEX_POINT('',#43);
#45=CARTESIAN_POINT('',(1.100000000000,-2.076579121936,-1.479972685674));
#46=VERTEX_POINT('',#45);
#47=CARTESIAN_POINT('',(1.100000000000,-0.054788528611,0.071401800626));
#48=VECTOR('',#2,1.0);
#49=LINE('',#47,#48);
#50=EDGE_CURVE('',#44,#46,#49,.T.);
#51=ORIENTED_EDGE('',*,*,#50,.T.);
#52=CARTESIAN_POINT('',(-0.600000000000,-2.076579121936,-1.479972685674));
#53=VERTEX_POINT('',#52);
#54=CARTESIAN_POINT('',(0.250000000000,-2.076579121936,-1.479972685674));
#55=LINE('',#54,#12);
#56=EDGE_CURVE('',#53,#46,#55,.T.);
#57=ORIENTED_EDGE('',*,*,#56,.F.);
#58=CARTESIAN_POINT('',(-0.600000000000,-2.196842547397,-1.572254057697));
#59=VERTEX_POINT('',#58);
#60=CARTESIAN_POINT('',(-0.600000000000,-0.054788528611,0.071401800626));
#61=DIRECTION('',(0.000000000000,-0.793353340291,-0.608761429009));
#62=VECTOR('',#61,1.0);
#63=LINE('',#60,#62);
#64=EDGE_CURVE('',#53,#59,#63,.T.);
#65=ORIENTED_EDGE('',*,*,#64,.T.);
#66=CARTESIAN_POINT('',(0.000000000000,-2.196842547397,-1.572254057697));
#67=LINE('',#66,#12);
#68=EDGE_CURVE('',#59,#44,#67,.T.);
#69=ORIENTED_EDGE('',*,*,#68,.T.);
#70=EDGE_LOOP('',(#51,#57,#65,#69));
#71=ORIENTED_EDGE('',*,*,#14,.F.);
#72=CARTESIAN_POINT('',(-0.600000000000,1.967002064714,1.622776286926));
#73=VERTEX_POINT('',#72);
#74=LINE('',#60,#62);
#75=EDGE_CURVE('',#7,#73,#74,.T.);
#76=ORIENTED_EDGE('',*,*,#75,.T.);
#77=CARTESIAN_POINT('',(1.100000000000,1.967002064714,1.622776286926));
#78=VERTEX_POINT('',#77);
#79=CARTESIAN_POINT('',(0.250000000000,1.967002064714,1.622776286926));
#80=LINE('',#79,#12);
#81=EDGE_CURVE('',#73,#78,#80,.T.);
#82=ORIENTED_EDGE('',*,*,#81,.T.);
#83=LINE('',#47,#48);
#84=EDGE_CURVE('',#78,#9,#83,.T.);
#85=ORIENTED_EDGE('',*,*,#84,.T.);
#86=EDGE_LOOP('',(#71,#76,#82,#85));
#87=FACE_OUTER_BOUND('',#70,.T.);
#88=ADVANCED_FACE('',(#87),#42,.T.);
#89=FACE_OUTER_BOUND('',#86,.T.);
#90=ADVANCED_FACE('',(#89),#42,.T.);
#91=CARTESIAN_POINT('',(0.000000000000,0.054788528611,-0.071401800626));
#92=AXIS2_PLACEMENT_3D('',#91,#3,#61);
#93=PLANE('',#92);
#94=CARTESIAN_POINT('',(1.100000000000,-1.967002064714,-1.622776286926));
#95=VERTEX_POINT('',#94);
#96=CARTESIAN_POINT('',(1.100000000000,-2.087265490176,-1.715057658950));
#97=VERTEX_POINT('',#96);
#98=CARTESIAN_POINT('',(1.100000000000,0.054788528611,-0.071401800626));
#99=LINE('',#98,#62);
#100=EDGE_CURVE('',#95,#97,#99,.T.);
#101=ORIENTED_EDGE('',*,*,#100,.T.);
#102=CARTESIAN_POINT('',(-0.600000000000,-2.087265490176,-1.715057658950));
#103=VERTEX_POINT('',#102);
#104=CARTESIAN_POINT('',(0.000000000000,-2.087265490176,-1.715057658950));
#105=LINE('',#104,#27);
#106=EDGE_CURVE('',#97,#103,#105,.T.);
#107=ORIENTED_EDGE('',*,*,#106,.T.);
#108=CARTESIAN_POINT('',(-0.600000000000,-1.967002064714,-1.622776286926));
#109=VERTEX_POINT('',#108);
#110=CARTESIAN_POINT('',(-0.600000000000,0.054788528611,-0.071401800626));
#111=LINE('',#110,#48);
#112=EDGE_CURVE('',#103,#109,#111,.T.);
#113=ORIENTED_EDGE('',*,*,#112,.T.);
#114=CARTESIAN_POINT('',(0.250000000000,-1.967002064714,-1.622776286926));
#115=LINE('',#114,#12);
#116=EDGE_CURVE('',#109,#95,#115,.T.);
#117=ORIENTED_EDGE('',*,*,#116,.T.);
#118=EDGE_LOOP('',(#101,#107,#113,#117));
#119=ORIENTED_EDGE('',*,*,#29,.F.);
#120=CARTESIAN_POINT('',(1.100000000000,2.076579121936,1.479972685674));
#121=VERTEX_POINT('',#120);
#122=LINE('',#98,#62);
#123=EDGE_CURVE('',#17,#121,#122,.T.);
#124=ORIENTED_EDGE('',*,*,#123,.T.);
#125=CARTESIAN_POINT('',(-0.600000000000,2.076579121936,1.479972685674));
#126=VERTEX_POINT('',#125);
#127=CARTESIAN_POINT('',(0.250000000000,2.076579121936,1.479972685674));
#128=LINE('',#127,#12);
#129=EDGE_CURVE('',#126,#121,#128,.T.);
#130=ORIENTED_EDGE('',*,*,#129,.F.);
#131=LINE('',#110,#48);
#132=EDGE_CURVE('',#126,#24,#131,.T.);
#133=ORIENTED_EDGE('',*,*,#132,.T.);
#134=EDGE_LOOP('',(#119,#124,#130,#133));
#135=FACE_OUTER_BOUND('',#118,.T.);
#136=ADVANCED_FACE('',(#135),#93,.T.);
#137=FACE_OUTER_BOUND('',#134,.T.);
#138=ADVANCED_FACE('',(#137),#93,.T.);
#139=CARTESIAN_POINT('',(1.100000000000,0.000000000000,0.000000000000));
#140=DIRECTION('',(0.000000000000,0.000000000000,1.000000000000));
#141=AXIS2_PLACEMENT_3D('',#139,#11,#140);
#142=PLANE('',#141);
#143=CARTESIAN_POINT('',(1.100000000000,-0.027688633510,0.479200729939));
#144=VERTEX_POINT('',#143);
#145=CARTESIAN_POINT('',(1.100000000000,-0.035096493176,0.478715193165));
#146=VERTEX_POINT('',#145);
#147=CIRCLE('',#141,0.480000000000);
#148=EDGE_CURVE('',#144,#146,#147,.T.);
#149=ORIENTED_EDGE('',*,*,#148,.F.);
#150=CARTESIAN_POINT('',(1.100000000000,0.027688633510,0.479200729939));
#151=VERTEX_POINT('',#150);
#152=CIRCLE('',#141,0.480000000000);
#153=EDGE_CURVE('',#151,#144,#152,.T.);
#154=ORIENTED_EDGE('',*,*,#153,.F.);
#155=CARTESIAN_POINT('',(1.100000000000,0.035096493176,0.478715193165));
#156=VERTEX_POINT('',#155);
#157=CIRCLE('',#141,0.480000000000);
#158=EDGE_CURVE('',#156,#151,#157,.T.);
#159=ORIENTED_EDGE('',*,*,#158,.F.);
#160=CARTESIAN_POINT('',(1.100000000000,0.090000000000,0.471487009365));
#161=VERTEX_POINT('',#160);
#162=CIRCLE('',#141,0.480000000000);
#163=EDGE_CURVE('',#161,#156,#162,.T.);
#164=ORIENTED_EDGE('',*,*,#163,.F.);
#165=CARTESIAN_POINT('',(1.100000000000,0.097281109133,0.470038706710));
#166=VERTEX_POINT('',#165);
#167=CIRCLE('',#141,0.480000000000);
#168=EDGE_CURVE('',#166,#161,#167,.T.);
#169=ORIENTED_EDGE('',*,*,#168,.F.);
#170=CARTESIAN_POINT('',(1.100000000000,0.150771441537,0.455706015340));
#171=VERTEX_POINT('',#170);
#172=CIRCLE('',#141,0.480000000000);
#173=EDGE_CURVE('',#171,#166,#172,.T.);
#174=ORIENTED_EDGE('',*,*,#173,.F.);
#175=CARTESIAN_POINT('',(1.100000000000,0.157801218342,0.453319727664));
#176=VERTEX_POINT('',#175);
#177=CIRCLE('',#141,0.480000000000);
#178=EDGE_CURVE('',#176,#171,#177,.T.);
#179=ORIENTED_EDGE('',*,*,#178,.F.);
#180=CARTESIAN_POINT('',(1.100000000000,0.208963141908,0.432127765046));
#181=VERTEX_POINT('',#180);
#182=CIRCLE('',#141,0.480000000000);
#183=EDGE_CURVE('',#181,#176,#182,.T.);
#184=ORIENTED_EDGE('',*,*,#183,.F.);
#185=CARTESIAN_POINT('',(1.100000000000,0.215621304954,0.428844322394));
#186=VERTEX_POINT('',#185);
#187=CIRCLE('',#141,0.480000000000);
#188=EDGE_CURVE('',#186,#181,#187,.T.);
#189=ORIENTED_EDGE('',*,*,#188,.F.);
#190=CARTESIAN_POINT('',(1.100000000000,0.263579424985,0.401155688884));
#191=VERTEX_POINT('',#190);
#192=CIRCLE('',#141,0.480000000000);
#193=EDGE_CURVE('',#191,#186,#192,.T.);
#194=ORIENTED_EDGE('',*,*,#193,.F.);
#195=CARTESIAN_POINT('',(1.100000000000,0.269752051257,0.397031271870));
#196=VERTEX_POINT('',#195);
#197=CIRCLE('',#141,0.480000000000);
#198=EDGE_CURVE('',#196,#191,#197,.T.);
#199=ORIENTED_EDGE('',*,*,#198,.F.);
#200=CARTESIAN_POINT('',(1.100000000000,0.313685791023,0.363319727664));
#201=VERTEX_POINT('',#200);
#202=CIRCLE('',#141,0.480000000000);
#203=EDGE_CURVE('',#201,#196,#202,.T.);
#204=ORIENTED_EDGE('',*,*,#203,.F.);
#205=CARTESIAN_POINT('',(1.100000000000,0.319267265173,0.358424906206));
#206=VERTEX_POINT('',#205);
#207=CIRCLE('',#141,0.480000000000);
#208=EDGE_CURVE('',#206,#201,#207,.T.);
#209=ORIENTED_EDGE('',*,*,#208,.F.);
#210=CARTESIAN_POINT('',(1.100000000000,0.358424906206,0.319267265173));
#211=VERTEX_POINT('',#210);
#212=CIRCLE('',#141,0.480000000000);
#213=EDGE_CURVE('',#211,#206,#212,.T.);
#214=ORIENTED_EDGE('',*,*,#213,.F.);
#215=CARTESIAN_POINT('',(1.100000000000,0.363319727664,0.313685791023));
#216=VERTEX_POINT('',#215);
#217=CIRCLE('',#141,0.480000000000);
#218=EDGE_CURVE('',#216,#211,#217,.T.);
#219=ORIENTED_EDGE('',*,*,#218,.F.);
#220=CARTESIAN_POINT('',(1.100000000000,0.397031271870,0.269752051257));
#221=VERTEX_POINT('',#220);
#222=CIRCLE('',#141,0.480000000000);
#223=EDGE_CURVE('',#221,#216,#222,.T.);
#224=ORIENTED_EDGE('',*,*,#223,.F.);
#225=CARTESIAN_POINT('',(1.100000000000,0.401155688884,0.263579424985));
#226=VERTEX_POINT('',#225);
#227=CIRCLE('',#141,0.480000000000);
#228=EDGE_CURVE('',#226,#221,#227,.T.);
#229=ORIENTED_EDGE('',*,*,#228,.F.);
#230=CARTESIAN_POINT('',(1.100000000000,0.428844322394,0.215621304954));
#231=VERTEX_POINT('',#230);
#232=CIRCLE('',#141,0.480000000000);
#233=EDGE_CURVE('',#231,#226,#232,.T.);
#234=ORIENTED_EDGE('',*,*,#233,.F.);
#235=CARTESIAN_POINT('',(1.100000000000,0.432127765046,0.208963141908));
#236=VERTEX_POINT('',#235);
#237=CIRCLE('',#141,0.480000000000);
#238=EDGE_CURVE('',#236,#231,#237,.T.);
#239=ORIENTED_EDGE('',*,*,#238,.F.);
#240=CARTESIAN_POINT('',(1.100000000000,0.453319727664,0.157801218342));
#241=VERTEX_POINT('',#240);
#242=CIRCLE('',#141,0.480000000000);
#243=EDGE_CURVE('',#241,#236,#242,.T.);
#244=ORIENTED_EDGE('',*,*,#243,.F.);
#245=CARTESIAN_POINT('',(1.100000000000,0.455706015340,0.150771441537));
#246=VERTEX_POINT('',#245);
#247=CIRCLE('',#141,0.480000000000);
#248=EDGE_CURVE('',#246,#241,#247,.T.);
#249=ORIENTED_EDGE('',*,*,#248,.F.);
#250=CARTESIAN_POINT('',(1.100000000000,0.470038706710,0.097281109133));
#251=VERTEX_POINT('',#250);
#252=CIRCLE('',#141,0.480000000000);
#253=EDGE_CURVE('',#251,#246,#252,.T.);
#254=ORIENTED_EDGE('',*,*,#253,.F.);
#255=CARTESIAN_POINT('',(1.100000000000,0.471487009365,0.090000000000));
#256=VERTEX_POINT('',#255);
#257=CIRCLE('',#141,0.480000000000);
#258=EDGE_CURVE('',#256,#251,#257,.T.);
#259=ORIENTED_EDGE('',*,*,#258,.F.);
#260=CARTESIAN_POINT('',(1.100000000000,0.478715193165,0.035096493176));
#261=VERTEX_POINT('',#260);
#262=CIRCLE('',#141,0.480000000000);
#263=EDGE_CURVE('',#261,#256,#262,.T.);
#264=ORIENTED_EDGE('',*,*,#263,.F.);
#265=CARTESIAN_POINT('',(1.100000000000,0.479200729939,0.027688633510));
#266=VERTEX_POINT('',#265);
#267=CIRCLE('',#141,0.480000000000);
#268=EDGE_CURVE('',#266,#261,#267,.T.);
#269=ORIENTED_EDGE('',*,*,#268,.F.);
#270=CARTESIAN_POINT('',(1.100000000000,0.479200729939,-0.027688633510));
#271=VERTEX_POINT('',#270);
#272=CIRCLE('',#141,0.480000000000);
#273=EDGE_CURVE('',#271,#266,#272,.T.);
#274=ORIENTED_EDGE('',*,*,#273,.F.);
#275=CARTESIAN_POINT('',(1.100000000000,0.478715193165,-0.035096493176));
#276=VERTEX_POINT('',#275);
#277=CIRCLE('',#141,0.480000000000);
#278=EDGE_CURVE('',#276,#271,#277,.T.);
#279=ORIENTED_EDGE('',*,*,#278,.F.);
#280=CARTESIAN_POINT('',(1.100000000000,0.471487009365,-0.090000000000));
#281=VERTEX_POINT('',#280);
#282=CIRCLE('',#141,0.480000000000);
#283=EDGE_CURVE('',#281,#276,#282,.T.);
#284=ORIENTED_EDGE('',*,*,#283,.F.);
#285=CARTESIAN_POINT('',(1.100000000000,0.470038706710,-0.097281109133));
#286=VERTEX_POINT('',#285);
#287=CIRCLE('',#141,0.480000000000);
#288=EDGE_CURVE('',#286,#281,#287,.T.);
#289=ORIENTED_EDGE('',*,*,#288,.F.);
#290=CARTESIAN_POINT('',(1.100000000000,0.455706015340,-0.150771441537));
#291=VERTEX_POINT('',#290);
#292=CIRCLE('',#141,0.480000000000);
#293=EDGE_CURVE('',#291,#286,#292,.T.);
#294=ORIENTED_EDGE('',*,*,#293,.F.);
#295=CARTESIAN_POINT('',(1.100000000000,0.453319727664,-0.157801218342));
#296=VERTEX_POINT('',#295);
#297=CIRCLE('',#141,0.480000000000);
#298=EDGE_CURVE('',#296,#291,#297,.T.);
#299=ORIENTED_EDGE('',*,*,#298,.F.);
#300=CARTESIAN_POINT('',(1.100000000000,0.432127765046,-0.208963141908));
#301=VERTEX_POINT('',#300);
#302=CIRCLE('',#141,0.480000000000);
#303=EDGE_CURVE('',#301,#296,#302,.T.);
#304=ORIENTED_EDGE('',*,*,#303,.F.);
#305=CARTESIAN_POINT('',(1.100000000000,0.428844322394,-0.215621304954));
#306=VERTEX_POINT('',#305);
#307=CIRCLE('',#141,0.480000000000);
#308=EDGE_CURVE('',#306,#301,#307,.T.);
#309=ORIENTED_EDGE('',*,*,#308,.F.);
#310=CARTESIAN_POINT('',(1.100000000000,0.401155688884,-0.263579424985));
#311=VERTEX_POINT('',#310);
#312=CIRCLE('',#141,0.480000000000);
#313=EDGE_CURVE('',#311,#306,#312,.T.);
#314=ORIENTED_EDGE('',*,*,#313,.F.);
#315=CARTESIAN_POINT('',(1.100000000000,0.397031271870,-0.269752051257));
#316=VERTEX_POINT('',#315);
#317=CIRCLE('',#141,0.480000000000);
#318=EDGE_CURVE('',#316,#311,#317,.T.);
#319=ORIENTED_EDGE('',*,*,#318,.F.);
#320=CARTESIAN_POINT('',(1.100000000000,0.363319727664,-0.313685791023));
#321=VERTEX_POINT('',#320);
#322=CIRCLE('',#141,0.480000000000);
#323=EDGE_CURVE('',#321,#316,#322,.T.);
#324=ORIENTED_EDGE('',*,*,#323,.F.);
#325=CARTESIAN_POINT('',(1.100000000000,0.358424906206,-0.319267265173));
#326=VERTEX_POINT('',#325);
#327=CIRCLE('',#141,0.480000000000);
#328=EDGE_CURVE('',#326,#321,#327,.T.);
#329=ORIENTED_EDGE('',*,*,#328,.F.);
#330=CARTESIAN_POINT('',(1.100000000000,0.319267265173,-0.358424906206));
#331=VERTEX_POINT('',#330);
#332=CIRCLE('',#141,0.480000000000);
#333=EDGE_CURVE('',#331,#326,#332,.T.);
#334=ORIENTED_EDGE('',*,*,#333,.F.);
#335=CARTESIAN_POINT('',(1.100000000000,0.313685791023,-0.363319727664));
#336=VERTEX_POINT('',#335);
#337=CIRCLE('',#141,0.480000000000);
#338=EDGE_CURVE('',#336,#331,#337,.T.);
#339=ORIENTED_EDGE('',*,*,#338,.F.);
#340=CARTESIAN_POINT('',(1.100000000000,0.269752051257,-0.397031271870));
#341=VERTEX_POINT('',#340);
#342=CIRCLE('',#141,0.480000000000);
#343=EDGE_CURVE('',#341,#336,#342,.T.);
#344=ORIENTED_EDGE('',*,*,#343,.F.);
#345=CARTESIAN_POINT('',(1.100000000000,0.263579424985,-0.401155688884));
#346=VERTEX_POINT('',#345);
#347=CIRCLE('',#141,0.480000000000);
#348=EDGE_CURVE('',#346,#341,#347,.T.);
#349=ORIENTED_EDGE('',*,*,#348,.F.);
#350=CARTESIAN_POINT('',(1.100000000000,0.215621304954,-0.428844322394));
#351=VERTEX_POINT('',#350);
#352=CIRCLE('',#141,0.480000000000);
#353=EDGE_CURVE('',#351,#346,#352,.T.);
#354=ORIENTED_EDGE('',*,*,#353,.F.);
#355=CARTESIAN_POINT('',(1.100000000000,0.208963141908,-0.432127765046));
#356=VERTEX_POINT('',#355);
#357=CIRCLE('',#141,0.480000000000);
#358=EDGE_CURVE('',#356,#351,#357,.T.);
#359=ORIENTED_EDGE('',*,*,#358,.F.);
#360=CARTESIAN_POINT('',(1.100000000000,0.157801218342,-0.453319727664));
#361=VERTEX_POINT('',#360);
#362=CIRCLE('',#141,0.480000000000);
#363=EDGE_CURVE('',#361,#356,#362,.T.);
#364=ORIENTED_EDGE('',*,*,#363,.F.);
#365=CARTESIAN_POINT('',(1.100000000000,0.150771441537,-0.455706015340));
#366=VERTEX_POINT('',#365);
#367=CIRCLE('',#141,0.480000000000);
#368=EDGE_CURVE('',#366,#361,#367,.T.);
#369=ORIENTED_EDGE('',*,*,#368,.F.);
#370=CARTESIAN_POINT('',(1.100000000000,0.097281109133,-0.470038706710));
#371=VERTEX_POINT('',#370);
#372=CIRCLE('',#141,0.480000000000);
#373=EDGE_CURVE('',#371,#366,#372,.T.);
#374=ORIENTED_EDGE('',*,*,#373,.F.);
#375=CARTESIAN_POINT('',(1.100000000000,0.090000000000,-0.471487009365));
#376=VERTEX_POINT('',#375);
#377=CIRCLE('',#141,0.480000000000);
#378=EDGE_CURVE('',#376,#371,#377,.T.);
#379=ORIENTED_EDGE('',*,*,#378,.F.);
#380=CARTESIAN_POINT('',(1.100000000000,0.035096493176,-0.478715193165));
#381=VERTEX_POINT('',#380);
#382=CIRCLE('',#141,0.480000000000);
#383=EDGE_CURVE('',#381,#376,#382,.T.);
#384=ORIENTED_EDGE('',*,*,#383,.F.);
#385=CARTESIAN_POINT('',(1.100000000000,0.027688633510,-0.479200729939));
#386=VERTEX_POINT('',#385);
#387=CIRCLE('',#141,0.480000000000);
#388=EDGE_CURVE('',#386,#381,#387,.T.);
#389=ORIENTED_EDGE('',*,*,#388,.F.);
#390=CARTESIAN_POINT('',(1.100000000000,-0.027688633510,-0.479200729939));
#391=VERTEX_POINT('',#390);
#392=CIRCLE('',#141,0.480000000000);
#393=EDGE_CURVE('',#391,#386,#392,.T.);
#394=ORIENTED_EDGE('',*,*,#393,.F.);
#395=CARTESIAN_POINT('',(1.100000000000,-0.035096493176,-0.478715193165));
#396=VERTEX_POINT('',#395);
#397=CIRCLE('',#141,0.480000000000);
#398=EDGE_CURVE('',#396,#391,#397,.T.);
#399=ORIENTED_EDGE('',*,*,#398,.F.);
#400=CARTESIAN_POINT('',(1.100000000000,-0.090000000000,-0.471487009365));
#401=VERTEX_POINT('',#400);
#402=CIRCLE('',#141,0.480000000000);
#403=EDGE_CURVE('',#401,#396,#402,.T.);
#404=ORIENTED_EDGE('',*,*,#403,.F.);
#405=CARTESIAN_POINT('',(1.100000000000,-0.097281109133,-0.470038706710));
#406=VERTEX_POINT('',#405);
#407=CIRCLE('',#141,0.480000000000);
#408=EDGE_CURVE('',#406,#401,#407,.T.);
#409=ORIENTED_EDGE('',*,*,#408,.F.);
#410=CARTESIAN_POINT('',(1.100000000000,-0.150771441537,-0.455706015340));
#411=VERTEX_POINT('',#410);
#412=CIRCLE('',#141,0.480000000000);
#413=EDGE_CURVE('',#411,#406,#412,.T.);
#414=ORIENTED_EDGE('',*,*,#413,.F.);
#415=CARTESIAN_POINT('',(1.100000000000,-0.157801218342,-0.453319727664));
#416=VERTEX_POINT('',#415);
#417=CIRCLE('',#141,0.480000000000);
#418=EDGE_CURVE('',#416,#411,#417,.T.);
#419=ORIENTED_EDGE('',*,*,#418,.F.);
#420=CARTESIAN_POINT('',(1.100000000000,-0.208963141908,-0.432127765046));
#421=VERTEX_POINT('',#420);
#422=CIRCLE('',#141,0.480000000000);
#423=EDGE_CURVE('',#421,#416,#422,.T.);
#424=ORIENTED_EDGE('',*,*,#423,.F.);
#425=CARTESIAN_POINT('',(1.100000000000,-0.215621304954,-0.428844322394));
#426=VERTEX_POINT('',#425);
#427=CIRCLE('',#141,0.480000000000);
#428=EDGE_CURVE('',#426,#421,#427,.T.);
#429=ORIENTED_EDGE('',*,*,#428,.F.);
#430=CARTESIAN_POINT('',(1.100000000000,-0.263579424985,-0.401155688884));
#431=VERTEX_POINT('',#430);
#432=CIRCLE('',#141,0.480000000000);
#433=EDGE_CURVE('',#431,#426,#432,.T.);
#434=ORIENTED_EDGE('',*,*,#433,.F.);
#435=CARTESIAN_POINT('',(1.100000000000,-0.269752051257,-0.397031271870));
#436=VERTEX_POINT('',#435);
#437=CIRCLE('',#141,0.480000000000);
#438=EDGE_CURVE('',#436,#431,#437,.T.);
#439=ORIENTED_EDGE('',*,*,#438,.F.);
#440=CARTESIAN_POINT('',(1.100000000000,-0.313685791023,-0.363319727664));
#441=VERTEX_POINT('',#440);
#442=CIRCLE('',#141,0.480000000000);
#443=EDGE_CURVE('',#441,#436,#442,.T.);
#444=ORIENTED_EDGE('',*,*,#443,.F.);
#445=CARTESIAN_POINT('',(1.100000000000,-0.319267265173,-0.358424906206));
#446=VERTEX_POINT('',#445);
#447=CIRCLE('',#141,0.480000000000);
#448=EDGE_CURVE('',#446,#441,#447,.T.);
#449=ORIENTED_EDGE('',*,*,#448,.F.);
#450=CARTESIAN_POINT('',(1.100000000000,-0.358424906206,-0.319267265173));
#451=VERTEX_POINT('',#450);
#452=CIRCLE('',#141,0.480000000000);
#453=EDGE_CURVE('',#451,#446,#452,.T.);
#454=ORIENTED_EDGE('',*,*,#453,.F.);
#455=CARTESIAN_POINT('',(1.100000000000,-0.363319727664,-0.313685791023));
#456=VERTEX_POINT('',#455);
#457=CIRCLE('',#141,0.480000000000);
#458=EDGE_CURVE('',#456,#451,#457,.T.);
#459=ORIENTED_EDGE('',*,*,#458,.F.);
#460=CARTESIAN_POINT('',(1.100000000000,-0.397031271870,-0.269752051257));
#461=VERTEX_POINT('',#460);
#462=CIRCLE('',#141,0.480000000000);
#463=EDGE_CURVE('',#461,#456,#462,.T.);
#464=ORIENTED_EDGE('',*,*,#463,.F.);
#465=CARTESIAN_POINT('',(1.100000000000,-0.401155688884,-0.263579424985));
#466=VERTEX_POINT('',#465);
#467=CIRCLE('',#141,0.480000000000);
#468=EDGE_CURVE('',#466,#461,#467,.T.);
#469=ORIENTED_EDGE('',*,*,#468,.F.);
#470=CARTESIAN_POINT('',(1.100000000000,-0.428844322394,-0.215621304954));
#471=VERTEX_POINT('',#470);
#472=CIRCLE('',#141,0.480000000000);
#473=EDGE_CURVE('',#471,#466,#472,.T.);
#474=ORIENTED_EDGE('',*,*,#473,.F.);
#475=CARTESIAN_POINT('',(1.100000000000,-0.432127765046,-0.208963141908));
#476=VERTEX_POINT('',#475);
#477=CIRCLE('',#141,0.480000000000);
#478=EDGE_CURVE('',#476,#471,#477,.T.);
#479=ORIENTED_EDGE('',*,*,#478,.F.);
#480=CARTESIAN_POINT('',(1.100000000000,-0.453319727664,-0.157801218342));
#481=VERTEX_POINT('',#480);
#482=CIRCLE('',#141,0.480000000000);
#483=EDGE_CURVE('',#481,#476,#482,.T.);
#484=ORIENTED_EDGE('',*,*,#483,.F.);
#485=CARTESIAN_POINT('',(1.100000000000,-0.455706015340,-0.150771441537));
#486=VERTEX_POINT('',#485);
#487=CIRCLE('',#141,0.480000000000);
#488=EDGE_CURVE('',#486,#481,#487,.T.);
#489=ORIENTED_EDGE('',*,*,#488,.F.);
#490=CARTESIAN_POINT('',(1.100000000000,-0.470038706710,-0.097281109133));
#491=VERTEX_POINT('',#490);
#492=CIRCLE('',#141,0.480000000000);
#493=EDGE_CURVE('',#491,#486,#492,.T.);
#494=ORIENTED_EDGE('',*,*,#493,.F.);
#495=CARTESIAN_POINT('',(1.100000000000,-0.471487009365,-0.090000000000));
#496=VERTEX_POINT('',#495);
#497=CIRCLE('',#141,0.480000000000);
#498=EDGE_CURVE('',#496,#491,#497,.T.);
#499=ORIENTED_EDGE('',*,*,#498,.F.);
#500=CARTESIAN_POINT('',(1.100000000000,-0.478715193165,-0.035096493176));
#501=VERTEX_POINT('',#500);
#502=CIRCLE('',#141,0.480000000000);
#503=EDGE_CURVE('',#501,#496,#502,.T.);
#504=ORIENTED_EDGE('',*,*,#503,.F.);
#505=CARTESIAN_POINT('',(1.100000000000,-0.479200729939,-0.027688633510));
#506=VERTEX_POINT('',#505);
#507=CIRCLE('',#141,0.480000000000);
#508=EDGE_CURVE('',#506,#501,#507,.T.);
#509=ORIENTED_EDGE('',*,*,#508,.F.);
#510=CARTESIAN_POINT('',(1.100000000000,-0.479200729939,0.027688633510));
#511=VERTEX_POINT('',#510);
#512=CIRCLE('',#141,0.480000000000);
#513=EDGE_CURVE('',#511,#506,#512,.T.);
#514=ORIENTED_EDGE('',*,*,#513,.F.);
#515=CARTESIAN_POINT('',(1.100000000000,-0.478715193165,0.035096493176));
#516=VERTEX_POINT('',#515);
#517=CIRCLE('',#141,0.480000000000);
#518=EDGE_CURVE('',#516,#511,#517,.T.);
#519=ORIENTED_EDGE('',*,*,#518,.F.);
#520=CARTESIAN_POINT('',(1.100000000000,-0.471487009365,0.090000000000));
#521=VERTEX_POINT('',#520);
#522=CIRCLE('',#141,0.480000000000);
#523=EDGE_CURVE('',#521,#516,#522,.T.);
#524=ORIENTED_EDGE('',*,*,#523,.F.);
#525=CARTESIAN_POINT('',(1.100000000000,-0.470038706710,0.097281109133));
#526=VERTEX_POINT('',#525);
#527=CIRCLE('',#141,0.480000000000);
#528=EDGE_CURVE('',#526,#521,#527,.T.);
#529=ORIENTED_EDGE('',*,*,#528,.F.);
#530=CARTESIAN_POINT('',(1.100000000000,-0.455706015340,0.150771441537));
#531=VERTEX_POINT('',#530);
#532=CIRCLE('',#141,0.480000000000);
#533=EDGE_CURVE('',#531,#526,#532,.T.);
#534=ORIENTED_EDGE('',*,*,#533,.F.);
#535=CARTESIAN_POINT('',(1.100000000000,-0.453319727664,0.157801218342));
#536=VERTEX_POINT('',#535);
#537=CIRCLE('',#141,0.480000000000);
#538=EDGE_CURVE('',#536,#531,#537,.T.);
#539=ORIENTED_EDGE('',*,*,#538,.F.);
#540=CARTESIAN_POINT('',(1.100000000000,-0.432127765046,0.208963141908));
#541=VERTEX_POINT('',#540);
#542=CIRCLE('',#141,0.480000000000);
#543=EDGE_CURVE('',#541,#536,#542,.T.);
#544=ORIENTED_EDGE('',*,*,#543,.F.);
#545=CARTESIAN_POINT('',(1.100000000000,-0.428844322394,0.215621304954));
#546=VERTEX_POINT('',#545);
#547=CIRCLE('',#141,0.480000000000);
#548=EDGE_CURVE('',#546,#541,#547,.T.);
#549=ORIENTED_EDGE('',*,*,#548,.F.);
#550=CARTESIAN_POINT('',(1.100000000000,-0.401155688884,0.263579424985));
#551=VERTEX_POINT('',#550);
#552=CIRCLE('',#141,0.480000000000);
#553=EDGE_CURVE('',#551,#546,#552,.T.);
#554=ORIENTED_EDGE('',*,*,#553,.F.);
#555=CARTESIAN_POINT('',(1.100000000000,-0.397031271870,0.269752051257));
#556=VERTEX_POINT('',#555);
#557=CIRCLE('',#141,0.480000000000);
#558=EDGE_CURVE('',#556,#551,#557,.T.);
#559=ORIENTED_EDGE('',*,*,#558,.F.);
#560=CARTESIAN_POINT('',(1.100000000000,-0.363319727664,0.313685791023));
#561=VERTEX_POINT('',#560);
#562=CIRCLE('',#141,0.480000000000);
#563=EDGE_CURVE('',#561,#556,#562,.T.);
#564=ORIENTED_EDGE('',*,*,#563,.F.);
#565=CARTESIAN_POINT('',(1.100000000000,-0.358424906206,0.319267265173));
#566=VERTEX_POINT('',#565);
#567=CIRCLE('',#141,0.480000000000);
#568=EDGE_CURVE('',#566,#561,#567,.T.);
#569=ORIENTED_EDGE('',*,*,#568,.F.);
#570=CARTESIAN_POINT('',(1.100000000000,-0.319267265173,0.358424906206));
#571=VERTEX_POINT('',#570);
#572=CIRCLE('',#141,0.480000000000);
#573=EDGE_CURVE('',#571,#566,#572,.T.);
#574=ORIENTED_EDGE('',*,*,#573,.F.);
#575=CARTESIAN_POINT('',(1.100000000000,-0.313685791023,0.363319727664));
#576=VERTEX_POINT('',#575);
#577=CIRCLE('',#141,0.480000000000);
#578=EDGE_CURVE('',#576,#571,#577,.T.);
#579=ORIENTED_EDGE('',*,*,#578,.F.);
#580=CARTESIAN_POINT('',(1.100000000000,-0.269752051257,0.397031271870));
#581=VERTEX_POINT('',#580);
#582=CIRCLE('',#141,0.480000000000);
#583=EDGE_CURVE('',#581,#576,#582,.T.);
#584=ORIENTED_EDGE('',*,*,#583,.F.);
#585=CARTESIAN_POINT('',(1.100000000000,-0.263579424985,0.401155688884));
#586=VERTEX_POINT('',#585);
#587=CIRCLE('',#141,0.480000000000);
#588=EDGE_CURVE('',#586,#581,#587,.T.);
#589=ORIENTED_EDGE('',*,*,#588,.F.);
#590=CARTESIAN_POINT('',(1.100000000000,-0.215621304954,0.428844322394));
#591=VERTEX_POINT('',#590);
#592=CIRCLE('',#141,0.480000000000);
#593=EDGE_CURVE('',#591,#586,#592,.T.);
#594=ORIENTED_EDGE('',*,*,#593,.F.);
#595=CARTESIAN_POINT('',(1.100000000000,-0.208963141908,0.432127765046));
#596=VERTEX_POINT('',#595);
#597=CIRCLE('',#141,0.480000000000);
#598=EDGE_CURVE('',#596,#591,#597,.T.);
#599=ORIENTED_EDGE('',*,*,#598,.F.);
#600=CARTESIAN_POINT('',(1.100000000000,-0.157801218342,0.453319727664));
#601=VERTEX_POINT('',#600);
#602=CIRCLE('',#141,0.480000000000);
#603=EDGE_CURVE('',#601,#596,#602,.T.);
#604=ORIENTED_EDGE('',*,*,#603,.F.);
#605=CARTESIAN_POINT('',(1.100000000000,-0.150771441537,0.455706015340));
#606=VERTEX_POINT('',#605);
#607=CIRCLE('',#141,0.480000000000);
#608=EDGE_CURVE('',#606,#601,#607,.T.);
#609=ORIENTED_EDGE('',*,*,#608,.F.);
#610=CARTESIAN_POINT('',(1.100000000000,-0.097281109133,0.470038706710));
#611=VERTEX_POINT('',#610);
#612=CIRCLE('',#141,0.480000000000);
#613=EDGE_CURVE('',#611,#606,#612,.T.);
#614=ORIENTED_EDGE('',*,*,#613,.F.);
#615=CARTESIAN_POINT('',(1.100000000000,-0.090000000000,0.471487009365));
#616=VERTEX_POINT('',#615);
#617=CIRCLE('',#141,0.480000000000);
#618=EDGE_CURVE('',#616,#611,#617,.T.);
#619=ORIENTED_EDGE('',*,*,#618,.F.);
#620=CIRCLE('',#141,0.480000000000);
#621=EDGE_CURVE('',#146,#616,#620,.T.);
#622=ORIENTED_EDGE('',*,*,#621,.F.);
#623=EDGE_LOOP('',(#149,#154,#159,#164,#169,#174,#179,#184,#189,#194,#199,#204,#209,#214,#219,#224,#229,#234,#239,#244,#249,#254,#259,#264,#269,#274,#279,#284,#289,#294,#299,#304,#309,#314,#319,#324,#329,#334,#339,#344,#349,#354,#359,#364,#369,#374,#379,#384,#389,#394,#399,#404,#409,#414,#419,#424,#429,#434,#439,#444,#449,#454,#459,#464,#469,#474,#479,#484,#489,#494,#499,#504,#509,#514,#519,#524,#529,#534,#539,#544,#549,#554,#559,#564,#569,#574,#579,#584,#589,#594,#599,#604,#609,#614,#619,#622));
#624=ORIENTED_EDGE('',*,*,#21,.F.);
#625=ORIENTED_EDGE('',*,*,#84,.F.);
#626=CARTESIAN_POINT('',(1.100000000000,1.865638500429,1.738359279815));
#627=VERTEX_POINT('',#626);
#628=CIRCLE('',#141,2.550000000000);
#629=EDGE_CURVE('',#78,#627,#628,.T.);
#630=ORIENTED_EDGE('',*,*,#629,.T.);
#631=CARTESIAN_POINT('',(1.100000000000,1.972827919510,1.845548698897));
#632=VERTEX_POINT('',#631);
#633=CARTESIAN_POINT('',(1.100000000000,0.063639610307,-0.063639610307));
#634=DIRECTION('',(0.000000000000,0.707106781187,0.707106781187));
#635=VECTOR('',#634,1.0);
#636=LINE('',#633,#635);
#637=EDGE_CURVE('',#627,#632,#636,.T.);
#638=ORIENTED_EDGE('',*,*,#637,.T.);
#639=CARTESIAN_POINT('',(1.100000000000,1.845548698897,1.972827919510));
#640=VERTEX_POINT('',#639);
#641=CARTESIAN_POINT('',(1.100000000000,1.909188309204,1.909188309204));
#642=DIRECTION('',(0.000000000000,-0.707106781187,0.707106781187));
#643=VECTOR('',#642,1.0);
#644=LINE('',#641,#643);
#645=EDGE_CURVE('',#632,#640,#644,.T.);
#646=ORIENTED_EDGE('',*,*,#645,.T.);
#647=CARTESIAN_POINT('',(1.100000000000,1.738359279815,1.865638500429));
#648=VERTEX_POINT('',#647);
#649=CARTESIAN_POINT('',(1.100000000000,-0.063639610307,0.063639610307));
#650=DIRECTION('',(0.000000000000,-0.707106781187,-0.707106781187));
#651=VECTOR('',#650,1.0);
#652=LINE('',#649,#651);
#653=EDGE_CURVE('',#640,#648,#652,.T.);
#654=ORIENTED_EDGE('',*,*,#653,.T.);
#655=CARTESIAN_POINT('',(1.100000000000,1.622776286926,1.967002064714));
#656=VERTEX_POINT('',#655);
#657=CIRCLE('',#141,2.550000000000);
#658=EDGE_CURVE('',#648,#656,#657,.T.);
#659=ORIENTED_EDGE('',*,*,#658,.T.);
#660=CARTESIAN_POINT('',(1.100000000000,1.715057658950,2.087265490176));
#661=VERTEX_POINT('',#660);
#662=CARTESIAN_POINT('',(1.100000000000,0.071401800626,-0.054788528611));
#663=DIRECTION('',(0.000000000000,0.608761429009,0.793353340291));
#664=VECTOR('',#663,1.0);
#665=LINE('',#662,#664);
#666=EDGE_CURVE('',#656,#661,#665,.T.);
#667=ORIENTED_EDGE('',*,*,#666,.T.);
#668=CARTESIAN_POINT('',(1.100000000000,1.572254057697,2.196842547397));
#669=VERTEX_POINT('',#668);
#670=CARTESIAN_POINT('',(1.100000000000,1.643655858324,2.142054018786));
#671=DIRECTION('',(0.000000000000,-0.793353340291,0.608761429009));
#672=VECTOR('',#671,1.0);
#673=LINE('',#670,#672);
#674=EDGE_CURVE('',#661,#669,#673,.T.);
#675=ORIENTED_EDGE('',*,*,#674,.T.);
#676=CARTESIAN_POINT('',(1.100000000000,1.479972685674,2.076579121936));
#677=VERTEX_POINT('',#676);
#678=CARTESIAN_POINT('',(1.100000000000,-0.071401800626,0.054788528611));
#679=DIRECTION('',(0.000000000000,-0.608761429009,-0.793353340291));
#680=VECTOR('',#679,1.0);
#681=LINE('',#678,#680);
#682=EDGE_CURVE('',#669,#677,#681,.T.);
#683=ORIENTED_EDGE('',*,*,#682,.T.);
#684=CARTESIAN_POINT('',(1.100000000000,1.352147921236,2.161988898930));
#685=VERTEX_POINT('',#684);
#686=CIRCLE('',#141,2.550000000000);
#687=EDGE_CURVE('',#677,#685,#686,.T.);
#688=ORIENTED_EDGE('',*,*,#687,.T.);
#689=CARTESIAN_POINT('',(1.100000000000,1.427942286341,2.293268590218));
#690=VERTEX_POINT('',#689);
#691=CARTESIAN_POINT('',(1.100000000000,0.077942286341,-0.045000000000));
#692=DIRECTION('',(0.000000000000,0.500000000000,0.866025403784));
#693=VECTOR('',#692,1.0);
#694=LINE('',#691,#693);
#695=EDGE_CURVE('',#685,#690,#694,.T.);
#696=ORIENTED_EDGE('',*,*,#695,.T.);
#697=CARTESIAN_POINT('',(1.100000000000,1.272057713659,2.383268590218));
#698=VERTEX_POINT('',#697);
#699=CARTESIAN_POINT('',(1.100000000000,1.350000000000,2.338268590218));
#700=DIRECTION('',(0.000000000000,-0.866025403784,0.500000000000));
#701=VECTOR('',#700,1.0);
#702=LINE('',#699,#701);
#703=EDGE_CURVE('',#690,#698,#702,.T.);
#704=ORIENTED_EDGE('',*,*,#703,.T.);
#705=CARTESIAN_POINT('',(1.100000000000,1.196263348555,2.251988898930));
#706=VERTEX_POINT('',#705);
#707=CARTESIAN_POINT('',(1.100000000000,-0.077942286341,0.045000000000));
#708=DIRECTION('',(0.000000000000,-0.500000000000,-0.866025403784));
#709=VECTOR('',#708,1.0);
#710=LINE('',#707,#709);
#711=EDGE_CURVE('',#698,#706,#710,.T.);
#712=ORIENTED_EDGE('',*,*,#711,.T.);
#713=CARTESIAN_POINT('',(1.100000000000,1.058383929728,2.319983503669));
#714=VERTEX_POINT('',#713);
#715=CIRCLE('',#141,2.550000000000);
#716=EDGE_CURVE('',#706,#714,#715,.T.);
#717=ORIENTED_EDGE('',*,*,#716,.T.);
#718=CARTESIAN_POINT('',(1.100000000000,1.116394425312,2.460033228868));
#719=VERTEX_POINT('',#718);
#720=CARTESIAN_POINT('',(1.100000000000,0.083149157926,-0.034441508913));
#721=DIRECTION('',(0.000000000000,0.382683432365,0.923879532511));
#722=VECTOR('',#721,1.0);
#723=LINE('',#720,#722);
#724=EDGE_CURVE('',#714,#719,#723,.T.);
#725=ORIENTED_EDGE('',*,*,#724,.T.);
#726=CARTESIAN_POINT('',(1.100000000000,0.950096109460,2.528916246693));
#727=VERTEX_POINT('',#726);
#728=CARTESIAN_POINT('',(1.100000000000,1.033245267386,2.494474737780));
#729=DIRECTION('',(0.000000000000,-0.923879532511,0.382683432365));
#730=VECTOR('',#729,1.0);
#731=LINE('',#728,#730);
#732=EDGE_CURVE('',#719,#727,#731,.T.);
#733=ORIENTED_EDGE('',*,*,#732,.T.);
#734=CARTESIAN_POINT('',(1.100000000000,0.892085613876,2.388866521494));
#735=VERTEX_POINT('',#734);
#736=CARTESIAN_POINT('',(1.100000000000,-0.083149157926,0.034441508913));
#737=DIRECTION('',(0.000000000000,-0.382683432365,-0.923879532511));
#738=VECTOR('',#737,1.0);
#739=LINE('',#736,#738);
#740=EDGE_CURVE('',#727,#735,#739,.T.);
#741=ORIENTED_EDGE('',*,*,#740,.T.);
#742=CARTESIAN_POINT('',(1.100000000000,0.746510695742,2.438282547438));
#743=VERTEX_POINT('',#742);
#744=CIRCLE('',#141,2.550000000000);
#745=EDGE_CURVE('',#735,#743,#744,.T.);
#746=ORIENTED_EDGE('',*,*,#745,.T.);
#747=CARTESIAN_POINT('',(1.100000000000,0.785744746143,2.584706016921));
#748=VERTEX_POINT('',#747);
#749=CARTESIAN_POINT('',(1.100000000000,0.086933324366,-0.023293714059));
#750=DIRECTION('',(0.000000000000,0.258819045103,0.965925826289));
#751=VECTOR('',#750,1.0);
#752=LINE('',#749,#751);
#753=EDGE_CURVE('',#743,#748,#752,.T.);
#754=ORIENTED_EDGE('',*,*,#753,.T.);
#755=CARTESIAN_POINT('',(1.100000000000,0.611878097411,2.631293445040));
#756=VERTEX_POINT('',#755);
#757=CARTESIAN_POINT('',(1.100000000000,0.698811421777,2.607999730980));
#758=DIRECTION('',(0.000000000000,-0.965925826289,0.258819045103));
#759=VECTOR('',#758,1.0);
#760=LINE('',#757,#759);
#761=EDGE_CURVE('',#748,#756,#760,.T.);
#762=ORIENTED_EDGE('',*,*,#761,.T.);
#763=CARTESIAN_POINT('',(1.100000000000,0.572644047010,2.484869975557));
#764=VERTEX_POINT('',#763);
#765=CARTESIAN_POINT('',(1.100000000000,-0.086933324366,0.023293714059));
#766=DIRECTION('',(0.000000000000,-0.258819045103,-0.965925826289));
#767=VECTOR('',#766,1.0);
#768=LINE('',#765,#767);
#769=EDGE_CURVE('',#756,#764,#768,.T.);
#770=ORIENTED_EDGE('',*,*,#769,.T.);
#771=CARTESIAN_POINT('',(1.100000000000,0.421864456780,2.514861900802));
#772=VERTEX_POINT('',#771);
#773=CIRCLE('',#141,2.550000000000);
#774=EDGE_CURVE('',#764,#772,#773,.T.);
#775=ORIENTED_EDGE('',*,*,#774,.T.);
#776=CARTESIAN_POINT('',(1.100000000000,0.441650756518,2.665153768409));
#777=VERTEX_POINT('',#776);
#778=CARTESIAN_POINT('',(1.100000000000,0.089230037524,-0.011747357300));
#779=DIRECTION('',(0.000000000000,0.130526192220,0.991444861374));
#780=VECTOR('',#779,1.0);
#781=LINE('',#778,#780);
#782=EDGE_CURVE('',#772,#777,#781,.T.);
#783=ORIENTED_EDGE('',*,*,#782,.T.);
#784=CARTESIAN_POINT('',(1.100000000000,0.263190681470,2.688648483009));
#785=VERTEX_POINT('',#784);
#786=CARTESIAN_POINT('',(1.100000000000,0.352420718994,2.676901125709));
#787=DIRECTION('',(0.000000000000,-0.991444861374,0.130526192220));
#788=VECTOR('',#787,1.0);
#789=LINE('',#786,#788);
#790=EDGE_CURVE('',#777,#785,#789,.T.);
#791=ORIENTED_EDGE('',*,*,#790,.T.);
#792=CARTESIAN_POINT('',(1.100000000000,0.243404381733,2.538356615402));
#793=VERTEX_POINT('',#792);
#794=CARTESIAN_POINT('',(1.100000000000,-0.089230037524,0.011747357300));
#795=DIRECTION('',(0.000000000000,-0.130526192220,-0.991444861374));
#796=VECTOR('',#795,1.0);
#797=LINE('',#794,#796);
#798=EDGE_CURVE('',#785,#793,#797,.T.);
#799=ORIENTED_EDGE('',*,*,#798,.T.);
#800=CARTESIAN_POINT('',(1.100000000000,0.090000000000,2.548411269791));
#801=VERTEX_POINT('',#800);
#802=CIRCLE('',#141,2.550000000000);
#803=EDGE_CURVE('',#793,#801,#802,.T.);
#804=ORIENTED_EDGE('',*,*,#803,.T.);
#805=CARTESIAN_POINT('',(1.100000000000,0.090000000000,2.700000000000));
#806=VERTEX_POINT('',#805);
#807=CARTESIAN_POINT('',(1.100000000000,0.090000000000,0.000000000000));
#808=VECTOR('',#140,1.0);
#809=LINE('',#807,#808);
#810=EDGE_CURVE('',#801,#806,#809,.T.);
#811=ORIENTED_EDGE('',*,*,#810,.T.);
#812=CARTESIAN_POINT('',(1.100000000000,-0.090000000000,2.700000000000));
#813=VERTEX_POINT('',#812);
#814=CARTESIAN_POINT('',(1.100000000000,0.000000000000,2.700000000000));
#815=DIRECTION('',(0.000000000000,-1.000000000000,0.000000000000));
#816=VECTOR('',#815,1.0);
#817=LINE('',#814,#816);
#818=EDGE_CURVE('',#806,#813,#817,.T.);
#819=ORIENTED_EDGE('',*,*,#818,.T.);
#820=CARTESIAN_POINT('',(1.100000000000,-0.090000000000,2.548411269791));
#821=VERTEX_POINT('',#820);
#822=CARTESIAN_POINT('',(1.100000000000,-0.090000000000,0.000000000000));
#823=DIRECTION('',(0.000000000000,0.000000000000,-1.000000000000));
#824=VECTOR('',#823,1.0);
#825=LINE('',#822,#824);
#826=EDGE_CURVE('',#813,#821,#825,.T.);
#827=ORIENTED_EDGE('',*,*,#826,.T.);
#828=CARTESIAN_POINT('',(1.100000000000,-0.243404381733,2.538356615402));
#829=VERTEX_POINT('',#828);
#830=CIRCLE('',#141,2.550000000000);
#831=EDGE_CURVE('',#821,#829,#830,.T.);
#832=ORIENTED_EDGE('',*,*,#831,.T.);
#833=CARTESIAN_POINT('',(1.100000000000,-0.263190681470,2.688648483009));
#834=VERTEX_POINT('',#833);
#835=CARTESIAN_POINT('',(1.100000000000,0.089230037524,0.011747357300));
#836=DIRECTION('',(0.000000000000,-0.130526192220,0.991444861374));
#837=VECTOR('',#836,1.0);
#838=LINE('',#835,#837);
#839=EDGE_CURVE('',#829,#834,#838,.T.);
#840=ORIENTED_EDGE('',*,*,#839,.T.);
#841=CARTESIAN_POINT('',(1.100000000000,-0.441650756518,2.665153768409));
#842=VERTEX_POINT('',#841);
#843=CARTESIAN_POINT('',(1.100000000000,-0.352420718994,2.676901125709));
#844=DIRECTION('',(0.000000000000,-0.991444861374,-0.130526192220));
#845=VECTOR('',#844,1.0);
#846=LINE('',#843,#845);
#847=EDGE_CURVE('',#834,#842,#846,.T.);
#848=ORIENTED_EDGE('',*,*,#847,.T.);
#849=CARTESIAN_POINT('',(1.100000000000,-0.421864456780,2.514861900802));
#850=VERTEX_POINT('',#849);
#851=CARTESIAN_POINT('',(1.100000000000,-0.089230037524,-0.011747357300));
#852=DIRECTION('',(0.000000000000,0.130526192220,-0.991444861374));
#853=VECTOR('',#852,1.0);
#854=LINE('',#851,#853);
#855=EDGE_CURVE('',#842,#850,#854,.T.);
#856=ORIENTED_EDGE('',*,*,#855,.T.);
#857=CARTESIAN_POINT('',(1.100000000000,-0.572644047010,2.484869975557));
#858=VERTEX_POINT('',#857);
#859=CIRCLE('',#141,2.550000000000);
#860=EDGE_CURVE('',#850,#858,#859,.T.);
#861=ORIENTED_EDGE('',*,*,#860,.T.);
#862=CARTESIAN_POINT('',(1.100000000000,-0.611878097411,2.631293445040));
#863=VERTEX_POINT('',#862);
#864=CARTESIAN_POINT('',(1.100000000000,0.086933324366,0.023293714059));
#865=DIRECTION('',(0.000000000000,-0.258819045103,0.965925826289));
#866=VECTOR('',#865,1.0);
#867=LINE('',#864,#866);
#868=EDGE_CURVE('',#858,#863,#867,.T.);
#869=ORIENTED_EDGE('',*,*,#868,.T.);
#870=CARTESIAN_POINT('',(1.100000000000,-0.785744746143,2.584706016921));
#871=VERTEX_POINT('',#870);
#872=CARTESIAN_POINT('',(1.100000000000,-0.698811421777,2.607999730980));
#873=DIRECTION('',(0.000000000000,-0.965925826289,-0.258819045103));
#874=VECTOR('',#873,1.0);
#875=LINE('',#872,#874);
#876=EDGE_CURVE('',#863,#871,#875,.T.);
#877=ORIENTED_EDGE('',*,*,#876,.T.);
#878=CARTESIAN_POINT('',(1.100000000000,-0.746510695742,2.438282547438));
#879=VERTEX_POINT('',#878);
#880=CARTESIAN_POINT('',(1.100000000000,-0.086933324366,-0.023293714059));
#881=DIRECTION('',(0.000000000000,0.258819045103,-0.965925826289));
#882=VECTOR('',#881,1.0);
#883=LINE('',#880,#882);
#884=EDGE_CURVE('',#871,#879,#883,.T.);
#885=ORIENTED_EDGE('',*,*,#884,.T.);
#886=CARTESIAN_POINT('',(1.100000000000,-0.892085613876,2.388866521494));
#887=VERTEX_POINT('',#886);
#888=CIRCLE('',#141,2.550000000000);
#889=EDGE_CURVE('',#879,#887,#888,.T.);
#890=ORIENTED_EDGE('',*,*,#889,.T.);
#891=CARTESIAN_POINT('',(1.100000000000,-0.950096109460,2.528916246693));
#892=VERTEX_POINT('',#891);
#893=CARTESIAN_POINT('',(1.100000000000,0.083149157926,0.034441508913));
#894=DIRECTION('',(0.000000000000,-0.382683432365,0.923879532511));
#895=VECTOR('',#894,1.0);
#896=LINE('',#893,#895);
#897=EDGE_CURVE('',#887,#892,#896,.T.);
#898=ORIENTED_EDGE('',*,*,#897,.T.);
#899=CARTESIAN_POINT('',(1.100000000000,-1.116394425312,2.460033228868));
#900=VERTEX_POINT('',#899);
#901=CARTESIAN_POINT('',(1.100000000000,-1.033245267386,2.494474737780));
#902=DIRECTION('',(0.000000000000,-0.923879532511,-0.382683432365));
#903=VECTOR('',#902,1.0);
#904=LINE('',#901,#903);
#905=EDGE_CURVE('',#892,#900,#904,.T.);
#906=ORIENTED_EDGE('',*,*,#905,.T.);
#907=CARTESIAN_POINT('',(1.100000000000,-1.058383929728,2.319983503669));
#908=VERTEX_POINT('',#907);
#909=CARTESIAN_POINT('',(1.100000000000,-0.083149157926,-0.034441508913));
#910=DIRECTION('',(0.000000000000,0.382683432365,-0.923879532511));
#911=VECTOR('',#910,1.0);
#912=LINE('',#909,#911);
#913=EDGE_CURVE('',#900,#908,#912,.T.);
#914=ORIENTED_EDGE('',*,*,#913,.T.);
#915=CARTESIAN_POINT('',(1.100000000000,-1.196263348555,2.251988898930));
#916=VERTEX_POINT('',#915);
#917=CIRCLE('',#141,2.550000000000);
#918=EDGE_CURVE('',#908,#916,#917,.T.);
#919=ORIENTED_EDGE('',*,*,#918,.T.);
#920=CARTESIAN_POINT('',(1.100000000000,-1.272057713659,2.383268590218));
#921=VERTEX_POINT('',#920);
#922=CARTESIAN_POINT('',(1.100000000000,0.077942286341,0.045000000000));
#923=DIRECTION('',(0.000000000000,-0.500000000000,0.866025403784));
#924=VECTOR('',#923,1.0);
#925=LINE('',#922,#924);
#926=EDGE_CURVE('',#916,#921,#925,.T.);
#927=ORIENTED_EDGE('',*,*,#926,.T.);
#928=CARTESIAN_POINT('',(1.100000000000,-1.427942286341,2.293268590218));
#929=VERTEX_POINT('',#928);
#930=CARTESIAN_POINT('',(1.100000000000,-1.350000000000,2.338268590218));
#931=DIRECTION('',(0.000000000000,-0.866025403784,-0.500000000000));
#932=VECTOR('',#931,1.0);
#933=LINE('',#930,#932);
#934=EDGE_CURVE('',#921,#929,#933,.T.);
#935=ORIENTED_EDGE('',*,*,#934,.T.);
#936=CARTESIAN_POINT('',(1.100000000000,-1.352147921236,2.161988898930));
#937=VERTEX_POINT('',#936);
#938=CARTESIAN_POINT('',(1.100000000000,-0.077942286341,-0.045000000000));
#939=DIRECTION('',(0.000000000000,0.500000000000,-0.866025403784));
#940=VECTOR('',#939,1.0);
#941=LINE('',#938,#940);
#942=EDGE_CURVE('',#929,#937,#941,.T.);
#943=ORIENTED_EDGE('',*,*,#942,.T.);
#944=CARTESIAN_POINT('',(1.100000000000,-1.479972685674,2.076579121936));
#945=VERTEX_POINT('',#944);
#946=CIRCLE('',#141,2.550000000000);
#947=EDGE_CURVE('',#937,#945,#946,.T.);
#948=ORIENTED_EDGE('',*,*,#947,.T.);
#949=CARTESIAN_POINT('',(1.100000000000,-1.572254057697,2.196842547397));
#950=VERTEX_POINT('',#949);
#951=CARTESIAN_POINT('',(1.100000000000,0.071401800626,0.054788528611));
#952=LINE('',#951,#33);
#953=EDGE_CURVE('',#945,#950,#952,.T.);
#954=ORIENTED_EDGE('',*,*,#953,.T.);
#955=CARTESIAN_POINT('',(1.100000000000,-1.715057658950,2.087265490176));
#956=VERTEX_POINT('',#955);
#957=CARTESIAN_POINT('',(1.100000000000,-1.643655858324,2.142054018786));
#958=LINE('',#957,#62);
#959=EDGE_CURVE('',#950,#956,#958,.T.);
#960=ORIENTED_EDGE('',*,*,#959,.T.);
#961=CARTESIAN_POINT('',(1.100000000000,-1.622776286926,1.967002064714));
#962=VERTEX_POINT('',#961);
#963=CARTESIAN_POINT('',(1.100000000000,-0.071401800626,-0.054788528611));
#964=LINE('',#963,#19);
#965=EDGE_CURVE('',#956,#962,#964,.T.);
#966=ORIENTED_EDGE('',*,*,#965,.T.);
#967=CARTESIAN_POINT('',(1.100000000000,-1.738359279815,1.865638500429));
#968=VERTEX_POINT('',#967);
#969=CIRCLE('',#141,2.550000000000);
#970=EDGE_CURVE('',#962,#968,#969,.T.);
#971=ORIENTED_EDGE('',*,*,#970,.T.);
#972=CARTESIAN_POINT('',(1.100000000000,-1.845548698897,1.972827919510));
#973=VERTEX_POINT('',#972);
#974=CARTESIAN_POINT('',(1.100000000000,0.063639610307,0.063639610307));
#975=LINE('',#974,#643);
#976=EDGE_CURVE('',#968,#973,#975,.T.);
#977=ORIENTED_EDGE('',*,*,#976,.T.);
#978=CARTESIAN_POINT('',(1.100000000000,-1.972827919510,1.845548698897));
#979=VERTEX_POINT('',#978);
#980=CARTESIAN_POINT('',(1.100000000000,-1.909188309204,1.909188309204));
#981=LINE('',#980,#651);
#982=EDGE_CURVE('',#973,#979,#981,.T.);
#983=ORIENTED_EDGE('',*,*,#982,.T.);
#984=CARTESIAN_POINT('',(1.100000000000,-1.865638500429,1.738359279815));
#985=VERTEX_POINT('',#984);
#986=CARTESIAN_POINT('',(1.100000000000,-0.063639610307,-0.063639610307));
#987=DIRECTION('',(0.000000000000,0.707106781187,-0.707106781187));
#988=VECTOR('',#987,1.0);
#989=LINE('',#986,#988);
#990=EDGE_CURVE('',#979,#985,#989,.T.);
#991=ORIENTED_EDGE('',*,*,#990,.T.);
#992=CARTESIAN_POINT('',(1.100000000000,-1.967002064714,1.622776286926));
#993=VERTEX_POINT('',#992);
#994=CIRCLE('',#141,2.550000000000);
#995=EDGE_CURVE('',#985,#993,#994,.T.);
#996=ORIENTED_EDGE('',*,*,#995,.T.);
#997=CARTESIAN_POINT('',(1.100000000000,-2.087265490176,1.715057658950));
#998=VERTEX_POINT('',#997);
#999=CARTESIAN_POINT('',(1.100000000000,0.054788528611,0.071401800626));
#1000=LINE('',#999,#672);
#1001=EDGE_CURVE('',#993,#998,#1000,.T.);
#1002=ORIENTED_EDGE('',*,*,#1001,.T.);
#1003=CARTESIAN_POINT('',(1.100000000000,-2.196842547397,1.572254057697));
#1004=VERTEX_POINT('',#1003);
#1005=CARTESIAN_POINT('',(1.100000000000,-2.142054018786,1.643655858324));
#1006=LINE('',#1005,#680);
#1007=EDGE_CURVE('',#998,#1004,#1006,.T.);
#1008=ORIENTED_EDGE('',*,*,#1007,.T.);
#1009=CARTESIAN_POINT('',(1.100000000000,-2.076579121936,1.479972685674));
#1010=VERTEX_POINT('',#1009);
#1011=CARTESIAN_POINT('',(1.100000000000,-0.054788528611,-0.071401800626));
#1012=DIRECTION('',(0.000000000000,0.793353340291,-0.608761429009));
#1013=VECTOR('',#1012,1.0);
#1014=LINE('',#1011,#1013);
#1015=EDGE_CURVE('',#1004,#1010,#1014,.T.);
#1016=ORIENTED_EDGE('',*,*,#1015,.T.);
#1017=CARTESIAN_POINT('',(1.100000000000,-2.161988898930,1.352147921236));
#1018=VERTEX_POINT('',#1017);
#1019=CIRCLE('',#141,2.550000000000);
#1020=EDGE_CURVE('',#1010,#1018,#1019,.T.);
#1021=ORIENTED_EDGE('',*,*,#1020,.T.);
#1022=CARTESIAN_POINT('',(1.100000000000,-2.293268590218,1.427942286341));
#1023=VERTEX_POINT('',#1022);
#1024=CARTESIAN_POINT('',(1.100000000000,0.045000000000,0.077942286341));
#1025=LINE('',#1024,#701);
#1026=EDGE_CURVE('',#1018,#1023,#1025,.T.);
#1027=ORIENTED_EDGE('',*,*,#1026,.T.);
#1028=CARTESIAN_POINT('',(1.100000000000,-2.383268590218,1.272057713659));
#1029=VERTEX_POINT('',#1028);
#1030=CARTESIAN_POINT('',(1.100000000000,-2.338268590218,1.350000000000));
#1031=LINE('',#1030,#709);
#1032=EDGE_CURVE('',#1023,#1029,#1031,.T.);
#1033=ORIENTED_EDGE('',*,*,#1032,.T.);
#1034=CARTESIAN_POINT('',(1.100000000000,-2.251988898930,1.196263348555));
#1035=VERTEX_POINT('',#1034);
#1036=CARTESIAN_POINT('',(1.100000000000,-0.045000000000,-0.077942286341));
#1037=DIRECTION('',(0.000000000000,0.866025403784,-0.500000000000));
#1038=VECTOR('',#1037,1.0);
#1039=LINE('',#1036,#1038);
#1040=EDGE_CURVE('',#1029,#1035,#1039,.T.);
#1041=ORIENTED_EDGE('',*,*,#1040,.T.);
#1042=CARTESIAN_POINT('',(1.100000000000,-2.319983503669,1.058383929728));
#1043=VERTEX_POINT('',#1042);
#1044=CIRCLE('',#141,2.550000000000);
#1045=EDGE_CURVE('',#1035,#1043,#1044,.T.);
#1046=ORIENTED_EDGE('',*,*,#1045,.T.);
#1047=CARTESIAN_POINT('',(1.100000000000,-2.460033228868,1.116394425312));
#1048=VERTEX_POINT('',#1047);
#1049=CARTESIAN_POINT('',(1.100000000000,0.034441508913,0.083149157926));
#1050=LINE('',#1049,#730);
#1051=EDGE_CURVE('',#1043,#1048,#1050,.T.);
#1052=ORIENTED_EDGE('',*,*,#1051,.T.);
#1053=CARTESIAN_POINT('',(1.100000000000,-2.528916246693,0.950096109460));
#1054=VERTEX_POINT('',#1053);
#1055=CARTESIAN_POINT('',(1.100000000000,-2.494474737780,1.033245267386));
#1056=LINE('',#1055,#738);
#1057=EDGE_CURVE('',#1048,#1054,#1056,.T.);
#1058=ORIENTED_EDGE('',*,*,#1057,.T.);
#1059=CARTESIAN_POINT('',(1.100000000000,-2.388866521494,0.892085613876));
#1060=VERTEX_POINT('',#1059);
#1061=CARTESIAN_POINT('',(1.100000000000,-0.034441508913,-0.083149157926));
#1062=DIRECTION('',(0.000000000000,0.923879532511,-0.382683432365));
#1063=VECTOR('',#1062,1.0);
#1064=LINE('',#1061,#1063);
#1065=EDGE_CURVE('',#1054,#1060,#1064,.T.);
#1066=ORIENTED_EDGE('',*,*,#1065,.T.);
#1067=CARTESIAN_POINT('',(1.100000000000,-2.438282547438,0.746510695742));
#1068=VERTEX_POINT('',#1067);
#1069=CIRCLE('',#141,2.550000000000);
#1070=EDGE_CURVE('',#1060,#1068,#1069,.T.);
#1071=ORIENTED_EDGE('',*,*,#1070,.T.);
#1072=CARTESIAN_POINT('',(1.100000000000,-2.584706016921,0.785744746143));
#1073=VERTEX_POINT('',#1072);
#1074=CARTESIAN_POINT('',(1.100000000000,0.023293714059,0.086933324366));
#1075=LINE('',#1074,#759);
#1076=EDGE_CURVE('',#1068,#1073,#1075,.T.);
#1077=ORIENTED_EDGE('',*,*,#1076,.T.);
#1078=CARTESIAN_POINT('',(1.100000000000,-2.631293445040,0.611878097411));
#1079=VERTEX_POINT('',#1078);
#1080=CARTESIAN_POINT('',(1.100000000000,-2.607999730980,0.698811421777));
#1081=LINE('',#1080,#767);
#1082=EDGE_CURVE('',#1073,#1079,#1081,.T.);
#1083=ORIENTED_EDGE('',*,*,#1082,.T.);
#1084=CARTESIAN_POINT('',(1.100000000000,-2.484869975557,0.572644047010));
#1085=VERTEX_POINT('',#1084);
#1086=CARTESIAN_POINT('',(1.100000000000,-0.023293714059,-0.086933324366));
#1087=DIRECTION('',(0.000000000000,0.965925826289,-0.258819045103));
#1088=VECTOR('',#1087,1.0);
#1089=LINE('',#1086,#1088);
#1090=EDGE_CURVE('',#1079,#1085,#1089,.T.);
#1091=ORIENTED_EDGE('',*,*,#1090,.T.);
#1092=CARTESIAN_POINT('',(1.100000000000,-2.514861900802,0.421864456780));
#1093=VERTEX_POINT('',#1092);
#1094=CIRCLE('',#141,2.550000000000);
#1095=EDGE_CURVE('',#1085,#1093,#1094,.T.);
#1096=ORIENTED_EDGE('',*,*,#1095,.T.);
#1097=CARTESIAN_POINT('',(1.100000000000,-2.665153768409,0.441650756518));
#1098=VERTEX_POINT('',#1097);
#1099=CARTESIAN_POINT('',(1.100000000000,0.011747357300,0.089230037524));
#1100=LINE('',#1099,#788);
#1101=EDGE_CURVE('',#1093,#1098,#1100,.T.);
#1102=ORIENTED_EDGE('',*,*,#1101,.T.);
#1103=CARTESIAN_POINT('',(1.100000000000,-2.688648483009,0.263190681470));
#1104=VERTEX_POINT('',#1103);
#1105=CARTESIAN_POINT('',(1.100000000000,-2.676901125709,0.352420718994));
#1106=LINE('',#1105,#796);
#1107=EDGE_CURVE('',#1098,#1104,#1106,.T.);
#1108=ORIENTED_EDGE('',*,*,#1107,.T.);
#1109=CARTESIAN_POINT('',(1.100000000000,-2.538356615402,0.243404381733));
#1110=VERTEX_POINT('',#1109);
#1111=CARTESIAN_POINT('',(1.100000000000,-0.011747357300,-0.089230037524));
#1112=DIRECTION('',(0.000000000000,0.991444861374,-0.130526192220));
#1113=VECTOR('',#1112,1.0);
#1114=LINE('',#1111,#1113);
#1115=EDGE_CURVE('',#1104,#1110,#1114,.T.);
#1116=ORIENTED_EDGE('',*,*,#1115,.T.);
#1117=CARTESIAN_POINT('',(1.100000000000,-2.548411269791,0.090000000000));
#1118=VERTEX_POINT('',#1117);
#1119=CIRCLE('',#141,2.550000000000);
#1120=EDGE_CURVE('',#1110,#1118,#1119,.T.);
#1121=ORIENTED_EDGE('',*,*,#1120,.T.);
#1122=CARTESIAN_POINT('',(1.100000000000,-2.700000000000,0.090000000000));
#1123=VERTEX_POINT('',#1122);
#1124=CARTESIAN_POINT('',(1.100000000000,0.000000000000,0.090000000000));
#1125=LINE('',#1124,#816);
#1126=EDGE_CURVE('',#1118,#1123,#1125,.T.);
#1127=ORIENTED_EDGE('',*,*,#1126,.T.);
#1128=CARTESIAN_POINT('',(1.100000000000,-2.700000000000,-0.090000000000));
#1129=VERTEX_POINT('',#1128);
#1130=CARTESIAN_POINT('',(1.100000000000,-2.700000000000,0.000000000000));
#1131=LINE('',#1130,#824);
#1132=EDGE_CURVE('',#1123,#1129,#1131,.T.);
#1133=ORIENTED_EDGE('',*,*,#1132,.T.);
#1134=CARTESIAN_POINT('',(1.100000000000,-2.548411269791,-0.090000000000));
#1135=VERTEX_POINT('',#1134);
#1136=CARTESIAN_POINT('',(1.100000000000,0.000000000000,-0.090000000000));
#1137=DIRECTION('',(0.000000000000,1.000000000000,0.000000000000));
#1138=VECTOR('',#1137,1.0);
#1139=LINE('',#1136,#1138);
#1140=EDGE_CURVE('',#1129,#1135,#1139,.T.);
#1141=ORIENTED_EDGE('',*,*,#1140,.T.);
#1142=CARTESIAN_POINT('',(1.100000000000,-2.538356615402,-0.243404381733));
#1143=VERTEX_POINT('',#1142);
#1144=CIRCLE('',#141,2.550000000000);
#1145=EDGE_CURVE('',#1135,#1143,#1144,.T.);
#1146=ORIENTED_EDGE('',*,*,#1145,.T.);
#1147=CARTESIAN_POINT('',(1.100000000000,-2.688648483009,-0.263190681470));
#1148=VERTEX_POINT('',#1147);
#1149=CARTESIAN_POINT('',(1.100000000000,-0.011747357300,0.089230037524));
#1150=LINE('',#1149,#845);
#1151=EDGE_CURVE('',#1143,#1148,#1150,.T.);
#1152=ORIENTED_EDGE('',*,*,#1151,.T.);
#1153=CARTESIAN_POINT('',(1.100000000000,-2.665153768409,-0.441650756518));
#1154=VERTEX_POINT('',#1153);
#1155=CARTESIAN_POINT('',(1.100000000000,-2.676901125709,-0.352420718994));
#1156=LINE('',#1155,#853);
#1157=EDGE_CURVE('',#1148,#1154,#1156,.T.);
#1158=ORIENTED_EDGE('',*,*,#1157,.T.);
#1159=CARTESIAN_POINT('',(1.100000000000,-2.514861900802,-0.421864456780));
#1160=VERTEX_POINT('',#1159);
#1161=CARTESIAN_POINT('',(1.100000000000,0.011747357300,-0.089230037524));
#1162=DIRECTION('',(0.000000000000,0.991444861374,0.130526192220));
#1163=VECTOR('',#1162,1.0);
#1164=LINE('',#1161,#1163);
#1165=EDGE_CURVE('',#1154,#1160,#1164,.T.);
#1166=ORIENTED_EDGE('',*,*,#1165,.T.);
#1167=CARTESIAN_POINT('',(1.100000000000,-2.484869975557,-0.572644047010));
#1168=VERTEX_POINT('',#1167);
#1169=CIRCLE('',#141,2.550000000000);
#1170=EDGE_CURVE('',#1160,#1168,#1169,.T.);
#1171=ORIENTED_EDGE('',*,*,#1170,.T.);
#1172=CARTESIAN_POINT('',(1.100000000000,-2.631293445040,-0.611878097411));
#1173=VERTEX_POINT('',#1172);
#1174=CARTESIAN_POINT('',(1.100000000000,-0.023293714059,0.086933324366));
#1175=LINE('',#1174,#874);
#1176=EDGE_CURVE('',#1168,#1173,#1175,.T.);
#1177=ORIENTED_EDGE('',*,*,#1176,.T.);
#1178=CARTESIAN_POINT('',(1.100000000000,-2.584706016921,-0.785744746143));
#1179=VERTEX_POINT('',#1178);
#1180=CARTESIAN_POINT('',(1.100000000000,-2.607999730980,-0.698811421777));
#1181=LINE('',#1180,#882);
#1182=EDGE_CURVE('',#1173,#1179,#1181,.T.);
#1183=ORIENTED_EDGE('',*,*,#1182,.T.);
#1184=CARTESIAN_POINT('',(1.100000000000,-2.438282547438,-0.746510695742));
#1185=VERTEX_POINT('',#1184);
#1186=CARTESIAN_POINT('',(1.100000000000,0.023293714059,-0.086933324366));
#1187=DIRECTION('',(0.000000000000,0.965925826289,0.258819045103));
#1188=VECTOR('',#1187,1.0);
#1189=LINE('',#1186,#1188);
#1190=EDGE_CURVE('',#1179,#1185,#1189,.T.);
#1191=ORIENTED_EDGE('',*,*,#1190,.T.);
#1192=CARTESIAN_POINT('',(1.100000000000,-2.388866521494,-0.892085613876));
#1193=VERTEX_POINT('',#1192);
#1194=CIRCLE('',#141,2.550000000000);
#1195=EDGE_CURVE('',#1185,#1193,#1194,.T.);
#1196=ORIENTED_EDGE('',*,*,#1195,.T.);
#1197=CARTESIAN_POINT('',(1.100000000000,-2.528916246693,-0.950096109460));
#1198=VERTEX_POINT('',#1197);
#1199=CARTESIAN_POINT('',(1.100000000000,-0.034441508913,0.083149157926));
#1200=LINE('',#1199,#903);
#1201=EDGE_CURVE('',#1193,#1198,#1200,.T.);
#1202=ORIENTED_EDGE('',*,*,#1201,.T.);
#1203=CARTESIAN_POINT('',(1.100000000000,-2.460033228868,-1.116394425312));
#1204=VERTEX_POINT('',#1203);
#1205=CARTESIAN_POINT('',(1.100000000000,-2.494474737780,-1.033245267386));
#1206=LINE('',#1205,#911);
#1207=EDGE_CURVE('',#1198,#1204,#1206,.T.);
#1208=ORIENTED_EDGE('',*,*,#1207,.T.);
#1209=CARTESIAN_POINT('',(1.100000000000,-2.319983503669,-1.058383929728));
#1210=VERTEX_POINT('',#1209);
#1211=CARTESIAN_POINT('',(1.100000000000,0.034441508913,-0.083149157926));
#1212=DIRECTION('',(0.000000000000,0.923879532511,0.382683432365));
#1213=VECTOR('',#1212,1.0);
#1214=LINE('',#1211,#1213);
#1215=EDGE_CURVE('',#1204,#1210,#1214,.T.);
#1216=ORIENTED_EDGE('',*,*,#1215,.T.);
#1217=CARTESIAN_POINT('',(1.100000000000,-2.251988898930,-1.196263348555));
#1218=VERTEX_POINT('',#1217);
#1219=CIRCLE('',#141,2.550000000000);
#1220=EDGE_CURVE('',#1210,#1218,#1219,.T.);
#1221=ORIENTED_EDGE('',*,*,#1220,.T.);
#1222=CARTESIAN_POINT('',(1.100000000000,-2.383268590218,-1.272057713659));
#1223=VERTEX_POINT('',#1222);
#1224=CARTESIAN_POINT('',(1.100000000000,-0.045000000000,0.077942286341));
#1225=LINE('',#1224,#932);
#1226=EDGE_CURVE('',#1218,#1223,#1225,.T.);
#1227=ORIENTED_EDGE('',*,*,#1226,.T.);
#1228=CARTESIAN_POINT('',(1.100000000000,-2.293268590218,-1.427942286341));
#1229=VERTEX_POINT('',#1228);
#1230=CARTESIAN_POINT('',(1.100000000000,-2.338268590218,-1.350000000000));
#1231=LINE('',#1230,#940);
#1232=EDGE_CURVE('',#1223,#1229,#1231,.T.);
#1233=ORIENTED_EDGE('',*,*,#1232,.T.);
#1234=CARTESIAN_POINT('',(1.100000000000,-2.161988898930,-1.352147921236));
#1235=VERTEX_POINT('',#1234);
#1236=CARTESIAN_POINT('',(1.100000000000,0.045000000000,-0.077942286341));
#1237=DIRECTION('',(0.000000000000,0.866025403784,0.500000000000));
#1238=VECTOR('',#1237,1.0);
#1239=LINE('',#1236,#1238);
#1240=EDGE_CURVE('',#1229,#1235,#1239,.T.);
#1241=ORIENTED_EDGE('',*,*,#1240,.T.);
#1242=CIRCLE('',#141,2.550000000000);
#1243=EDGE_CURVE('',#1235,#46,#1242,.T.);
#1244=ORIENTED_EDGE('',*,*,#1243,.T.);
#1245=ORIENTED_EDGE('',*,*,#50,.F.);
#1246=CARTESIAN_POINT('',(1.100000000000,-2.142054018786,-1.643655858324));
#1247=LINE('',#1246,#19);
#1248=EDGE_CURVE('',#44,#97,#1247,.T.);
#1249=ORIENTED_EDGE('',*,*,#1248,.T.);
#1250=ORIENTED_EDGE('',*,*,#100,.F.);
#1251=CARTESIAN_POINT('',(1.100000000000,-1.865638500429,-1.738359279815));
#1252=VERTEX_POINT('',#1251);
#1253=CIRCLE('',#141,2.550000000000);
#1254=EDGE_CURVE('',#95,#1252,#1253,.T.);
#1255=ORIENTED_EDGE('',*,*,#1254,.T.);
#1256=CARTESIAN_POINT('',(1.100000000000,-1.972827919510,-1.845548698897));
#1257=VERTEX_POINT('',#1256);
#1258=LINE('',#649,#651);
#1259=EDGE_CURVE('',#1252,#1257,#1258,.T.);
#1260=ORIENTED_EDGE('',*,*,#1259,.T.);
#1261=CARTESIAN_POINT('',(1.100000000000,-1.845548698897,-1.972827919510));
#1262=VERTEX_POINT('',#1261);
#1263=CARTESIAN_POINT('',(1.100000000000,-1.909188309204,-1.909188309204));
#1264=LINE('',#1263,#988);
#1265=EDGE_CURVE('',#1257,#1262,#1264,.T.);
#1266=ORIENTED_EDGE('',*,*,#1265,.T.);
#1267=CARTESIAN_POINT('',(1.100000000000,-1.738359279815,-1.865638500429));
#1268=VERTEX_POINT('',#1267);
#1269=LINE('',#633,#635);
#1270=EDGE_CURVE('',#1262,#1268,#1269,.T.);
#1271=ORIENTED_EDGE('',*,*,#1270,.T.);
#1272=CARTESIAN_POINT('',(1.100000000000,-1.622776286926,-1.967002064714));
#1273=VERTEX_POINT('',#1272);
#1274=CIRCLE('',#141,2.550000000000);
#1275=EDGE_CURVE('',#1268,#1273,#1274,.T.);
#1276=ORIENTED_EDGE('',*,*,#1275,.T.);
#1277=CARTESIAN_POINT('',(1.100000000000,-1.715057658950,-2.087265490176));
#1278=VERTEX_POINT('',#1277);
#1279=LINE('',#678,#680);
#1280=EDGE_CURVE('',#1273,#1278,#1279,.T.);
#1281=ORIENTED_EDGE('',*,*,#1280,.T.);
#1282=CARTESIAN_POINT('',(1.100000000000,-1.572254057697,-2.196842547397));
#1283=VERTEX_POINT('',#1282);
#1284=CARTESIAN_POINT('',(1.100000000000,-1.643655858324,-2.142054018786));
#1285=LINE('',#1284,#1013);
#1286=EDGE_CURVE('',#1278,#1283,#1285,.T.);
#1287=ORIENTED_EDGE('',*,*,#1286,.T.);
#1288=CARTESIAN_POINT('',(1.100000000000,-1.479972685674,-2.076579121936));
#1289=VERTEX_POINT('',#1288);
#1290=LINE('',#662,#664);
#1291=EDGE_CURVE('',#1283,#1289,#1290,.T.);
#1292=ORIENTED_EDGE('',*,*,#1291,.T.);
#1293=CARTESIAN_POINT('',(1.100000000000,-1.352147921236,-2.161988898930));
#1294=VERTEX_POINT('',#1293);
#1295=CIRCLE('',#141,2.550000000000);
#1296=EDGE_CURVE('',#1289,#1294,#1295,.T.);
#1297=ORIENTED_EDGE('',*,*,#1296,.T.);
#1298=CARTESIAN_POINT('',(1.100000000000,-1.427942286341,-2.293268590218));
#1299=VERTEX_POINT('',#1298);
#1300=LINE('',#707,#709);
#1301=EDGE_CURVE('',#1294,#1299,#1300,.T.);
#1302=ORIENTED_EDGE('',*,*,#1301,.T.);
#1303=CARTESIAN_POINT('',(1.100000000000,-1.272057713659,-2.383268590218));
#1304=VERTEX_POINT('',#1303);
#1305=CARTESIAN_POINT('',(1.100000000000,-1.350000000000,-2.338268590218));
#1306=LINE('',#1305,#1038);
#1307=EDGE_CURVE('',#1299,#1304,#1306,.T.);
#1308=ORIENTED_EDGE('',*,*,#1307,.T.);
#1309=CARTESIAN_POINT('',(1.100000000000,-1.196263348555,-2.251988898930));
#1310=VERTEX_POINT('',#1309);
#1311=LINE('',#691,#693);
#1312=EDGE_CURVE('',#1304,#1310,#1311,.T.);
#1313=ORIENTED_EDGE('',*,*,#1312,.T.);
#1314=CARTESIAN_POINT('',(1.100000000000,-1.058383929728,-2.319983503669));
#1315=VERTEX_POINT('',#1314);
#1316=CIRCLE('',#141,2.550000000000);
#1317=EDGE_CURVE('',#1310,#1315,#1316,.T.);
#1318=ORIENTED_EDGE('',*,*,#1317,.T.);
#1319=CARTESIAN_POINT('',(1.100000000000,-1.116394425312,-2.460033228868));
#1320=VERTEX_POINT('',#1319);
#1321=LINE('',#736,#738);
#1322=EDGE_CURVE('',#1315,#1320,#1321,.T.);
#1323=ORIENTED_EDGE('',*,*,#1322,.T.);
#1324=CARTESIAN_POINT('',(1.100000000000,-0.950096109460,-2.528916246693));
#1325=VERTEX_POINT('',#1324);
#1326=CARTESIAN_POINT('',(1.100000000000,-1.033245267386,-2.494474737780));
#1327=LINE('',#1326,#1063);
#1328=EDGE_CURVE('',#1320,#1325,#1327,.T.);
#1329=ORIENTED_EDGE('',*,*,#1328,.T.);
#1330=CARTESIAN_POINT('',(1.100000000000,-0.892085613876,-2.388866521494));
#1331=VERTEX_POINT('',#1330);
#1332=LINE('',#720,#722);
#1333=EDGE_CURVE('',#1325,#1331,#1332,.T.);
#1334=ORIENTED_EDGE('',*,*,#1333,.T.);
#1335=CARTESIAN_POINT('',(1.100000000000,-0.746510695742,-2.438282547438));
#1336=VERTEX_POINT('',#1335);
#1337=CIRCLE('',#141,2.550000000000);
#1338=EDGE_CURVE('',#1331,#1336,#1337,.T.);
#1339=ORIENTED_EDGE('',*,*,#1338,.T.);
#1340=CARTESIAN_POINT('',(1.100000000000,-0.785744746143,-2.584706016921));
#1341=VERTEX_POINT('',#1340);
#1342=LINE('',#765,#767);
#1343=EDGE_CURVE('',#1336,#1341,#1342,.T.);
#1344=ORIENTED_EDGE('',*,*,#1343,.T.);
#1345=CARTESIAN_POINT('',(1.100000000000,-0.611878097411,-2.631293445040));
#1346=VERTEX_POINT('',#1345);
#1347=CARTESIAN_POINT('',(1.100000000000,-0.698811421777,-2.607999730980));
#1348=LINE('',#1347,#1088);
#1349=EDGE_CURVE('',#1341,#1346,#1348,.T.);
#1350=ORIENTED_EDGE('',*,*,#1349,.T.);
#1351=CARTESIAN_POINT('',(1.100000000000,-0.572644047010,-2.484869975557));
#1352=VERTEX_POINT('',#1351);
#1353=LINE('',#749,#751);
#1354=EDGE_CURVE('',#1346,#1352,#1353,.T.);
#1355=ORIENTED_EDGE('',*,*,#1354,.T.);
#1356=CARTESIAN_POINT('',(1.100000000000,-0.421864456780,-2.514861900802));
#1357=VERTEX_POINT('',#1356);
#1358=CIRCLE('',#141,2.550000000000);
#1359=EDGE_CURVE('',#1352,#1357,#1358,.T.);
#1360=ORIENTED_EDGE('',*,*,#1359,.T.);
#1361=CARTESIAN_POINT('',(1.100000000000,-0.441650756518,-2.665153768409));
#1362=VERTEX_POINT('',#1361);
#1363=LINE('',#794,#796);
#1364=EDGE_CURVE('',#1357,#1362,#1363,.T.);
#1365=ORIENTED_EDGE('',*,*,#1364,.T.);
#1366=CARTESIAN_POINT('',(1.100000000000,-0.263190681470,-2.688648483009));
#1367=VERTEX_POINT('',#1366);
#1368=CARTESIAN_POINT('',(1.100000000000,-0.352420718994,-2.676901125709));
#1369=LINE('',#1368,#1113);
#1370=EDGE_CURVE('',#1362,#1367,#1369,.T.);
#1371=ORIENTED_EDGE('',*,*,#1370,.T.);
#1372=CARTESIAN_POINT('',(1.100000000000,-0.243404381733,-2.538356615402));
#1373=VERTEX_POINT('',#1372);
#1374=LINE('',#778,#780);
#1375=EDGE_CURVE('',#1367,#1373,#1374,.T.);
#1376=ORIENTED_EDGE('',*,*,#1375,.T.);
#1377=CARTESIAN_POINT('',(1.100000000000,-0.090000000000,-2.548411269791));
#1378=VERTEX_POINT('',#1377);
#1379=CIRCLE('',#141,2.550000000000);
#1380=EDGE_CURVE('',#1373,#1378,#1379,.T.);
#1381=ORIENTED_EDGE('',*,*,#1380,.T.);
#1382=CARTESIAN_POINT('',(1.100000000000,-0.090000000000,-2.700000000000));
#1383=VERTEX_POINT('',#1382);
#1384=LINE('',#822,#824);
#1385=EDGE_CURVE('',#1378,#1383,#1384,.T.);
#1386=ORIENTED_EDGE('',*,*,#1385,.T.);
#1387=CARTESIAN_POINT('',(1.100000000000,0.090000000000,-2.700000000000));
#1388=VERTEX_POINT('',#1387);
#1389=CARTESIAN_POINT('',(1.100000000000,0.000000000000,-2.700000000000));
#1390=LINE('',#1389,#1138);
#1391=EDGE_CURVE('',#1383,#1388,#1390,.T.);
#1392=ORIENTED_EDGE('',*,*,#1391,.T.);
#1393=CARTESIAN_POINT('',(1.100000000000,0.090000000000,-2.548411269791));
#1394=VERTEX_POINT('',#1393);
#1395=LINE('',#807,#808);
#1396=EDGE_CURVE('',#1388,#1394,#1395,.T.);
#1397=ORIENTED_EDGE('',*,*,#1396,.T.);
#1398=CARTESIAN_POINT('',(1.100000000000,0.243404381733,-2.538356615402));
#1399=VERTEX_POINT('',#1398);
#1400=CIRCLE('',#141,2.550000000000);
#1401=EDGE_CURVE('',#1394,#1399,#1400,.T.);
#1402=ORIENTED_EDGE('',*,*,#1401,.T.);
#1403=CARTESIAN_POINT('',(1.100000000000,0.263190681470,-2.688648483009));
#1404=VERTEX_POINT('',#1403);
#1405=LINE('',#851,#853);
#1406=EDGE_CURVE('',#1399,#1404,#1405,.T.);
#1407=ORIENTED_EDGE('',*,*,#1406,.T.);
#1408=CARTESIAN_POINT('',(1.100000000000,0.441650756518,-2.665153768409));
#1409=VERTEX_POINT('',#1408);
#1410=CARTESIAN_POINT('',(1.100000000000,0.352420718994,-2.676901125709));
#1411=LINE('',#1410,#1163);
#1412=EDGE_CURVE('',#1404,#1409,#1411,.T.);
#1413=ORIENTED_EDGE('',*,*,#1412,.T.);
#1414=CARTESIAN_POINT('',(1.100000000000,0.421864456780,-2.514861900802));
#1415=VERTEX_POINT('',#1414);
#1416=LINE('',#835,#837);
#1417=EDGE_CURVE('',#1409,#1415,#1416,.T.);
#1418=ORIENTED_EDGE('',*,*,#1417,.T.);
#1419=CARTESIAN_POINT('',(1.100000000000,0.572644047010,-2.484869975557));
#1420=VERTEX_POINT('',#1419);
#1421=CIRCLE('',#141,2.550000000000);
#1422=EDGE_CURVE('',#1415,#1420,#1421,.T.);
#1423=ORIENTED_EDGE('',*,*,#1422,.T.);
#1424=CARTESIAN_POINT('',(1.100000000000,0.611878097411,-2.631293445040));
#1425=VERTEX_POINT('',#1424);
#1426=LINE('',#880,#882);
#1427=EDGE_CURVE('',#1420,#1425,#1426,.T.);
#1428=ORIENTED_EDGE('',*,*,#1427,.T.);
#1429=CARTESIAN_POINT('',(1.100000000000,0.785744746143,-2.584706016921));
#1430=VERTEX_POINT('',#1429);
#1431=CARTESIAN_POINT('',(1.100000000000,0.698811421777,-2.607999730980));
#1432=LINE('',#1431,#1188);
#1433=EDGE_CURVE('',#1425,#1430,#1432,.T.);
#1434=ORIENTED_EDGE('',*,*,#1433,.T.);
#1435=CARTESIAN_POINT('',(1.100000000000,0.746510695742,-2.438282547438));
#1436=VERTEX_POINT('',#1435);
#1437=LINE('',#864,#866);
#1438=EDGE_CURVE('',#1430,#1436,#1437,.T.);
#1439=ORIENTED_EDGE('',*,*,#1438,.T.);
#1440=CARTESIAN_POINT('',(1.100000000000,0.892085613876,-2.388866521494));
#1441=VERTEX_POINT('',#1440);
#1442=CIRCLE('',#141,2.550000000000);
#1443=EDGE_CURVE('',#1436,#1441,#1442,.T.);
#1444=ORIENTED_EDGE('',*,*,#1443,.T.);
#1445=CARTESIAN_POINT('',(1.100000000000,0.950096109460,-2.528916246693));
#1446=VERTEX_POINT('',#1445);
#1447=LINE('',#909,#911);
#1448=EDGE_CURVE('',#1441,#1446,#1447,.T.);
#1449=ORIENTED_EDGE('',*,*,#1448,.T.);
#1450=CARTESIAN_POINT('',(1.100000000000,1.116394425312,-2.460033228868));
#1451=VERTEX_POINT('',#1450);
#1452=CARTESIAN_POINT('',(1.100000000000,1.033245267386,-2.494474737780));
#1453=LINE('',#1452,#1213);
#1454=EDGE_CURVE('',#1446,#1451,#1453,.T.);
#1455=ORIENTED_EDGE('',*,*,#1454,.T.);
#1456=CARTESIAN_POINT('',(1.100000000000,1.058383929728,-2.319983503669));
#1457=VERTEX_POINT('',#1456);
#1458=LINE('',#893,#895);
#1459=EDGE_CURVE('',#1451,#1457,#1458,.T.);
#1460=ORIENTED_EDGE('',*,*,#1459,.T.);
#1461=CARTESIAN_POINT('',(1.100000000000,1.196263348555,-2.251988898930));
#1462=VERTEX_POINT('',#1461);
#1463=CIRCLE('',#141,2.550000000000);
#1464=EDGE_CURVE('',#1457,#1462,#1463,.T.);
#1465=ORIENTED_EDGE('',*,*,#1464,.T.);
#1466=CARTESIAN_POINT('',(1.100000000000,1.272057713659,-2.383268590218));
#1467=VERTEX_POINT('',#1466);
#1468=LINE('',#938,#940);
#1469=EDGE_CURVE('',#1462,#1467,#1468,.T.);
#1470=ORIENTED_EDGE('',*,*,#1469,.T.);
#1471=CARTESIAN_POINT('',(1.100000000000,1.427942286341,-2.293268590218));
#1472=VERTEX_POINT('',#1471);
#1473=CARTESIAN_POINT('',(1.100000000000,1.350000000000,-2.338268590218));
#1474=LINE('',#1473,#1238);
#1475=EDGE_CURVE('',#1467,#1472,#1474,.T.);
#1476=ORIENTED_EDGE('',*,*,#1475,.T.);
#1477=CARTESIAN_POINT('',(1.100000000000,1.352147921236,-2.161988898930));
#1478=VERTEX_POINT('',#1477);
#1479=LINE('',#922,#924);
#1480=EDGE_CURVE('',#1472,#1478,#1479,.T.);
#1481=ORIENTED_EDGE('',*,*,#1480,.T.);
#1482=CARTESIAN_POINT('',(1.100000000000,1.479972685674,-2.076579121936));
#1483=VERTEX_POINT('',#1482);
#1484=CIRCLE('',#141,2.550000000000);
#1485=EDGE_CURVE('',#1478,#1483,#1484,.T.);
#1486=ORIENTED_EDGE('',*,*,#1485,.T.);
#1487=CARTESIAN_POINT('',(1.100000000000,1.572254057697,-2.196842547397));
#1488=VERTEX_POINT('',#1487);
#1489=LINE('',#963,#19);
#1490=EDGE_CURVE('',#1483,#1488,#1489,.T.);
#1491=ORIENTED_EDGE('',*,*,#1490,.T.);
#1492=CARTESIAN_POINT('',(1.100000000000,1.715057658950,-2.087265490176));
#1493=VERTEX_POINT('',#1492);
#1494=CARTESIAN_POINT('',(1.100000000000,1.643655858324,-2.142054018786));
#1495=LINE('',#1494,#48);
#1496=EDGE_CURVE('',#1488,#1493,#1495,.T.);
#1497=ORIENTED_EDGE('',*,*,#1496,.T.);
#1498=CARTESIAN_POINT('',(1.100000000000,1.622776286926,-1.967002064714));
#1499=VERTEX_POINT('',#1498);
#1500=LINE('',#951,#33);
#1501=EDGE_CURVE('',#1493,#1499,#1500,.T.);
#1502=ORIENTED_EDGE('',*,*,#1501,.T.);
#1503=CARTESIAN_POINT('',(1.100000000000,1.738359279815,-1.865638500429));
#1504=VERTEX_POINT('',#1503);
#1505=CIRCLE('',#141,2.550000000000);
#1506=EDGE_CURVE('',#1499,#1504,#1505,.T.);
#1507=ORIENTED_EDGE('',*,*,#1506,.T.);
#1508=CARTESIAN_POINT('',(1.100000000000,1.845548698897,-1.972827919510));
#1509=VERTEX_POINT('',#1508);
#1510=LINE('',#986,#988);
#1511=EDGE_CURVE('',#1504,#1509,#1510,.T.);
#1512=ORIENTED_EDGE('',*,*,#1511,.T.);
#1513=CARTESIAN_POINT('',(1.100000000000,1.972827919510,-1.845548698897));
#1514=VERTEX_POINT('',#1513);
#1515=CARTESIAN_POINT('',(1.100000000000,1.909188309204,-1.909188309204));
#1516=LINE('',#1515,#635);
#1517=EDGE_CURVE('',#1509,#1514,#1516,.T.);
#1518=ORIENTED_EDGE('',*,*,#1517,.T.);
#1519=CARTESIAN_POINT('',(1.100000000000,1.865638500429,-1.738359279815));
#1520=VERTEX_POINT('',#1519);
#1521=LINE('',#974,#643);
#1522=EDGE_CURVE('',#1514,#1520,#1521,.T.);
#1523=ORIENTED_EDGE('',*,*,#1522,.T.);
#1524=CARTESIAN_POINT('',(1.100000000000,1.967002064714,-1.622776286926));
#1525=VERTEX_POINT('',#1524);
#1526=CIRCLE('',#141,2.550000000000);
#1527=EDGE_CURVE('',#1520,#1525,#1526,.T.);
#1528=ORIENTED_EDGE('',*,*,#1527,.T.);
#1529=CARTESIAN_POINT('',(1.100000000000,2.087265490176,-1.715057658950));
#1530=VERTEX_POINT('',#1529);
#1531=LINE('',#1011,#1013);
#1532=EDGE_CURVE('',#1525,#1530,#1531,.T.);
#1533=ORIENTED_EDGE('',*,*,#1532,.T.);
#1534=CARTESIAN_POINT('',(1.100000000000,2.196842547397,-1.572254057697));
#1535=VERTEX_POINT('',#1534);
#1536=CARTESIAN_POINT('',(1.100000000000,2.142054018786,-1.643655858324));
#1537=LINE('',#1536,#664);
#1538=EDGE_CURVE('',#1530,#1535,#1537,.T.);
#1539=ORIENTED_EDGE('',*,*,#1538,.T.);
#1540=CARTESIAN_POINT('',(1.100000000000,2.076579121936,-1.479972685674));
#1541=VERTEX_POINT('',#1540);
#1542=LINE('',#999,#672);
#1543=EDGE_CURVE('',#1535,#1541,#1542,.T.);
#1544=ORIENTED_EDGE('',*,*,#1543,.T.);
#1545=CARTESIAN_POINT('',(1.100000000000,2.161988898930,-1.352147921236));
#1546=VERTEX_POINT('',#1545);
#1547=CIRCLE('',#141,2.550000000000);
#1548=EDGE_CURVE('',#1541,#1546,#1547,.T.);
#1549=ORIENTED_EDGE('',*,*,#1548,.T.);
#1550=CARTESIAN_POINT('',(1.100000000000,2.293268590218,-1.427942286341));
#1551=VERTEX_POINT('',#1550);
#1552=LINE('',#1036,#1038);
#1553=EDGE_CURVE('',#1546,#1551,#1552,.T.);
#1554=ORIENTED_EDGE('',*,*,#1553,.T.);
#1555=CARTESIAN_POINT('',(1.100000000000,2.383268590218,-1.272057713659));
#1556=VERTEX_POINT('',#1555);
#1557=CARTESIAN_POINT('',(1.100000000000,2.338268590218,-1.350000000000));
#1558=LINE('',#1557,#693);
#1559=EDGE_CURVE('',#1551,#1556,#1558,.T.);
#1560=ORIENTED_EDGE('',*,*,#1559,.T.);
#1561=CARTESIAN_POINT('',(1.100000000000,2.251988898930,-1.196263348555));
#1562=VERTEX_POINT('',#1561);
#1563=LINE('',#1024,#701);
#1564=EDGE_CURVE('',#1556,#1562,#1563,.T.);
#1565=ORIENTED_EDGE('',*,*,#1564,.T.);
#1566=CARTESIAN_POINT('',(1.100000000000,2.319983503669,-1.058383929728));
#1567=VERTEX_POINT('',#1566);
#1568=CIRCLE('',#141,2.550000000000);
#1569=EDGE_CURVE('',#1562,#1567,#1568,.T.);
#1570=ORIENTED_EDGE('',*,*,#1569,.T.);
#1571=CARTESIAN_POINT('',(1.100000000000,2.460033228868,-1.116394425312));
#1572=VERTEX_POINT('',#1571);
#1573=LINE('',#1061,#1063);
#1574=EDGE_CURVE('',#1567,#1572,#1573,.T.);
#1575=ORIENTED_EDGE('',*,*,#1574,.T.);
#1576=CARTESIAN_POINT('',(1.100000000000,2.528916246693,-0.950096109460));
#1577=VERTEX_POINT('',#1576);
#1578=CARTESIAN_POINT('',(1.100000000000,2.494474737780,-1.033245267386));
#1579=LINE('',#1578,#722);
#1580=EDGE_CURVE('',#1572,#1577,#1579,.T.);
#1581=ORIENTED_EDGE('',*,*,#1580,.T.);
#1582=CARTESIAN_POINT('',(1.100000000000,2.388866521494,-0.892085613876));
#1583=VERTEX_POINT('',#1582);
#1584=LINE('',#1049,#730);
#1585=EDGE_CURVE('',#1577,#1583,#1584,.T.);
#1586=ORIENTED_EDGE('',*,*,#1585,.T.);
#1587=CARTESIAN_POINT('',(1.100000000000,2.438282547438,-0.746510695742));
#1588=VERTEX_POINT('',#1587);
#1589=CIRCLE('',#141,2.550000000000);
#1590=EDGE_CURVE('',#1583,#1588,#1589,.T.);
#1591=ORIENTED_EDGE('',*,*,#1590,.T.);
#1592=CARTESIAN_POINT('',(1.100000000000,2.584706016921,-0.785744746143));
#1593=VERTEX_POINT('',#1592);
#1594=LINE('',#1086,#1088);
#1595=EDGE_CURVE('',#1588,#1593,#1594,.T.);
#1596=ORIENTED_EDGE('',*,*,#1595,.T.);
#1597=CARTESIAN_POINT('',(1.100000000000,2.631293445040,-0.611878097411));
#1598=VERTEX_POINT('',#1597);
#1599=CARTESIAN_POINT('',(1.100000000000,2.607999730980,-0.698811421777));
#1600=LINE('',#1599,#751);
#1601=EDGE_CURVE('',#1593,#1598,#1600,.T.);
#1602=ORIENTED_EDGE('',*,*,#1601,.T.);
#1603=CARTESIAN_POINT('',(1.100000000000,2.484869975557,-0.572644047010));
#1604=VERTEX_POINT('',#1603);
#1605=LINE('',#1074,#759);
#1606=EDGE_CURVE('',#1598,#1604,#1605,.T.);
#1607=ORIENTED_EDGE('',*,*,#1606,.T.);
#1608=CARTESIAN_POINT('',(1.100000000000,2.514861900802,-0.421864456780));
#1609=VERTEX_POINT('',#1608);
#1610=CIRCLE('',#141,2.550000000000);
#1611=EDGE_CURVE('',#1604,#1609,#1610,.T.);
#1612=ORIENTED_EDGE('',*,*,#1611,.T.);
#1613=CARTESIAN_POINT('',(1.100000000000,2.665153768409,-0.441650756518));
#1614=VERTEX_POINT('',#1613);
#1615=LINE('',#1111,#1113);
#1616=EDGE_CURVE('',#1609,#1614,#1615,.T.);
#1617=ORIENTED_EDGE('',*,*,#1616,.T.);
#1618=CARTESIAN_POINT('',(1.100000000000,2.688648483009,-0.263190681470));
#1619=VERTEX_POINT('',#1618);
#1620=CARTESIAN_POINT('',(1.100000000000,2.676901125709,-0.352420718994));
#1621=LINE('',#1620,#780);
#1622=EDGE_CURVE('',#1614,#1619,#1621,.T.);
#1623=ORIENTED_EDGE('',*,*,#1622,.T.);
#1624=CARTESIAN_POINT('',(1.100000000000,2.538356615402,-0.243404381733));
#1625=VERTEX_POINT('',#1624);
#1626=LINE('',#1099,#788);
#1627=EDGE_CURVE('',#1619,#1625,#1626,.T.);
#1628=ORIENTED_EDGE('',*,*,#1627,.T.);
#1629=CARTESIAN_POINT('',(1.100000000000,2.548411269791,-0.090000000000));
#1630=VERTEX_POINT('',#1629);
#1631=CIRCLE('',#141,2.550000000000);
#1632=EDGE_CURVE('',#1625,#1630,#1631,.T.);
#1633=ORIENTED_EDGE('',*,*,#1632,.T.);
#1634=CARTESIAN_POINT('',(1.100000000000,2.700000000000,-0.090000000000));
#1635=VERTEX_POINT('',#1634);
#1636=LINE('',#1136,#1138);
#1637=EDGE_CURVE('',#1630,#1635,#1636,.T.);
#1638=ORIENTED_EDGE('',*,*,#1637,.T.);
#1639=CARTESIAN_POINT('',(1.100000000000,2.700000000000,0.090000000000));
#1640=VERTEX_POINT('',#1639);
#1641=CARTESIAN_POINT('',(1.100000000000,2.700000000000,0.000000000000));
#1642=LINE('',#1641,#808);
#1643=EDGE_CURVE('',#1635,#1640,#1642,.T.);
#1644=ORIENTED_EDGE('',*,*,#1643,.T.);
#1645=CARTESIAN_POINT('',(1.100000000000,2.548411269791,0.090000000000));
#1646=VERTEX_POINT('',#1645);
#1647=LINE('',#1124,#816);
#1648=EDGE_CURVE('',#1640,#1646,#1647,.T.);
#1649=ORIENTED_EDGE('',*,*,#1648,.T.);
#1650=CARTESIAN_POINT('',(1.100000000000,2.538356615402,0.243404381733));
#1651=VERTEX_POINT('',#1650);
#1652=CIRCLE('',#141,2.550000000000);
#1653=EDGE_CURVE('',#1646,#1651,#1652,.T.);
#1654=ORIENTED_EDGE('',*,*,#1653,.T.);
#1655=CARTESIAN_POINT('',(1.100000000000,2.688648483009,0.263190681470));
#1656=VERTEX_POINT('',#1655);
#1657=LINE('',#1161,#1163);
#1658=EDGE_CURVE('',#1651,#1656,#1657,.T.);
#1659=ORIENTED_EDGE('',*,*,#1658,.T.);
#1660=CARTESIAN_POINT('',(1.100000000000,2.665153768409,0.441650756518));
#1661=VERTEX_POINT('',#1660);
#1662=CARTESIAN_POINT('',(1.100000000000,2.676901125709,0.352420718994));
#1663=LINE('',#1662,#837);
#1664=EDGE_CURVE('',#1656,#1661,#1663,.T.);
#1665=ORIENTED_EDGE('',*,*,#1664,.T.);
#1666=CARTESIAN_POINT('',(1.100000000000,2.514861900802,0.421864456780));
#1667=VERTEX_POINT('',#1666);
#1668=LINE('',#1149,#845);
#1669=EDGE_CURVE('',#1661,#1667,#1668,.T.);
#1670=ORIENTED_EDGE('',*,*,#1669,.T.);
#1671=CARTESIAN_POINT('',(1.100000000000,2.484869975557,0.572644047010));
#1672=VERTEX_POINT('',#1671);
#1673=CIRCLE('',#141,2.550000000000);
#1674=EDGE_CURVE('',#1667,#1672,#1673,.T.);
#1675=ORIENTED_EDGE('',*,*,#1674,.T.);
#1676=CARTESIAN_POINT('',(1.100000000000,2.631293445040,0.611878097411));
#1677=VERTEX_POINT('',#1676);
#1678=LINE('',#1186,#1188);
#1679=EDGE_CURVE('',#1672,#1677,#1678,.T.);
#1680=ORIENTED_EDGE('',*,*,#1679,.T.);
#1681=CARTESIAN_POINT('',(1.100000000000,2.584706016921,0.785744746143));
#1682=VERTEX_POINT('',#1681);
#1683=CARTESIAN_POINT('',(1.100000000000,2.607999730980,0.698811421777));
#1684=LINE('',#1683,#866);
#1685=EDGE_CURVE('',#1677,#1682,#1684,.T.);
#1686=ORIENTED_EDGE('',*,*,#1685,.T.);
#1687=CARTESIAN_POINT('',(1.100000000000,2.438282547438,0.746510695742));
#1688=VERTEX_POINT('',#1687);
#1689=LINE('',#1174,#874);
#1690=EDGE_CURVE('',#1682,#1688,#1689,.T.);
#1691=ORIENTED_EDGE('',*,*,#1690,.T.);
#1692=CARTESIAN_POINT('',(1.100000000000,2.388866521494,0.892085613876));
#1693=VERTEX_POINT('',#1692);
#1694=CIRCLE('',#141,2.550000000000);
#1695=EDGE_CURVE('',#1688,#1693,#1694,.T.);
#1696=ORIENTED_EDGE('',*,*,#1695,.T.);
#1697=CARTESIAN_POINT('',(1.100000000000,2.528916246693,0.950096109460));
#1698=VERTEX_POINT('',#1697);
#1699=LINE('',#1211,#1213);
#1700=EDGE_CURVE('',#1693,#1698,#1699,.T.);
#1701=ORIENTED_EDGE('',*,*,#1700,.T.);
#1702=CARTESIAN_POINT('',(1.100000000000,2.460033228868,1.116394425312));
#1703=VERTEX_POINT('',#1702);
#1704=CARTESIAN_POINT('',(1.100000000000,2.494474737780,1.033245267386));
#1705=LINE('',#1704,#895);
#1706=EDGE_CURVE('',#1698,#1703,#1705,.T.);
#1707=ORIENTED_EDGE('',*,*,#1706,.T.);
#1708=CARTESIAN_POINT('',(1.100000000000,2.319983503669,1.058383929728));
#1709=VERTEX_POINT('',#1708);
#1710=LINE('',#1199,#903);
#1711=EDGE_CURVE('',#1703,#1709,#1710,.T.);
#1712=ORIENTED_EDGE('',*,*,#1711,.T.);
#1713=CARTESIAN_POINT('',(1.100000000000,2.251988898930,1.196263348555));
#1714=VERTEX_POINT('',#1713);
#1715=CIRCLE('',#141,2.550000000000);
#1716=EDGE_CURVE('',#1709,#1714,#1715,.T.);
#1717=ORIENTED_EDGE('',*,*,#1716,.T.);
#1718=CARTESIAN_POINT('',(1.100000000000,2.383268590218,1.272057713659));
#1719=VERTEX_POINT('',#1718);
#1720=LINE('',#1236,#1238);
#1721=EDGE_CURVE('',#1714,#1719,#1720,.T.);
#1722=ORIENTED_EDGE('',*,*,#1721,.T.);
#1723=CARTESIAN_POINT('',(1.100000000000,2.293268590218,1.427942286341));
#1724=VERTEX_POINT('',#1723);
#1725=CARTESIAN_POINT('',(1.100000000000,2.338268590218,1.350000000000));
#1726=LINE('',#1725,#924);
#1727=EDGE_CURVE('',#1719,#1724,#1726,.T.);
#1728=ORIENTED_EDGE('',*,*,#1727,.T.);
#1729=CARTESIAN_POINT('',(1.100000000000,2.161988898930,1.352147921236));
#1730=VERTEX_POINT('',#1729);
#1731=LINE('',#1224,#932);
#1732=EDGE_CURVE('',#1724,#1730,#1731,.T.);
#1733=ORIENTED_EDGE('',*,*,#1732,.T.);
#1734=CIRCLE('',#141,2.550000000000);
#1735=EDGE_CURVE('',#1730,#121,#1734,.T.);
#1736=ORIENTED_EDGE('',*,*,#1735,.T.);
#1737=ORIENTED_EDGE('',*,*,#123,.F.);
#1738=EDGE_LOOP('',(#624,#625,#630,#638,#646,#654,#659,#667,#675,#683,#688,#696,#704,#712,#717,#725,#733,#741,#746,#754,#762,#770,#775,#783,#791,#799,#804,#811,#819,#827,#832,#840,#848,#856,#861,#869,#877,#885,#890,#898,#906,#914,#919,#927,#935,#943,#948,#954,#960,#966,#971,#977,#983,#991,#996,#1002,#1008,#1016,#1021,#1027,#1033,#1041,#1046,#1052,#1058,#1066,#1071,#1077,#1083,#1091,#1096,#1102,#1108,#1116,#1121,#1127,#1133,#1141,#1146,#1152,#1158,#1166,#1171,#1177,#1183,#1191,#1196,#1202,#1208,#1216,#1221,#1227,#1233,#1241,#1244,#1245,#1249,#1250,#1255,#1260,#1266,#1271,#1276,#1281,#1287,#1292,#1297,#1302,#1308,#1313,#1318,#1323,#1329,#1334,#1339,#1344,#1350,#1355,#1360,#1365,#1371,#1376,#1381,#1386,#1392,#1397,#1402,#1407,#1413,#1418,#1423,#1428,#1434,#1439,#1444,#1449,#1455,#1460,#1465,#1470,#1476,#1481,#1486,#1491,#1497,#1502,#1507,#1512,#1518,#1523,#1528,#1533,#1539,#1544,#1549,#1554,#1560,#1565,#1570,#1575,#1581,#1586,#1591,#1596,#1602,#1607,#1612,#1617,#1623,#1628,#1633,#1638,#1644,#1649,#1654,#1659,#1665,#1670,#1675,#1680,#1686,#1691,#1696,#1701,#1707,#1712,#1717,#1722,#1728,#1733,#1736,#1737));
#1739=FACE_BOUND('',#623,.T.);
#1740=FACE_OUTER_BOUND('',#1738,.T.);
#1741=ADVANCED_FACE('',(#1739,#1740),#142,.T.);
#1742=CARTESIAN_POINT('',(-0.600000000000,0.000000000000,0.000000000000));
#1743=AXIS2_PLACEMENT_3D('',#1742,#26,#823);
#1744=PLANE('',#1743);
#1745=CARTESIAN_POINT('',(-0.600000000000,-0.090000000000,2.448346380723));
#1746=VERTEX_POINT('',#1745);
#1747=CARTESIAN_POINT('',(-0.600000000000,-0.230343292788,2.439147795331));
#1748=VERTEX_POINT('',#1747);
#1749=AXIS2_PLACEMENT_3D('',#1742,#11,#140);
#1750=CIRCLE('',#1749,2.450000000000);
#1751=EDGE_CURVE('',#1746,#1748,#1750,.T.);
#1752=ORIENTED_EDGE('',*,*,#1751,.T.);
#1753=CARTESIAN_POINT('',(-0.600000000000,-0.408803367835,2.415653080731));
#1754=VERTEX_POINT('',#1753);
#1755=CIRCLE('',#1749,2.450000000000);
#1756=EDGE_CURVE('',#1748,#1754,#1755,.T.);
#1757=ORIENTED_EDGE('',*,*,#1756,.T.);
#1758=CARTESIAN_POINT('',(-0.600000000000,-0.546745347973,2.388214714901));
#1759=VERTEX_POINT('',#1758);
#1760=CIRCLE('',#1749,2.450000000000);
#1761=EDGE_CURVE('',#1754,#1759,#1760,.T.);
#1762=ORIENTED_EDGE('',*,*,#1761,.T.);
#1763=CARTESIAN_POINT('',(-0.600000000000,-0.720611996705,2.341627286783));
#1764=VERTEX_POINT('',#1763);
#1765=CIRCLE('',#1749,2.450000000000);
#1766=EDGE_CURVE('',#1759,#1764,#1765,.T.);
#1767=ORIENTED_EDGE('',*,*,#1766,.T.);
#1768=CARTESIAN_POINT('',(-0.600000000000,-0.853792438668,2.296418618561));
#1769=VERTEX_POINT('',#1768);
#1770=CIRCLE('',#1749,2.450000000000);
#1771=EDGE_CURVE('',#1764,#1769,#1770,.T.);
#1772=ORIENTED_EDGE('',*,*,#1771,.T.);
#1773=CARTESIAN_POINT('',(-0.600000000000,-1.020090754520,2.227535600735));
#1774=VERTEX_POINT('',#1773);
#1775=CIRCLE('',#1749,2.450000000000);
#1776=EDGE_CURVE('',#1769,#1774,#1775,.T.);
#1777=ORIENTED_EDGE('',*,*,#1776,.T.);
#1778=CARTESIAN_POINT('',(-0.600000000000,-1.146230904021,2.165330162970));
#1779=VERTEX_POINT('',#1778);
#1780=CIRCLE('',#1749,2.450000000000);
#1781=EDGE_CURVE('',#1774,#1779,#1780,.T.);
#1782=ORIENTED_EDGE('',*,*,#1781,.T.);
#1783=CARTESIAN_POINT('',(-0.600000000000,-1.302115476702,2.075330162970));
#1784=VERTEX_POINT('',#1783);
#1785=CIRCLE('',#1749,2.450000000000);
#1786=EDGE_CURVE('',#1779,#1784,#1785,.T.);
#1787=ORIENTED_EDGE('',*,*,#1786,.T.);
#1788=CARTESIAN_POINT('',(-0.600000000000,-1.419057040811,1.997192307947));
#1789=VERTEX_POINT('',#1788);
#1790=CIRCLE('',#1749,2.450000000000);
#1791=EDGE_CURVE('',#1784,#1789,#1790,.T.);
#1792=ORIENTED_EDGE('',*,*,#1791,.T.);
#1793=CARTESIAN_POINT('',(-0.600000000000,-1.561860642064,1.887615250726));
#1794=VERTEX_POINT('',#1793);
#1795=CIRCLE('',#1749,2.450000000000);
#1796=EDGE_CURVE('',#1789,#1794,#1795,.T.);
#1797=ORIENTED_EDGE('',*,*,#1796,.T.);
#1798=CARTESIAN_POINT('',(-0.600000000000,-1.667602718196,1.794881938810));
#1799=VERTEX_POINT('',#1798);
#1800=CIRCLE('',#1749,2.450000000000);
#1801=EDGE_CURVE('',#1794,#1799,#1800,.T.);
#1802=ORIENTED_EDGE('',*,*,#1801,.T.);
#1803=CARTESIAN_POINT('',(-0.600000000000,-1.794881938810,1.667602718196));
#1804=VERTEX_POINT('',#1803);
#1805=CIRCLE('',#1749,2.450000000000);
#1806=EDGE_CURVE('',#1799,#1804,#1805,.T.);
#1807=ORIENTED_EDGE('',*,*,#1806,.T.);
#1808=CARTESIAN_POINT('',(-0.600000000000,-1.887615250726,1.561860642064));
#1809=VERTEX_POINT('',#1808);
#1810=CIRCLE('',#1749,2.450000000000);
#1811=EDGE_CURVE('',#1804,#1809,#1810,.T.);
#1812=ORIENTED_EDGE('',*,*,#1811,.T.);
#1813=CARTESIAN_POINT('',(-0.600000000000,-1.997192307947,1.419057040811));
#1814=VERTEX_POINT('',#1813);
#1815=CIRCLE('',#1749,2.450000000000);
#1816=EDGE_CURVE('',#1809,#1814,#1815,.T.);
#1817=ORIENTED_EDGE('',*,*,#1816,.T.);
#1818=CARTESIAN_POINT('',(-0.600000000000,-2.075330162970,1.302115476702));
#1819=VERTEX_POINT('',#1818);
#1820=CIRCLE('',#1749,2.450000000000);
#1821=EDGE_CURVE('',#1814,#1819,#1820,.T.);
#1822=ORIENTED_EDGE('',*,*,#1821,.T.);
#1823=CARTESIAN_POINT('',(-0.600000000000,-2.165330162970,1.146230904021));
#1824=VERTEX_POINT('',#1823);
#1825=CIRCLE('',#1749,2.450000000000);
#1826=EDGE_CURVE('',#1819,#1824,#1825,.T.);
#1827=ORIENTED_EDGE('',*,*,#1826,.T.);
#1828=CARTESIAN_POINT('',(-0.600000000000,-2.227535600735,1.020090754520));
#1829=VERTEX_POINT('',#1828);
#1830=CIRCLE('',#1749,2.450000000000);
#1831=EDGE_CURVE('',#1824,#1829,#1830,.T.);
#1832=ORIENTED_EDGE('',*,*,#1831,.T.);
#1833=CARTESIAN_POINT('',(-0.600000000000,-2.296418618561,0.853792438668));
#1834=VERTEX_POINT('',#1833);
#1835=CIRCLE('',#1749,2.450000000000);
#1836=EDGE_CURVE('',#1829,#1834,#1835,.T.);
#1837=ORIENTED_EDGE('',*,*,#1836,.T.);
#1838=CARTESIAN_POINT('',(-0.600000000000,-2.341627286783,0.720611996705));
#1839=VERTEX_POINT('',#1838);
#1840=CIRCLE('',#1749,2.450000000000);
#1841=EDGE_CURVE('',#1834,#1839,#1840,.T.);
#1842=ORIENTED_EDGE('',*,*,#1841,.T.);
#1843=CARTESIAN_POINT('',(-0.600000000000,-2.388214714901,0.546745347973));
#1844=VERTEX_POINT('',#1843);
#1845=CIRCLE('',#1749,2.450000000000);
#1846=EDGE_CURVE('',#1839,#1844,#1845,.T.);
#1847=ORIENTED_EDGE('',*,*,#1846,.T.);
#1848=CARTESIAN_POINT('',(-0.600000000000,-2.415653080731,0.408803367835));
#1849=VERTEX_POINT('',#1848);
#1850=CIRCLE('',#1749,2.450000000000);
#1851=EDGE_CURVE('',#1844,#1849,#1850,.T.);
#1852=ORIENTED_EDGE('',*,*,#1851,.T.);
#1853=CARTESIAN_POINT('',(-0.600000000000,-2.439147795331,0.230343292788));
#1854=VERTEX_POINT('',#1853);
#1855=CIRCLE('',#1749,2.450000000000);
#1856=EDGE_CURVE('',#1849,#1854,#1855,.T.);
#1857=ORIENTED_EDGE('',*,*,#1856,.T.);
#1858=CARTESIAN_POINT('',(-0.600000000000,-2.448346380723,0.090000000000));
#1859=VERTEX_POINT('',#1858);
#1860=CIRCLE('',#1749,2.450000000000);
#1861=EDGE_CURVE('',#1854,#1859,#1860,.T.);
#1862=ORIENTED_EDGE('',*,*,#1861,.T.);
#1863=CARTESIAN_POINT('',(-0.600000000000,-2.448346380723,-0.090000000000));
#1864=VERTEX_POINT('',#1863);
#1865=CIRCLE('',#1749,2.450000000000);
#1866=EDGE_CURVE('',#1859,#1864,#1865,.T.);
#1867=ORIENTED_EDGE('',*,*,#1866,.T.);
#1868=CARTESIAN_POINT('',(-0.600000000000,-2.439147795331,-0.230343292788));
#1869=VERTEX_POINT('',#1868);
#1870=CIRCLE('',#1749,2.450000000000);
#1871=EDGE_CURVE('',#1864,#1869,#1870,.T.);
#1872=ORIENTED_EDGE('',*,*,#1871,.T.);
#1873=CARTESIAN_POINT('',(-0.600000000000,-2.415653080731,-0.408803367835));
#1874=VERTEX_POINT('',#1873);
#1875=CIRCLE('',#1749,2.450000000000);
#1876=EDGE_CURVE('',#1869,#1874,#1875,.T.);
#1877=ORIENTED_EDGE('',*,*,#1876,.T.);
#1878=CARTESIAN_POINT('',(-0.600000000000,-2.388214714901,-0.546745347973));
#1879=VERTEX_POINT('',#1878);
#1880=CIRCLE('',#1749,2.450000000000);
#1881=EDGE_CURVE('',#1874,#1879,#1880,.T.);
#1882=ORIENTED_EDGE('',*,*,#1881,.T.);
#1883=CARTESIAN_POINT('',(-0.600000000000,-2.341627286783,-0.720611996705));
#1884=VERTEX_POINT('',#1883);
#1885=CIRCLE('',#1749,2.450000000000);
#1886=EDGE_CURVE('',#1879,#1884,#1885,.T.);
#1887=ORIENTED_EDGE('',*,*,#1886,.T.);
#1888=CARTESIAN_POINT('',(-0.600000000000,-2.296418618561,-0.853792438668));
#1889=VERTEX_POINT('',#1888);
#1890=CIRCLE('',#1749,2.450000000000);
#1891=EDGE_CURVE('',#1884,#1889,#1890,.T.);
#1892=ORIENTED_EDGE('',*,*,#1891,.T.);
#1893=CARTESIAN_POINT('',(-0.600000000000,-2.227535600735,-1.020090754520));
#1894=VERTEX_POINT('',#1893);
#1895=CIRCLE('',#1749,2.450000000000);
#1896=EDGE_CURVE('',#1889,#1894,#1895,.T.);
#1897=ORIENTED_EDGE('',*,*,#1896,.T.);
#1898=CARTESIAN_POINT('',(-0.600000000000,-2.165330162970,-1.146230904021));
#1899=VERTEX_POINT('',#1898);
#1900=CIRCLE('',#1749,2.450000000000);
#1901=EDGE_CURVE('',#1894,#1899,#1900,.T.);
#1902=ORIENTED_EDGE('',*,*,#1901,.T.);
#1903=CARTESIAN_POINT('',(-0.600000000000,-2.075330162970,-1.302115476702));
#1904=VERTEX_POINT('',#1903);
#1905=CIRCLE('',#1749,2.450000000000);
#1906=EDGE_CURVE('',#1899,#1904,#1905,.T.);
#1907=ORIENTED_EDGE('',*,*,#1906,.T.);
#1908=CARTESIAN_POINT('',(-0.600000000000,-1.997192307947,-1.419057040811));
#1909=VERTEX_POINT('',#1908);
#1910=CIRCLE('',#1749,2.450000000000);
#1911=EDGE_CURVE('',#1904,#1909,#1910,.T.);
#1912=ORIENTED_EDGE('',*,*,#1911,.T.);
#1913=CARTESIAN_POINT('',(-0.600000000000,-1.887615250726,-1.561860642064));
#1914=VERTEX_POINT('',#1913);
#1915=CIRCLE('',#1749,2.450000000000);
#1916=EDGE_CURVE('',#1909,#1914,#1915,.T.);
#1917=ORIENTED_EDGE('',*,*,#1916,.T.);
#1918=CARTESIAN_POINT('',(-0.600000000000,-1.794881938810,-1.667602718196));
#1919=VERTEX_POINT('',#1918);
#1920=CIRCLE('',#1749,2.450000000000);
#1921=EDGE_CURVE('',#1914,#1919,#1920,.T.);
#1922=ORIENTED_EDGE('',*,*,#1921,.T.);
#1923=CARTESIAN_POINT('',(-0.600000000000,-1.667602718196,-1.794881938810));
#1924=VERTEX_POINT('',#1923);
#1925=CIRCLE('',#1749,2.450000000000);
#1926=EDGE_CURVE('',#1919,#1924,#1925,.T.);
#1927=ORIENTED_EDGE('',*,*,#1926,.T.);
#1928=CARTESIAN_POINT('',(-0.600000000000,-1.561860642064,-1.887615250726));
#1929=VERTEX_POINT('',#1928);
#1930=CIRCLE('',#1749,2.450000000000);
#1931=EDGE_CURVE('',#1924,#1929,#1930,.T.);
#1932=ORIENTED_EDGE('',*,*,#1931,.T.);
#1933=CARTESIAN_POINT('',(-0.600000000000,-1.419057040811,-1.997192307947));
#1934=VERTEX_POINT('',#1933);
#1935=CIRCLE('',#1749,2.450000000000);
#1936=EDGE_CURVE('',#1929,#1934,#1935,.T.);
#1937=ORIENTED_EDGE('',*,*,#1936,.T.);
#1938=CARTESIAN_POINT('',(-0.600000000000,-1.302115476702,-2.075330162970));
#1939=VERTEX_POINT('',#1938);
#1940=CIRCLE('',#1749,2.450000000000);
#1941=EDGE_CURVE('',#1934,#1939,#1940,.T.);
#1942=ORIENTED_EDGE('',*,*,#1941,.T.);
#1943=CARTESIAN_POINT('',(-0.600000000000,-1.146230904021,-2.165330162970));
#1944=VERTEX_POINT('',#1943);
#1945=CIRCLE('',#1749,2.450000000000);
#1946=EDGE_CURVE('',#1939,#1944,#1945,.T.);
#1947=ORIENTED_EDGE('',*,*,#1946,.T.);
#1948=CARTESIAN_POINT('',(-0.600000000000,-1.020090754520,-2.227535600735));
#1949=VERTEX_POINT('',#1948);
#1950=CIRCLE('',#1749,2.450000000000);
#1951=EDGE_CURVE('',#1944,#1949,#1950,.T.);
#1952=ORIENTED_EDGE('',*,*,#1951,.T.);
#1953=CARTESIAN_POINT('',(-0.600000000000,-0.853792438668,-2.296418618561));
#1954=VERTEX_POINT('',#1953);
#1955=CIRCLE('',#1749,2.450000000000);
#1956=EDGE_CURVE('',#1949,#1954,#1955,.T.);
#1957=ORIENTED_EDGE('',*,*,#1956,.T.);
#1958=CARTESIAN_POINT('',(-0.600000000000,-0.720611996705,-2.341627286783));
#1959=VERTEX_POINT('',#1958);
#1960=CIRCLE('',#1749,2.450000000000);
#1961=EDGE_CURVE('',#1954,#1959,#1960,.T.);
#1962=ORIENTED_EDGE('',*,*,#1961,.T.);
#1963=CARTESIAN_POINT('',(-0.600000000000,-0.546745347973,-2.388214714901));
#1964=VERTEX_POINT('',#1963);
#1965=CIRCLE('',#1749,2.450000000000);
#1966=EDGE_CURVE('',#1959,#1964,#1965,.T.);
#1967=ORIENTED_EDGE('',*,*,#1966,.T.);
#1968=CARTESIAN_POINT('',(-0.600000000000,-0.408803367835,-2.415653080731));
#1969=VERTEX_POINT('',#1968);
#1970=CIRCLE('',#1749,2.450000000000);
#1971=EDGE_CURVE('',#1964,#1969,#1970,.T.);
#1972=ORIENTED_EDGE('',*,*,#1971,.T.);
#1973=CARTESIAN_POINT('',(-0.600000000000,-0.230343292788,-2.439147795331));
#1974=VERTEX_POINT('',#1973);
#1975=CIRCLE('',#1749,2.450000000000);
#1976=EDGE_CURVE('',#1969,#1974,#1975,.T.);
#1977=ORIENTED_EDGE('',*,*,#1976,.T.);
#1978=CARTESIAN_POINT('',(-0.600000000000,-0.090000000000,-2.448346380723));
#1979=VERTEX_POINT('',#1978);
#1980=CIRCLE('',#1749,2.450000000000);
#1981=EDGE_CURVE('',#1974,#1979,#1980,.T.);
#1982=ORIENTED_EDGE('',*,*,#1981,.T.);
#1983=CARTESIAN_POINT('',(-0.600000000000,0.090000000000,-2.448346380723));
#1984=VERTEX_POINT('',#1983);
#1985=CIRCLE('',#1749,2.450000000000);
#1986=EDGE_CURVE('',#1979,#1984,#1985,.T.);
#1987=ORIENTED_EDGE('',*,*,#1986,.T.);
#1988=CARTESIAN_POINT('',(-0.600000000000,0.230343292788,-2.439147795331));
#1989=VERTEX_POINT('',#1988);
#1990=CIRCLE('',#1749,2.450000000000);
#1991=EDGE_CURVE('',#1984,#1989,#1990,.T.);
#1992=ORIENTED_EDGE('',*,*,#1991,.T.);
#1993=CARTESIAN_POINT('',(-0.600000000000,0.408803367835,-2.415653080731));
#1994=VERTEX_POINT('',#1993);
#1995=CIRCLE('',#1749,2.450000000000);
#1996=EDGE_CURVE('',#1989,#1994,#1995,.T.);
#1997=ORIENTED_EDGE('',*,*,#1996,.T.);
#1998=CARTESIAN_POINT('',(-0.600000000000,0.546745347973,-2.388214714901));
#1999=VERTEX_POINT('',#1998);
#2000=CIRCLE('',#1749,2.450000000000);
#2001=EDGE_CURVE('',#1994,#1999,#2000,.T.);
#2002=ORIENTED_EDGE('',*,*,#2001,.T.);
#2003=CARTESIAN_POINT('',(-0.600000000000,0.720611996705,-2.341627286783));
#2004=VERTEX_POINT('',#2003);
#2005=CIRCLE('',#1749,2.450000000000);
#2006=EDGE_CURVE('',#1999,#2004,#2005,.T.);
#2007=ORIENTED_EDGE('',*,*,#2006,.T.);
#2008=CARTESIAN_POINT('',(-0.600000000000,0.853792438668,-2.296418618561));
#2009=VERTEX_POINT('',#2008);
#2010=CIRCLE('',#1749,2.450000000000);
#2011=EDGE_CURVE('',#2004,#2009,#2010,.T.);
#2012=ORIENTED_EDGE('',*,*,#2011,.T.);
#2013=CARTESIAN_POINT('',(-0.600000000000,1.020090754520,-2.227535600735));
#2014=VERTEX_POINT('',#2013);
#2015=CIRCLE('',#1749,2.450000000000);
#2016=EDGE_CURVE('',#2009,#2014,#2015,.T.);
#2017=ORIENTED_EDGE('',*,*,#2016,.T.);
#2018=CARTESIAN_POINT('',(-0.600000000000,1.146230904021,-2.165330162970));
#2019=VERTEX_POINT('',#2018);
#2020=CIRCLE('',#1749,2.450000000000);
#2021=EDGE_CURVE('',#2014,#2019,#2020,.T.);
#2022=ORIENTED_EDGE('',*,*,#2021,.T.);
#2023=CARTESIAN_POINT('',(-0.600000000000,1.302115476702,-2.075330162970));
#2024=VERTEX_POINT('',#2023);
#2025=CIRCLE('',#1749,2.450000000000);
#2026=EDGE_CURVE('',#2019,#2024,#2025,.T.);
#2027=ORIENTED_EDGE('',*,*,#2026,.T.);
#2028=CARTESIAN_POINT('',(-0.600000000000,1.419057040811,-1.997192307947));
#2029=VERTEX_POINT('',#2028);
#2030=CIRCLE('',#1749,2.450000000000);
#2031=EDGE_CURVE('',#2024,#2029,#2030,.T.);
#2032=ORIENTED_EDGE('',*,*,#2031,.T.);
#2033=CARTESIAN_POINT('',(-0.600000000000,1.561860642064,-1.887615250726));
#2034=VERTEX_POINT('',#2033);
#2035=CIRCLE('',#1749,2.450000000000);
#2036=EDGE_CURVE('',#2029,#2034,#2035,.T.);
#2037=ORIENTED_EDGE('',*,*,#2036,.T.);
#2038=CARTESIAN_POINT('',(-0.600000000000,1.667602718196,-1.794881938810));
#2039=VERTEX_POINT('',#2038);
#2040=CIRCLE('',#1749,2.450000000000);
#2041=EDGE_CURVE('',#2034,#2039,#2040,.T.);
#2042=ORIENTED_EDGE('',*,*,#2041,.T.);
#2043=CARTESIAN_POINT('',(-0.600000000000,1.794881938810,-1.667602718196));
#2044=VERTEX_POINT('',#2043);
#2045=CIRCLE('',#1749,2.450000000000);
#2046=EDGE_CURVE('',#2039,#2044,#2045,.T.);
#2047=ORIENTED_EDGE('',*,*,#2046,.T.);
#2048=CARTESIAN_POINT('',(-0.600000000000,1.887615250726,-1.561860642064));
#2049=VERTEX_POINT('',#2048);
#2050=CIRCLE('',#1749,2.450000000000);
#2051=EDGE_CURVE('',#2044,#2049,#2050,.T.);
#2052=ORIENTED_EDGE('',*,*,#2051,.T.);
#2053=CARTESIAN_POINT('',(-0.600000000000,1.997192307947,-1.419057040811));
#2054=VERTEX_POINT('',#2053);
#2055=CIRCLE('',#1749,2.450000000000);
#2056=EDGE_CURVE('',#2049,#2054,#2055,.T.);
#2057=ORIENTED_EDGE('',*,*,#2056,.T.);
#2058=CARTESIAN_POINT('',(-0.600000000000,2.075330162970,-1.302115476702));
#2059=VERTEX_POINT('',#2058);
#2060=CIRCLE('',#1749,2.450000000000);
#2061=EDGE_CURVE('',#2054,#2059,#2060,.T.);
#2062=ORIENTED_EDGE('',*,*,#2061,.T.);
#2063=CARTESIAN_POINT('',(-0.600000000000,2.165330162970,-1.146230904021));
#2064=VERTEX_POINT('',#2063);
#2065=CIRCLE('',#1749,2.450000000000);
#2066=EDGE_CURVE('',#2059,#2064,#2065,.T.);
#2067=ORIENTED_EDGE('',*,*,#2066,.T.);
#2068=CARTESIAN_POINT('',(-0.600000000000,2.227535600735,-1.020090754520));
#2069=VERTEX_POINT('',#2068);
#2070=CIRCLE('',#1749,2.450000000000);
#2071=EDGE_CURVE('',#2064,#2069,#2070,.T.);
#2072=ORIENTED_EDGE('',*,*,#2071,.T.);
#2073=CARTESIAN_POINT('',(-0.600000000000,2.296418618561,-0.853792438668));
#2074=VERTEX_POINT('',#2073);
#2075=CIRCLE('',#1749,2.450000000000);
#2076=EDGE_CURVE('',#2069,#2074,#2075,.T.);
#2077=ORIENTED_EDGE('',*,*,#2076,.T.);
#2078=CARTESIAN_POINT('',(-0.600000000000,2.341627286783,-0.720611996705));
#2079=VERTEX_POINT('',#2078);
#2080=CIRCLE('',#1749,2.450000000000);
#2081=EDGE_CURVE('',#2074,#2079,#2080,.T.);
#2082=ORIENTED_EDGE('',*,*,#2081,.T.);
#2083=CARTESIAN_POINT('',(-0.600000000000,2.388214714901,-0.546745347973));
#2084=VERTEX_POINT('',#2083);
#2085=CIRCLE('',#1749,2.450000000000);
#2086=EDGE_CURVE('',#2079,#2084,#2085,.T.);
#2087=ORIENTED_EDGE('',*,*,#2086,.T.);
#2088=CARTESIAN_POINT('',(-0.600000000000,2.415653080731,-0.408803367835));
#2089=VERTEX_POINT('',#2088);
#2090=CIRCLE('',#1749,2.450000000000);
#2091=EDGE_CURVE('',#2084,#2089,#2090,.T.);
#2092=ORIENTED_EDGE('',*,*,#2091,.T.);
#2093=CARTESIAN_POINT('',(-0.600000000000,2.439147795331,-0.230343292788));
#2094=VERTEX_POINT('',#2093);
#2095=CIRCLE('',#1749,2.450000000000);
#2096=EDGE_CURVE('',#2089,#2094,#2095,.T.);
#2097=ORIENTED_EDGE('',*,*,#2096,.T.);
#2098=CARTESIAN_POINT('',(-0.600000000000,2.448346380723,-0.090000000000));
#2099=VERTEX_POINT('',#2098);
#2100=CIRCLE('',#1749,2.450000000000);
#2101=EDGE_CURVE('',#2094,#2099,#2100,.T.);
#2102=ORIENTED_EDGE('',*,*,#2101,.T.);
#2103=CARTESIAN_POINT('',(-0.600000000000,2.448346380723,0.090000000000));
#2104=VERTEX_POINT('',#2103);
#2105=CIRCLE('',#1749,2.450000000000);
#2106=EDGE_CURVE('',#2099,#2104,#2105,.T.);
#2107=ORIENTED_EDGE('',*,*,#2106,.T.);
#2108=CARTESIAN_POINT('',(-0.600000000000,2.439147795331,0.230343292788));
#2109=VERTEX_POINT('',#2108);
#2110=CIRCLE('',#1749,2.450000000000);
#2111=EDGE_CURVE('',#2104,#2109,#2110,.T.);
#2112=ORIENTED_EDGE('',*,*,#2111,.T.);
#2113=CARTESIAN_POINT('',(-0.600000000000,2.415653080731,0.408803367835));
#2114=VERTEX_POINT('',#2113);
#2115=CIRCLE('',#1749,2.450000000000);
#2116=EDGE_CURVE('',#2109,#2114,#2115,.T.);
#2117=ORIENTED_EDGE('',*,*,#2116,.T.);
#2118=CARTESIAN_POINT('',(-0.600000000000,2.388214714901,0.546745347973));
#2119=VERTEX_POINT('',#2118);
#2120=CIRCLE('',#1749,2.450000000000);
#2121=EDGE_CURVE('',#2114,#2119,#2120,.T.);
#2122=ORIENTED_EDGE('',*,*,#2121,.T.);
#2123=CARTESIAN_POINT('',(-0.600000000000,2.341627286783,0.720611996705));
#2124=VERTEX_POINT('',#2123);
#2125=CIRCLE('',#1749,2.450000000000);
#2126=EDGE_CURVE('',#2119,#2124,#2125,.T.);
#2127=ORIENTED_EDGE('',*,*,#2126,.T.);
#2128=CARTESIAN_POINT('',(-0.600000000000,2.296418618561,0.853792438668));
#2129=VERTEX_POINT('',#2128);
#2130=CIRCLE('',#1749,2.450000000000);
#2131=EDGE_CURVE('',#2124,#2129,#2130,.T.);
#2132=ORIENTED_EDGE('',*,*,#2131,.T.);
#2133=CARTESIAN_POINT('',(-0.600000000000,2.227535600735,1.020090754520));
#2134=VERTEX_POINT('',#2133);
#2135=CIRCLE('',#1749,2.450000000000);
#2136=EDGE_CURVE('',#2129,#2134,#2135,.T.);
#2137=ORIENTED_EDGE('',*,*,#2136,.T.);
#2138=CARTESIAN_POINT('',(-0.600000000000,2.165330162970,1.146230904021));
#2139=VERTEX_POINT('',#2138);
#2140=CIRCLE('',#1749,2.450000000000);
#2141=EDGE_CURVE('',#2134,#2139,#2140,.T.);
#2142=ORIENTED_EDGE('',*,*,#2141,.T.);
#2143=CARTESIAN_POINT('',(-0.600000000000,2.075330162970,1.302115476702));
#2144=VERTEX_POINT('',#2143);
#2145=CIRCLE('',#1749,2.450000000000);
#2146=EDGE_CURVE('',#2139,#2144,#2145,.T.);
#2147=ORIENTED_EDGE('',*,*,#2146,.T.);
#2148=CARTESIAN_POINT('',(-0.600000000000,1.997192307947,1.419057040811));
#2149=VERTEX_POINT('',#2148);
#2150=CIRCLE('',#1749,2.450000000000);
#2151=EDGE_CURVE('',#2144,#2149,#2150,.T.);
#2152=ORIENTED_EDGE('',*,*,#2151,.T.);
#2153=CARTESIAN_POINT('',(-0.600000000000,1.887615250726,1.561860642064));
#2154=VERTEX_POINT('',#2153);
#2155=CIRCLE('',#1749,2.450000000000);
#2156=EDGE_CURVE('',#2149,#2154,#2155,.T.);
#2157=ORIENTED_EDGE('',*,*,#2156,.T.);
#2158=CARTESIAN_POINT('',(-0.600000000000,1.794881938810,1.667602718196));
#2159=VERTEX_POINT('',#2158);
#2160=CIRCLE('',#1749,2.450000000000);
#2161=EDGE_CURVE('',#2154,#2159,#2160,.T.);
#2162=ORIENTED_EDGE('',*,*,#2161,.T.);
#2163=CARTESIAN_POINT('',(-0.600000000000,1.667602718196,1.794881938810));
#2164=VERTEX_POINT('',#2163);
#2165=CIRCLE('',#1749,2.450000000000);
#2166=EDGE_CURVE('',#2159,#2164,#2165,.T.);
#2167=ORIENTED_EDGE('',*,*,#2166,.T.);
#2168=CARTESIAN_POINT('',(-0.600000000000,1.561860642064,1.887615250726));
#2169=VERTEX_POINT('',#2168);
#2170=CIRCLE('',#1749,2.450000000000);
#2171=EDGE_CURVE('',#2164,#2169,#2170,.T.);
#2172=ORIENTED_EDGE('',*,*,#2171,.T.);
#2173=CARTESIAN_POINT('',(-0.600000000000,1.419057040811,1.997192307947));
#2174=VERTEX_POINT('',#2173);
#2175=CIRCLE('',#1749,2.450000000000);
#2176=EDGE_CURVE('',#2169,#2174,#2175,.T.);
#2177=ORIENTED_EDGE('',*,*,#2176,.T.);
#2178=CARTESIAN_POINT('',(-0.600000000000,1.302115476702,2.075330162970));
#2179=VERTEX_POINT('',#2178);
#2180=CIRCLE('',#1749,2.450000000000);
#2181=EDGE_CURVE('',#2174,#2179,#2180,.T.);
#2182=ORIENTED_EDGE('',*,*,#2181,.T.);
#2183=CARTESIAN_POINT('',(-0.600000000000,1.146230904021,2.165330162970));
#2184=VERTEX_POINT('',#2183);
#2185=CIRCLE('',#1749,2.450000000000);
#2186=EDGE_CURVE('',#2179,#2184,#2185,.T.);
#2187=ORIENTED_EDGE('',*,*,#2186,.T.);
#2188=CARTESIAN_POINT('',(-0.600000000000,1.020090754520,2.227535600735));
#2189=VERTEX_POINT('',#2188);
#2190=CIRCLE('',#1749,2.450000000000);
#2191=EDGE_CURVE('',#2184,#2189,#2190,.T.);
#2192=ORIENTED_EDGE('',*,*,#2191,.T.);
#2193=CARTESIAN_POINT('',(-0.600000000000,0.853792438668,2.296418618561));
#2194=VERTEX_POINT('',#2193);
#2195=CIRCLE('',#1749,2.450000000000);
#2196=EDGE_CURVE('',#2189,#2194,#2195,.T.);
#2197=ORIENTED_EDGE('',*,*,#2196,.T.);
#2198=CARTESIAN_POINT('',(-0.600000000000,0.720611996705,2.341627286783));
#2199=VERTEX_POINT('',#2198);
#2200=CIRCLE('',#1749,2.450000000000);
#2201=EDGE_CURVE('',#2194,#2199,#2200,.T.);
#2202=ORIENTED_EDGE('',*,*,#2201,.T.);
#2203=CARTESIAN_POINT('',(-0.600000000000,0.546745347973,2.388214714901));
#2204=VERTEX_POINT('',#2203);
#2205=CIRCLE('',#1749,2.450000000000);
#2206=EDGE_CURVE('',#2199,#2204,#2205,.T.);
#2207=ORIENTED_EDGE('',*,*,#2206,.T.);
#2208=CARTESIAN_POINT('',(-0.600000000000,0.408803367835,2.415653080731));
#2209=VERTEX_POINT('',#2208);
#2210=CIRCLE('',#1749,2.450000000000);
#2211=EDGE_CURVE('',#2204,#2209,#2210,.T.);
#2212=ORIENTED_EDGE('',*,*,#2211,.T.);
#2213=CARTESIAN_POINT('',(-0.600000000000,0.230343292788,2.439147795331));
#2214=VERTEX_POINT('',#2213);
#2215=CIRCLE('',#1749,2.450000000000);
#2216=EDGE_CURVE('',#2209,#2214,#2215,.T.);
#2217=ORIENTED_EDGE('',*,*,#2216,.T.);
#2218=CARTESIAN_POINT('',(-0.600000000000,0.090000000000,2.448346380723));
#2219=VERTEX_POINT('',#2218);
#2220=CIRCLE('',#1749,2.450000000000);
#2221=EDGE_CURVE('',#2214,#2219,#2220,.T.);
#2222=ORIENTED_EDGE('',*,*,#2221,.T.);
#2223=CIRCLE('',#1749,2.450000000000);
#2224=EDGE_CURVE('',#2219,#1746,#2223,.T.);
#2225=ORIENTED_EDGE('',*,*,#2224,.T.);
#2226=EDGE_LOOP('',(#1752,#1757,#1762,#1767,#1772,#1777,#1782,#1787,#1792,#1797,#1802,#1807,#1812,#1817,#1822,#1827,#1832,#1837,#1842,#1847,#1852,#1857,#1862,#1867,#1872,#1877,#1882,#1887,#1892,#1897,#1902,#1907,#1912,#1917,#1922,#1927,#1932,#1937,#1942,#1947,#1952,#1957,#1962,#1967,#1972,#1977,#1982,#1987,#1992,#1997,#2002,#2007,#2012,#2017,#2022,#2027,#2032,#2037,#2042,#2047,#2052,#2057,#2062,#2067,#2072,#2077,#2082,#2087,#2092,#2097,#2102,#2107,#2112,#2117,#2122,#2127,#2132,#2137,#2142,#2147,#2152,#2157,#2162,#2167,#2172,#2177,#2182,#2187,#2192,#2197,#2202,#2207,#2212,#2217,#2222,#2225));
#2227=ORIENTED_EDGE('',*,*,#35,.F.);
#2228=ORIENTED_EDGE('',*,*,#132,.F.);
#2229=CARTESIAN_POINT('',(-0.600000000000,2.161988898930,1.352147921236));
#2230=VERTEX_POINT('',#2229);
#2231=CIRCLE('',#1749,2.550000000000);
#2232=EDGE_CURVE('',#2230,#126,#2231,.T.);
#2233=ORIENTED_EDGE('',*,*,#2232,.F.);
#2234=CARTESIAN_POINT('',(-0.600000000000,2.293268590218,1.427942286341));
#2235=VERTEX_POINT('',#2234);
#2236=CARTESIAN_POINT('',(-0.600000000000,-0.045000000000,0.077942286341));
#2237=LINE('',#2236,#1238);
#2238=EDGE_CURVE('',#2230,#2235,#2237,.T.);
#2239=ORIENTED_EDGE('',*,*,#2238,.T.);
#2240=CARTESIAN_POINT('',(-0.600000000000,2.383268590218,1.272057713659));
#2241=VERTEX_POINT('',#2240);
#2242=CARTESIAN_POINT('',(-0.600000000000,2.338268590218,1.350000000000));
#2243=LINE('',#2242,#940);
#2244=EDGE_CURVE('',#2235,#2241,#2243,.T.);
#2245=ORIENTED_EDGE('',*,*,#2244,.T.);
#2246=CARTESIAN_POINT('',(-0.600000000000,2.251988898930,1.196263348555));
#2247=VERTEX_POINT('',#2246);
#2248=CARTESIAN_POINT('',(-0.600000000000,0.045000000000,-0.077942286341));
#2249=LINE('',#2248,#932);
#2250=EDGE_CURVE('',#2241,#2247,#2249,.T.);
#2251=ORIENTED_EDGE('',*,*,#2250,.T.);
#2252=CARTESIAN_POINT('',(-0.600000000000,2.319983503669,1.058383929728));
#2253=VERTEX_POINT('',#2252);
#2254=CIRCLE('',#1749,2.550000000000);
#2255=EDGE_CURVE('',#2253,#2247,#2254,.T.);
#2256=ORIENTED_EDGE('',*,*,#2255,.F.);
#2257=CARTESIAN_POINT('',(-0.600000000000,2.460033228868,1.116394425312));
#2258=VERTEX_POINT('',#2257);
#2259=CARTESIAN_POINT('',(-0.600000000000,-0.034441508913,0.083149157926));
#2260=LINE('',#2259,#1213);
#2261=EDGE_CURVE('',#2253,#2258,#2260,.T.);
#2262=ORIENTED_EDGE('',*,*,#2261,.T.);
#2263=CARTESIAN_POINT('',(-0.600000000000,2.528916246693,0.950096109460));
#2264=VERTEX_POINT('',#2263);
#2265=CARTESIAN_POINT('',(-0.600000000000,2.494474737780,1.033245267386));
#2266=LINE('',#2265,#911);
#2267=EDGE_CURVE('',#2258,#2264,#2266,.T.);
#2268=ORIENTED_EDGE('',*,*,#2267,.T.);
#2269=CARTESIAN_POINT('',(-0.600000000000,2.388866521494,0.892085613876));
#2270=VERTEX_POINT('',#2269);
#2271=CARTESIAN_POINT('',(-0.600000000000,0.034441508913,-0.083149157926));
#2272=LINE('',#2271,#903);
#2273=EDGE_CURVE('',#2264,#2270,#2272,.T.);
#2274=ORIENTED_EDGE('',*,*,#2273,.T.);
#2275=CARTESIAN_POINT('',(-0.600000000000,2.438282547438,0.746510695742));
#2276=VERTEX_POINT('',#2275);
#2277=CIRCLE('',#1749,2.550000000000);
#2278=EDGE_CURVE('',#2276,#2270,#2277,.T.);
#2279=ORIENTED_EDGE('',*,*,#2278,.F.);
#2280=CARTESIAN_POINT('',(-0.600000000000,2.584706016921,0.785744746143));
#2281=VERTEX_POINT('',#2280);
#2282=CARTESIAN_POINT('',(-0.600000000000,-0.023293714059,0.086933324366));
#2283=LINE('',#2282,#1188);
#2284=EDGE_CURVE('',#2276,#2281,#2283,.T.);
#2285=ORIENTED_EDGE('',*,*,#2284,.T.);
#2286=CARTESIAN_POINT('',(-0.600000000000,2.631293445040,0.611878097411));
#2287=VERTEX_POINT('',#2286);
#2288=CARTESIAN_POINT('',(-0.600000000000,2.607999730980,0.698811421777));
#2289=LINE('',#2288,#882);
#2290=EDGE_CURVE('',#2281,#2287,#2289,.T.);
#2291=ORIENTED_EDGE('',*,*,#2290,.T.);
#2292=CARTESIAN_POINT('',(-0.600000000000,2.484869975557,0.572644047010));
#2293=VERTEX_POINT('',#2292);
#2294=CARTESIAN_POINT('',(-0.600000000000,0.023293714059,-0.086933324366));
#2295=LINE('',#2294,#874);
#2296=EDGE_CURVE('',#2287,#2293,#2295,.T.);
#2297=ORIENTED_EDGE('',*,*,#2296,.T.);
#2298=CARTESIAN_POINT('',(-0.600000000000,2.514861900802,0.421864456780));
#2299=VERTEX_POINT('',#2298);
#2300=CIRCLE('',#1749,2.550000000000);
#2301=EDGE_CURVE('',#2299,#2293,#2300,.T.);
#2302=ORIENTED_EDGE('',*,*,#2301,.F.);
#2303=CARTESIAN_POINT('',(-0.600000000000,2.665153768409,0.441650756518));
#2304=VERTEX_POINT('',#2303);
#2305=CARTESIAN_POINT('',(-0.600000000000,-0.011747357300,0.089230037524));
#2306=LINE('',#2305,#1163);
#2307=EDGE_CURVE('',#2299,#2304,#2306,.T.);
#2308=ORIENTED_EDGE('',*,*,#2307,.T.);
#2309=CARTESIAN_POINT('',(-0.600000000000,2.688648483009,0.263190681470));
#2310=VERTEX_POINT('',#2309);
#2311=CARTESIAN_POINT('',(-0.600000000000,2.676901125709,0.352420718994));
#2312=LINE('',#2311,#853);
#2313=EDGE_CURVE('',#2304,#2310,#2312,.T.);
#2314=ORIENTED_EDGE('',*,*,#2313,.T.);
#2315=CARTESIAN_POINT('',(-0.600000000000,2.538356615402,0.243404381733));
#2316=VERTEX_POINT('',#2315);
#2317=CARTESIAN_POINT('',(-0.600000000000,0.011747357300,-0.089230037524));
#2318=LINE('',#2317,#845);
#2319=EDGE_CURVE('',#2310,#2316,#2318,.T.);
#2320=ORIENTED_EDGE('',*,*,#2319,.T.);
#2321=CARTESIAN_POINT('',(-0.600000000000,2.548411269791,0.090000000000));
#2322=VERTEX_POINT('',#2321);
#2323=CIRCLE('',#1749,2.550000000000);
#2324=EDGE_CURVE('',#2322,#2316,#2323,.T.);
#2325=ORIENTED_EDGE('',*,*,#2324,.F.);
#2326=CARTESIAN_POINT('',(-0.600000000000,2.700000000000,0.090000000000));
#2327=VERTEX_POINT('',#2326);
#2328=CARTESIAN_POINT('',(-0.600000000000,0.000000000000,0.090000000000));
#2329=LINE('',#2328,#1138);
#2330=EDGE_CURVE('',#2322,#2327,#2329,.T.);
#2331=ORIENTED_EDGE('',*,*,#2330,.T.);
#2332=CARTESIAN_POINT('',(-0.600000000000,2.700000000000,-0.090000000000));
#2333=VERTEX_POINT('',#2332);
#2334=CARTESIAN_POINT('',(-0.600000000000,2.700000000000,0.000000000000));
#2335=LINE('',#2334,#824);
#2336=EDGE_CURVE('',#2327,#2333,#2335,.T.);
#2337=ORIENTED_EDGE('',*,*,#2336,.T.);
#2338=CARTESIAN_POINT('',(-0.600000000000,2.548411269791,-0.090000000000));
#2339=VERTEX_POINT('',#2338);
#2340=CARTESIAN_POINT('',(-0.600000000000,0.000000000000,-0.090000000000));
#2341=LINE('',#2340,#816);
#2342=EDGE_CURVE('',#2333,#2339,#2341,.T.);
#2343=ORIENTED_EDGE('',*,*,#2342,.T.);
#2344=CARTESIAN_POINT('',(-0.600000000000,2.538356615402,-0.243404381733));
#2345=VERTEX_POINT('',#2344);
#2346=CIRCLE('',#1749,2.550000000000);
#2347=EDGE_CURVE('',#2345,#2339,#2346,.T.);
#2348=ORIENTED_EDGE('',*,*,#2347,.F.);
#2349=CARTESIAN_POINT('',(-0.600000000000,2.688648483009,-0.263190681470));
#2350=VERTEX_POINT('',#2349);
#2351=CARTESIAN_POINT('',(-0.600000000000,0.011747357300,0.089230037524));
#2352=LINE('',#2351,#1113);
#2353=EDGE_CURVE('',#2345,#2350,#2352,.T.);
#2354=ORIENTED_EDGE('',*,*,#2353,.T.);
#2355=CARTESIAN_POINT('',(-0.600000000000,2.665153768409,-0.441650756518));
#2356=VERTEX_POINT('',#2355);
#2357=CARTESIAN_POINT('',(-0.600000000000,2.676901125709,-0.352420718994));
#2358=LINE('',#2357,#796);
#2359=EDGE_CURVE('',#2350,#2356,#2358,.T.);
#2360=ORIENTED_EDGE('',*,*,#2359,.T.);
#2361=CARTESIAN_POINT('',(-0.600000000000,2.514861900802,-0.421864456780));
#2362=VERTEX_POINT('',#2361);
#2363=CARTESIAN_POINT('',(-0.600000000000,-0.011747357300,-0.089230037524));
#2364=LINE('',#2363,#788);
#2365=EDGE_CURVE('',#2356,#2362,#2364,.T.);
#2366=ORIENTED_EDGE('',*,*,#2365,.T.);
#2367=CARTESIAN_POINT('',(-0.600000000000,2.484869975557,-0.572644047010));
#2368=VERTEX_POINT('',#2367);
#2369=CIRCLE('',#1749,2.550000000000);
#2370=EDGE_CURVE('',#2368,#2362,#2369,.T.);
#2371=ORIENTED_EDGE('',*,*,#2370,.F.);
#2372=CARTESIAN_POINT('',(-0.600000000000,2.631293445040,-0.611878097411));
#2373=VERTEX_POINT('',#2372);
#2374=CARTESIAN_POINT('',(-0.600000000000,0.023293714059,0.086933324366));
#2375=LINE('',#2374,#1088);
#2376=EDGE_CURVE('',#2368,#2373,#2375,.T.);
#2377=ORIENTED_EDGE('',*,*,#2376,.T.);
#2378=CARTESIAN_POINT('',(-0.600000000000,2.584706016921,-0.785744746143));
#2379=VERTEX_POINT('',#2378);
#2380=CARTESIAN_POINT('',(-0.600000000000,2.607999730980,-0.698811421777));
#2381=LINE('',#2380,#767);
#2382=EDGE_CURVE('',#2373,#2379,#2381,.T.);
#2383=ORIENTED_EDGE('',*,*,#2382,.T.);
#2384=CARTESIAN_POINT('',(-0.600000000000,2.438282547438,-0.746510695742));
#2385=VERTEX_POINT('',#2384);
#2386=CARTESIAN_POINT('',(-0.600000000000,-0.023293714059,-0.086933324366));
#2387=LINE('',#2386,#759);
#2388=EDGE_CURVE('',#2379,#2385,#2387,.T.);
#2389=ORIENTED_EDGE('',*,*,#2388,.T.);
#2390=CARTESIAN_POINT('',(-0.600000000000,2.388866521494,-0.892085613876));
#2391=VERTEX_POINT('',#2390);
#2392=CIRCLE('',#1749,2.550000000000);
#2393=EDGE_CURVE('',#2391,#2385,#2392,.T.);
#2394=ORIENTED_EDGE('',*,*,#2393,.F.);
#2395=CARTESIAN_POINT('',(-0.600000000000,2.528916246693,-0.950096109460));
#2396=VERTEX_POINT('',#2395);
#2397=CARTESIAN_POINT('',(-0.600000000000,0.034441508913,0.083149157926));
#2398=LINE('',#2397,#1063);
#2399=EDGE_CURVE('',#2391,#2396,#2398,.T.);
#2400=ORIENTED_EDGE('',*,*,#2399,.T.);
#2401=CARTESIAN_POINT('',(-0.600000000000,2.460033228868,-1.116394425312));
#2402=VERTEX_POINT('',#2401);
#2403=CARTESIAN_POINT('',(-0.600000000000,2.494474737780,-1.033245267386));
#2404=LINE('',#2403,#738);
#2405=EDGE_CURVE('',#2396,#2402,#2404,.T.);
#2406=ORIENTED_EDGE('',*,*,#2405,.T.);
#2407=CARTESIAN_POINT('',(-0.600000000000,2.319983503669,-1.058383929728));
#2408=VERTEX_POINT('',#2407);
#2409=CARTESIAN_POINT('',(-0.600000000000,-0.034441508913,-0.083149157926));
#2410=LINE('',#2409,#730);
#2411=EDGE_CURVE('',#2402,#2408,#2410,.T.);
#2412=ORIENTED_EDGE('',*,*,#2411,.T.);
#2413=CARTESIAN_POINT('',(-0.600000000000,2.251988898930,-1.196263348555));
#2414=VERTEX_POINT('',#2413);
#2415=CIRCLE('',#1749,2.550000000000);
#2416=EDGE_CURVE('',#2414,#2408,#2415,.T.);
#2417=ORIENTED_EDGE('',*,*,#2416,.F.);
#2418=CARTESIAN_POINT('',(-0.600000000000,2.383268590218,-1.272057713659));
#2419=VERTEX_POINT('',#2418);
#2420=CARTESIAN_POINT('',(-0.600000000000,0.045000000000,0.077942286341));
#2421=LINE('',#2420,#1038);
#2422=EDGE_CURVE('',#2414,#2419,#2421,.T.);
#2423=ORIENTED_EDGE('',*,*,#2422,.T.);
#2424=CARTESIAN_POINT('',(-0.600000000000,2.293268590218,-1.427942286341));
#2425=VERTEX_POINT('',#2424);
#2426=CARTESIAN_POINT('',(-0.600000000000,2.338268590218,-1.350000000000));
#2427=LINE('',#2426,#709);
#2428=EDGE_CURVE('',#2419,#2425,#2427,.T.);
#2429=ORIENTED_EDGE('',*,*,#2428,.T.);
#2430=CARTESIAN_POINT('',(-0.600000000000,2.161988898930,-1.352147921236));
#2431=VERTEX_POINT('',#2430);
#2432=CARTESIAN_POINT('',(-0.600000000000,-0.045000000000,-0.077942286341));
#2433=LINE('',#2432,#701);
#2434=EDGE_CURVE('',#2425,#2431,#2433,.T.);
#2435=ORIENTED_EDGE('',*,*,#2434,.T.);
#2436=CARTESIAN_POINT('',(-0.600000000000,2.076579121936,-1.479972685674));
#2437=VERTEX_POINT('',#2436);
#2438=CIRCLE('',#1749,2.550000000000);
#2439=EDGE_CURVE('',#2437,#2431,#2438,.T.);
#2440=ORIENTED_EDGE('',*,*,#2439,.F.);
#2441=CARTESIAN_POINT('',(-0.600000000000,2.196842547397,-1.572254057697));
#2442=VERTEX_POINT('',#2441);
#2443=CARTESIAN_POINT('',(-0.600000000000,0.054788528611,0.071401800626));
#2444=LINE('',#2443,#1013);
#2445=EDGE_CURVE('',#2437,#2442,#2444,.T.);
#2446=ORIENTED_EDGE('',*,*,#2445,.T.);
#2447=CARTESIAN_POINT('',(-0.600000000000,2.087265490176,-1.715057658950));
#2448=VERTEX_POINT('',#2447);
#2449=CARTESIAN_POINT('',(-0.600000000000,2.142054018786,-1.643655858324));
#2450=LINE('',#2449,#680);
#2451=EDGE_CURVE('',#2442,#2448,#2450,.T.);
#2452=ORIENTED_EDGE('',*,*,#2451,.T.);
#2453=CARTESIAN_POINT('',(-0.600000000000,1.967002064714,-1.622776286926));
#2454=VERTEX_POINT('',#2453);
#2455=CARTESIAN_POINT('',(-0.600000000000,-0.054788528611,-0.071401800626));
#2456=LINE('',#2455,#672);
#2457=EDGE_CURVE('',#2448,#2454,#2456,.T.);
#2458=ORIENTED_EDGE('',*,*,#2457,.T.);
#2459=CARTESIAN_POINT('',(-0.600000000000,1.865638500429,-1.738359279815));
#2460=VERTEX_POINT('',#2459);
#2461=CIRCLE('',#1749,2.550000000000);
#2462=EDGE_CURVE('',#2460,#2454,#2461,.T.);
#2463=ORIENTED_EDGE('',*,*,#2462,.F.);
#2464=CARTESIAN_POINT('',(-0.600000000000,1.972827919510,-1.845548698897));
#2465=VERTEX_POINT('',#2464);
#2466=CARTESIAN_POINT('',(-0.600000000000,0.063639610307,0.063639610307));
#2467=LINE('',#2466,#988);
#2468=EDGE_CURVE('',#2460,#2465,#2467,.T.);
#2469=ORIENTED_EDGE('',*,*,#2468,.T.);
#2470=CARTESIAN_POINT('',(-0.600000000000,1.845548698897,-1.972827919510));
#2471=VERTEX_POINT('',#2470);
#2472=CARTESIAN_POINT('',(-0.600000000000,1.909188309204,-1.909188309204));
#2473=LINE('',#2472,#651);
#2474=EDGE_CURVE('',#2465,#2471,#2473,.T.);
#2475=ORIENTED_EDGE('',*,*,#2474,.T.);
#2476=CARTESIAN_POINT('',(-0.600000000000,1.738359279815,-1.865638500429));
#2477=VERTEX_POINT('',#2476);
#2478=CARTESIAN_POINT('',(-0.600000000000,-0.063639610307,-0.063639610307));
#2479=LINE('',#2478,#643);
#2480=EDGE_CURVE('',#2471,#2477,#2479,.T.);
#2481=ORIENTED_EDGE('',*,*,#2480,.T.);
#2482=CARTESIAN_POINT('',(-0.600000000000,1.622776286926,-1.967002064714));
#2483=VERTEX_POINT('',#2482);
#2484=CIRCLE('',#1749,2.550000000000);
#2485=EDGE_CURVE('',#2483,#2477,#2484,.T.);
#2486=ORIENTED_EDGE('',*,*,#2485,.F.);
#2487=CARTESIAN_POINT('',(-0.600000000000,1.715057658950,-2.087265490176));
#2488=VERTEX_POINT('',#2487);
#2489=CARTESIAN_POINT('',(-0.600000000000,0.071401800626,0.054788528611));
#2490=LINE('',#2489,#19);
#2491=EDGE_CURVE('',#2483,#2488,#2490,.T.);
#2492=ORIENTED_EDGE('',*,*,#2491,.T.);
#2493=CARTESIAN_POINT('',(-0.600000000000,1.572254057697,-2.196842547397));
#2494=VERTEX_POINT('',#2493);
#2495=CARTESIAN_POINT('',(-0.600000000000,1.643655858324,-2.142054018786));
#2496=LINE('',#2495,#62);
#2497=EDGE_CURVE('',#2488,#2494,#2496,.T.);
#2498=ORIENTED_EDGE('',*,*,#2497,.T.);
#2499=CARTESIAN_POINT('',(-0.600000000000,1.479972685674,-2.076579121936));
#2500=VERTEX_POINT('',#2499);
#2501=CARTESIAN_POINT('',(-0.600000000000,-0.071401800626,-0.054788528611));
#2502=LINE('',#2501,#33);
#2503=EDGE_CURVE('',#2494,#2500,#2502,.T.);
#2504=ORIENTED_EDGE('',*,*,#2503,.T.);
#2505=CARTESIAN_POINT('',(-0.600000000000,1.352147921236,-2.161988898930));
#2506=VERTEX_POINT('',#2505);
#2507=CIRCLE('',#1749,2.550000000000);
#2508=EDGE_CURVE('',#2506,#2500,#2507,.T.);
#2509=ORIENTED_EDGE('',*,*,#2508,.F.);
#2510=CARTESIAN_POINT('',(-0.600000000000,1.427942286341,-2.293268590218));
#2511=VERTEX_POINT('',#2510);
#2512=CARTESIAN_POINT('',(-0.600000000000,0.077942286341,0.045000000000));
#2513=LINE('',#2512,#940);
#2514=EDGE_CURVE('',#2506,#2511,#2513,.T.);
#2515=ORIENTED_EDGE('',*,*,#2514,.T.);
#2516=CARTESIAN_POINT('',(-0.600000000000,1.272057713659,-2.383268590218));
#2517=VERTEX_POINT('',#2516);
#2518=CARTESIAN_POINT('',(-0.600000000000,1.350000000000,-2.338268590218));
#2519=LINE('',#2518,#932);
#2520=EDGE_CURVE('',#2511,#2517,#2519,.T.);
#2521=ORIENTED_EDGE('',*,*,#2520,.T.);
#2522=CARTESIAN_POINT('',(-0.600000000000,1.196263348555,-2.251988898930));
#2523=VERTEX_POINT('',#2522);
#2524=CARTESIAN_POINT('',(-0.600000000000,-0.077942286341,-0.045000000000));
#2525=LINE('',#2524,#924);
#2526=EDGE_CURVE('',#2517,#2523,#2525,.T.);
#2527=ORIENTED_EDGE('',*,*,#2526,.T.);
#2528=CARTESIAN_POINT('',(-0.600000000000,1.058383929728,-2.319983503669));
#2529=VERTEX_POINT('',#2528);
#2530=CIRCLE('',#1749,2.550000000000);
#2531=EDGE_CURVE('',#2529,#2523,#2530,.T.);
#2532=ORIENTED_EDGE('',*,*,#2531,.F.);
#2533=CARTESIAN_POINT('',(-0.600000000000,1.116394425312,-2.460033228868));
#2534=VERTEX_POINT('',#2533);
#2535=CARTESIAN_POINT('',(-0.600000000000,0.083149157926,0.034441508913));
#2536=LINE('',#2535,#911);
#2537=EDGE_CURVE('',#2529,#2534,#2536,.T.);
#2538=ORIENTED_EDGE('',*,*,#2537,.T.);
#2539=CARTESIAN_POINT('',(-0.600000000000,0.950096109460,-2.528916246693));
#2540=VERTEX_POINT('',#2539);
#2541=CARTESIAN_POINT('',(-0.600000000000,1.033245267386,-2.494474737780));
#2542=LINE('',#2541,#903);
#2543=EDGE_CURVE('',#2534,#2540,#2542,.T.);
#2544=ORIENTED_EDGE('',*,*,#2543,.T.);
#2545=CARTESIAN_POINT('',(-0.600000000000,0.892085613876,-2.388866521494));
#2546=VERTEX_POINT('',#2545);
#2547=CARTESIAN_POINT('',(-0.600000000000,-0.083149157926,-0.034441508913));
#2548=LINE('',#2547,#895);
#2549=EDGE_CURVE('',#2540,#2546,#2548,.T.);
#2550=ORIENTED_EDGE('',*,*,#2549,.T.);
#2551=CARTESIAN_POINT('',(-0.600000000000,0.746510695742,-2.438282547438));
#2552=VERTEX_POINT('',#2551);
#2553=CIRCLE('',#1749,2.550000000000);
#2554=EDGE_CURVE('',#2552,#2546,#2553,.T.);
#2555=ORIENTED_EDGE('',*,*,#2554,.F.);
#2556=CARTESIAN_POINT('',(-0.600000000000,0.785744746143,-2.584706016921));
#2557=VERTEX_POINT('',#2556);
#2558=CARTESIAN_POINT('',(-0.600000000000,0.086933324366,0.023293714059));
#2559=LINE('',#2558,#882);
#2560=EDGE_CURVE('',#2552,#2557,#2559,.T.);
#2561=ORIENTED_EDGE('',*,*,#2560,.T.);
#2562=CARTESIAN_POINT('',(-0.600000000000,0.611878097411,-2.631293445040));
#2563=VERTEX_POINT('',#2562);
#2564=CARTESIAN_POINT('',(-0.600000000000,0.698811421777,-2.607999730980));
#2565=LINE('',#2564,#874);
#2566=EDGE_CURVE('',#2557,#2563,#2565,.T.);
#2567=ORIENTED_EDGE('',*,*,#2566,.T.);
#2568=CARTESIAN_POINT('',(-0.600000000000,0.572644047010,-2.484869975557));
#2569=VERTEX_POINT('',#2568);
#2570=CARTESIAN_POINT('',(-0.600000000000,-0.086933324366,-0.023293714059));
#2571=LINE('',#2570,#866);
#2572=EDGE_CURVE('',#2563,#2569,#2571,.T.);
#2573=ORIENTED_EDGE('',*,*,#2572,.T.);
#2574=CARTESIAN_POINT('',(-0.600000000000,0.421864456780,-2.514861900802));
#2575=VERTEX_POINT('',#2574);
#2576=CIRCLE('',#1749,2.550000000000);
#2577=EDGE_CURVE('',#2575,#2569,#2576,.T.);
#2578=ORIENTED_EDGE('',*,*,#2577,.F.);
#2579=CARTESIAN_POINT('',(-0.600000000000,0.441650756518,-2.665153768409));
#2580=VERTEX_POINT('',#2579);
#2581=CARTESIAN_POINT('',(-0.600000000000,0.089230037524,0.011747357300));
#2582=LINE('',#2581,#853);
#2583=EDGE_CURVE('',#2575,#2580,#2582,.T.);
#2584=ORIENTED_EDGE('',*,*,#2583,.T.);
#2585=CARTESIAN_POINT('',(-0.600000000000,0.263190681470,-2.688648483009));
#2586=VERTEX_POINT('',#2585);
#2587=CARTESIAN_POINT('',(-0.600000000000,0.352420718994,-2.676901125709));
#2588=LINE('',#2587,#845);
#2589=EDGE_CURVE('',#2580,#2586,#2588,.T.);
#2590=ORIENTED_EDGE('',*,*,#2589,.T.);
#2591=CARTESIAN_POINT('',(-0.600000000000,0.243404381733,-2.538356615402));
#2592=VERTEX_POINT('',#2591);
#2593=CARTESIAN_POINT('',(-0.600000000000,-0.089230037524,-0.011747357300));
#2594=LINE('',#2593,#837);
#2595=EDGE_CURVE('',#2586,#2592,#2594,.T.);
#2596=ORIENTED_EDGE('',*,*,#2595,.T.);
#2597=CARTESIAN_POINT('',(-0.600000000000,0.090000000000,-2.548411269791));
#2598=VERTEX_POINT('',#2597);
#2599=CIRCLE('',#1749,2.550000000000);
#2600=EDGE_CURVE('',#2598,#2592,#2599,.T.);
#2601=ORIENTED_EDGE('',*,*,#2600,.F.);
#2602=CARTESIAN_POINT('',(-0.600000000000,0.090000000000,-2.700000000000));
#2603=VERTEX_POINT('',#2602);
#2604=CARTESIAN_POINT('',(-0.600000000000,0.090000000000,0.000000000000));
#2605=LINE('',#2604,#824);
#2606=EDGE_CURVE('',#2598,#2603,#2605,.T.);
#2607=ORIENTED_EDGE('',*,*,#2606,.T.);
#2608=CARTESIAN_POINT('',(-0.600000000000,-0.090000000000,-2.700000000000));
#2609=VERTEX_POINT('',#2608);
#2610=CARTESIAN_POINT('',(-0.600000000000,0.000000000000,-2.700000000000));
#2611=LINE('',#2610,#816);
#2612=EDGE_CURVE('',#2603,#2609,#2611,.T.);
#2613=ORIENTED_EDGE('',*,*,#2612,.T.);
#2614=CARTESIAN_POINT('',(-0.600000000000,-0.090000000000,-2.548411269791));
#2615=VERTEX_POINT('',#2614);
#2616=CARTESIAN_POINT('',(-0.600000000000,-0.090000000000,0.000000000000));
#2617=LINE('',#2616,#808);
#2618=EDGE_CURVE('',#2609,#2615,#2617,.T.);
#2619=ORIENTED_EDGE('',*,*,#2618,.T.);
#2620=CARTESIAN_POINT('',(-0.600000000000,-0.243404381733,-2.538356615402));
#2621=VERTEX_POINT('',#2620);
#2622=CIRCLE('',#1749,2.550000000000);
#2623=EDGE_CURVE('',#2621,#2615,#2622,.T.);
#2624=ORIENTED_EDGE('',*,*,#2623,.F.);
#2625=CARTESIAN_POINT('',(-0.600000000000,-0.263190681470,-2.688648483009));
#2626=VERTEX_POINT('',#2625);
#2627=CARTESIAN_POINT('',(-0.600000000000,0.089230037524,-0.011747357300));
#2628=LINE('',#2627,#796);
#2629=EDGE_CURVE('',#2621,#2626,#2628,.T.);
#2630=ORIENTED_EDGE('',*,*,#2629,.T.);
#2631=CARTESIAN_POINT('',(-0.600000000000,-0.441650756518,-2.665153768409));
#2632=VERTEX_POINT('',#2631);
#2633=CARTESIAN_POINT('',(-0.600000000000,-0.352420718994,-2.676901125709));
#2634=LINE('',#2633,#788);
#2635=EDGE_CURVE('',#2626,#2632,#2634,.T.);
#2636=ORIENTED_EDGE('',*,*,#2635,.T.);
#2637=CARTESIAN_POINT('',(-0.600000000000,-0.421864456780,-2.514861900802));
#2638=VERTEX_POINT('',#2637);
#2639=CARTESIAN_POINT('',(-0.600000000000,-0.089230037524,0.011747357300));
#2640=LINE('',#2639,#780);
#2641=EDGE_CURVE('',#2632,#2638,#2640,.T.);
#2642=ORIENTED_EDGE('',*,*,#2641,.T.);
#2643=CARTESIAN_POINT('',(-0.600000000000,-0.572644047010,-2.484869975557));
#2644=VERTEX_POINT('',#2643);
#2645=CIRCLE('',#1749,2.550000000000);
#2646=EDGE_CURVE('',#2644,#2638,#2645,.T.);
#2647=ORIENTED_EDGE('',*,*,#2646,.F.);
#2648=CARTESIAN_POINT('',(-0.600000000000,-0.611878097411,-2.631293445040));
#2649=VERTEX_POINT('',#2648);
#2650=CARTESIAN_POINT('',(-0.600000000000,0.086933324366,-0.023293714059));
#2651=LINE('',#2650,#767);
#2652=EDGE_CURVE('',#2644,#2649,#2651,.T.);
#2653=ORIENTED_EDGE('',*,*,#2652,.T.);
#2654=CARTESIAN_POINT('',(-0.600000000000,-0.785744746143,-2.584706016921));
#2655=VERTEX_POINT('',#2654);
#2656=CARTESIAN_POINT('',(-0.600000000000,-0.698811421777,-2.607999730980));
#2657=LINE('',#2656,#759);
#2658=EDGE_CURVE('',#2649,#2655,#2657,.T.);
#2659=ORIENTED_EDGE('',*,*,#2658,.T.);
#2660=CARTESIAN_POINT('',(-0.600000000000,-0.746510695742,-2.438282547438));
#2661=VERTEX_POINT('',#2660);
#2662=CARTESIAN_POINT('',(-0.600000000000,-0.086933324366,0.023293714059));
#2663=LINE('',#2662,#751);
#2664=EDGE_CURVE('',#2655,#2661,#2663,.T.);
#2665=ORIENTED_EDGE('',*,*,#2664,.T.);
#2666=CARTESIAN_POINT('',(-0.600000000000,-0.892085613876,-2.388866521494));
#2667=VERTEX_POINT('',#2666);
#2668=CIRCLE('',#1749,2.550000000000);
#2669=EDGE_CURVE('',#2667,#2661,#2668,.T.);
#2670=ORIENTED_EDGE('',*,*,#2669,.F.);
#2671=CARTESIAN_POINT('',(-0.600000000000,-0.950096109460,-2.528916246693));
#2672=VERTEX_POINT('',#2671);
#2673=CARTESIAN_POINT('',(-0.600000000000,0.083149157926,-0.034441508913));
#2674=LINE('',#2673,#738);
#2675=EDGE_CURVE('',#2667,#2672,#2674,.T.);
#2676=ORIENTED_EDGE('',*,*,#2675,.T.);
#2677=CARTESIAN_POINT('',(-0.600000000000,-1.116394425312,-2.460033228868));
#2678=VERTEX_POINT('',#2677);
#2679=CARTESIAN_POINT('',(-0.600000000000,-1.033245267386,-2.494474737780));
#2680=LINE('',#2679,#730);
#2681=EDGE_CURVE('',#2672,#2678,#2680,.T.);
#2682=ORIENTED_EDGE('',*,*,#2681,.T.);
#2683=CARTESIAN_POINT('',(-0.600000000000,-1.058383929728,-2.319983503669));
#2684=VERTEX_POINT('',#2683);
#2685=CARTESIAN_POINT('',(-0.600000000000,-0.083149157926,0.034441508913));
#2686=LINE('',#2685,#722);
#2687=EDGE_CURVE('',#2678,#2684,#2686,.T.);
#2688=ORIENTED_EDGE('',*,*,#2687,.T.);
#2689=CARTESIAN_POINT('',(-0.600000000000,-1.196263348555,-2.251988898930));
#2690=VERTEX_POINT('',#2689);
#2691=CIRCLE('',#1749,2.550000000000);
#2692=EDGE_CURVE('',#2690,#2684,#2691,.T.);
#2693=ORIENTED_EDGE('',*,*,#2692,.F.);
#2694=CARTESIAN_POINT('',(-0.600000000000,-1.272057713659,-2.383268590218));
#2695=VERTEX_POINT('',#2694);
#2696=CARTESIAN_POINT('',(-0.600000000000,0.077942286341,-0.045000000000));
#2697=LINE('',#2696,#709);
#2698=EDGE_CURVE('',#2690,#2695,#2697,.T.);
#2699=ORIENTED_EDGE('',*,*,#2698,.T.);
#2700=CARTESIAN_POINT('',(-0.600000000000,-1.427942286341,-2.293268590218));
#2701=VERTEX_POINT('',#2700);
#2702=CARTESIAN_POINT('',(-0.600000000000,-1.350000000000,-2.338268590218));
#2703=LINE('',#2702,#701);
#2704=EDGE_CURVE('',#2695,#2701,#2703,.T.);
#2705=ORIENTED_EDGE('',*,*,#2704,.T.);
#2706=CARTESIAN_POINT('',(-0.600000000000,-1.352147921236,-2.161988898930));
#2707=VERTEX_POINT('',#2706);
#2708=CARTESIAN_POINT('',(-0.600000000000,-0.077942286341,0.045000000000));
#2709=LINE('',#2708,#693);
#2710=EDGE_CURVE('',#2701,#2707,#2709,.T.);
#2711=ORIENTED_EDGE('',*,*,#2710,.T.);
#2712=CARTESIAN_POINT('',(-0.600000000000,-1.479972685674,-2.076579121936));
#2713=VERTEX_POINT('',#2712);
#2714=CIRCLE('',#1749,2.550000000000);
#2715=EDGE_CURVE('',#2713,#2707,#2714,.T.);
#2716=ORIENTED_EDGE('',*,*,#2715,.F.);
#2717=CARTESIAN_POINT('',(-0.600000000000,-1.572254057697,-2.196842547397));
#2718=VERTEX_POINT('',#2717);
#2719=CARTESIAN_POINT('',(-0.600000000000,0.071401800626,-0.054788528611));
#2720=LINE('',#2719,#680);
#2721=EDGE_CURVE('',#2713,#2718,#2720,.T.);
#2722=ORIENTED_EDGE('',*,*,#2721,.T.);
#2723=CARTESIAN_POINT('',(-0.600000000000,-1.715057658950,-2.087265490176));
#2724=VERTEX_POINT('',#2723);
#2725=CARTESIAN_POINT('',(-0.600000000000,-1.643655858324,-2.142054018786));
#2726=LINE('',#2725,#672);
#2727=EDGE_CURVE('',#2718,#2724,#2726,.T.);
#2728=ORIENTED_EDGE('',*,*,#2727,.T.);
#2729=CARTESIAN_POINT('',(-0.600000000000,-1.622776286926,-1.967002064714));
#2730=VERTEX_POINT('',#2729);
#2731=CARTESIAN_POINT('',(-0.600000000000,-0.071401800626,0.054788528611));
#2732=LINE('',#2731,#664);
#2733=EDGE_CURVE('',#2724,#2730,#2732,.T.);
#2734=ORIENTED_EDGE('',*,*,#2733,.T.);
#2735=CARTESIAN_POINT('',(-0.600000000000,-1.738359279815,-1.865638500429));
#2736=VERTEX_POINT('',#2735);
#2737=CIRCLE('',#1749,2.550000000000);
#2738=EDGE_CURVE('',#2736,#2730,#2737,.T.);
#2739=ORIENTED_EDGE('',*,*,#2738,.F.);
#2740=CARTESIAN_POINT('',(-0.600000000000,-1.845548698897,-1.972827919510));
#2741=VERTEX_POINT('',#2740);
#2742=CARTESIAN_POINT('',(-0.600000000000,0.063639610307,-0.063639610307));
#2743=LINE('',#2742,#651);
#2744=EDGE_CURVE('',#2736,#2741,#2743,.T.);
#2745=ORIENTED_EDGE('',*,*,#2744,.T.);
#2746=CARTESIAN_POINT('',(-0.600000000000,-1.972827919510,-1.845548698897));
#2747=VERTEX_POINT('',#2746);
#2748=CARTESIAN_POINT('',(-0.600000000000,-1.909188309204,-1.909188309204));
#2749=LINE('',#2748,#643);
#2750=EDGE_CURVE('',#2741,#2747,#2749,.T.);
#2751=ORIENTED_EDGE('',*,*,#2750,.T.);
#2752=CARTESIAN_POINT('',(-0.600000000000,-1.865638500429,-1.738359279815));
#2753=VERTEX_POINT('',#2752);
#2754=CARTESIAN_POINT('',(-0.600000000000,-0.063639610307,0.063639610307));
#2755=LINE('',#2754,#635);
#2756=EDGE_CURVE('',#2747,#2753,#2755,.T.);
#2757=ORIENTED_EDGE('',*,*,#2756,.T.);
#2758=CIRCLE('',#1749,2.550000000000);
#2759=EDGE_CURVE('',#109,#2753,#2758,.T.);
#2760=ORIENTED_EDGE('',*,*,#2759,.F.);
#2761=ORIENTED_EDGE('',*,*,#112,.F.);
#2762=CARTESIAN_POINT('',(-0.600000000000,-2.142054018786,-1.643655858324));
#2763=LINE('',#2762,#33);
#2764=EDGE_CURVE('',#103,#59,#2763,.T.);
#2765=ORIENTED_EDGE('',*,*,#2764,.T.);
#2766=ORIENTED_EDGE('',*,*,#64,.F.);
#2767=CARTESIAN_POINT('',(-0.600000000000,-2.161988898930,-1.352147921236));
#2768=VERTEX_POINT('',#2767);
#2769=CIRCLE('',#1749,2.550000000000);
#2770=EDGE_CURVE('',#2768,#53,#2769,.T.);
#2771=ORIENTED_EDGE('',*,*,#2770,.F.);
#2772=CARTESIAN_POINT('',(-0.600000000000,-2.293268590218,-1.427942286341));
#2773=VERTEX_POINT('',#2772);
#2774=LINE('',#2248,#932);
#2775=EDGE_CURVE('',#2768,#2773,#2774,.T.);
#2776=ORIENTED_EDGE('',*,*,#2775,.T.);
#2777=CARTESIAN_POINT('',(-0.600000000000,-2.383268590218,-1.272057713659));
#2778=VERTEX_POINT('',#2777);
#2779=CARTESIAN_POINT('',(-0.600000000000,-2.338268590218,-1.350000000000));
#2780=LINE('',#2779,#924);
#2781=EDGE_CURVE('',#2773,#2778,#2780,.T.);
#2782=ORIENTED_EDGE('',*,*,#2781,.T.);
#2783=CARTESIAN_POINT('',(-0.600000000000,-2.251988898930,-1.196263348555));
#2784=VERTEX_POINT('',#2783);
#2785=LINE('',#2236,#1238);
#2786=EDGE_CURVE('',#2778,#2784,#2785,.T.);
#2787=ORIENTED_EDGE('',*,*,#2786,.T.);
#2788=CARTESIAN_POINT('',(-0.600000000000,-2.319983503669,-1.058383929728));
#2789=VERTEX_POINT('',#2788);
#2790=CIRCLE('',#1749,2.550000000000);
#2791=EDGE_CURVE('',#2789,#2784,#2790,.T.);
#2792=ORIENTED_EDGE('',*,*,#2791,.F.);
#2793=CARTESIAN_POINT('',(-0.600000000000,-2.460033228868,-1.116394425312));
#2794=VERTEX_POINT('',#2793);
#2795=LINE('',#2271,#903);
#2796=EDGE_CURVE('',#2789,#2794,#2795,.T.);
#2797=ORIENTED_EDGE('',*,*,#2796,.T.);
#2798=CARTESIAN_POINT('',(-0.600000000000,-2.528916246693,-0.950096109460));
#2799=VERTEX_POINT('',#2798);
#2800=CARTESIAN_POINT('',(-0.600000000000,-2.494474737780,-1.033245267386));
#2801=LINE('',#2800,#895);
#2802=EDGE_CURVE('',#2794,#2799,#2801,.T.);
#2803=ORIENTED_EDGE('',*,*,#2802,.T.);
#2804=CARTESIAN_POINT('',(-0.600000000000,-2.388866521494,-0.892085613876));
#2805=VERTEX_POINT('',#2804);
#2806=LINE('',#2259,#1213);
#2807=EDGE_CURVE('',#2799,#2805,#2806,.T.);
#2808=ORIENTED_EDGE('',*,*,#2807,.T.);
#2809=CARTESIAN_POINT('',(-0.600000000000,-2.438282547438,-0.746510695742));
#2810=VERTEX_POINT('',#2809);
#2811=CIRCLE('',#1749,2.550000000000);
#2812=EDGE_CURVE('',#2810,#2805,#2811,.T.);
#2813=ORIENTED_EDGE('',*,*,#2812,.F.);
#2814=CARTESIAN_POINT('',(-0.600000000000,-2.584706016921,-0.785744746143));
#2815=VERTEX_POINT('',#2814);
#2816=LINE('',#2294,#874);
#2817=EDGE_CURVE('',#2810,#2815,#2816,.T.);
#2818=ORIENTED_EDGE('',*,*,#2817,.T.);
#2819=CARTESIAN_POINT('',(-0.600000000000,-2.631293445040,-0.611878097411));
#2820=VERTEX_POINT('',#2819);
#2821=CARTESIAN_POINT('',(-0.600000000000,-2.607999730980,-0.698811421777));
#2822=LINE('',#2821,#866);
#2823=EDGE_CURVE('',#2815,#2820,#2822,.T.);
#2824=ORIENTED_EDGE('',*,*,#2823,.T.);
#2825=CARTESIAN_POINT('',(-0.600000000000,-2.484869975557,-0.572644047010));
#2826=VERTEX_POINT('',#2825);
#2827=LINE('',#2282,#1188);
#2828=EDGE_CURVE('',#2820,#2826,#2827,.T.);
#2829=ORIENTED_EDGE('',*,*,#2828,.T.);
#2830=CARTESIAN_POINT('',(-0.600000000000,-2.514861900802,-0.421864456780));
#2831=VERTEX_POINT('',#2830);
#2832=CIRCLE('',#1749,2.550000000000);
#2833=EDGE_CURVE('',#2831,#2826,#2832,.T.);
#2834=ORIENTED_EDGE('',*,*,#2833,.F.);
#2835=CARTESIAN_POINT('',(-0.600000000000,-2.665153768409,-0.441650756518));
#2836=VERTEX_POINT('',#2835);
#2837=LINE('',#2317,#845);
#2838=EDGE_CURVE('',#2831,#2836,#2837,.T.);
#2839=ORIENTED_EDGE('',*,*,#2838,.T.);
#2840=CARTESIAN_POINT('',(-0.600000000000,-2.688648483009,-0.263190681470));
#2841=VERTEX_POINT('',#2840);
#2842=CARTESIAN_POINT('',(-0.600000000000,-2.676901125709,-0.352420718994));
#2843=LINE('',#2842,#837);
#2844=EDGE_CURVE('',#2836,#2841,#2843,.T.);
#2845=ORIENTED_EDGE('',*,*,#2844,.T.);
#2846=CARTESIAN_POINT('',(-0.600000000000,-2.538356615402,-0.243404381733));
#2847=VERTEX_POINT('',#2846);
#2848=LINE('',#2305,#1163);
#2849=EDGE_CURVE('',#2841,#2847,#2848,.T.);
#2850=ORIENTED_EDGE('',*,*,#2849,.T.);
#2851=CARTESIAN_POINT('',(-0.600000000000,-2.548411269791,-0.090000000000));
#2852=VERTEX_POINT('',#2851);
#2853=CIRCLE('',#1749,2.550000000000);
#2854=EDGE_CURVE('',#2852,#2847,#2853,.T.);
#2855=ORIENTED_EDGE('',*,*,#2854,.F.);
#2856=CARTESIAN_POINT('',(-0.600000000000,-2.700000000000,-0.090000000000));
#2857=VERTEX_POINT('',#2856);
#2858=LINE('',#2340,#816);
#2859=EDGE_CURVE('',#2852,#2857,#2858,.T.);
#2860=ORIENTED_EDGE('',*,*,#2859,.T.);
#2861=CARTESIAN_POINT('',(-0.600000000000,-2.700000000000,0.090000000000));
#2862=VERTEX_POINT('',#2861);
#2863=CARTESIAN_POINT('',(-0.600000000000,-2.700000000000,0.000000000000));
#2864=LINE('',#2863,#808);
#2865=EDGE_CURVE('',#2857,#2862,#2864,.T.);
#2866=ORIENTED_EDGE('',*,*,#2865,.T.);
#2867=CARTESIAN_POINT('',(-0.600000000000,-2.548411269791,0.090000000000));
#2868=VERTEX_POINT('',#2867);
#2869=LINE('',#2328,#1138);
#2870=EDGE_CURVE('',#2862,#2868,#2869,.T.);
#2871=ORIENTED_EDGE('',*,*,#2870,.T.);
#2872=CARTESIAN_POINT('',(-0.600000000000,-2.538356615402,0.243404381733));
#2873=VERTEX_POINT('',#2872);
#2874=CIRCLE('',#1749,2.550000000000);
#2875=EDGE_CURVE('',#2873,#2868,#2874,.T.);
#2876=ORIENTED_EDGE('',*,*,#2875,.F.);
#2877=CARTESIAN_POINT('',(-0.600000000000,-2.688648483009,0.263190681470));
#2878=VERTEX_POINT('',#2877);
#2879=LINE('',#2363,#788);
#2880=EDGE_CURVE('',#2873,#2878,#2879,.T.);
#2881=ORIENTED_EDGE('',*,*,#2880,.T.);
#2882=CARTESIAN_POINT('',(-0.600000000000,-2.665153768409,0.441650756518));
#2883=VERTEX_POINT('',#2882);
#2884=CARTESIAN_POINT('',(-0.600000000000,-2.676901125709,0.352420718994));
#2885=LINE('',#2884,#780);
#2886=EDGE_CURVE('',#2878,#2883,#2885,.T.);
#2887=ORIENTED_EDGE('',*,*,#2886,.T.);
#2888=CARTESIAN_POINT('',(-0.600000000000,-2.514861900802,0.421864456780));
#2889=VERTEX_POINT('',#2888);
#2890=LINE('',#2351,#1113);
#2891=EDGE_CURVE('',#2883,#2889,#2890,.T.);
#2892=ORIENTED_EDGE('',*,*,#2891,.T.);
#2893=CARTESIAN_POINT('',(-0.600000000000,-2.484869975557,0.572644047010));
#2894=VERTEX_POINT('',#2893);
#2895=CIRCLE('',#1749,2.550000000000);
#2896=EDGE_CURVE('',#2894,#2889,#2895,.T.);
#2897=ORIENTED_EDGE('',*,*,#2896,.F.);
#2898=CARTESIAN_POINT('',(-0.600000000000,-2.631293445040,0.611878097411));
#2899=VERTEX_POINT('',#2898);
#2900=LINE('',#2386,#759);
#2901=EDGE_CURVE('',#2894,#2899,#2900,.T.);
#2902=ORIENTED_EDGE('',*,*,#2901,.T.);
#2903=CARTESIAN_POINT('',(-0.600000000000,-2.584706016921,0.785744746143));
#2904=VERTEX_POINT('',#2903);
#2905=CARTESIAN_POINT('',(-0.600000000000,-2.607999730980,0.698811421777));
#2906=LINE('',#2905,#751);
#2907=EDGE_CURVE('',#2899,#2904,#2906,.T.);
#2908=ORIENTED_EDGE('',*,*,#2907,.T.);
#2909=CARTESIAN_POINT('',(-0.600000000000,-2.438282547438,0.746510695742));
#2910=VERTEX_POINT('',#2909);
#2911=LINE('',#2374,#1088);
#2912=EDGE_CURVE('',#2904,#2910,#2911,.T.);
#2913=ORIENTED_EDGE('',*,*,#2912,.T.);
#2914=CARTESIAN_POINT('',(-0.600000000000,-2.388866521494,0.892085613876));
#2915=VERTEX_POINT('',#2914);
#2916=CIRCLE('',#1749,2.550000000000);
#2917=EDGE_CURVE('',#2915,#2910,#2916,.T.);
#2918=ORIENTED_EDGE('',*,*,#2917,.F.);
#2919=CARTESIAN_POINT('',(-0.600000000000,-2.528916246693,0.950096109460));
#2920=VERTEX_POINT('',#2919);
#2921=LINE('',#2409,#730);
#2922=EDGE_CURVE('',#2915,#2920,#2921,.T.);
#2923=ORIENTED_EDGE('',*,*,#2922,.T.);
#2924=CARTESIAN_POINT('',(-0.600000000000,-2.460033228868,1.116394425312));
#2925=VERTEX_POINT('',#2924);
#2926=CARTESIAN_POINT('',(-0.600000000000,-2.494474737780,1.033245267386));
#2927=LINE('',#2926,#722);
#2928=EDGE_CURVE('',#2920,#2925,#2927,.T.);
#2929=ORIENTED_EDGE('',*,*,#2928,.T.);
#2930=CARTESIAN_POINT('',(-0.600000000000,-2.319983503669,1.058383929728));
#2931=VERTEX_POINT('',#2930);
#2932=LINE('',#2397,#1063);
#2933=EDGE_CURVE('',#2925,#2931,#2932,.T.);
#2934=ORIENTED_EDGE('',*,*,#2933,.T.);
#2935=CARTESIAN_POINT('',(-0.600000000000,-2.251988898930,1.196263348555));
#2936=VERTEX_POINT('',#2935);
#2937=CIRCLE('',#1749,2.550000000000);
#2938=EDGE_CURVE('',#2936,#2931,#2937,.T.);
#2939=ORIENTED_EDGE('',*,*,#2938,.F.);
#2940=CARTESIAN_POINT('',(-0.600000000000,-2.383268590218,1.272057713659));
#2941=VERTEX_POINT('',#2940);
#2942=LINE('',#2432,#701);
#2943=EDGE_CURVE('',#2936,#2941,#2942,.T.);
#2944=ORIENTED_EDGE('',*,*,#2943,.T.);
#2945=CARTESIAN_POINT('',(-0.600000000000,-2.293268590218,1.427942286341));
#2946=VERTEX_POINT('',#2945);
#2947=CARTESIAN_POINT('',(-0.600000000000,-2.338268590218,1.350000000000));
#2948=LINE('',#2947,#693);
#2949=EDGE_CURVE('',#2941,#2946,#2948,.T.);
#2950=ORIENTED_EDGE('',*,*,#2949,.T.);
#2951=CARTESIAN_POINT('',(-0.600000000000,-2.161988898930,1.352147921236));
#2952=VERTEX_POINT('',#2951);
#2953=LINE('',#2420,#1038);
#2954=EDGE_CURVE('',#2946,#2952,#2953,.T.);
#2955=ORIENTED_EDGE('',*,*,#2954,.T.);
#2956=CARTESIAN_POINT('',(-0.600000000000,-2.076579121936,1.479972685674));
#2957=VERTEX_POINT('',#2956);
#2958=CIRCLE('',#1749,2.550000000000);
#2959=EDGE_CURVE('',#2957,#2952,#2958,.T.);
#2960=ORIENTED_EDGE('',*,*,#2959,.F.);
#2961=CARTESIAN_POINT('',(-0.600000000000,-2.196842547397,1.572254057697));
#2962=VERTEX_POINT('',#2961);
#2963=LINE('',#2455,#672);
#2964=EDGE_CURVE('',#2957,#2962,#2963,.T.);
#2965=ORIENTED_EDGE('',*,*,#2964,.T.);
#2966=CARTESIAN_POINT('',(-0.600000000000,-2.087265490176,1.715057658950));
#2967=VERTEX_POINT('',#2966);
#2968=CARTESIAN_POINT('',(-0.600000000000,-2.142054018786,1.643655858324));
#2969=LINE('',#2968,#664);
#2970=EDGE_CURVE('',#2962,#2967,#2969,.T.);
#2971=ORIENTED_EDGE('',*,*,#2970,.T.);
#2972=CARTESIAN_POINT('',(-0.600000000000,-1.967002064714,1.622776286926));
#2973=VERTEX_POINT('',#2972);
#2974=LINE('',#2443,#1013);
#2975=EDGE_CURVE('',#2967,#2973,#2974,.T.);
#2976=ORIENTED_EDGE('',*,*,#2975,.T.);
#2977=CARTESIAN_POINT('',(-0.600000000000,-1.865638500429,1.738359279815));
#2978=VERTEX_POINT('',#2977);
#2979=CIRCLE('',#1749,2.550000000000);
#2980=EDGE_CURVE('',#2978,#2973,#2979,.T.);
#2981=ORIENTED_EDGE('',*,*,#2980,.F.);
#2982=CARTESIAN_POINT('',(-0.600000000000,-1.972827919510,1.845548698897));
#2983=VERTEX_POINT('',#2982);
#2984=LINE('',#2478,#643);
#2985=EDGE_CURVE('',#2978,#2983,#2984,.T.);
#2986=ORIENTED_EDGE('',*,*,#2985,.T.);
#2987=CARTESIAN_POINT('',(-0.600000000000,-1.845548698897,1.972827919510));
#2988=VERTEX_POINT('',#2987);
#2989=CARTESIAN_POINT('',(-0.600000000000,-1.909188309204,1.909188309204));
#2990=LINE('',#2989,#635);
#2991=EDGE_CURVE('',#2983,#2988,#2990,.T.);
#2992=ORIENTED_EDGE('',*,*,#2991,.T.);
#2993=CARTESIAN_POINT('',(-0.600000000000,-1.738359279815,1.865638500429));
#2994=VERTEX_POINT('',#2993);
#2995=LINE('',#2466,#988);
#2996=EDGE_CURVE('',#2988,#2994,#2995,.T.);
#2997=ORIENTED_EDGE('',*,*,#2996,.T.);
#2998=CARTESIAN_POINT('',(-0.600000000000,-1.622776286926,1.967002064714));
#2999=VERTEX_POINT('',#2998);
#3000=CIRCLE('',#1749,2.550000000000);
#3001=EDGE_CURVE('',#2999,#2994,#3000,.T.);
#3002=ORIENTED_EDGE('',*,*,#3001,.F.);
#3003=CARTESIAN_POINT('',(-0.600000000000,-1.715057658950,2.087265490176));
#3004=VERTEX_POINT('',#3003);
#3005=LINE('',#2501,#33);
#3006=EDGE_CURVE('',#2999,#3004,#3005,.T.);
#3007=ORIENTED_EDGE('',*,*,#3006,.T.);
#3008=CARTESIAN_POINT('',(-0.600000000000,-1.572254057697,2.196842547397));
#3009=VERTEX_POINT('',#3008);
#3010=CARTESIAN_POINT('',(-0.600000000000,-1.643655858324,2.142054018786));
#3011=LINE('',#3010,#48);
#3012=EDGE_CURVE('',#3004,#3009,#3011,.T.);
#3013=ORIENTED_EDGE('',*,*,#3012,.T.);
#3014=CARTESIAN_POINT('',(-0.600000000000,-1.479972685674,2.076579121936));
#3015=VERTEX_POINT('',#3014);
#3016=LINE('',#2489,#19);
#3017=EDGE_CURVE('',#3009,#3015,#3016,.T.);
#3018=ORIENTED_EDGE('',*,*,#3017,.T.);
#3019=CARTESIAN_POINT('',(-0.600000000000,-1.352147921236,2.161988898930));
#3020=VERTEX_POINT('',#3019);
#3021=CIRCLE('',#1749,2.550000000000);
#3022=EDGE_CURVE('',#3020,#3015,#3021,.T.);
#3023=ORIENTED_EDGE('',*,*,#3022,.F.);
#3024=CARTESIAN_POINT('',(-0.600000000000,-1.427942286341,2.293268590218));
#3025=VERTEX_POINT('',#3024);
#3026=LINE('',#2524,#924);
#3027=EDGE_CURVE('',#3020,#3025,#3026,.T.);
#3028=ORIENTED_EDGE('',*,*,#3027,.T.);
#3029=CARTESIAN_POINT('',(-0.600000000000,-1.272057713659,2.383268590218));
#3030=VERTEX_POINT('',#3029);
#3031=CARTESIAN_POINT('',(-0.600000000000,-1.350000000000,2.338268590218));
#3032=LINE('',#3031,#1238);
#3033=EDGE_CURVE('',#3025,#3030,#3032,.T.);
#3034=ORIENTED_EDGE('',*,*,#3033,.T.);
#3035=CARTESIAN_POINT('',(-0.600000000000,-1.196263348555,2.251988898930));
#3036=VERTEX_POINT('',#3035);
#3037=LINE('',#2512,#940);
#3038=EDGE_CURVE('',#3030,#3036,#3037,.T.);
#3039=ORIENTED_EDGE('',*,*,#3038,.T.);
#3040=CARTESIAN_POINT('',(-0.600000000000,-1.058383929728,2.319983503669));
#3041=VERTEX_POINT('',#3040);
#3042=CIRCLE('',#1749,2.550000000000);
#3043=EDGE_CURVE('',#3041,#3036,#3042,.T.);
#3044=ORIENTED_EDGE('',*,*,#3043,.F.);
#3045=CARTESIAN_POINT('',(-0.600000000000,-1.116394425312,2.460033228868));
#3046=VERTEX_POINT('',#3045);
#3047=LINE('',#2547,#895);
#3048=EDGE_CURVE('',#3041,#3046,#3047,.T.);
#3049=ORIENTED_EDGE('',*,*,#3048,.T.);
#3050=CARTESIAN_POINT('',(-0.600000000000,-0.950096109460,2.528916246693));
#3051=VERTEX_POINT('',#3050);
#3052=CARTESIAN_POINT('',(-0.600000000000,-1.033245267386,2.494474737780));
#3053=LINE('',#3052,#1213);
#3054=EDGE_CURVE('',#3046,#3051,#3053,.T.);
#3055=ORIENTED_EDGE('',*,*,#3054,.T.);
#3056=CARTESIAN_POINT('',(-0.600000000000,-0.892085613876,2.388866521494));
#3057=VERTEX_POINT('',#3056);
#3058=LINE('',#2535,#911);
#3059=EDGE_CURVE('',#3051,#3057,#3058,.T.);
#3060=ORIENTED_EDGE('',*,*,#3059,.T.);
#3061=CARTESIAN_POINT('',(-0.600000000000,-0.746510695742,2.438282547438));
#3062=VERTEX_POINT('',#3061);
#3063=CIRCLE('',#1749,2.550000000000);
#3064=EDGE_CURVE('',#3062,#3057,#3063,.T.);
#3065=ORIENTED_EDGE('',*,*,#3064,.F.);
#3066=CARTESIAN_POINT('',(-0.600000000000,-0.785744746143,2.584706016921));
#3067=VERTEX_POINT('',#3066);
#3068=LINE('',#2570,#866);
#3069=EDGE_CURVE('',#3062,#3067,#3068,.T.);
#3070=ORIENTED_EDGE('',*,*,#3069,.T.);
#3071=CARTESIAN_POINT('',(-0.600000000000,-0.611878097411,2.631293445040));
#3072=VERTEX_POINT('',#3071);
#3073=CARTESIAN_POINT('',(-0.600000000000,-0.698811421777,2.607999730980));
#3074=LINE('',#3073,#1188);
#3075=EDGE_CURVE('',#3067,#3072,#3074,.T.);
#3076=ORIENTED_EDGE('',*,*,#3075,.T.);
#3077=CARTESIAN_POINT('',(-0.600000000000,-0.572644047010,2.484869975557));
#3078=VERTEX_POINT('',#3077);
#3079=LINE('',#2558,#882);
#3080=EDGE_CURVE('',#3072,#3078,#3079,.T.);
#3081=ORIENTED_EDGE('',*,*,#3080,.T.);
#3082=CARTESIAN_POINT('',(-0.600000000000,-0.421864456780,2.514861900802));
#3083=VERTEX_POINT('',#3082);
#3084=CIRCLE('',#1749,2.550000000000);
#3085=EDGE_CURVE('',#3083,#3078,#3084,.T.);
#3086=ORIENTED_EDGE('',*,*,#3085,.F.);
#3087=CARTESIAN_POINT('',(-0.600000000000,-0.441650756518,2.665153768409));
#3088=VERTEX_POINT('',#3087);
#3089=LINE('',#2593,#837);
#3090=EDGE_CURVE('',#3083,#3088,#3089,.T.);
#3091=ORIENTED_EDGE('',*,*,#3090,.T.);
#3092=CARTESIAN_POINT('',(-0.600000000000,-0.263190681470,2.688648483009));
#3093=VERTEX_POINT('',#3092);
#3094=CARTESIAN_POINT('',(-0.600000000000,-0.352420718994,2.676901125709));
#3095=LINE('',#3094,#1163);
#3096=EDGE_CURVE('',#3088,#3093,#3095,.T.);
#3097=ORIENTED_EDGE('',*,*,#3096,.T.);
#3098=CARTESIAN_POINT('',(-0.600000000000,-0.243404381733,2.538356615402));
#3099=VERTEX_POINT('',#3098);
#3100=LINE('',#2581,#853);
#3101=EDGE_CURVE('',#3093,#3099,#3100,.T.);
#3102=ORIENTED_EDGE('',*,*,#3101,.T.);
#3103=CARTESIAN_POINT('',(-0.600000000000,-0.090000000000,2.548411269791));
#3104=VERTEX_POINT('',#3103);
#3105=CIRCLE('',#1749,2.550000000000);
#3106=EDGE_CURVE('',#3104,#3099,#3105,.T.);
#3107=ORIENTED_EDGE('',*,*,#3106,.F.);
#3108=CARTESIAN_POINT('',(-0.600000000000,-0.090000000000,2.700000000000));
#3109=VERTEX_POINT('',#3108);
#3110=LINE('',#2616,#808);
#3111=EDGE_CURVE('',#3104,#3109,#3110,.T.);
#3112=ORIENTED_EDGE('',*,*,#3111,.T.);
#3113=CARTESIAN_POINT('',(-0.600000000000,0.090000000000,2.700000000000));
#3114=VERTEX_POINT('',#3113);
#3115=CARTESIAN_POINT('',(-0.600000000000,0.000000000000,2.700000000000));
#3116=LINE('',#3115,#1138);
#3117=EDGE_CURVE('',#3109,#3114,#3116,.T.);
#3118=ORIENTED_EDGE('',*,*,#3117,.T.);
#3119=CARTESIAN_POINT('',(-0.600000000000,0.090000000000,2.548411269791));
#3120=VERTEX_POINT('',#3119);
#3121=LINE('',#2604,#824);
#3122=EDGE_CURVE('',#3114,#3120,#3121,.T.);
#3123=ORIENTED_EDGE('',*,*,#3122,.T.);
#3124=CARTESIAN_POINT('',(-0.600000000000,0.243404381733,2.538356615402));
#3125=VERTEX_POINT('',#3124);
#3126=CIRCLE('',#1749,2.550000000000);
#3127=EDGE_CURVE('',#3125,#3120,#3126,.T.);
#3128=ORIENTED_EDGE('',*,*,#3127,.F.);
#3129=CARTESIAN_POINT('',(-0.600000000000,0.263190681470,2.688648483009));
#3130=VERTEX_POINT('',#3129);
#3131=LINE('',#2639,#780);
#3132=EDGE_CURVE('',#3125,#3130,#3131,.T.);
#3133=ORIENTED_EDGE('',*,*,#3132,.T.);
#3134=CARTESIAN_POINT('',(-0.600000000000,0.441650756518,2.665153768409));
#3135=VERTEX_POINT('',#3134);
#3136=CARTESIAN_POINT('',(-0.600000000000,0.352420718994,2.676901125709));
#3137=LINE('',#3136,#1113);
#3138=EDGE_CURVE('',#3130,#3135,#3137,.T.);
#3139=ORIENTED_EDGE('',*,*,#3138,.T.);
#3140=CARTESIAN_POINT('',(-0.600000000000,0.421864456780,2.514861900802));
#3141=VERTEX_POINT('',#3140);
#3142=LINE('',#2627,#796);
#3143=EDGE_CURVE('',#3135,#3141,#3142,.T.);
#3144=ORIENTED_EDGE('',*,*,#3143,.T.);
#3145=CARTESIAN_POINT('',(-0.600000000000,0.572644047010,2.484869975557));
#3146=VERTEX_POINT('',#3145);
#3147=CIRCLE('',#1749,2.550000000000);
#3148=EDGE_CURVE('',#3146,#3141,#3147,.T.);
#3149=ORIENTED_EDGE('',*,*,#3148,.F.);
#3150=CARTESIAN_POINT('',(-0.600000000000,0.611878097411,2.631293445040));
#3151=VERTEX_POINT('',#3150);
#3152=LINE('',#2662,#751);
#3153=EDGE_CURVE('',#3146,#3151,#3152,.T.);
#3154=ORIENTED_EDGE('',*,*,#3153,.T.);
#3155=CARTESIAN_POINT('',(-0.600000000000,0.785744746143,2.584706016921));
#3156=VERTEX_POINT('',#3155);
#3157=CARTESIAN_POINT('',(-0.600000000000,0.698811421777,2.607999730980));
#3158=LINE('',#3157,#1088);
#3159=EDGE_CURVE('',#3151,#3156,#3158,.T.);
#3160=ORIENTED_EDGE('',*,*,#3159,.T.);
#3161=CARTESIAN_POINT('',(-0.600000000000,0.746510695742,2.438282547438));
#3162=VERTEX_POINT('',#3161);
#3163=LINE('',#2650,#767);
#3164=EDGE_CURVE('',#3156,#3162,#3163,.T.);
#3165=ORIENTED_EDGE('',*,*,#3164,.T.);
#3166=CARTESIAN_POINT('',(-0.600000000000,0.892085613876,2.388866521494));
#3167=VERTEX_POINT('',#3166);
#3168=CIRCLE('',#1749,2.550000000000);
#3169=EDGE_CURVE('',#3167,#3162,#3168,.T.);
#3170=ORIENTED_EDGE('',*,*,#3169,.F.);
#3171=CARTESIAN_POINT('',(-0.600000000000,0.950096109460,2.528916246693));
#3172=VERTEX_POINT('',#3171);
#3173=LINE('',#2685,#722);
#3174=EDGE_CURVE('',#3167,#3172,#3173,.T.);
#3175=ORIENTED_EDGE('',*,*,#3174,.T.);
#3176=CARTESIAN_POINT('',(-0.600000000000,1.116394425312,2.460033228868));
#3177=VERTEX_POINT('',#3176);
#3178=CARTESIAN_POINT('',(-0.600000000000,1.033245267386,2.494474737780));
#3179=LINE('',#3178,#1063);
#3180=EDGE_CURVE('',#3172,#3177,#3179,.T.);
#3181=ORIENTED_EDGE('',*,*,#3180,.T.);
#3182=CARTESIAN_POINT('',(-0.600000000000,1.058383929728,2.319983503669));
#3183=VERTEX_POINT('',#3182);
#3184=LINE('',#2673,#738);
#3185=EDGE_CURVE('',#3177,#3183,#3184,.T.);
#3186=ORIENTED_EDGE('',*,*,#3185,.T.);
#3187=CARTESIAN_POINT('',(-0.600000000000,1.196263348555,2.251988898930));
#3188=VERTEX_POINT('',#3187);
#3189=CIRCLE('',#1749,2.550000000000);
#3190=EDGE_CURVE('',#3188,#3183,#3189,.T.);
#3191=ORIENTED_EDGE('',*,*,#3190,.F.);
#3192=CARTESIAN_POINT('',(-0.600000000000,1.272057713659,2.383268590218));
#3193=VERTEX_POINT('',#3192);
#3194=LINE('',#2708,#693);
#3195=EDGE_CURVE('',#3188,#3193,#3194,.T.);
#3196=ORIENTED_EDGE('',*,*,#3195,.T.);
#3197=CARTESIAN_POINT('',(-0.600000000000,1.427942286341,2.293268590218));
#3198=VERTEX_POINT('',#3197);
#3199=CARTESIAN_POINT('',(-0.600000000000,1.350000000000,2.338268590218));
#3200=LINE('',#3199,#1038);
#3201=EDGE_CURVE('',#3193,#3198,#3200,.T.);
#3202=ORIENTED_EDGE('',*,*,#3201,.T.);
#3203=CARTESIAN_POINT('',(-0.600000000000,1.352147921236,2.161988898930));
#3204=VERTEX_POINT('',#3203);
#3205=LINE('',#2696,#709);
#3206=EDGE_CURVE('',#3198,#3204,#3205,.T.);
#3207=ORIENTED_EDGE('',*,*,#3206,.T.);
#3208=CARTESIAN_POINT('',(-0.600000000000,1.479972685674,2.076579121936));
#3209=VERTEX_POINT('',#3208);
#3210=CIRCLE('',#1749,2.550000000000);
#3211=EDGE_CURVE('',#3209,#3204,#3210,.T.);
#3212=ORIENTED_EDGE('',*,*,#3211,.F.);
#3213=CARTESIAN_POINT('',(-0.600000000000,1.572254057697,2.196842547397));
#3214=VERTEX_POINT('',#3213);
#3215=LINE('',#2731,#664);
#3216=EDGE_CURVE('',#3209,#3214,#3215,.T.);
#3217=ORIENTED_EDGE('',*,*,#3216,.T.);
#3218=CARTESIAN_POINT('',(-0.600000000000,1.715057658950,2.087265490176));
#3219=VERTEX_POINT('',#3218);
#3220=CARTESIAN_POINT('',(-0.600000000000,1.643655858324,2.142054018786));
#3221=LINE('',#3220,#1013);
#3222=EDGE_CURVE('',#3214,#3219,#3221,.T.);
#3223=ORIENTED_EDGE('',*,*,#3222,.T.);
#3224=CARTESIAN_POINT('',(-0.600000000000,1.622776286926,1.967002064714));
#3225=VERTEX_POINT('',#3224);
#3226=LINE('',#2719,#680);
#3227=EDGE_CURVE('',#3219,#3225,#3226,.T.);
#3228=ORIENTED_EDGE('',*,*,#3227,.T.);
#3229=CARTESIAN_POINT('',(-0.600000000000,1.738359279815,1.865638500429));
#3230=VERTEX_POINT('',#3229);
#3231=CIRCLE('',#1749,2.550000000000);
#3232=EDGE_CURVE('',#3230,#3225,#3231,.T.);
#3233=ORIENTED_EDGE('',*,*,#3232,.F.);
#3234=CARTESIAN_POINT('',(-0.600000000000,1.845548698897,1.972827919510));
#3235=VERTEX_POINT('',#3234);
#3236=LINE('',#2754,#635);
#3237=EDGE_CURVE('',#3230,#3235,#3236,.T.);
#3238=ORIENTED_EDGE('',*,*,#3237,.T.);
#3239=CARTESIAN_POINT('',(-0.600000000000,1.972827919510,1.845548698897));
#3240=VERTEX_POINT('',#3239);
#3241=CARTESIAN_POINT('',(-0.600000000000,1.909188309204,1.909188309204));
#3242=LINE('',#3241,#988);
#3243=EDGE_CURVE('',#3235,#3240,#3242,.T.);
#3244=ORIENTED_EDGE('',*,*,#3243,.T.);
#3245=CARTESIAN_POINT('',(-0.600000000000,1.865638500429,1.738359279815));
#3246=VERTEX_POINT('',#3245);
#3247=LINE('',#2742,#651);
#3248=EDGE_CURVE('',#3240,#3246,#3247,.T.);
#3249=ORIENTED_EDGE('',*,*,#3248,.T.);
#3250=CIRCLE('',#1749,2.550000000000);
#3251=EDGE_CURVE('',#73,#3246,#3250,.T.);
#3252=ORIENTED_EDGE('',*,*,#3251,.F.);
#3253=ORIENTED_EDGE('',*,*,#75,.F.);
#3254=EDGE_LOOP('',(#2227,#2228,#2233,#2239,#2245,#2251,#2256,#2262,#2268,#2274,#2279,#2285,#2291,#2297,#2302,#2308,#2314,#2320,#2325,#2331,#2337,#2343,#2348,#2354,#2360,#2366,#2371,#2377,#2383,#2389,#2394,#2400,#2406,#2412,#2417,#2423,#2429,#2435,#2440,#2446,#2452,#2458,#2463,#2469,#2475,#2481,#2486,#2492,#2498,#2504,#2509,#2515,#2521,#2527,#2532,#2538,#2544,#2550,#2555,#2561,#2567,#2573,#2578,#2584,#2590,#2596,#2601,#2607,#2613,#2619,#2624,#2630,#2636,#2642,#2647,#2653,#2659,#2665,#2670,#2676,#2682,#2688,#2693,#2699,#2705,#2711,#2716,#2722,#2728,#2734,#2739,#2745,#2751,#2757,#2760,#2761,#2765,#2766,#2771,#2776,#2782,#2787,#2792,#2797,#2803,#2808,#2813,#2818,#2824,#2829,#2834,#2839,#2845,#2850,#2855,#2860,#2866,#2871,#2876,#2881,#2887,#2892,#2897,#2902,#2908,#2913,#2918,#2923,#2929,#2934,#2939,#2944,#2950,#2955,#2960,#2965,#2971,#2976,#2981,#2986,#2992,#2997,#3002,#3007,#3013,#3018,#3023,#3028,#3034,#3039,#3044,#3049,#3055,#3060,#3065,#3070,#3076,#3081,#3086,#3091,#3097,#3102,#3107,#3112,#3118,#3123,#3128,#3133,#3139,#3144,#3149,#3154,#3160,#3165,#3170,#3175,#3181,#3186,#3191,#3196,#3202,#3207,#3212,#3217,#3223,#3228,#3233,#3238,#3244,#3249,#3252,#3253));
#3255=FACE_BOUND('',#2226,.T.);
#3256=FACE_OUTER_BOUND('',#3254,.T.);
#3257=ADVANCED_FACE('',(#3255,#3256),#1744,.T.);
#3258=CARTESIAN_POINT('',(0.000000000000,-2.676901125709,-0.352420718994));
#3259=AXIS2_PLACEMENT_3D('',#3258,#844,#836);
#3260=PLANE('',#3259);
#3261=ORIENTED_EDGE('',*,*,#1157,.F.);
#3262=CARTESIAN_POINT('',(0.000000000000,-2.688648483009,-0.263190681470));
#3263=LINE('',#3262,#27);
#3264=EDGE_CURVE('',#1148,#2841,#3263,.T.);
#3265=ORIENTED_EDGE('',*,*,#3264,.T.);
#3266=ORIENTED_EDGE('',*,*,#2844,.F.);
#3267=CARTESIAN_POINT('',(0.000000000000,-2.665153768409,-0.441650756518));
#3268=LINE('',#3267,#12);
#3269=EDGE_CURVE('',#2836,#1154,#3268,.T.);
#3270=ORIENTED_EDGE('',*,*,#3269,.T.);
#3271=EDGE_LOOP('',(#3261,#3265,#3266,#3270));
#3272=FACE_OUTER_BOUND('',#3271,.T.);
#3273=ADVANCED_FACE('',(#3272),#3260,.T.);
#3274=CARTESIAN_POINT('',(0.000000000000,0.011747357300,-0.089230037524));
#3275=AXIS2_PLACEMENT_3D('',#3274,#852,#844);
#3276=PLANE('',#3275);
#3277=ORIENTED_EDGE('',*,*,#1658,.F.);
#3278=CARTESIAN_POINT('',(0.250000000000,2.538356615402,0.243404381733));
#3279=LINE('',#3278,#12);
#3280=EDGE_CURVE('',#2316,#1651,#3279,.T.);
#3281=ORIENTED_EDGE('',*,*,#3280,.F.);
#3282=ORIENTED_EDGE('',*,*,#2319,.F.);
#3283=CARTESIAN_POINT('',(0.000000000000,2.688648483009,0.263190681470));
#3284=LINE('',#3283,#12);
#3285=EDGE_CURVE('',#2310,#1656,#3284,.T.);
#3286=ORIENTED_EDGE('',*,*,#3285,.T.);
#3287=EDGE_LOOP('',(#3277,#3281,#3282,#3286));
#3288=ORIENTED_EDGE('',*,*,#1165,.F.);
#3289=ORIENTED_EDGE('',*,*,#3269,.F.);
#3290=ORIENTED_EDGE('',*,*,#2838,.F.);
#3291=CARTESIAN_POINT('',(0.250000000000,-2.514861900802,-0.421864456780));
#3292=LINE('',#3291,#12);
#3293=EDGE_CURVE('',#2831,#1160,#3292,.T.);
#3294=ORIENTED_EDGE('',*,*,#3293,.T.);
#3295=EDGE_LOOP('',(#3288,#3289,#3290,#3294));
#3296=FACE_OUTER_BOUND('',#3287,.T.);
#3297=ADVANCED_FACE('',(#3296),#3276,.T.);
#3298=FACE_OUTER_BOUND('',#3295,.T.);
#3299=ADVANCED_FACE('',(#3298),#3276,.T.);
#3300=CARTESIAN_POINT('',(0.000000000000,-0.011747357300,0.089230037524));
#3301=AXIS2_PLACEMENT_3D('',#3300,#836,#1162);
#3302=PLANE('',#3301);
#3303=ORIENTED_EDGE('',*,*,#1151,.F.);
#3304=CARTESIAN_POINT('',(0.250000000000,-2.538356615402,-0.243404381733));
#3305=LINE('',#3304,#12);
#3306=EDGE_CURVE('',#2847,#1143,#3305,.T.);
#3307=ORIENTED_EDGE('',*,*,#3306,.F.);
#3308=ORIENTED_EDGE('',*,*,#2849,.F.);
#3309=ORIENTED_EDGE('',*,*,#3264,.F.);
#3310=EDGE_LOOP('',(#3303,#3307,#3308,#3309));
#3311=ORIENTED_EDGE('',*,*,#1669,.F.);
#3312=CARTESIAN_POINT('',(0.000000000000,2.665153768409,0.441650756518));
#3313=LINE('',#3312,#27);
#3314=EDGE_CURVE('',#1661,#2304,#3313,.T.);
#3315=ORIENTED_EDGE('',*,*,#3314,.T.);
#3316=ORIENTED_EDGE('',*,*,#2307,.F.);
#3317=CARTESIAN_POINT('',(0.250000000000,2.514861900802,0.421864456780));
#3318=LINE('',#3317,#12);
#3319=EDGE_CURVE('',#2299,#1667,#3318,.T.);
#3320=ORIENTED_EDGE('',*,*,#3319,.T.);
#3321=EDGE_LOOP('',(#3311,#3315,#3316,#3320));
#3322=FACE_OUTER_BOUND('',#3310,.T.);
#3323=ADVANCED_FACE('',(#3322),#3302,.T.);
#3324=FACE_OUTER_BOUND('',#3321,.T.);
#3325=ADVANCED_FACE('',(#3324),#3302,.T.);
#3326=CARTESIAN_POINT('',(0.000000000000,-1.909188309204,-1.909188309204));
#3327=AXIS2_PLACEMENT_3D('',#3326,#650,#642);
#3328=PLANE('',#3327);
#3329=ORIENTED_EDGE('',*,*,#1265,.F.);
#3330=CARTESIAN_POINT('',(0.000000000000,-1.972827919510,-1.845548698897));
#3331=LINE('',#3330,#27);
#3332=EDGE_CURVE('',#1257,#2747,#3331,.T.);
#3333=ORIENTED_EDGE('',*,*,#3332,.T.);
#3334=ORIENTED_EDGE('',*,*,#2750,.F.);
#3335=CARTESIAN_POINT('',(0.000000000000,-1.845548698897,-1.972827919510));
#3336=LINE('',#3335,#12);
#3337=EDGE_CURVE('',#2741,#1262,#3336,.T.);
#3338=ORIENTED_EDGE('',*,*,#3337,.T.);
#3339=EDGE_LOOP('',(#3329,#3333,#3334,#3338));
#3340=FACE_OUTER_BOUND('',#3339,.T.);
#3341=ADVANCED_FACE('',(#3340),#3328,.T.);
#3342=CARTESIAN_POINT('',(0.000000000000,0.063639610307,-0.063639610307));
#3343=AXIS2_PLACEMENT_3D('',#3342,#987,#650);
#3344=PLANE('',#3343);
#3345=ORIENTED_EDGE('',*,*,#637,.F.);
#3346=CARTESIAN_POINT('',(0.250000000000,1.865638500429,1.738359279815));
#3347=LINE('',#3346,#12);
#3348=EDGE_CURVE('',#3246,#627,#3347,.T.);
#3349=ORIENTED_EDGE('',*,*,#3348,.F.);
#3350=ORIENTED_EDGE('',*,*,#3248,.F.);
#3351=CARTESIAN_POINT('',(0.000000000000,1.972827919510,1.845548698897));
#3352=LINE('',#3351,#12);
#3353=EDGE_CURVE('',#3240,#632,#3352,.T.);
#3354=ORIENTED_EDGE('',*,*,#3353,.T.);
#3355=EDGE_LOOP('',(#3345,#3349,#3350,#3354));
#3356=ORIENTED_EDGE('',*,*,#1270,.F.);
#3357=ORIENTED_EDGE('',*,*,#3337,.F.);
#3358=ORIENTED_EDGE('',*,*,#2744,.F.);
#3359=CARTESIAN_POINT('',(0.250000000000,-1.738359279815,-1.865638500429));
#3360=LINE('',#3359,#12);
#3361=EDGE_CURVE('',#2736,#1268,#3360,.T.);
#3362=ORIENTED_EDGE('',*,*,#3361,.T.);
#3363=EDGE_LOOP('',(#3356,#3357,#3358,#3362));
#3364=FACE_OUTER_BOUND('',#3355,.T.);
#3365=ADVANCED_FACE('',(#3364),#3344,.T.);
#3366=FACE_OUTER_BOUND('',#3363,.T.);
#3367=ADVANCED_FACE('',(#3366),#3344,.T.);
#3368=CARTESIAN_POINT('',(0.000000000000,-0.063639610307,0.063639610307));
#3369=AXIS2_PLACEMENT_3D('',#3368,#642,#634);
#3370=PLANE('',#3369);
#3371=ORIENTED_EDGE('',*,*,#653,.F.);
#3372=CARTESIAN_POINT('',(0.000000000000,1.845548698897,1.972827919510));
#3373=LINE('',#3372,#27);
#3374=EDGE_CURVE('',#640,#3235,#3373,.T.);
#3375=ORIENTED_EDGE('',*,*,#3374,.T.);
#3376=ORIENTED_EDGE('',*,*,#3237,.F.);
#3377=CARTESIAN_POINT('',(0.250000000000,1.738359279815,1.865638500429));
#3378=LINE('',#3377,#12);
#3379=EDGE_CURVE('',#3230,#648,#3378,.T.);
#3380=ORIENTED_EDGE('',*,*,#3379,.T.);
#3381=EDGE_LOOP('',(#3371,#3375,#3376,#3380));
#3382=ORIENTED_EDGE('',*,*,#1259,.F.);
#3383=CARTESIAN_POINT('',(0.250000000000,-1.865638500429,-1.738359279815));
#3384=LINE('',#3383,#12);
#3385=EDGE_CURVE('',#2753,#1252,#3384,.T.);
#3386=ORIENTED_EDGE('',*,*,#3385,.F.);
#3387=ORIENTED_EDGE('',*,*,#2756,.F.);
#3388=ORIENTED_EDGE('',*,*,#3332,.F.);
#3389=EDGE_LOOP('',(#3382,#3386,#3387,#3388));
#3390=FACE_OUTER_BOUND('',#3381,.T.);
#3391=ADVANCED_FACE('',(#3390),#3370,.T.);
#3392=FACE_OUTER_BOUND('',#3389,.T.);
#3393=ADVANCED_FACE('',(#3392),#3370,.T.);
#3394=CARTESIAN_POINT('',(0.000000000000,2.142054018786,-1.643655858324));
#3395=AXIS2_PLACEMENT_3D('',#3394,#1012,#679);
#3396=PLANE('',#3395);
#3397=ORIENTED_EDGE('',*,*,#1538,.F.);
#3398=CARTESIAN_POINT('',(0.000000000000,2.087265490176,-1.715057658950));
#3399=LINE('',#3398,#27);
#3400=EDGE_CURVE('',#1530,#2448,#3399,.T.);
#3401=ORIENTED_EDGE('',*,*,#3400,.T.);
#3402=ORIENTED_EDGE('',*,*,#2451,.F.);
#3403=CARTESIAN_POINT('',(0.000000000000,2.196842547397,-1.572254057697));
#3404=LINE('',#3403,#12);
#3405=EDGE_CURVE('',#2442,#1535,#3404,.T.);
#3406=ORIENTED_EDGE('',*,*,#3405,.T.);
#3407=EDGE_LOOP('',(#3397,#3401,#3402,#3406));
#3408=FACE_OUTER_BOUND('',#3407,.T.);
#3409=ADVANCED_FACE('',(#3408),#3396,.T.);
#3410=CARTESIAN_POINT('',(0.000000000000,0.054788528611,0.071401800626));
#3411=AXIS2_PLACEMENT_3D('',#3410,#663,#1012);
#3412=PLANE('',#3411);
#3413=ORIENTED_EDGE('',*,*,#1001,.F.);
#3414=CARTESIAN_POINT('',(0.250000000000,-1.967002064714,1.622776286926));
#3415=LINE('',#3414,#12);
#3416=EDGE_CURVE('',#2973,#993,#3415,.T.);
#3417=ORIENTED_EDGE('',*,*,#3416,.F.);
#3418=ORIENTED_EDGE('',*,*,#2975,.F.);
#3419=CARTESIAN_POINT('',(0.000000000000,-2.087265490176,1.715057658950));
#3420=LINE('',#3419,#12);
#3421=EDGE_CURVE('',#2967,#998,#3420,.T.);
#3422=ORIENTED_EDGE('',*,*,#3421,.T.);
#3423=EDGE_LOOP('',(#3413,#3417,#3418,#3422));
#3424=ORIENTED_EDGE('',*,*,#1543,.F.);
#3425=ORIENTED_EDGE('',*,*,#3405,.F.);
#3426=ORIENTED_EDGE('',*,*,#2445,.F.);
#3427=CARTESIAN_POINT('',(0.250000000000,2.076579121936,-1.479972685674));
#3428=LINE('',#3427,#12);
#3429=EDGE_CURVE('',#2437,#1541,#3428,.T.);
#3430=ORIENTED_EDGE('',*,*,#3429,.T.);
#3431=EDGE_LOOP('',(#3424,#3425,#3426,#3430));
#3432=FACE_OUTER_BOUND('',#3423,.T.);
#3433=ADVANCED_FACE('',(#3432),#3412,.T.);
#3434=FACE_OUTER_BOUND('',#3431,.T.);
#3435=ADVANCED_FACE('',(#3434),#3412,.T.);
#3436=CARTESIAN_POINT('',(0.000000000000,-0.054788528611,-0.071401800626));
#3437=AXIS2_PLACEMENT_3D('',#3436,#679,#671);
#3438=PLANE('',#3437);
#3439=ORIENTED_EDGE('',*,*,#1532,.F.);
#3440=CARTESIAN_POINT('',(0.250000000000,1.967002064714,-1.622776286926));
#3441=LINE('',#3440,#12);
#3442=EDGE_CURVE('',#2454,#1525,#3441,.T.);
#3443=ORIENTED_EDGE('',*,*,#3442,.F.);
#3444=ORIENTED_EDGE('',*,*,#2457,.F.);
#3445=ORIENTED_EDGE('',*,*,#3400,.F.);
#3446=EDGE_LOOP('',(#3439,#3443,#3444,#3445));
#3447=ORIENTED_EDGE('',*,*,#1015,.F.);
#3448=CARTESIAN_POINT('',(0.000000000000,-2.196842547397,1.572254057697));
#3449=LINE('',#3448,#27);
#3450=EDGE_CURVE('',#1004,#2962,#3449,.T.);
#3451=ORIENTED_EDGE('',*,*,#3450,.T.);
#3452=ORIENTED_EDGE('',*,*,#2964,.F.);
#3453=CARTESIAN_POINT('',(0.250000000000,-2.076579121936,1.479972685674));
#3454=LINE('',#3453,#12);
#3455=EDGE_CURVE('',#2957,#1010,#3454,.T.);
#3456=ORIENTED_EDGE('',*,*,#3455,.T.);
#3457=EDGE_LOOP('',(#3447,#3451,#3452,#3456));
#3458=FACE_OUTER_BOUND('',#3446,.T.);
#3459=ADVANCED_FACE('',(#3458),#3438,.T.);
#3460=FACE_OUTER_BOUND('',#3457,.T.);
#3461=ADVANCED_FACE('',(#3460),#3438,.T.);
#3462=CARTESIAN_POINT('',(0.000000000000,0.698811421777,2.607999730980));
#3463=AXIS2_PLACEMENT_3D('',#3462,#750,#1087);
#3464=PLANE('',#3463);
#3465=ORIENTED_EDGE('',*,*,#761,.F.);
#3466=CARTESIAN_POINT('',(0.000000000000,0.785744746143,2.584706016921));
#3467=LINE('',#3466,#27);
#3468=EDGE_CURVE('',#748,#3156,#3467,.T.);
#3469=ORIENTED_EDGE('',*,*,#3468,.T.);
#3470=ORIENTED_EDGE('',*,*,#3159,.F.);
#3471=CARTESIAN_POINT('',(0.000000000000,0.611878097411,2.631293445040));
#3472=LINE('',#3471,#12);
#3473=EDGE_CURVE('',#3151,#756,#3472,.T.);
#3474=ORIENTED_EDGE('',*,*,#3473,.T.);
#3475=EDGE_LOOP('',(#3465,#3469,#3470,#3474));
#3476=FACE_OUTER_BOUND('',#3475,.T.);
#3477=ADVANCED_FACE('',(#3476),#3464,.T.);
#3478=CARTESIAN_POINT('',(0.000000000000,-0.086933324366,0.023293714059));
#3479=AXIS2_PLACEMENT_3D('',#3478,#758,#750);
#3480=PLANE('',#3479);
#3481=ORIENTED_EDGE('',*,*,#1343,.F.);
#3482=CARTESIAN_POINT('',(0.250000000000,-0.746510695742,-2.438282547438));
#3483=LINE('',#3482,#12);
#3484=EDGE_CURVE('',#2661,#1336,#3483,.T.);
#3485=ORIENTED_EDGE('',*,*,#3484,.F.);
#3486=ORIENTED_EDGE('',*,*,#2664,.F.);
#3487=CARTESIAN_POINT('',(0.000000000000,-0.785744746143,-2.584706016921));
#3488=LINE('',#3487,#12);
#3489=EDGE_CURVE('',#2655,#1341,#3488,.T.);
#3490=ORIENTED_EDGE('',*,*,#3489,.T.);
#3491=EDGE_LOOP('',(#3481,#3485,#3486,#3490));
#3492=ORIENTED_EDGE('',*,*,#769,.F.);
#3493=ORIENTED_EDGE('',*,*,#3473,.F.);
#3494=ORIENTED_EDGE('',*,*,#3153,.F.);
#3495=CARTESIAN_POINT('',(0.250000000000,0.572644047010,2.484869975557));
#3496=LINE('',#3495,#12);
#3497=EDGE_CURVE('',#3146,#764,#3496,.T.);
#3498=ORIENTED_EDGE('',*,*,#3497,.T.);
#3499=EDGE_LOOP('',(#3492,#3493,#3494,#3498));
#3500=FACE_OUTER_BOUND('',#3491,.T.);
#3501=ADVANCED_FACE('',(#3500),#3480,.T.);
#3502=FACE_OUTER_BOUND('',#3499,.T.);
#3503=ADVANCED_FACE('',(#3502),#3480,.T.);
#3504=CARTESIAN_POINT('',(0.000000000000,0.086933324366,-0.023293714059));
#3505=AXIS2_PLACEMENT_3D('',#3504,#1087,#766);
#3506=PLANE('',#3505);
#3507=ORIENTED_EDGE('',*,*,#753,.F.);
#3508=CARTESIAN_POINT('',(0.250000000000,0.746510695742,2.438282547438));
#3509=LINE('',#3508,#12);
#3510=EDGE_CURVE('',#3162,#743,#3509,.T.);
#3511=ORIENTED_EDGE('',*,*,#3510,.F.);
#3512=ORIENTED_EDGE('',*,*,#3164,.F.);
#3513=ORIENTED_EDGE('',*,*,#3468,.F.);
#3514=EDGE_LOOP('',(#3507,#3511,#3512,#3513));
#3515=ORIENTED_EDGE('',*,*,#1354,.F.);
#3516=CARTESIAN_POINT('',(0.000000000000,-0.611878097411,-2.631293445040));
#3517=LINE('',#3516,#27);
#3518=EDGE_CURVE('',#1346,#2649,#3517,.T.);
#3519=ORIENTED_EDGE('',*,*,#3518,.T.);
#3520=ORIENTED_EDGE('',*,*,#2652,.F.);
#3521=CARTESIAN_POINT('',(0.250000000000,-0.572644047010,-2.484869975557));
#3522=LINE('',#3521,#12);
#3523=EDGE_CURVE('',#2644,#1352,#3522,.T.);
#3524=ORIENTED_EDGE('',*,*,#3523,.T.);
#3525=EDGE_LOOP('',(#3515,#3519,#3520,#3524));
#3526=FACE_OUTER_BOUND('',#3514,.T.);
#3527=ADVANCED_FACE('',(#3526),#3506,.T.);
#3528=FACE_OUTER_BOUND('',#3525,.T.);
#3529=ADVANCED_FACE('',(#3528),#3506,.T.);
#3530=CARTESIAN_POINT('',(0.000000000000,0.000000000000,2.700000000000));
#3531=AXIS2_PLACEMENT_3D('',#3530,#140,#26);
#3532=PLANE('',#3531);
#3533=ORIENTED_EDGE('',*,*,#818,.F.);
#3534=CARTESIAN_POINT('',(0.000000000000,0.090000000000,2.700000000000));
#3535=LINE('',#3534,#27);
#3536=EDGE_CURVE('',#806,#3114,#3535,.T.);
#3537=ORIENTED_EDGE('',*,*,#3536,.T.);
#3538=ORIENTED_EDGE('',*,*,#3117,.F.);
#3539=CARTESIAN_POINT('',(0.000000000000,-0.090000000000,2.700000000000));
#3540=LINE('',#3539,#12);
#3541=EDGE_CURVE('',#3109,#813,#3540,.T.);
#3542=ORIENTED_EDGE('',*,*,#3541,.T.);
#3543=EDGE_LOOP('',(#3533,#3537,#3538,#3542));
#3544=FACE_OUTER_BOUND('',#3543,.T.);
#3545=ADVANCED_FACE('',(#3544),#3532,.T.);
#3546=CARTESIAN_POINT('',(0.000000000000,-0.090000000000,0.000000000000));
#3547=AXIS2_PLACEMENT_3D('',#3546,#815,#140);
#3548=PLANE('',#3547);
#3549=ORIENTED_EDGE('',*,*,#1385,.F.);
#3550=CARTESIAN_POINT('',(0.250000000000,-0.090000000000,-2.548411269791));
#3551=LINE('',#3550,#12);
#3552=EDGE_CURVE('',#2615,#1378,#3551,.T.);
#3553=ORIENTED_EDGE('',*,*,#3552,.F.);
#3554=ORIENTED_EDGE('',*,*,#2618,.F.);
#3555=CARTESIAN_POINT('',(0.000000000000,-0.090000000000,-2.700000000000));
#3556=LINE('',#3555,#12);
#3557=EDGE_CURVE('',#2609,#1383,#3556,.T.);
#3558=ORIENTED_EDGE('',*,*,#3557,.T.);
#3559=EDGE_LOOP('',(#3549,#3553,#3554,#3558));
#3560=ORIENTED_EDGE('',*,*,#826,.F.);
#3561=ORIENTED_EDGE('',*,*,#3541,.F.);
#3562=ORIENTED_EDGE('',*,*,#3111,.F.);
#3563=CARTESIAN_POINT('',(0.250000000000,-0.090000000000,2.548411269791));
#3564=LINE('',#3563,#12);
#3565=EDGE_CURVE('',#3104,#821,#3564,.T.);
#3566=ORIENTED_EDGE('',*,*,#3565,.T.);
#3567=EDGE_LOOP('',(#3560,#3561,#3562,#3566));
#3568=FACE_OUTER_BOUND('',#3559,.T.);
#3569=ADVANCED_FACE('',(#3568),#3548,.T.);
#3570=FACE_OUTER_BOUND('',#3567,.T.);
#3571=ADVANCED_FACE('',(#3570),#3548,.T.);
#3572=CARTESIAN_POINT('',(0.000000000000,0.090000000000,0.000000000000));
#3573=AXIS2_PLACEMENT_3D('',#3572,#1137,#823);
#3574=PLANE('',#3573);
#3575=ORIENTED_EDGE('',*,*,#1396,.F.);
#3576=CARTESIAN_POINT('',(0.000000000000,0.090000000000,-2.700000000000));
#3577=LINE('',#3576,#27);
#3578=EDGE_CURVE('',#1388,#2603,#3577,.T.);
#3579=ORIENTED_EDGE('',*,*,#3578,.T.);
#3580=ORIENTED_EDGE('',*,*,#2606,.F.);
#3581=CARTESIAN_POINT('',(0.250000000000,0.090000000000,-2.548411269791));
#3582=LINE('',#3581,#12);
#3583=EDGE_CURVE('',#2598,#1394,#3582,.T.);
#3584=ORIENTED_EDGE('',*,*,#3583,.T.);
#3585=EDGE_LOOP('',(#3575,#3579,#3580,#3584));
#3586=ORIENTED_EDGE('',*,*,#810,.F.);
#3587=CARTESIAN_POINT('',(0.250000000000,0.090000000000,2.548411269791));
#3588=LINE('',#3587,#12);
#3589=EDGE_CURVE('',#3120,#801,#3588,.T.);
#3590=ORIENTED_EDGE('',*,*,#3589,.F.);
#3591=ORIENTED_EDGE('',*,*,#3122,.F.);
#3592=ORIENTED_EDGE('',*,*,#3536,.F.);
#3593=EDGE_LOOP('',(#3586,#3590,#3591,#3592));
#3594=FACE_OUTER_BOUND('',#3585,.T.);
#3595=ADVANCED_FACE('',(#3594),#3574,.T.);
#3596=FACE_OUTER_BOUND('',#3593,.T.);
#3597=ADVANCED_FACE('',(#3596),#3574,.T.);
#3598=CARTESIAN_POINT('',(0.000000000000,-2.494474737780,1.033245267386));
#3599=AXIS2_PLACEMENT_3D('',#3598,#729,#721);
#3600=PLANE('',#3599);
#3601=ORIENTED_EDGE('',*,*,#1057,.F.);
#3602=CARTESIAN_POINT('',(0.000000000000,-2.460033228868,1.116394425312));
#3603=LINE('',#3602,#27);
#3604=EDGE_CURVE('',#1048,#2925,#3603,.T.);
#3605=ORIENTED_EDGE('',*,*,#3604,.T.);
#3606=ORIENTED_EDGE('',*,*,#2928,.F.);
#3607=CARTESIAN_POINT('',(0.000000000000,-2.528916246693,0.950096109460));
#3608=LINE('',#3607,#12);
#3609=EDGE_CURVE('',#2920,#1054,#3608,.T.);
#3610=ORIENTED_EDGE('',*,*,#3609,.T.);
#3611=EDGE_LOOP('',(#3601,#3605,#3606,#3610));
#3612=FACE_OUTER_BOUND('',#3611,.T.);
#3613=ADVANCED_FACE('',(#3612),#3600,.T.);
#3614=CARTESIAN_POINT('',(0.000000000000,-0.034441508913,-0.083149157926));
#3615=AXIS2_PLACEMENT_3D('',#3614,#737,#729);
#3616=PLANE('',#3615);
#3617=ORIENTED_EDGE('',*,*,#1574,.F.);
#3618=CARTESIAN_POINT('',(0.250000000000,2.319983503669,-1.058383929728));
#3619=LINE('',#3618,#12);
#3620=EDGE_CURVE('',#2408,#1567,#3619,.T.);
#3621=ORIENTED_EDGE('',*,*,#3620,.F.);
#3622=ORIENTED_EDGE('',*,*,#2411,.F.);
#3623=CARTESIAN_POINT('',(0.000000000000,2.460033228868,-1.116394425312));
#3624=LINE('',#3623,#12);
#3625=EDGE_CURVE('',#2402,#1572,#3624,.T.);
#3626=ORIENTED_EDGE('',*,*,#3625,.T.);
#3627=EDGE_LOOP('',(#3617,#3621,#3622,#3626));
#3628=ORIENTED_EDGE('',*,*,#1065,.F.);
#3629=ORIENTED_EDGE('',*,*,#3609,.F.);
#3630=ORIENTED_EDGE('',*,*,#2922,.F.);
#3631=CARTESIAN_POINT('',(0.250000000000,-2.388866521494,0.892085613876));
#3632=LINE('',#3631,#12);
#3633=EDGE_CURVE('',#2915,#1060,#3632,.T.);
#3634=ORIENTED_EDGE('',*,*,#3633,.T.);
#3635=EDGE_LOOP('',(#3628,#3629,#3630,#3634));
#3636=FACE_OUTER_BOUND('',#3627,.T.);
#3637=ADVANCED_FACE('',(#3636),#3616,.T.);
#3638=FACE_OUTER_BOUND('',#3635,.T.);
#3639=ADVANCED_FACE('',(#3638),#3616,.T.);
#3640=CARTESIAN_POINT('',(0.000000000000,0.034441508913,0.083149157926));
#3641=AXIS2_PLACEMENT_3D('',#3640,#721,#1062);
#3642=PLANE('',#3641);
#3643=ORIENTED_EDGE('',*,*,#1051,.F.);
#3644=CARTESIAN_POINT('',(0.250000000000,-2.319983503669,1.058383929728));
#3645=LINE('',#3644,#12);
#3646=EDGE_CURVE('',#2931,#1043,#3645,.T.);
#3647=ORIENTED_EDGE('',*,*,#3646,.F.);
#3648=ORIENTED_EDGE('',*,*,#2933,.F.);
#3649=ORIENTED_EDGE('',*,*,#3604,.F.);
#3650=EDGE_LOOP('',(#3643,#3647,#3648,#3649));
#3651=ORIENTED_EDGE('',*,*,#1585,.F.);
#3652=CARTESIAN_POINT('',(0.000000000000,2.528916246693,-0.950096109460));
#3653=LINE('',#3652,#27);
#3654=EDGE_CURVE('',#1577,#2396,#3653,.T.);
#3655=ORIENTED_EDGE('',*,*,#3654,.T.);
#3656=ORIENTED_EDGE('',*,*,#2399,.F.);
#3657=CARTESIAN_POINT('',(0.250000000000,2.388866521494,-0.892085613876));
#3658=LINE('',#3657,#12);
#3659=EDGE_CURVE('',#2391,#1583,#3658,.T.);
#3660=ORIENTED_EDGE('',*,*,#3659,.T.);
#3661=EDGE_LOOP('',(#3651,#3655,#3656,#3660));
#3662=FACE_OUTER_BOUND('',#3650,.T.);
#3663=ADVANCED_FACE('',(#3662),#3642,.T.);
#3664=FACE_OUTER_BOUND('',#3661,.T.);
#3665=ADVANCED_FACE('',(#3664),#3642,.T.);
#3666=CARTESIAN_POINT('',(0.000000000000,-2.338268590218,1.350000000000));
#3667=AXIS2_PLACEMENT_3D('',#3666,#700,#692);
#3668=PLANE('',#3667);
#3669=ORIENTED_EDGE('',*,*,#1032,.F.);
#3670=CARTESIAN_POINT('',(0.000000000000,-2.293268590218,1.427942286341));
#3671=LINE('',#3670,#27);
#3672=EDGE_CURVE('',#1023,#2946,#3671,.T.);
#3673=ORIENTED_EDGE('',*,*,#3672,.T.);
#3674=ORIENTED_EDGE('',*,*,#2949,.F.);
#3675=CARTESIAN_POINT('',(0.000000000000,-2.383268590218,1.272057713659));
#3676=LINE('',#3675,#12);
#3677=EDGE_CURVE('',#2941,#1029,#3676,.T.);
#3678=ORIENTED_EDGE('',*,*,#3677,.T.);
#3679=EDGE_LOOP('',(#3669,#3673,#3674,#3678));
#3680=FACE_OUTER_BOUND('',#3679,.T.);
#3681=ADVANCED_FACE('',(#3680),#3668,.T.);
#3682=CARTESIAN_POINT('',(0.000000000000,-0.045000000000,-0.077942286341));
#3683=AXIS2_PLACEMENT_3D('',#3682,#708,#700);
#3684=PLANE('',#3683);
#3685=ORIENTED_EDGE('',*,*,#1553,.F.);
#3686=CARTESIAN_POINT('',(0.250000000000,2.161988898930,-1.352147921236));
#3687=LINE('',#3686,#12);
#3688=EDGE_CURVE('',#2431,#1546,#3687,.T.);
#3689=ORIENTED_EDGE('',*,*,#3688,.F.);
#3690=ORIENTED_EDGE('',*,*,#2434,.F.);
#3691=CARTESIAN_POINT('',(0.000000000000,2.293268590218,-1.427942286341));
#3692=LINE('',#3691,#12);
#3693=EDGE_CURVE('',#2425,#1551,#3692,.T.);
#3694=ORIENTED_EDGE('',*,*,#3693,.T.);
#3695=EDGE_LOOP('',(#3685,#3689,#3690,#3694));
#3696=ORIENTED_EDGE('',*,*,#1040,.F.);
#3697=ORIENTED_EDGE('',*,*,#3677,.F.);
#3698=ORIENTED_EDGE('',*,*,#2943,.F.);
#3699=CARTESIAN_POINT('',(0.250000000000,-2.251988898930,1.196263348555));
#3700=LINE('',#3699,#12);
#3701=EDGE_CURVE('',#2936,#1035,#3700,.T.);
#3702=ORIENTED_EDGE('',*,*,#3701,.T.);
#3703=EDGE_LOOP('',(#3696,#3697,#3698,#3702));
#3704=FACE_OUTER_BOUND('',#3695,.T.);
#3705=ADVANCED_FACE('',(#3704),#3684,.T.);
#3706=FACE_OUTER_BOUND('',#3703,.T.);
#3707=ADVANCED_FACE('',(#3706),#3684,.T.);
#3708=CARTESIAN_POINT('',(0.000000000000,0.045000000000,0.077942286341));
#3709=AXIS2_PLACEMENT_3D('',#3708,#692,#1037);
#3710=PLANE('',#3709);
#3711=ORIENTED_EDGE('',*,*,#1026,.F.);
#3712=CARTESIAN_POINT('',(0.250000000000,-2.161988898930,1.352147921236));
#3713=LINE('',#3712,#12);
#3714=EDGE_CURVE('',#2952,#1018,#3713,.T.);
#3715=ORIENTED_EDGE('',*,*,#3714,.F.);
#3716=ORIENTED_EDGE('',*,*,#2954,.F.);
#3717=ORIENTED_EDGE('',*,*,#3672,.F.);
#3718=EDGE_LOOP('',(#3711,#3715,#3716,#3717));
#3719=ORIENTED_EDGE('',*,*,#1564,.F.);
#3720=CARTESIAN_POINT('',(0.000000000000,2.383268590218,-1.272057713659));
#3721=LINE('',#3720,#27);
#3722=EDGE_CURVE('',#1556,#2419,#3721,.T.);
#3723=ORIENTED_EDGE('',*,*,#3722,.T.);
#3724=ORIENTED_EDGE('',*,*,#2422,.F.);
#3725=CARTESIAN_POINT('',(0.250000000000,2.251988898930,-1.196263348555));
#3726=LINE('',#3725,#12);
#3727=EDGE_CURVE('',#2414,#1562,#3726,.T.);
#3728=ORIENTED_EDGE('',*,*,#3727,.T.);
#3729=EDGE_LOOP('',(#3719,#3723,#3724,#3728));
#3730=FACE_OUTER_BOUND('',#3718,.T.);
#3731=ADVANCED_FACE('',(#3730),#3710,.T.);
#3732=FACE_OUTER_BOUND('',#3729,.T.);
#3733=ADVANCED_FACE('',(#3732),#3710,.T.);
#3734=CARTESIAN_POINT('',(0.000000000000,0.352420718994,2.676901125709));
#3735=AXIS2_PLACEMENT_3D('',#3734,#779,#1112);
#3736=PLANE('',#3735);
#3737=ORIENTED_EDGE('',*,*,#790,.F.);
#3738=CARTESIAN_POINT('',(0.000000000000,0.441650756518,2.665153768409));
#3739=LINE('',#3738,#27);
#3740=EDGE_CURVE('',#777,#3135,#3739,.T.);
#3741=ORIENTED_EDGE('',*,*,#3740,.T.);
#3742=ORIENTED_EDGE('',*,*,#3138,.F.);
#3743=CARTESIAN_POINT('',(0.000000000000,0.263190681470,2.688648483009));
#3744=LINE('',#3743,#12);
#3745=EDGE_CURVE('',#3130,#785,#3744,.T.);
#3746=ORIENTED_EDGE('',*,*,#3745,.T.);
#3747=EDGE_LOOP('',(#3737,#3741,#3742,#3746));
#3748=FACE_OUTER_BOUND('',#3747,.T.);
#3749=ADVANCED_FACE('',(#3748),#3736,.T.);
#3750=CARTESIAN_POINT('',(0.000000000000,-0.089230037524,0.011747357300));
#3751=AXIS2_PLACEMENT_3D('',#3750,#787,#779);
#3752=PLANE('',#3751);
#3753=ORIENTED_EDGE('',*,*,#1364,.F.);
#3754=CARTESIAN_POINT('',(0.250000000000,-0.421864456780,-2.514861900802));
#3755=LINE('',#3754,#12);
#3756=EDGE_CURVE('',#2638,#1357,#3755,.T.);
#3757=ORIENTED_EDGE('',*,*,#3756,.F.);
#3758=ORIENTED_EDGE('',*,*,#2641,.F.);
#3759=CARTESIAN_POINT('',(0.000000000000,-0.441650756518,-2.665153768409));
#3760=LINE('',#3759,#12);
#3761=EDGE_CURVE('',#2632,#1362,#3760,.T.);
#3762=ORIENTED_EDGE('',*,*,#3761,.T.);
#3763=EDGE_LOOP('',(#3753,#3757,#3758,#3762));
#3764=ORIENTED_EDGE('',*,*,#798,.F.);
#3765=ORIENTED_EDGE('',*,*,#3745,.F.);
#3766=ORIENTED_EDGE('',*,*,#3132,.F.);
#3767=CARTESIAN_POINT('',(0.250000000000,0.243404381733,2.538356615402));
#3768=LINE('',#3767,#12);
#3769=EDGE_CURVE('',#3125,#793,#3768,.T.);
#3770=ORIENTED_EDGE('',*,*,#3769,.T.);
#3771=EDGE_LOOP('',(#3764,#3765,#3766,#3770));
#3772=FACE_OUTER_BOUND('',#3763,.T.);
#3773=ADVANCED_FACE('',(#3772),#3752,.T.);
#3774=FACE_OUTER_BOUND('',#3771,.T.);
#3775=ADVANCED_FACE('',(#3774),#3752,.T.);
#3776=CARTESIAN_POINT('',(0.000000000000,0.089230037524,-0.011747357300));
#3777=AXIS2_PLACEMENT_3D('',#3776,#1112,#795);
#3778=PLANE('',#3777);
#3779=ORIENTED_EDGE('',*,*,#1375,.F.);
#3780=CARTESIAN_POINT('',(0.000000000000,-0.263190681470,-2.688648483009));
#3781=LINE('',#3780,#27);
#3782=EDGE_CURVE('',#1367,#2626,#3781,.T.);
#3783=ORIENTED_EDGE('',*,*,#3782,.T.);
#3784=ORIENTED_EDGE('',*,*,#2629,.F.);
#3785=CARTESIAN_POINT('',(0.250000000000,-0.243404381733,-2.538356615402));
#3786=LINE('',#3785,#12);
#3787=EDGE_CURVE('',#2621,#1373,#3786,.T.);
#3788=ORIENTED_EDGE('',*,*,#3787,.T.);
#3789=EDGE_LOOP('',(#3779,#3783,#3784,#3788));
#3790=ORIENTED_EDGE('',*,*,#782,.F.);
#3791=CARTESIAN_POINT('',(0.250000000000,0.421864456780,2.514861900802));
#3792=LINE('',#3791,#12);
#3793=EDGE_CURVE('',#3141,#772,#3792,.T.);
#3794=ORIENTED_EDGE('',*,*,#3793,.F.);
#3795=ORIENTED_EDGE('',*,*,#3143,.F.);
#3796=ORIENTED_EDGE('',*,*,#3740,.F.);
#3797=EDGE_LOOP('',(#3790,#3794,#3795,#3796));
#3798=FACE_OUTER_BOUND('',#3789,.T.);
#3799=ADVANCED_FACE('',(#3798),#3778,.T.);
#3800=FACE_OUTER_BOUND('',#3797,.T.);
#3801=ADVANCED_FACE('',(#3800),#3778,.T.);
#3802=CARTESIAN_POINT('',(0.000000000000,2.676901125709,-0.352420718994));
#3803=AXIS2_PLACEMENT_3D('',#3802,#1112,#795);
#3804=PLANE('',#3803);
#3805=ORIENTED_EDGE('',*,*,#1622,.F.);
#3806=CARTESIAN_POINT('',(0.000000000000,2.665153768409,-0.441650756518));
#3807=LINE('',#3806,#27);
#3808=EDGE_CURVE('',#1614,#2356,#3807,.T.);
#3809=ORIENTED_EDGE('',*,*,#3808,.T.);
#3810=ORIENTED_EDGE('',*,*,#2359,.F.);
#3811=CARTESIAN_POINT('',(0.000000000000,2.688648483009,-0.263190681470));
#3812=LINE('',#3811,#12);
#3813=EDGE_CURVE('',#2350,#1619,#3812,.T.);
#3814=ORIENTED_EDGE('',*,*,#3813,.T.);
#3815=EDGE_LOOP('',(#3805,#3809,#3810,#3814));
#3816=FACE_OUTER_BOUND('',#3815,.T.);
#3817=ADVANCED_FACE('',(#3816),#3804,.T.);
#3818=CARTESIAN_POINT('',(0.000000000000,0.011747357300,0.089230037524));
#3819=AXIS2_PLACEMENT_3D('',#3818,#779,#1112);
#3820=PLANE('',#3819);
#3821=ORIENTED_EDGE('',*,*,#1101,.F.);
#3822=CARTESIAN_POINT('',(0.250000000000,-2.514861900802,0.421864456780));
#3823=LINE('',#3822,#12);
#3824=EDGE_CURVE('',#2889,#1093,#3823,.T.);
#3825=ORIENTED_EDGE('',*,*,#3824,.F.);
#3826=ORIENTED_EDGE('',*,*,#2891,.F.);
#3827=CARTESIAN_POINT('',(0.000000000000,-2.665153768409,0.441650756518));
#3828=LINE('',#3827,#12);
#3829=EDGE_CURVE('',#2883,#1098,#3828,.T.);
#3830=ORIENTED_EDGE('',*,*,#3829,.T.);
#3831=EDGE_LOOP('',(#3821,#3825,#3826,#3830));
#3832=ORIENTED_EDGE('',*,*,#1627,.F.);
#3833=ORIENTED_EDGE('',*,*,#3813,.F.);
#3834=ORIENTED_EDGE('',*,*,#2353,.F.);
#3835=CARTESIAN_POINT('',(0.250000000000,2.538356615402,-0.243404381733));
#3836=LINE('',#3835,#12);
#3837=EDGE_CURVE('',#2345,#1625,#3836,.T.);
#3838=ORIENTED_EDGE('',*,*,#3837,.T.);
#3839=EDGE_LOOP('',(#3832,#3833,#3834,#3838));
#3840=FACE_OUTER_BOUND('',#3831,.T.);
#3841=ADVANCED_FACE('',(#3840),#3820,.T.);
#3842=FACE_OUTER_BOUND('',#3839,.T.);
#3843=ADVANCED_FACE('',(#3842),#3820,.T.);
#3844=CARTESIAN_POINT('',(0.000000000000,-0.011747357300,-0.089230037524));
#3845=AXIS2_PLACEMENT_3D('',#3844,#795,#787);
#3846=PLANE('',#3845);
#3847=ORIENTED_EDGE('',*,*,#1616,.F.);
#3848=CARTESIAN_POINT('',(0.250000000000,2.514861900802,-0.421864456780));
#3849=LINE('',#3848,#12);
#3850=EDGE_CURVE('',#2362,#1609,#3849,.T.);
#3851=ORIENTED_EDGE('',*,*,#3850,.F.);
#3852=ORIENTED_EDGE('',*,*,#2365,.F.);
#3853=ORIENTED_EDGE('',*,*,#3808,.F.);
#3854=EDGE_LOOP('',(#3847,#3851,#3852,#3853));
#3855=ORIENTED_EDGE('',*,*,#1115,.F.);
#3856=CARTESIAN_POINT('',(0.000000000000,-2.688648483009,0.263190681470));
#3857=LINE('',#3856,#27);
#3858=EDGE_CURVE('',#1104,#2878,#3857,.T.);
#3859=ORIENTED_EDGE('',*,*,#3858,.T.);
#3860=ORIENTED_EDGE('',*,*,#2880,.F.);
#3861=CARTESIAN_POINT('',(0.250000000000,-2.538356615402,0.243404381733));
#3862=LINE('',#3861,#12);
#3863=EDGE_CURVE('',#2873,#1110,#3862,.T.);
#3864=ORIENTED_EDGE('',*,*,#3863,.T.);
#3865=EDGE_LOOP('',(#3855,#3859,#3860,#3864));
#3866=FACE_OUTER_BOUND('',#3854,.T.);
#3867=ADVANCED_FACE('',(#3866),#3846,.T.);
#3868=FACE_OUTER_BOUND('',#3865,.T.);
#3869=ADVANCED_FACE('',(#3868),#3846,.T.);
#3870=CARTESIAN_POINT('',(0.000000000000,-2.494474737780,-1.033245267386));
#3871=AXIS2_PLACEMENT_3D('',#3870,#902,#894);
#3872=PLANE('',#3871);
#3873=ORIENTED_EDGE('',*,*,#1207,.F.);
#3874=CARTESIAN_POINT('',(0.000000000000,-2.528916246693,-0.950096109460));
#3875=LINE('',#3874,#27);
#3876=EDGE_CURVE('',#1198,#2799,#3875,.T.);
#3877=ORIENTED_EDGE('',*,*,#3876,.T.);
#3878=ORIENTED_EDGE('',*,*,#2802,.F.);
#3879=CARTESIAN_POINT('',(0.000000000000,-2.460033228868,-1.116394425312));
#3880=LINE('',#3879,#12);
#3881=EDGE_CURVE('',#2794,#1204,#3880,.T.);
#3882=ORIENTED_EDGE('',*,*,#3881,.T.);
#3883=EDGE_LOOP('',(#3873,#3877,#3878,#3882));
#3884=FACE_OUTER_BOUND('',#3883,.T.);
#3885=ADVANCED_FACE('',(#3884),#3872,.T.);
#3886=CARTESIAN_POINT('',(0.000000000000,0.034441508913,-0.083149157926));
#3887=AXIS2_PLACEMENT_3D('',#3886,#910,#902);
#3888=PLANE('',#3887);
#3889=ORIENTED_EDGE('',*,*,#1215,.F.);
#3890=ORIENTED_EDGE('',*,*,#3881,.F.);
#3891=ORIENTED_EDGE('',*,*,#2796,.F.);
#3892=CARTESIAN_POINT('',(0.250000000000,-2.319983503669,-1.058383929728));
#3893=LINE('',#3892,#12);
#3894=EDGE_CURVE('',#2789,#1210,#3893,.T.);
#3895=ORIENTED_EDGE('',*,*,#3894,.T.);
#3896=EDGE_LOOP('',(#3889,#3890,#3891,#3895));
#3897=ORIENTED_EDGE('',*,*,#1700,.F.);
#3898=CARTESIAN_POINT('',(0.250000000000,2.388866521494,0.892085613876));
#3899=LINE('',#3898,#12);
#3900=EDGE_CURVE('',#2270,#1693,#3899,.T.);
#3901=ORIENTED_EDGE('',*,*,#3900,.F.);
#3902=ORIENTED_EDGE('',*,*,#2273,.F.);
#3903=CARTESIAN_POINT('',(0.000000000000,2.528916246693,0.950096109460));
#3904=LINE('',#3903,#12);
#3905=EDGE_CURVE('',#2264,#1698,#3904,.T.);
#3906=ORIENTED_EDGE('',*,*,#3905,.T.);
#3907=EDGE_LOOP('',(#3897,#3901,#3902,#3906));
#3908=FACE_OUTER_BOUND('',#3896,.T.);
#3909=ADVANCED_FACE('',(#3908),#3888,.T.);
#3910=FACE_OUTER_BOUND('',#3907,.T.);
#3911=ADVANCED_FACE('',(#3910),#3888,.T.);
#3912=CARTESIAN_POINT('',(0.000000000000,-0.034441508913,0.083149157926));
#3913=AXIS2_PLACEMENT_3D('',#3912,#894,#1212);
#3914=PLANE('',#3913);
#3915=ORIENTED_EDGE('',*,*,#1201,.F.);
#3916=CARTESIAN_POINT('',(0.250000000000,-2.388866521494,-0.892085613876));
#3917=LINE('',#3916,#12);
#3918=EDGE_CURVE('',#2805,#1193,#3917,.T.);
#3919=ORIENTED_EDGE('',*,*,#3918,.F.);
#3920=ORIENTED_EDGE('',*,*,#2807,.F.);
#3921=ORIENTED_EDGE('',*,*,#3876,.F.);
#3922=EDGE_LOOP('',(#3915,#3919,#3920,#3921));
#3923=ORIENTED_EDGE('',*,*,#1711,.F.);
#3924=CARTESIAN_POINT('',(0.000000000000,2.460033228868,1.116394425312));
#3925=LINE('',#3924,#27);
#3926=EDGE_CURVE('',#1703,#2258,#3925,.T.);
#3927=ORIENTED_EDGE('',*,*,#3926,.T.);
#3928=ORIENTED_EDGE('',*,*,#2261,.F.);
#3929=CARTESIAN_POINT('',(0.250000000000,2.319983503669,1.058383929728));
#3930=LINE('',#3929,#12);
#3931=EDGE_CURVE('',#2253,#1709,#3930,.T.);
#3932=ORIENTED_EDGE('',*,*,#3931,.T.);
#3933=EDGE_LOOP('',(#3923,#3927,#3928,#3932));
#3934=FACE_OUTER_BOUND('',#3922,.T.);
#3935=ADVANCED_FACE('',(#3934),#3914,.T.);
#3936=FACE_OUTER_BOUND('',#3933,.T.);
#3937=ADVANCED_FACE('',(#3936),#3914,.T.);
#3938=CARTESIAN_POINT('',(0.000000000000,1.350000000000,2.338268590218));
#3939=AXIS2_PLACEMENT_3D('',#3938,#692,#1037);
#3940=PLANE('',#3939);
#3941=ORIENTED_EDGE('',*,*,#703,.F.);
#3942=CARTESIAN_POINT('',(0.000000000000,1.427942286341,2.293268590218));
#3943=LINE('',#3942,#27);
#3944=EDGE_CURVE('',#690,#3198,#3943,.T.);
#3945=ORIENTED_EDGE('',*,*,#3944,.T.);
#3946=ORIENTED_EDGE('',*,*,#3201,.F.);
#3947=CARTESIAN_POINT('',(0.000000000000,1.272057713659,2.383268590218));
#3948=LINE('',#3947,#12);
#3949=EDGE_CURVE('',#3193,#698,#3948,.T.);
#3950=ORIENTED_EDGE('',*,*,#3949,.T.);
#3951=EDGE_LOOP('',(#3941,#3945,#3946,#3950));
#3952=FACE_OUTER_BOUND('',#3951,.T.);
#3953=ADVANCED_FACE('',(#3952),#3940,.T.);
#3954=CARTESIAN_POINT('',(0.000000000000,-0.077942286341,0.045000000000));
#3955=AXIS2_PLACEMENT_3D('',#3954,#700,#692);
#3956=PLANE('',#3955);
#3957=ORIENTED_EDGE('',*,*,#1301,.F.);
#3958=CARTESIAN_POINT('',(0.250000000000,-1.352147921236,-2.161988898930));
#3959=LINE('',#3958,#12);
#3960=EDGE_CURVE('',#2707,#1294,#3959,.T.);
#3961=ORIENTED_EDGE('',*,*,#3960,.F.);
#3962=ORIENTED_EDGE('',*,*,#2710,.F.);
#3963=CARTESIAN_POINT('',(0.000000000000,-1.427942286341,-2.293268590218));
#3964=LINE('',#3963,#12);
#3965=EDGE_CURVE('',#2701,#1299,#3964,.T.);
#3966=ORIENTED_EDGE('',*,*,#3965,.T.);
#3967=EDGE_LOOP('',(#3957,#3961,#3962,#3966));
#3968=ORIENTED_EDGE('',*,*,#711,.F.);
#3969=ORIENTED_EDGE('',*,*,#3949,.F.);
#3970=ORIENTED_EDGE('',*,*,#3195,.F.);
#3971=CARTESIAN_POINT('',(0.250000000000,1.196263348555,2.251988898930));
#3972=LINE('',#3971,#12);
#3973=EDGE_CURVE('',#3188,#706,#3972,.T.);
#3974=ORIENTED_EDGE('',*,*,#3973,.T.);
#3975=EDGE_LOOP('',(#3968,#3969,#3970,#3974));
#3976=FACE_OUTER_BOUND('',#3967,.T.);
#3977=ADVANCED_FACE('',(#3976),#3956,.T.);
#3978=FACE_OUTER_BOUND('',#3975,.T.);
#3979=ADVANCED_FACE('',(#3978),#3956,.T.);
#3980=CARTESIAN_POINT('',(0.000000000000,0.077942286341,-0.045000000000));
#3981=AXIS2_PLACEMENT_3D('',#3980,#1037,#708);
#3982=PLANE('',#3981);
#3983=ORIENTED_EDGE('',*,*,#1312,.F.);
#3984=CARTESIAN_POINT('',(0.000000000000,-1.272057713659,-2.383268590218));
#3985=LINE('',#3984,#27);
#3986=EDGE_CURVE('',#1304,#2695,#3985,.T.);
#3987=ORIENTED_EDGE('',*,*,#3986,.T.);
#3988=ORIENTED_EDGE('',*,*,#2698,.F.);
#3989=CARTESIAN_POINT('',(0.250000000000,-1.196263348555,-2.251988898930));
#3990=LINE('',#3989,#12);
#3991=EDGE_CURVE('',#2690,#1310,#3990,.T.);
#3992=ORIENTED_EDGE('',*,*,#3991,.T.);
#3993=EDGE_LOOP('',(#3983,#3987,#3988,#3992));
#3994=ORIENTED_EDGE('',*,*,#695,.F.);
#3995=CARTESIAN_POINT('',(0.250000000000,1.352147921236,2.161988898930));
#3996=LINE('',#3995,#12);
#3997=EDGE_CURVE('',#3204,#685,#3996,.T.);
#3998=ORIENTED_EDGE('',*,*,#3997,.F.);
#3999=ORIENTED_EDGE('',*,*,#3206,.F.);
#4000=ORIENTED_EDGE('',*,*,#3944,.F.);
#4001=EDGE_LOOP('',(#3994,#3998,#3999,#4000));
#4002=FACE_OUTER_BOUND('',#3993,.T.);
#4003=ADVANCED_FACE('',(#4002),#3982,.T.);
#4004=FACE_OUTER_BOUND('',#4001,.T.);
#4005=ADVANCED_FACE('',(#4004),#3982,.T.);
#4006=CARTESIAN_POINT('',(0.000000000000,1.033245267386,-2.494474737780));
#4007=AXIS2_PLACEMENT_3D('',#4006,#910,#902);
#4008=PLANE('',#4007);
#4009=ORIENTED_EDGE('',*,*,#1454,.F.);
#4010=CARTESIAN_POINT('',(0.000000000000,0.950096109460,-2.528916246693));
#4011=LINE('',#4010,#27);
#4012=EDGE_CURVE('',#1446,#2540,#4011,.T.);
#4013=ORIENTED_EDGE('',*,*,#4012,.T.);
#4014=ORIENTED_EDGE('',*,*,#2543,.F.);
#4015=CARTESIAN_POINT('',(0.000000000000,1.116394425312,-2.460033228868));
#4016=LINE('',#4015,#12);
#4017=EDGE_CURVE('',#2534,#1451,#4016,.T.);
#4018=ORIENTED_EDGE('',*,*,#4017,.T.);
#4019=EDGE_LOOP('',(#4009,#4013,#4014,#4018));
#4020=FACE_OUTER_BOUND('',#4019,.T.);
#4021=ADVANCED_FACE('',(#4020),#4008,.T.);
#4022=CARTESIAN_POINT('',(0.000000000000,0.083149157926,0.034441508913));
#4023=AXIS2_PLACEMENT_3D('',#4022,#1212,#910);
#4024=PLANE('',#4023);
#4025=ORIENTED_EDGE('',*,*,#897,.F.);
#4026=CARTESIAN_POINT('',(0.250000000000,-0.892085613876,2.388866521494));
#4027=LINE('',#4026,#12);
#4028=EDGE_CURVE('',#3057,#887,#4027,.T.);
#4029=ORIENTED_EDGE('',*,*,#4028,.F.);
#4030=ORIENTED_EDGE('',*,*,#3059,.F.);
#4031=CARTESIAN_POINT('',(0.000000000000,-0.950096109460,2.528916246693));
#4032=LINE('',#4031,#12);
#4033=EDGE_CURVE('',#3051,#892,#4032,.T.);
#4034=ORIENTED_EDGE('',*,*,#4033,.T.);
#4035=EDGE_LOOP('',(#4025,#4029,#4030,#4034));
#4036=ORIENTED_EDGE('',*,*,#1459,.F.);
#4037=ORIENTED_EDGE('',*,*,#4017,.F.);
#4038=ORIENTED_EDGE('',*,*,#2537,.F.);
#4039=CARTESIAN_POINT('',(0.250000000000,1.058383929728,-2.319983503669));
#4040=LINE('',#4039,#12);
#4041=EDGE_CURVE('',#2529,#1457,#4040,.T.);
#4042=ORIENTED_EDGE('',*,*,#4041,.T.);
#4043=EDGE_LOOP('',(#4036,#4037,#4038,#4042));
#4044=FACE_OUTER_BOUND('',#4035,.T.);
#4045=ADVANCED_FACE('',(#4044),#4024,.T.);
#4046=FACE_OUTER_BOUND('',#4043,.T.);
#4047=ADVANCED_FACE('',(#4046),#4024,.T.);
#4048=CARTESIAN_POINT('',(0.000000000000,-0.083149157926,-0.034441508913));
#4049=AXIS2_PLACEMENT_3D('',#4048,#902,#894);
#4050=PLANE('',#4049);
#4051=ORIENTED_EDGE('',*,*,#913,.F.);
#4052=CARTESIAN_POINT('',(0.000000000000,-1.116394425312,2.460033228868));
#4053=LINE('',#4052,#27);
#4054=EDGE_CURVE('',#900,#3046,#4053,.T.);
#4055=ORIENTED_EDGE('',*,*,#4054,.T.);
#4056=ORIENTED_EDGE('',*,*,#3048,.F.);
#4057=CARTESIAN_POINT('',(0.250000000000,-1.058383929728,2.319983503669));
#4058=LINE('',#4057,#12);
#4059=EDGE_CURVE('',#3041,#908,#4058,.T.);
#4060=ORIENTED_EDGE('',*,*,#4059,.T.);
#4061=EDGE_LOOP('',(#4051,#4055,#4056,#4060));
#4062=ORIENTED_EDGE('',*,*,#1448,.F.);
#4063=CARTESIAN_POINT('',(0.250000000000,0.892085613876,-2.388866521494));
#4064=LINE('',#4063,#12);
#4065=EDGE_CURVE('',#2546,#1441,#4064,.T.);
#4066=ORIENTED_EDGE('',*,*,#4065,.F.);
#4067=ORIENTED_EDGE('',*,*,#2549,.F.);
#4068=ORIENTED_EDGE('',*,*,#4012,.F.);
#4069=EDGE_LOOP('',(#4062,#4066,#4067,#4068));
#4070=FACE_OUTER_BOUND('',#4061,.T.);
#4071=ADVANCED_FACE('',(#4070),#4050,.T.);
#4072=FACE_OUTER_BOUND('',#4069,.T.);
#4073=ADVANCED_FACE('',(#4072),#4050,.T.);
#4074=CARTESIAN_POINT('',(0.000000000000,1.643655858324,-2.142054018786));
#4075=AXIS2_PLACEMENT_3D('',#4074,#3,#61);
#4076=PLANE('',#4075);
#4077=ORIENTED_EDGE('',*,*,#1496,.F.);
#4078=CARTESIAN_POINT('',(0.000000000000,1.572254057697,-2.196842547397));
#4079=LINE('',#4078,#27);
#4080=EDGE_CURVE('',#1488,#2494,#4079,.T.);
#4081=ORIENTED_EDGE('',*,*,#4080,.T.);
#4082=ORIENTED_EDGE('',*,*,#2497,.F.);
#4083=CARTESIAN_POINT('',(0.000000000000,1.715057658950,-2.087265490176));
#4084=LINE('',#4083,#12);
#4085=EDGE_CURVE('',#2488,#1493,#4084,.T.);
#4086=ORIENTED_EDGE('',*,*,#4085,.T.);
#4087=EDGE_LOOP('',(#4077,#4081,#4082,#4086));
#4088=FACE_OUTER_BOUND('',#4087,.T.);
#4089=ADVANCED_FACE('',(#4088),#4076,.T.);
#4090=CARTESIAN_POINT('',(0.000000000000,0.071401800626,0.054788528611));
#4091=AXIS2_PLACEMENT_3D('',#4090,#2,#3);
#4092=PLANE('',#4091);
#4093=ORIENTED_EDGE('',*,*,#1501,.F.);
#4094=ORIENTED_EDGE('',*,*,#4085,.F.);
#4095=ORIENTED_EDGE('',*,*,#2491,.F.);
#4096=CARTESIAN_POINT('',(0.250000000000,1.622776286926,-1.967002064714));
#4097=LINE('',#4096,#12);
#4098=EDGE_CURVE('',#2483,#1499,#4097,.T.);
#4099=ORIENTED_EDGE('',*,*,#4098,.T.);
#4100=EDGE_LOOP('',(#4093,#4094,#4095,#4099));
#4101=ORIENTED_EDGE('',*,*,#953,.F.);
#4102=CARTESIAN_POINT('',(0.250000000000,-1.479972685674,2.076579121936));
#4103=LINE('',#4102,#12);
#4104=EDGE_CURVE('',#3015,#945,#4103,.T.);
#4105=ORIENTED_EDGE('',*,*,#4104,.F.);
#4106=ORIENTED_EDGE('',*,*,#3017,.F.);
#4107=CARTESIAN_POINT('',(0.000000000000,-1.572254057697,2.196842547397));
#4108=LINE('',#4107,#12);
#4109=EDGE_CURVE('',#3009,#950,#4108,.T.);
#4110=ORIENTED_EDGE('',*,*,#4109,.T.);
#4111=EDGE_LOOP('',(#4101,#4105,#4106,#4110));
#4112=FACE_OUTER_BOUND('',#4100,.T.);
#4113=ADVANCED_FACE('',(#4112),#4092,.T.);
#4114=FACE_OUTER_BOUND('',#4111,.T.);
#4115=ADVANCED_FACE('',(#4114),#4092,.T.);
#4116=CARTESIAN_POINT('',(0.000000000000,-0.071401800626,-0.054788528611));
#4117=AXIS2_PLACEMENT_3D('',#4116,#61,#32);
#4118=PLANE('',#4117);
#4119=ORIENTED_EDGE('',*,*,#965,.F.);
#4120=CARTESIAN_POINT('',(0.000000000000,-1.715057658950,2.087265490176));
#4121=LINE('',#4120,#27);
#4122=EDGE_CURVE('',#956,#3004,#4121,.T.);
#4123=ORIENTED_EDGE('',*,*,#4122,.T.);
#4124=ORIENTED_EDGE('',*,*,#3006,.F.);
#4125=CARTESIAN_POINT('',(0.250000000000,-1.622776286926,1.967002064714));
#4126=LINE('',#4125,#12);
#4127=EDGE_CURVE('',#2999,#962,#4126,.T.);
#4128=ORIENTED_EDGE('',*,*,#4127,.T.);
#4129=EDGE_LOOP('',(#4119,#4123,#4124,#4128));
#4130=ORIENTED_EDGE('',*,*,#1490,.F.);
#4131=CARTESIAN_POINT('',(0.250000000000,1.479972685674,-2.076579121936));
#4132=LINE('',#4131,#12);
#4133=EDGE_CURVE('',#2500,#1483,#4132,.T.);
#4134=ORIENTED_EDGE('',*,*,#4133,.F.);
#4135=ORIENTED_EDGE('',*,*,#2503,.F.);
#4136=ORIENTED_EDGE('',*,*,#4080,.F.);
#4137=EDGE_LOOP('',(#4130,#4134,#4135,#4136));
#4138=FACE_OUTER_BOUND('',#4129,.T.);
#4139=ADVANCED_FACE('',(#4138),#4118,.T.);
#4140=FACE_OUTER_BOUND('',#4137,.T.);
#4141=ADVANCED_FACE('',(#4140),#4118,.T.);
#4142=CARTESIAN_POINT('',(0.000000000000,1.033245267386,2.494474737780));
#4143=AXIS2_PLACEMENT_3D('',#4142,#721,#1062);
#4144=PLANE('',#4143);
#4145=ORIENTED_EDGE('',*,*,#732,.F.);
#4146=CARTESIAN_POINT('',(0.000000000000,1.116394425312,2.460033228868));
#4147=LINE('',#4146,#27);
#4148=EDGE_CURVE('',#719,#3177,#4147,.T.);
#4149=ORIENTED_EDGE('',*,*,#4148,.T.);
#4150=ORIENTED_EDGE('',*,*,#3180,.F.);
#4151=CARTESIAN_POINT('',(0.000000000000,0.950096109460,2.528916246693));
#4152=LINE('',#4151,#12);
#4153=EDGE_CURVE('',#3172,#727,#4152,.T.);
#4154=ORIENTED_EDGE('',*,*,#4153,.T.);
#4155=EDGE_LOOP('',(#4145,#4149,#4150,#4154));
#4156=FACE_OUTER_BOUND('',#4155,.T.);
#4157=ADVANCED_FACE('',(#4156),#4144,.T.);
#4158=CARTESIAN_POINT('',(0.000000000000,-0.083149157926,0.034441508913));
#4159=AXIS2_PLACEMENT_3D('',#4158,#729,#721);
#4160=PLANE('',#4159);
#4161=ORIENTED_EDGE('',*,*,#1322,.F.);
#4162=CARTESIAN_POINT('',(0.250000000000,-1.058383929728,-2.319983503669));
#4163=LINE('',#4162,#12);
#4164=EDGE_CURVE('',#2684,#1315,#4163,.T.);
#4165=ORIENTED_EDGE('',*,*,#4164,.F.);
#4166=ORIENTED_EDGE('',*,*,#2687,.F.);
#4167=CARTESIAN_POINT('',(0.000000000000,-1.116394425312,-2.460033228868));
#4168=LINE('',#4167,#12);
#4169=EDGE_CURVE('',#2678,#1320,#4168,.T.);
#4170=ORIENTED_EDGE('',*,*,#4169,.T.);
#4171=EDGE_LOOP('',(#4161,#4165,#4166,#4170));
#4172=ORIENTED_EDGE('',*,*,#740,.F.);
#4173=ORIENTED_EDGE('',*,*,#4153,.F.);
#4174=ORIENTED_EDGE('',*,*,#3174,.F.);
#4175=CARTESIAN_POINT('',(0.250000000000,0.892085613876,2.388866521494));
#4176=LINE('',#4175,#12);
#4177=EDGE_CURVE('',#3167,#735,#4176,.T.);
#4178=ORIENTED_EDGE('',*,*,#4177,.T.);
#4179=EDGE_LOOP('',(#4172,#4173,#4174,#4178));
#4180=FACE_OUTER_BOUND('',#4171,.T.);
#4181=ADVANCED_FACE('',(#4180),#4160,.T.);
#4182=FACE_OUTER_BOUND('',#4179,.T.);
#4183=ADVANCED_FACE('',(#4182),#4160,.T.);
#4184=CARTESIAN_POINT('',(0.000000000000,0.083149157926,-0.034441508913));
#4185=AXIS2_PLACEMENT_3D('',#4184,#1062,#737);
#4186=PLANE('',#4185);
#4187=ORIENTED_EDGE('',*,*,#1333,.F.);
#4188=CARTESIAN_POINT('',(0.000000000000,-0.950096109460,-2.528916246693));
#4189=LINE('',#4188,#27);
#4190=EDGE_CURVE('',#1325,#2672,#4189,.T.);
#4191=ORIENTED_EDGE('',*,*,#4190,.T.);
#4192=ORIENTED_EDGE('',*,*,#2675,.F.);
#4193=CARTESIAN_POINT('',(0.250000000000,-0.892085613876,-2.388866521494));
#4194=LINE('',#4193,#12);
#4195=EDGE_CURVE('',#2667,#1331,#4194,.T.);
#4196=ORIENTED_EDGE('',*,*,#4195,.T.);
#4197=EDGE_LOOP('',(#4187,#4191,#4192,#4196));
#4198=ORIENTED_EDGE('',*,*,#724,.F.);
#4199=CARTESIAN_POINT('',(0.250000000000,1.058383929728,2.319983503669));
#4200=LINE('',#4199,#12);
#4201=EDGE_CURVE('',#3183,#714,#4200,.T.);
#4202=ORIENTED_EDGE('',*,*,#4201,.F.);
#4203=ORIENTED_EDGE('',*,*,#3185,.F.);
#4204=ORIENTED_EDGE('',*,*,#4148,.F.);
#4205=EDGE_LOOP('',(#4198,#4202,#4203,#4204));
#4206=FACE_OUTER_BOUND('',#4197,.T.);
#4207=ADVANCED_FACE('',(#4206),#4186,.T.);
#4208=FACE_OUTER_BOUND('',#4205,.T.);
#4209=ADVANCED_FACE('',(#4208),#4186,.T.);
#4210=CARTESIAN_POINT('',(0.000000000000,2.607999730980,0.698811421777));
#4211=AXIS2_PLACEMENT_3D('',#4210,#1187,#881);
#4212=PLANE('',#4211);
#4213=ORIENTED_EDGE('',*,*,#1685,.F.);
#4214=CARTESIAN_POINT('',(0.000000000000,2.631293445040,0.611878097411));
#4215=LINE('',#4214,#27);
#4216=EDGE_CURVE('',#1677,#2287,#4215,.T.);
#4217=ORIENTED_EDGE('',*,*,#4216,.T.);
#4218=ORIENTED_EDGE('',*,*,#2290,.F.);
#4219=CARTESIAN_POINT('',(0.000000000000,2.584706016921,0.785744746143));
#4220=LINE('',#4219,#12);
#4221=EDGE_CURVE('',#2281,#1682,#4220,.T.);
#4222=ORIENTED_EDGE('',*,*,#4221,.T.);
#4223=EDGE_LOOP('',(#4213,#4217,#4218,#4222));
#4224=FACE_OUTER_BOUND('',#4223,.T.);
#4225=ADVANCED_FACE('',(#4224),#4212,.T.);
#4226=CARTESIAN_POINT('',(0.000000000000,-0.023293714059,0.086933324366));
#4227=AXIS2_PLACEMENT_3D('',#4226,#865,#1187);
#4228=PLANE('',#4227);
#4229=ORIENTED_EDGE('',*,*,#1690,.F.);
#4230=ORIENTED_EDGE('',*,*,#4221,.F.);
#4231=ORIENTED_EDGE('',*,*,#2284,.F.);
#4232=CARTESIAN_POINT('',(0.250000000000,2.438282547438,0.746510695742));
#4233=LINE('',#4232,#12);
#4234=EDGE_CURVE('',#2276,#1688,#4233,.T.);
#4235=ORIENTED_EDGE('',*,*,#4234,.T.);
#4236=EDGE_LOOP('',(#4229,#4230,#4231,#4235));
#4237=ORIENTED_EDGE('',*,*,#1176,.F.);
#4238=CARTESIAN_POINT('',(0.250000000000,-2.484869975557,-0.572644047010));
#4239=LINE('',#4238,#12);
#4240=EDGE_CURVE('',#2826,#1168,#4239,.T.);
#4241=ORIENTED_EDGE('',*,*,#4240,.F.);
#4242=ORIENTED_EDGE('',*,*,#2828,.F.);
#4243=CARTESIAN_POINT('',(0.000000000000,-2.631293445040,-0.611878097411));
#4244=LINE('',#4243,#12);
#4245=EDGE_CURVE('',#2820,#1173,#4244,.T.);
#4246=ORIENTED_EDGE('',*,*,#4245,.T.);
#4247=EDGE_LOOP('',(#4237,#4241,#4242,#4246));
#4248=FACE_OUTER_BOUND('',#4236,.T.);
#4249=ADVANCED_FACE('',(#4248),#4228,.T.);
#4250=FACE_OUTER_BOUND('',#4247,.T.);
#4251=ADVANCED_FACE('',(#4250),#4228,.T.);
#4252=CARTESIAN_POINT('',(0.000000000000,0.023293714059,-0.086933324366));
#4253=AXIS2_PLACEMENT_3D('',#4252,#881,#873);
#4254=PLANE('',#4253);
#4255=ORIENTED_EDGE('',*,*,#1190,.F.);
#4256=CARTESIAN_POINT('',(0.000000000000,-2.584706016921,-0.785744746143));
#4257=LINE('',#4256,#27);
#4258=EDGE_CURVE('',#1179,#2815,#4257,.T.);
#4259=ORIENTED_EDGE('',*,*,#4258,.T.);
#4260=ORIENTED_EDGE('',*,*,#2817,.F.);
#4261=CARTESIAN_POINT('',(0.250000000000,-2.438282547438,-0.746510695742));
#4262=LINE('',#4261,#12);
#4263=EDGE_CURVE('',#2810,#1185,#4262,.T.);
#4264=ORIENTED_EDGE('',*,*,#4263,.T.);
#4265=EDGE_LOOP('',(#4255,#4259,#4260,#4264));
#4266=ORIENTED_EDGE('',*,*,#1679,.F.);
#4267=CARTESIAN_POINT('',(0.250000000000,2.484869975557,0.572644047010));
#4268=LINE('',#4267,#12);
#4269=EDGE_CURVE('',#2293,#1672,#4268,.T.);
#4270=ORIENTED_EDGE('',*,*,#4269,.F.);
#4271=ORIENTED_EDGE('',*,*,#2296,.F.);
#4272=ORIENTED_EDGE('',*,*,#4216,.F.);
#4273=EDGE_LOOP('',(#4266,#4270,#4271,#4272));
#4274=FACE_OUTER_BOUND('',#4265,.T.);
#4275=ADVANCED_FACE('',(#4274),#4254,.T.);
#4276=FACE_OUTER_BOUND('',#4273,.T.);
#4277=ADVANCED_FACE('',(#4276),#4254,.T.);
#4278=CARTESIAN_POINT('',(0.000000000000,0.698811421777,-2.607999730980));
#4279=AXIS2_PLACEMENT_3D('',#4278,#881,#873);
#4280=PLANE('',#4279);
#4281=ORIENTED_EDGE('',*,*,#1433,.F.);
#4282=CARTESIAN_POINT('',(0.000000000000,0.611878097411,-2.631293445040));
#4283=LINE('',#4282,#27);
#4284=EDGE_CURVE('',#1425,#2563,#4283,.T.);
#4285=ORIENTED_EDGE('',*,*,#4284,.T.);
#4286=ORIENTED_EDGE('',*,*,#2566,.F.);
#4287=CARTESIAN_POINT('',(0.000000000000,0.785744746143,-2.584706016921));
#4288=LINE('',#4287,#12);
#4289=EDGE_CURVE('',#2557,#1430,#4288,.T.);
#4290=ORIENTED_EDGE('',*,*,#4289,.T.);
#4291=EDGE_LOOP('',(#4281,#4285,#4286,#4290));
#4292=FACE_OUTER_BOUND('',#4291,.T.);
#4293=ADVANCED_FACE('',(#4292),#4280,.T.);
#4294=CARTESIAN_POINT('',(0.000000000000,0.086933324366,0.023293714059));
#4295=AXIS2_PLACEMENT_3D('',#4294,#1187,#881);
#4296=PLANE('',#4295);
#4297=ORIENTED_EDGE('',*,*,#1438,.F.);
#4298=ORIENTED_EDGE('',*,*,#4289,.F.);
#4299=ORIENTED_EDGE('',*,*,#2560,.F.);
#4300=CARTESIAN_POINT('',(0.250000000000,0.746510695742,-2.438282547438));
#4301=LINE('',#4300,#12);
#4302=EDGE_CURVE('',#2552,#1436,#4301,.T.);
#4303=ORIENTED_EDGE('',*,*,#4302,.T.);
#4304=EDGE_LOOP('',(#4297,#4298,#4299,#4303));
#4305=ORIENTED_EDGE('',*,*,#868,.F.);
#4306=CARTESIAN_POINT('',(0.250000000000,-0.572644047010,2.484869975557));
#4307=LINE('',#4306,#12);
#4308=EDGE_CURVE('',#3078,#858,#4307,.T.);
#4309=ORIENTED_EDGE('',*,*,#4308,.F.);
#4310=ORIENTED_EDGE('',*,*,#3080,.F.);
#4311=CARTESIAN_POINT('',(0.000000000000,-0.611878097411,2.631293445040));
#4312=LINE('',#4311,#12);
#4313=EDGE_CURVE('',#3072,#863,#4312,.T.);
#4314=ORIENTED_EDGE('',*,*,#4313,.T.);
#4315=EDGE_LOOP('',(#4305,#4309,#4310,#4314));
#4316=FACE_OUTER_BOUND('',#4304,.T.);
#4317=ADVANCED_FACE('',(#4316),#4296,.T.);
#4318=FACE_OUTER_BOUND('',#4315,.T.);
#4319=ADVANCED_FACE('',(#4318),#4296,.T.);
#4320=CARTESIAN_POINT('',(0.000000000000,-0.086933324366,-0.023293714059));
#4321=AXIS2_PLACEMENT_3D('',#4320,#873,#865);
#4322=PLANE('',#4321);
#4323=ORIENTED_EDGE('',*,*,#1427,.F.);
#4324=CARTESIAN_POINT('',(0.250000000000,0.572644047010,-2.484869975557));
#4325=LINE('',#4324,#12);
#4326=EDGE_CURVE('',#2569,#1420,#4325,.T.);
#4327=ORIENTED_EDGE('',*,*,#4326,.F.);
#4328=ORIENTED_EDGE('',*,*,#2572,.F.);
#4329=ORIENTED_EDGE('',*,*,#4284,.F.);
#4330=EDGE_LOOP('',(#4323,#4327,#4328,#4329));
#4331=ORIENTED_EDGE('',*,*,#884,.F.);
#4332=CARTESIAN_POINT('',(0.000000000000,-0.785744746143,2.584706016921));
#4333=LINE('',#4332,#27);
#4334=EDGE_CURVE('',#871,#3067,#4333,.T.);
#4335=ORIENTED_EDGE('',*,*,#4334,.T.);
#4336=ORIENTED_EDGE('',*,*,#3069,.F.);
#4337=CARTESIAN_POINT('',(0.250000000000,-0.746510695742,2.438282547438));
#4338=LINE('',#4337,#12);
#4339=EDGE_CURVE('',#3062,#879,#4338,.T.);
#4340=ORIENTED_EDGE('',*,*,#4339,.T.);
#4341=EDGE_LOOP('',(#4331,#4335,#4336,#4340));
#4342=FACE_OUTER_BOUND('',#4330,.T.);
#4343=ADVANCED_FACE('',(#4342),#4322,.T.);
#4344=FACE_OUTER_BOUND('',#4341,.T.);
#4345=ADVANCED_FACE('',(#4344),#4322,.T.);
#4346=CARTESIAN_POINT('',(0.000000000000,-1.350000000000,2.338268590218));
#4347=AXIS2_PLACEMENT_3D('',#4346,#923,#1237);
#4348=PLANE('',#4347);
#4349=ORIENTED_EDGE('',*,*,#934,.F.);
#4350=CARTESIAN_POINT('',(0.000000000000,-1.272057713659,2.383268590218));
#4351=LINE('',#4350,#27);
#4352=EDGE_CURVE('',#921,#3030,#4351,.T.);
#4353=ORIENTED_EDGE('',*,*,#4352,.T.);
#4354=ORIENTED_EDGE('',*,*,#3033,.F.);
#4355=CARTESIAN_POINT('',(0.000000000000,-1.427942286341,2.293268590218));
#4356=LINE('',#4355,#12);
#4357=EDGE_CURVE('',#3025,#929,#4356,.T.);
#4358=ORIENTED_EDGE('',*,*,#4357,.T.);
#4359=EDGE_LOOP('',(#4349,#4353,#4354,#4358));
#4360=FACE_OUTER_BOUND('',#4359,.T.);
#4361=ADVANCED_FACE('',(#4360),#4348,.T.);
#4362=CARTESIAN_POINT('',(0.000000000000,-0.077942286341,-0.045000000000));
#4363=AXIS2_PLACEMENT_3D('',#4362,#931,#923);
#4364=PLANE('',#4363);
#4365=ORIENTED_EDGE('',*,*,#942,.F.);
#4366=ORIENTED_EDGE('',*,*,#4357,.F.);
#4367=ORIENTED_EDGE('',*,*,#3027,.F.);
#4368=CARTESIAN_POINT('',(0.250000000000,-1.352147921236,2.161988898930));
#4369=LINE('',#4368,#12);
#4370=EDGE_CURVE('',#3020,#937,#4369,.T.);
#4371=ORIENTED_EDGE('',*,*,#4370,.T.);
#4372=EDGE_LOOP('',(#4365,#4366,#4367,#4371));
#4373=ORIENTED_EDGE('',*,*,#1469,.F.);
#4374=CARTESIAN_POINT('',(0.250000000000,1.196263348555,-2.251988898930));
#4375=LINE('',#4374,#12);
#4376=EDGE_CURVE('',#2523,#1462,#4375,.T.);
#4377=ORIENTED_EDGE('',*,*,#4376,.F.);
#4378=ORIENTED_EDGE('',*,*,#2526,.F.);
#4379=CARTESIAN_POINT('',(0.000000000000,1.272057713659,-2.383268590218));
#4380=LINE('',#4379,#12);
#4381=EDGE_CURVE('',#2517,#1467,#4380,.T.);
#4382=ORIENTED_EDGE('',*,*,#4381,.T.);
#4383=EDGE_LOOP('',(#4373,#4377,#4378,#4382));
#4384=FACE_OUTER_BOUND('',#4372,.T.);
#4385=ADVANCED_FACE('',(#4384),#4364,.T.);
#4386=FACE_OUTER_BOUND('',#4383,.T.);
#4387=ADVANCED_FACE('',(#4386),#4364,.T.);
#4388=CARTESIAN_POINT('',(0.000000000000,0.077942286341,0.045000000000));
#4389=AXIS2_PLACEMENT_3D('',#4388,#1237,#939);
#4390=PLANE('',#4389);
#4391=ORIENTED_EDGE('',*,*,#1480,.F.);
#4392=CARTESIAN_POINT('',(0.000000000000,1.427942286341,-2.293268590218));
#4393=LINE('',#4392,#27);
#4394=EDGE_CURVE('',#1472,#2511,#4393,.T.);
#4395=ORIENTED_EDGE('',*,*,#4394,.T.);
#4396=ORIENTED_EDGE('',*,*,#2514,.F.);
#4397=CARTESIAN_POINT('',(0.250000000000,1.352147921236,-2.161988898930));
#4398=LINE('',#4397,#12);
#4399=EDGE_CURVE('',#2506,#1478,#4398,.T.);
#4400=ORIENTED_EDGE('',*,*,#4399,.T.);
#4401=EDGE_LOOP('',(#4391,#4395,#4396,#4400));
#4402=ORIENTED_EDGE('',*,*,#926,.F.);
#4403=CARTESIAN_POINT('',(0.250000000000,-1.196263348555,2.251988898930));
#4404=LINE('',#4403,#12);
#4405=EDGE_CURVE('',#3036,#916,#4404,.T.);
#4406=ORIENTED_EDGE('',*,*,#4405,.F.);
#4407=ORIENTED_EDGE('',*,*,#3038,.F.);
#4408=ORIENTED_EDGE('',*,*,#4352,.F.);
#4409=EDGE_LOOP('',(#4402,#4406,#4407,#4408));
#4410=FACE_OUTER_BOUND('',#4401,.T.);
#4411=ADVANCED_FACE('',(#4410),#4390,.T.);
#4412=FACE_OUTER_BOUND('',#4409,.T.);
#4413=ADVANCED_FACE('',(#4412),#4390,.T.);
#4414=CARTESIAN_POINT('',(0.250000000000,0.000000000000,0.000000000000));
#4415=AXIS2_PLACEMENT_3D('',#4414,#11,#140);
#4416=CYLINDRICAL_SURFACE('',#4415,2.550000000000);
#4417=ORIENTED_EDGE('',*,*,#774,.F.);
#4418=ORIENTED_EDGE('',*,*,#3497,.F.);
#4419=ORIENTED_EDGE('',*,*,#3148,.T.);
#4420=ORIENTED_EDGE('',*,*,#3793,.T.);
#4421=EDGE_LOOP('',(#4417,#4418,#4419,#4420));
#4422=ORIENTED_EDGE('',*,*,#716,.F.);
#4423=ORIENTED_EDGE('',*,*,#3973,.F.);
#4424=ORIENTED_EDGE('',*,*,#3190,.T.);
#4425=ORIENTED_EDGE('',*,*,#4201,.T.);
#4426=EDGE_LOOP('',(#4422,#4423,#4424,#4425));
#4427=ORIENTED_EDGE('',*,*,#889,.F.);
#4428=ORIENTED_EDGE('',*,*,#4339,.F.);
#4429=ORIENTED_EDGE('',*,*,#3064,.T.);
#4430=ORIENTED_EDGE('',*,*,#4028,.T.);
#4431=EDGE_LOOP('',(#4427,#4428,#4429,#4430));
#4432=ORIENTED_EDGE('',*,*,#1548,.F.);
#4433=ORIENTED_EDGE('',*,*,#3429,.F.);
#4434=ORIENTED_EDGE('',*,*,#2439,.T.);
#4435=ORIENTED_EDGE('',*,*,#3688,.T.);
#4436=EDGE_LOOP('',(#4432,#4433,#4434,#4435));
#4437=ORIENTED_EDGE('',*,*,#803,.F.);
#4438=ORIENTED_EDGE('',*,*,#3769,.F.);
#4439=ORIENTED_EDGE('',*,*,#3127,.T.);
#4440=ORIENTED_EDGE('',*,*,#3589,.T.);
#4441=EDGE_LOOP('',(#4437,#4438,#4439,#4440));
#4442=ORIENTED_EDGE('',*,*,#1380,.F.);
#4443=ORIENTED_EDGE('',*,*,#3787,.F.);
#4444=ORIENTED_EDGE('',*,*,#2623,.T.);
#4445=ORIENTED_EDGE('',*,*,#3552,.T.);
#4446=EDGE_LOOP('',(#4442,#4443,#4444,#4445));
#4447=ORIENTED_EDGE('',*,*,#1527,.F.);
#4448=CARTESIAN_POINT('',(0.250000000000,1.865638500429,-1.738359279815));
#4449=LINE('',#4448,#12);
#4450=EDGE_CURVE('',#2460,#1520,#4449,.T.);
#4451=ORIENTED_EDGE('',*,*,#4450,.F.);
#4452=ORIENTED_EDGE('',*,*,#2462,.T.);
#4453=ORIENTED_EDGE('',*,*,#3442,.T.);
#4454=EDGE_LOOP('',(#4447,#4451,#4452,#4453));
#4455=ORIENTED_EDGE('',*,*,#860,.F.);
#4456=CARTESIAN_POINT('',(0.250000000000,-0.421864456780,2.514861900802));
#4457=LINE('',#4456,#12);
#4458=EDGE_CURVE('',#3083,#850,#4457,.T.);
#4459=ORIENTED_EDGE('',*,*,#4458,.F.);
#4460=ORIENTED_EDGE('',*,*,#3085,.T.);
#4461=ORIENTED_EDGE('',*,*,#4308,.T.);
#4462=EDGE_LOOP('',(#4455,#4459,#4460,#4461));
#4463=ORIENTED_EDGE('',*,*,#1296,.F.);
#4464=CARTESIAN_POINT('',(0.250000000000,-1.479972685674,-2.076579121936));
#4465=LINE('',#4464,#12);
#4466=EDGE_CURVE('',#2713,#1289,#4465,.T.);
#4467=ORIENTED_EDGE('',*,*,#4466,.F.);
#4468=ORIENTED_EDGE('',*,*,#2715,.T.);
#4469=ORIENTED_EDGE('',*,*,#3960,.T.);
#4470=EDGE_LOOP('',(#4463,#4467,#4468,#4469));
#4471=ORIENTED_EDGE('',*,*,#1464,.F.);
#4472=ORIENTED_EDGE('',*,*,#4041,.F.);
#4473=ORIENTED_EDGE('',*,*,#2531,.T.);
#4474=ORIENTED_EDGE('',*,*,#4376,.T.);
#4475=EDGE_LOOP('',(#4471,#4472,#4473,#4474));
#4476=ORIENTED_EDGE('',*,*,#1443,.F.);
#4477=ORIENTED_EDGE('',*,*,#4302,.F.);
#4478=ORIENTED_EDGE('',*,*,#2554,.T.);
#4479=ORIENTED_EDGE('',*,*,#4065,.T.);
#4480=EDGE_LOOP('',(#4476,#4477,#4478,#4479));
#4481=ORIENTED_EDGE('',*,*,#1695,.F.);
#4482=ORIENTED_EDGE('',*,*,#4234,.F.);
#4483=ORIENTED_EDGE('',*,*,#2278,.T.);
#4484=ORIENTED_EDGE('',*,*,#3900,.T.);
#4485=EDGE_LOOP('',(#4481,#4482,#4483,#4484));
#4486=ORIENTED_EDGE('',*,*,#1716,.F.);
#4487=ORIENTED_EDGE('',*,*,#3931,.F.);
#4488=ORIENTED_EDGE('',*,*,#2255,.T.);
#4489=CARTESIAN_POINT('',(0.250000000000,2.251988898930,1.196263348555));
#4490=LINE('',#4489,#12);
#4491=EDGE_CURVE('',#2247,#1714,#4490,.T.);
#4492=ORIENTED_EDGE('',*,*,#4491,.T.);
#4493=EDGE_LOOP('',(#4486,#4487,#4488,#4492));
#4494=ORIENTED_EDGE('',*,*,#995,.F.);
#4495=CARTESIAN_POINT('',(0.250000000000,-1.865638500429,1.738359279815));
#4496=LINE('',#4495,#12);
#4497=EDGE_CURVE('',#2978,#985,#4496,.T.);
#4498=ORIENTED_EDGE('',*,*,#4497,.F.);
#4499=ORIENTED_EDGE('',*,*,#2980,.T.);
#4500=ORIENTED_EDGE('',*,*,#3416,.T.);
#4501=EDGE_LOOP('',(#4494,#4498,#4499,#4500));
#4502=ORIENTED_EDGE('',*,*,#1359,.F.);
#4503=ORIENTED_EDGE('',*,*,#3523,.F.);
#4504=ORIENTED_EDGE('',*,*,#2646,.T.);
#4505=ORIENTED_EDGE('',*,*,#3756,.T.);
#4506=EDGE_LOOP('',(#4502,#4503,#4504,#4505));
#4507=ORIENTED_EDGE('',*,*,#116,.F.);
#4508=ORIENTED_EDGE('',*,*,#2759,.T.);
#4509=ORIENTED_EDGE('',*,*,#3385,.T.);
#4510=ORIENTED_EDGE('',*,*,#1254,.F.);
#4511=EDGE_LOOP('',(#4507,#4508,#4509,#4510));
#4512=ORIENTED_EDGE('',*,*,#1095,.F.);
#4513=CARTESIAN_POINT('',(0.250000000000,-2.484869975557,0.572644047010));
#4514=LINE('',#4513,#12);
#4515=EDGE_CURVE('',#2894,#1085,#4514,.T.);
#4516=ORIENTED_EDGE('',*,*,#4515,.F.);
#4517=ORIENTED_EDGE('',*,*,#2896,.T.);
#4518=ORIENTED_EDGE('',*,*,#3824,.T.);
#4519=EDGE_LOOP('',(#4512,#4516,#4517,#4518));
#4520=ORIENTED_EDGE('',*,*,#1070,.F.);
#4521=ORIENTED_EDGE('',*,*,#3633,.F.);
#4522=ORIENTED_EDGE('',*,*,#2917,.T.);
#4523=CARTESIAN_POINT('',(0.250000000000,-2.438282547438,0.746510695742));
#4524=LINE('',#4523,#12);
#4525=EDGE_CURVE('',#2910,#1068,#4524,.T.);
#4526=ORIENTED_EDGE('',*,*,#4525,.T.);
#4527=EDGE_LOOP('',(#4520,#4521,#4522,#4526));
#4528=ORIENTED_EDGE('',*,*,#1195,.F.);
#4529=ORIENTED_EDGE('',*,*,#4263,.F.);
#4530=ORIENTED_EDGE('',*,*,#2812,.T.);
#4531=ORIENTED_EDGE('',*,*,#3918,.T.);
#4532=EDGE_LOOP('',(#4528,#4529,#4530,#4531));
#4533=ORIENTED_EDGE('',*,*,#1020,.F.);
#4534=ORIENTED_EDGE('',*,*,#3455,.F.);
#4535=ORIENTED_EDGE('',*,*,#2959,.T.);
#4536=ORIENTED_EDGE('',*,*,#3714,.T.);
#4537=EDGE_LOOP('',(#4533,#4534,#4535,#4536));
#4538=ORIENTED_EDGE('',*,*,#831,.F.);
#4539=ORIENTED_EDGE('',*,*,#3565,.F.);
#4540=ORIENTED_EDGE('',*,*,#3106,.T.);
#4541=CARTESIAN_POINT('',(0.250000000000,-0.243404381733,2.538356615402));
#4542=LINE('',#4541,#12);
#4543=EDGE_CURVE('',#3099,#829,#4542,.T.);
#4544=ORIENTED_EDGE('',*,*,#4543,.T.);
#4545=EDGE_LOOP('',(#4538,#4539,#4540,#4544));
#4546=ORIENTED_EDGE('',*,*,#1485,.F.);
#4547=ORIENTED_EDGE('',*,*,#4399,.F.);
#4548=ORIENTED_EDGE('',*,*,#2508,.T.);
#4549=ORIENTED_EDGE('',*,*,#4133,.T.);
#4550=EDGE_LOOP('',(#4546,#4547,#4548,#4549));
#4551=ORIENTED_EDGE('',*,*,#1401,.F.);
#4552=ORIENTED_EDGE('',*,*,#3583,.F.);
#4553=ORIENTED_EDGE('',*,*,#2600,.T.);
#4554=CARTESIAN_POINT('',(0.250000000000,0.243404381733,-2.538356615402));
#4555=LINE('',#4554,#12);
#4556=EDGE_CURVE('',#2592,#1399,#4555,.T.);
#4557=ORIENTED_EDGE('',*,*,#4556,.T.);
#4558=EDGE_LOOP('',(#4551,#4552,#4553,#4557));
#4559=ORIENTED_EDGE('',*,*,#129,.T.);
#4560=ORIENTED_EDGE('',*,*,#1735,.F.);
#4561=CARTESIAN_POINT('',(0.250000000000,2.161988898930,1.352147921236));
#4562=LINE('',#4561,#12);
#4563=EDGE_CURVE('',#2230,#1730,#4562,.T.);
#4564=ORIENTED_EDGE('',*,*,#4563,.F.);
#4565=ORIENTED_EDGE('',*,*,#2232,.T.);
#4566=EDGE_LOOP('',(#4559,#4560,#4564,#4565));
#4567=ORIENTED_EDGE('',*,*,#1338,.F.);
#4568=ORIENTED_EDGE('',*,*,#4195,.F.);
#4569=ORIENTED_EDGE('',*,*,#2669,.T.);
#4570=ORIENTED_EDGE('',*,*,#3484,.T.);
#4571=EDGE_LOOP('',(#4567,#4568,#4569,#4570));
#4572=ORIENTED_EDGE('',*,*,#918,.F.);
#4573=ORIENTED_EDGE('',*,*,#4059,.F.);
#4574=ORIENTED_EDGE('',*,*,#3043,.T.);
#4575=ORIENTED_EDGE('',*,*,#4405,.T.);
#4576=EDGE_LOOP('',(#4572,#4573,#4574,#4575));
#4577=ORIENTED_EDGE('',*,*,#1569,.F.);
#4578=ORIENTED_EDGE('',*,*,#3727,.F.);
#4579=ORIENTED_EDGE('',*,*,#2416,.T.);
#4580=ORIENTED_EDGE('',*,*,#3620,.T.);
#4581=EDGE_LOOP('',(#4577,#4578,#4579,#4580));
#4582=ORIENTED_EDGE('',*,*,#1145,.F.);
#4583=CARTESIAN_POINT('',(0.250000000000,-2.548411269791,-0.090000000000));
#4584=LINE('',#4583,#12);
#4585=EDGE_CURVE('',#2852,#1135,#4584,.T.);
#4586=ORIENTED_EDGE('',*,*,#4585,.F.);
#4587=ORIENTED_EDGE('',*,*,#2854,.T.);
#4588=ORIENTED_EDGE('',*,*,#3306,.T.);
#4589=EDGE_LOOP('',(#4582,#4586,#4587,#4588));
#4590=ORIENTED_EDGE('',*,*,#1632,.F.);
#4591=ORIENTED_EDGE('',*,*,#3837,.F.);
#4592=ORIENTED_EDGE('',*,*,#2347,.T.);
#4593=CARTESIAN_POINT('',(0.250000000000,2.548411269791,-0.090000000000));
#4594=LINE('',#4593,#12);
#4595=EDGE_CURVE('',#2339,#1630,#4594,.T.);
#4596=ORIENTED_EDGE('',*,*,#4595,.T.);
#4597=EDGE_LOOP('',(#4590,#4591,#4592,#4596));
#4598=ORIENTED_EDGE('',*,*,#1611,.F.);
#4599=CARTESIAN_POINT('',(0.250000000000,2.484869975557,-0.572644047010));
#4600=LINE('',#4599,#12);
#4601=EDGE_CURVE('',#2368,#1604,#4600,.T.);
#4602=ORIENTED_EDGE('',*,*,#4601,.F.);
#4603=ORIENTED_EDGE('',*,*,#2370,.T.);
#4604=ORIENTED_EDGE('',*,*,#3850,.T.);
#4605=EDGE_LOOP('',(#4598,#4602,#4603,#4604));
#4606=ORIENTED_EDGE('',*,*,#970,.F.);
#4607=ORIENTED_EDGE('',*,*,#4127,.F.);
#4608=ORIENTED_EDGE('',*,*,#3001,.T.);
#4609=CARTESIAN_POINT('',(0.250000000000,-1.738359279815,1.865638500429));
#4610=LINE('',#4609,#12);
#4611=EDGE_CURVE('',#2994,#968,#4610,.T.);
#4612=ORIENTED_EDGE('',*,*,#4611,.T.);
#4613=EDGE_LOOP('',(#4606,#4607,#4608,#4612));
#4614=ORIENTED_EDGE('',*,*,#658,.F.);
#4615=ORIENTED_EDGE('',*,*,#3379,.F.);
#4616=ORIENTED_EDGE('',*,*,#3232,.T.);
#4617=CARTESIAN_POINT('',(0.250000000000,1.622776286926,1.967002064714));
#4618=LINE('',#4617,#12);
#4619=EDGE_CURVE('',#3225,#656,#4618,.T.);
#4620=ORIENTED_EDGE('',*,*,#4619,.T.);
#4621=EDGE_LOOP('',(#4614,#4615,#4616,#4620));
#4622=ORIENTED_EDGE('',*,*,#1120,.F.);
#4623=ORIENTED_EDGE('',*,*,#3863,.F.);
#4624=ORIENTED_EDGE('',*,*,#2875,.T.);
#4625=CARTESIAN_POINT('',(0.250000000000,-2.548411269791,0.090000000000));
#4626=LINE('',#4625,#12);
#4627=EDGE_CURVE('',#2868,#1118,#4626,.T.);
#4628=ORIENTED_EDGE('',*,*,#4627,.T.);
#4629=EDGE_LOOP('',(#4622,#4623,#4624,#4628));
#4630=ORIENTED_EDGE('',*,*,#1220,.F.);
#4631=ORIENTED_EDGE('',*,*,#3894,.F.);
#4632=ORIENTED_EDGE('',*,*,#2791,.T.);
#4633=CARTESIAN_POINT('',(0.250000000000,-2.251988898930,-1.196263348555));
#4634=LINE('',#4633,#12);
#4635=EDGE_CURVE('',#2784,#1218,#4634,.T.);
#4636=ORIENTED_EDGE('',*,*,#4635,.T.);
#4637=EDGE_LOOP('',(#4630,#4631,#4632,#4636));
#4638=ORIENTED_EDGE('',*,*,#1045,.F.);
#4639=ORIENTED_EDGE('',*,*,#3701,.F.);
#4640=ORIENTED_EDGE('',*,*,#2938,.T.);
#4641=ORIENTED_EDGE('',*,*,#3646,.T.);
#4642=EDGE_LOOP('',(#4638,#4639,#4640,#4641));
#4643=ORIENTED_EDGE('',*,*,#1422,.F.);
#4644=CARTESIAN_POINT('',(0.250000000000,0.421864456780,-2.514861900802));
#4645=LINE('',#4644,#12);
#4646=EDGE_CURVE('',#2575,#1415,#4645,.T.);
#4647=ORIENTED_EDGE('',*,*,#4646,.F.);
#4648=ORIENTED_EDGE('',*,*,#2577,.T.);
#4649=ORIENTED_EDGE('',*,*,#4326,.T.);
#4650=EDGE_LOOP('',(#4643,#4647,#4648,#4649));
#4651=ORIENTED_EDGE('',*,*,#1317,.F.);
#4652=ORIENTED_EDGE('',*,*,#3991,.F.);
#4653=ORIENTED_EDGE('',*,*,#2692,.T.);
#4654=ORIENTED_EDGE('',*,*,#4164,.T.);
#4655=EDGE_LOOP('',(#4651,#4652,#4653,#4654));
#4656=ORIENTED_EDGE('',*,*,#745,.F.);
#4657=ORIENTED_EDGE('',*,*,#4177,.F.);
#4658=ORIENTED_EDGE('',*,*,#3169,.T.);
#4659=ORIENTED_EDGE('',*,*,#3510,.T.);
#4660=EDGE_LOOP('',(#4656,#4657,#4658,#4659));
#4661=ORIENTED_EDGE('',*,*,#1674,.F.);
#4662=ORIENTED_EDGE('',*,*,#3319,.F.);
#4663=ORIENTED_EDGE('',*,*,#2301,.T.);
#4664=ORIENTED_EDGE('',*,*,#4269,.T.);
#4665=EDGE_LOOP('',(#4661,#4662,#4663,#4664));
#4666=ORIENTED_EDGE('',*,*,#1275,.F.);
#4667=ORIENTED_EDGE('',*,*,#3361,.F.);
#4668=ORIENTED_EDGE('',*,*,#2738,.T.);
#4669=CARTESIAN_POINT('',(0.250000000000,-1.622776286926,-1.967002064714));
#4670=LINE('',#4669,#12);
#4671=EDGE_CURVE('',#2730,#1273,#4670,.T.);
#4672=ORIENTED_EDGE('',*,*,#4671,.T.);
#4673=EDGE_LOOP('',(#4666,#4667,#4668,#4672));
#4674=ORIENTED_EDGE('',*,*,#1506,.F.);
#4675=ORIENTED_EDGE('',*,*,#4098,.F.);
#4676=ORIENTED_EDGE('',*,*,#2485,.T.);
#4677=CARTESIAN_POINT('',(0.250000000000,1.738359279815,-1.865638500429));
#4678=LINE('',#4677,#12);
#4679=EDGE_CURVE('',#2477,#1504,#4678,.T.);
#4680=ORIENTED_EDGE('',*,*,#4679,.T.);
#4681=EDGE_LOOP('',(#4674,#4675,#4676,#4680));
#4682=ORIENTED_EDGE('',*,*,#947,.F.);
#4683=ORIENTED_EDGE('',*,*,#4370,.F.);
#4684=ORIENTED_EDGE('',*,*,#3022,.T.);
#4685=ORIENTED_EDGE('',*,*,#4104,.T.);
#4686=EDGE_LOOP('',(#4682,#4683,#4684,#4685));
#4687=ORIENTED_EDGE('',*,*,#1590,.F.);
#4688=ORIENTED_EDGE('',*,*,#3659,.F.);
#4689=ORIENTED_EDGE('',*,*,#2393,.T.);
#4690=CARTESIAN_POINT('',(0.250000000000,2.438282547438,-0.746510695742));
#4691=LINE('',#4690,#12);
#4692=EDGE_CURVE('',#2385,#1588,#4691,.T.);
#4693=ORIENTED_EDGE('',*,*,#4692,.T.);
#4694=EDGE_LOOP('',(#4687,#4688,#4689,#4693));
#4695=ORIENTED_EDGE('',*,*,#687,.F.);
#4696=CARTESIAN_POINT('',(0.250000000000,1.479972685674,2.076579121936));
#4697=LINE('',#4696,#12);
#4698=EDGE_CURVE('',#3209,#677,#4697,.T.);
#4699=ORIENTED_EDGE('',*,*,#4698,.F.);
#4700=ORIENTED_EDGE('',*,*,#3211,.T.);
#4701=ORIENTED_EDGE('',*,*,#3997,.T.);
#4702=EDGE_LOOP('',(#4695,#4699,#4700,#4701));
#4703=ORIENTED_EDGE('',*,*,#56,.T.);
#4704=ORIENTED_EDGE('',*,*,#1243,.F.);
#4705=CARTESIAN_POINT('',(0.250000000000,-2.161988898930,-1.352147921236));
#4706=LINE('',#4705,#12);
#4707=EDGE_CURVE('',#2768,#1235,#4706,.T.);
#4708=ORIENTED_EDGE('',*,*,#4707,.F.);
#4709=ORIENTED_EDGE('',*,*,#2770,.T.);
#4710=EDGE_LOOP('',(#4703,#4704,#4708,#4709));
#4711=ORIENTED_EDGE('',*,*,#1653,.F.);
#4712=CARTESIAN_POINT('',(0.250000000000,2.548411269791,0.090000000000));
#4713=LINE('',#4712,#12);
#4714=EDGE_CURVE('',#2322,#1646,#4713,.T.);
#4715=ORIENTED_EDGE('',*,*,#4714,.F.);
#4716=ORIENTED_EDGE('',*,*,#2324,.T.);
#4717=ORIENTED_EDGE('',*,*,#3280,.T.);
#4718=EDGE_LOOP('',(#4711,#4715,#4716,#4717));
#4719=ORIENTED_EDGE('',*,*,#81,.F.);
#4720=ORIENTED_EDGE('',*,*,#3251,.T.);
#4721=ORIENTED_EDGE('',*,*,#3348,.T.);
#4722=ORIENTED_EDGE('',*,*,#629,.F.);
#4723=EDGE_LOOP('',(#4719,#4720,#4721,#4722));
#4724=ORIENTED_EDGE('',*,*,#1170,.F.);
#4725=ORIENTED_EDGE('',*,*,#3293,.F.);
#4726=ORIENTED_EDGE('',*,*,#2833,.T.);
#4727=ORIENTED_EDGE('',*,*,#4240,.T.);
#4728=EDGE_LOOP('',(#4724,#4725,#4726,#4727));
#4729=FACE_BOUND('',#4421,.T.);
#4730=FACE_BOUND('',#4426,.T.);
#4731=FACE_BOUND('',#4431,.T.);
#4732=FACE_BOUND('',#4436,.T.);
#4733=FACE_BOUND('',#4441,.T.);
#4734=FACE_BOUND('',#4446,.T.);
#4735=FACE_BOUND('',#4454,.T.);
#4736=FACE_BOUND('',#4462,.T.);
#4737=FACE_BOUND('',#4470,.T.);
#4738=FACE_BOUND('',#4475,.T.);
#4739=FACE_BOUND('',#4480,.T.);
#4740=FACE_BOUND('',#4485,.T.);
#4741=FACE_BOUND('',#4493,.T.);
#4742=FACE_BOUND('',#4501,.T.);
#4743=FACE_BOUND('',#4506,.T.);
#4744=FACE_BOUND('',#4511,.T.);
#4745=FACE_BOUND('',#4519,.T.);
#4746=FACE_BOUND('',#4527,.T.);
#4747=FACE_BOUND('',#4532,.T.);
#4748=FACE_BOUND('',#4537,.T.);
#4749=FACE_BOUND('',#4545,.T.);
#4750=FACE_BOUND('',#4550,.T.);
#4751=FACE_BOUND('',#4558,.T.);
#4752=FACE_BOUND('',#4566,.T.);
#4753=FACE_BOUND('',#4571,.T.);
#4754=FACE_BOUND('',#4576,.T.);
#4755=FACE_BOUND('',#4581,.T.);
#4756=FACE_BOUND('',#4589,.T.);
#4757=FACE_BOUND('',#4597,.T.);
#4758=FACE_BOUND('',#4605,.T.);
#4759=FACE_BOUND('',#4613,.T.);
#4760=FACE_BOUND('',#4621,.T.);
#4761=FACE_BOUND('',#4629,.T.);
#4762=FACE_BOUND('',#4637,.T.);
#4763=FACE_BOUND('',#4642,.T.);
#4764=FACE_BOUND('',#4650,.T.);
#4765=FACE_BOUND('',#4655,.T.);
#4766=FACE_BOUND('',#4660,.T.);
#4767=FACE_BOUND('',#4665,.T.);
#4768=FACE_BOUND('',#4673,.T.);
#4769=FACE_BOUND('',#4681,.T.);
#4770=FACE_BOUND('',#4686,.T.);
#4771=FACE_BOUND('',#4694,.T.);
#4772=FACE_BOUND('',#4702,.T.);
#4773=FACE_BOUND('',#4710,.T.);
#4774=FACE_BOUND('',#4718,.T.);
#4775=FACE_BOUND('',#4723,.T.);
#4776=FACE_BOUND('',#4728,.T.);
#4777=ADVANCED_FACE('',(#4729,#4730,#4731,#4732,#4733,#4734,#4735,#4736,#4737,#4738,#4739,#4740,#4741,#4742,#4743,#4744,#4745,#4746,#4747,#4748,#4749,#4750,#4751,#4752,#4753,#4754,#4755,#4756,#4757,#4758,#4759,#4760,#4761,#4762,#4763,#4764,#4765,#4766,#4767,#4768,#4769,#4770,#4771,#4772,#4773,#4774,#4775,#4776),#4416,.T.);
#4778=CARTESIAN_POINT('',(0.000000000000,2.338268590218,-1.350000000000));
#4779=AXIS2_PLACEMENT_3D('',#4778,#1037,#708);
#4780=PLANE('',#4779);
#4781=ORIENTED_EDGE('',*,*,#1559,.F.);
#4782=ORIENTED_EDGE('',*,*,#3693,.F.);
#4783=ORIENTED_EDGE('',*,*,#2428,.F.);
#4784=ORIENTED_EDGE('',*,*,#3722,.F.);
#4785=EDGE_LOOP('',(#4781,#4782,#4783,#4784));
#4786=FACE_OUTER_BOUND('',#4785,.T.);
#4787=ADVANCED_FACE('',(#4786),#4780,.T.);
#4788=CARTESIAN_POINT('',(0.000000000000,0.352420718994,-2.676901125709));
#4789=AXIS2_PLACEMENT_3D('',#4788,#852,#844);
#4790=PLANE('',#4789);
#4791=ORIENTED_EDGE('',*,*,#1412,.F.);
#4792=CARTESIAN_POINT('',(0.000000000000,0.263190681470,-2.688648483009));
#4793=LINE('',#4792,#27);
#4794=EDGE_CURVE('',#1404,#2586,#4793,.T.);
#4795=ORIENTED_EDGE('',*,*,#4794,.T.);
#4796=ORIENTED_EDGE('',*,*,#2589,.F.);
#4797=CARTESIAN_POINT('',(0.000000000000,0.441650756518,-2.665153768409));
#4798=LINE('',#4797,#12);
#4799=EDGE_CURVE('',#2580,#1409,#4798,.T.);
#4800=ORIENTED_EDGE('',*,*,#4799,.T.);
#4801=EDGE_LOOP('',(#4791,#4795,#4796,#4800));
#4802=FACE_OUTER_BOUND('',#4801,.T.);
#4803=ADVANCED_FACE('',(#4802),#4790,.T.);
#4804=CARTESIAN_POINT('',(0.000000000000,0.089230037524,0.011747357300));
#4805=AXIS2_PLACEMENT_3D('',#4804,#1162,#852);
#4806=PLANE('',#4805);
#4807=ORIENTED_EDGE('',*,*,#1417,.F.);
#4808=ORIENTED_EDGE('',*,*,#4799,.F.);
#4809=ORIENTED_EDGE('',*,*,#2583,.F.);
#4810=ORIENTED_EDGE('',*,*,#4646,.T.);
#4811=EDGE_LOOP('',(#4807,#4808,#4809,#4810));
#4812=ORIENTED_EDGE('',*,*,#839,.F.);
#4813=ORIENTED_EDGE('',*,*,#4543,.F.);
#4814=ORIENTED_EDGE('',*,*,#3101,.F.);
#4815=CARTESIAN_POINT('',(0.000000000000,-0.263190681470,2.688648483009));
#4816=LINE('',#4815,#12);
#4817=EDGE_CURVE('',#3093,#834,#4816,.T.);
#4818=ORIENTED_EDGE('',*,*,#4817,.T.);
#4819=EDGE_LOOP('',(#4812,#4813,#4814,#4818));
#4820=FACE_OUTER_BOUND('',#4811,.T.);
#4821=ADVANCED_FACE('',(#4820),#4806,.T.);
#4822=FACE_OUTER_BOUND('',#4819,.T.);
#4823=ADVANCED_FACE('',(#4822),#4806,.T.);
#4824=CARTESIAN_POINT('',(0.000000000000,-0.089230037524,-0.011747357300));
#4825=AXIS2_PLACEMENT_3D('',#4824,#844,#836);
#4826=PLANE('',#4825);
#4827=ORIENTED_EDGE('',*,*,#1406,.F.);
#4828=ORIENTED_EDGE('',*,*,#4556,.F.);
#4829=ORIENTED_EDGE('',*,*,#2595,.F.);
#4830=ORIENTED_EDGE('',*,*,#4794,.F.);
#4831=EDGE_LOOP('',(#4827,#4828,#4829,#4830));
#4832=ORIENTED_EDGE('',*,*,#855,.F.);
#4833=CARTESIAN_POINT('',(0.000000000000,-0.441650756518,2.665153768409));
#4834=LINE('',#4833,#27);
#4835=EDGE_CURVE('',#842,#3088,#4834,.T.);
#4836=ORIENTED_EDGE('',*,*,#4835,.T.);
#4837=ORIENTED_EDGE('',*,*,#3090,.F.);
#4838=ORIENTED_EDGE('',*,*,#4458,.T.);
#4839=EDGE_LOOP('',(#4832,#4836,#4837,#4838));
#4840=FACE_OUTER_BOUND('',#4831,.T.);
#4841=ADVANCED_FACE('',(#4840),#4826,.T.);
#4842=FACE_OUTER_BOUND('',#4839,.T.);
#4843=ADVANCED_FACE('',(#4842),#4826,.T.);
#4844=CARTESIAN_POINT('',(0.000000000000,2.494474737780,1.033245267386));
#4845=AXIS2_PLACEMENT_3D('',#4844,#1212,#910);
#4846=PLANE('',#4845);
#4847=ORIENTED_EDGE('',*,*,#1706,.F.);
#4848=ORIENTED_EDGE('',*,*,#3905,.F.);
#4849=ORIENTED_EDGE('',*,*,#2267,.F.);
#4850=ORIENTED_EDGE('',*,*,#3926,.F.);
#4851=EDGE_LOOP('',(#4847,#4848,#4849,#4850));
#4852=FACE_OUTER_BOUND('',#4851,.T.);
#4853=ADVANCED_FACE('',(#4852),#4846,.T.);
#4854=CARTESIAN_POINT('',(0.000000000000,-2.142054018786,1.643655858324));
#4855=AXIS2_PLACEMENT_3D('',#4854,#671,#663);
#4856=PLANE('',#4855);
#4857=ORIENTED_EDGE('',*,*,#1007,.F.);
#4858=ORIENTED_EDGE('',*,*,#3421,.F.);
#4859=ORIENTED_EDGE('',*,*,#2970,.F.);
#4860=ORIENTED_EDGE('',*,*,#3450,.F.);
#4861=EDGE_LOOP('',(#4857,#4858,#4859,#4860));
#4862=FACE_OUTER_BOUND('',#4861,.T.);
#4863=ADVANCED_FACE('',(#4862),#4856,.T.);
#4864=CARTESIAN_POINT('',(0.000000000000,0.000000000000,-2.700000000000));
#4865=AXIS2_PLACEMENT_3D('',#4864,#823,#11);
#4866=PLANE('',#4865);
#4867=ORIENTED_EDGE('',*,*,#1391,.F.);
#4868=ORIENTED_EDGE('',*,*,#3557,.F.);
#4869=ORIENTED_EDGE('',*,*,#2612,.F.);
#4870=ORIENTED_EDGE('',*,*,#3578,.F.);
#4871=EDGE_LOOP('',(#4867,#4868,#4869,#4870));
#4872=FACE_OUTER_BOUND('',#4871,.T.);
#4873=ADVANCED_FACE('',(#4872),#4866,.T.);
#4874=CARTESIAN_POINT('',(0.000000000000,1.909188309204,-1.909188309204));
#4875=AXIS2_PLACEMENT_3D('',#4874,#987,#650);
#4876=PLANE('',#4875);
#4877=ORIENTED_EDGE('',*,*,#1517,.F.);
#4878=CARTESIAN_POINT('',(0.000000000000,1.845548698897,-1.972827919510));
#4879=LINE('',#4878,#27);
#4880=EDGE_CURVE('',#1509,#2471,#4879,.T.);
#4881=ORIENTED_EDGE('',*,*,#4880,.T.);
#4882=ORIENTED_EDGE('',*,*,#2474,.F.);
#4883=CARTESIAN_POINT('',(0.000000000000,1.972827919510,-1.845548698897));
#4884=LINE('',#4883,#12);
#4885=EDGE_CURVE('',#2465,#1514,#4884,.T.);
#4886=ORIENTED_EDGE('',*,*,#4885,.T.);
#4887=EDGE_LOOP('',(#4877,#4881,#4882,#4886));
#4888=FACE_OUTER_BOUND('',#4887,.T.);
#4889=ADVANCED_FACE('',(#4888),#4876,.T.);
#4890=CARTESIAN_POINT('',(0.000000000000,0.063639610307,0.063639610307));
#4891=AXIS2_PLACEMENT_3D('',#4890,#634,#987);
#4892=PLANE('',#4891);
#4893=ORIENTED_EDGE('',*,*,#1522,.F.);
#4894=ORIENTED_EDGE('',*,*,#4885,.F.);
#4895=ORIENTED_EDGE('',*,*,#2468,.F.);
#4896=ORIENTED_EDGE('',*,*,#4450,.T.);
#4897=EDGE_LOOP('',(#4893,#4894,#4895,#4896));
#4898=ORIENTED_EDGE('',*,*,#976,.F.);
#4899=ORIENTED_EDGE('',*,*,#4611,.F.);
#4900=ORIENTED_EDGE('',*,*,#2996,.F.);
#4901=CARTESIAN_POINT('',(0.000000000000,-1.845548698897,1.972827919510));
#4902=LINE('',#4901,#12);
#4903=EDGE_CURVE('',#2988,#973,#4902,.T.);
#4904=ORIENTED_EDGE('',*,*,#4903,.T.);
#4905=EDGE_LOOP('',(#4898,#4899,#4900,#4904));
#4906=FACE_OUTER_BOUND('',#4897,.T.);
#4907=ADVANCED_FACE('',(#4906),#4892,.T.);
#4908=FACE_OUTER_BOUND('',#4905,.T.);
#4909=ADVANCED_FACE('',(#4908),#4892,.T.);
#4910=CARTESIAN_POINT('',(0.000000000000,-0.063639610307,-0.063639610307));
#4911=AXIS2_PLACEMENT_3D('',#4910,#650,#642);
#4912=PLANE('',#4911);
#4913=ORIENTED_EDGE('',*,*,#990,.F.);
#4914=CARTESIAN_POINT('',(0.000000000000,-1.972827919510,1.845548698897));
#4915=LINE('',#4914,#27);
#4916=EDGE_CURVE('',#979,#2983,#4915,.T.);
#4917=ORIENTED_EDGE('',*,*,#4916,.T.);
#4918=ORIENTED_EDGE('',*,*,#2985,.F.);
#4919=ORIENTED_EDGE('',*,*,#4497,.T.);
#4920=EDGE_LOOP('',(#4913,#4917,#4918,#4919));
#4921=ORIENTED_EDGE('',*,*,#1511,.F.);
#4922=ORIENTED_EDGE('',*,*,#4679,.F.);
#4923=ORIENTED_EDGE('',*,*,#2480,.F.);
#4924=ORIENTED_EDGE('',*,*,#4880,.F.);
#4925=EDGE_LOOP('',(#4921,#4922,#4923,#4924));
#4926=FACE_OUTER_BOUND('',#4920,.T.);
#4927=ADVANCED_FACE('',(#4926),#4912,.T.);
#4928=FACE_OUTER_BOUND('',#4925,.T.);
#4929=ADVANCED_FACE('',(#4928),#4912,.T.);
#4930=CARTESIAN_POINT('',(0.000000000000,-2.607999730980,-0.698811421777));
#4931=AXIS2_PLACEMENT_3D('',#4930,#873,#865);
#4932=PLANE('',#4931);
#4933=ORIENTED_EDGE('',*,*,#1182,.F.);
#4934=ORIENTED_EDGE('',*,*,#4245,.F.);
#4935=ORIENTED_EDGE('',*,*,#2823,.F.);
#4936=ORIENTED_EDGE('',*,*,#4258,.F.);
#4937=EDGE_LOOP('',(#4933,#4934,#4935,#4936));
#4938=FACE_OUTER_BOUND('',#4937,.T.);
#4939=ADVANCED_FACE('',(#4938),#4932,.T.);
#4940=CARTESIAN_POINT('',(0.000000000000,-2.607999730980,0.698811421777));
#4941=AXIS2_PLACEMENT_3D('',#4940,#758,#750);
#4942=PLANE('',#4941);
#4943=ORIENTED_EDGE('',*,*,#1082,.F.);
#4944=CARTESIAN_POINT('',(0.000000000000,-2.584706016921,0.785744746143));
#4945=LINE('',#4944,#27);
#4946=EDGE_CURVE('',#1073,#2904,#4945,.T.);
#4947=ORIENTED_EDGE('',*,*,#4946,.T.);
#4948=ORIENTED_EDGE('',*,*,#2907,.F.);
#4949=CARTESIAN_POINT('',(0.000000000000,-2.631293445040,0.611878097411));
#4950=LINE('',#4949,#12);
#4951=EDGE_CURVE('',#2899,#1079,#4950,.T.);
#4952=ORIENTED_EDGE('',*,*,#4951,.T.);
#4953=EDGE_LOOP('',(#4943,#4947,#4948,#4952));
#4954=FACE_OUTER_BOUND('',#4953,.T.);
#4955=ADVANCED_FACE('',(#4954),#4942,.T.);
#4956=CARTESIAN_POINT('',(0.000000000000,-0.023293714059,-0.086933324366));
#4957=AXIS2_PLACEMENT_3D('',#4956,#766,#758);
#4958=PLANE('',#4957);
#4959=ORIENTED_EDGE('',*,*,#1595,.F.);
#4960=ORIENTED_EDGE('',*,*,#4692,.F.);
#4961=ORIENTED_EDGE('',*,*,#2388,.F.);
#4962=CARTESIAN_POINT('',(0.000000000000,2.584706016921,-0.785744746143));
#4963=LINE('',#4962,#12);
#4964=EDGE_CURVE('',#2379,#1593,#4963,.T.);
#4965=ORIENTED_EDGE('',*,*,#4964,.T.);
#4966=EDGE_LOOP('',(#4959,#4960,#4961,#4965));
#4967=ORIENTED_EDGE('',*,*,#1090,.F.);
#4968=ORIENTED_EDGE('',*,*,#4951,.F.);
#4969=ORIENTED_EDGE('',*,*,#2901,.F.);
#4970=ORIENTED_EDGE('',*,*,#4515,.T.);
#4971=EDGE_LOOP('',(#4967,#4968,#4969,#4970));
#4972=FACE_OUTER_BOUND('',#4966,.T.);
#4973=ADVANCED_FACE('',(#4972),#4958,.T.);
#4974=FACE_OUTER_BOUND('',#4971,.T.);
#4975=ADVANCED_FACE('',(#4974),#4958,.T.);
#4976=CARTESIAN_POINT('',(0.000000000000,0.023293714059,0.086933324366));
#4977=AXIS2_PLACEMENT_3D('',#4976,#750,#1087);
#4978=PLANE('',#4977);
#4979=ORIENTED_EDGE('',*,*,#1606,.F.);
#4980=CARTESIAN_POINT('',(0.000000000000,2.631293445040,-0.611878097411));
#4981=LINE('',#4980,#27);
#4982=EDGE_CURVE('',#1598,#2373,#4981,.T.);
#4983=ORIENTED_EDGE('',*,*,#4982,.T.);
#4984=ORIENTED_EDGE('',*,*,#2376,.F.);
#4985=ORIENTED_EDGE('',*,*,#4601,.T.);
#4986=EDGE_LOOP('',(#4979,#4983,#4984,#4985));
#4987=ORIENTED_EDGE('',*,*,#1076,.F.);
#4988=ORIENTED_EDGE('',*,*,#4525,.F.);
#4989=ORIENTED_EDGE('',*,*,#2912,.F.);
#4990=ORIENTED_EDGE('',*,*,#4946,.F.);
#4991=EDGE_LOOP('',(#4987,#4988,#4989,#4990));
#4992=FACE_OUTER_BOUND('',#4986,.T.);
#4993=ADVANCED_FACE('',(#4992),#4978,.T.);
#4994=FACE_OUTER_BOUND('',#4991,.T.);
#4995=ADVANCED_FACE('',(#4994),#4978,.T.);
#4996=CARTESIAN_POINT('',(0.000000000000,1.350000000000,-2.338268590218));
#4997=AXIS2_PLACEMENT_3D('',#4996,#939,#931);
#4998=PLANE('',#4997);
#4999=ORIENTED_EDGE('',*,*,#1475,.F.);
#5000=ORIENTED_EDGE('',*,*,#4381,.F.);
#5001=ORIENTED_EDGE('',*,*,#2520,.F.);
#5002=ORIENTED_EDGE('',*,*,#4394,.F.);
#5003=EDGE_LOOP('',(#4999,#5000,#5001,#5002));
#5004=FACE_OUTER_BOUND('',#5003,.T.);
#5005=ADVANCED_FACE('',(#5004),#4998,.T.);
#5006=CARTESIAN_POINT('',(0.000000000000,-0.352420718994,-2.676901125709));
#5007=AXIS2_PLACEMENT_3D('',#5006,#795,#787);
#5008=PLANE('',#5007);
#5009=ORIENTED_EDGE('',*,*,#1370,.F.);
#5010=ORIENTED_EDGE('',*,*,#3761,.F.);
#5011=ORIENTED_EDGE('',*,*,#2635,.F.);
#5012=ORIENTED_EDGE('',*,*,#3782,.F.);
#5013=EDGE_LOOP('',(#5009,#5010,#5011,#5012));
#5014=FACE_OUTER_BOUND('',#5013,.T.);
#5015=ADVANCED_FACE('',(#5014),#5008,.T.);
#5016=CARTESIAN_POINT('',(0.000000000000,-1.033245267386,2.494474737780));
#5017=AXIS2_PLACEMENT_3D('',#5016,#894,#1212);
#5018=PLANE('',#5017);
#5019=ORIENTED_EDGE('',*,*,#905,.F.);
#5020=ORIENTED_EDGE('',*,*,#4033,.F.);
#5021=ORIENTED_EDGE('',*,*,#3054,.F.);
#5022=ORIENTED_EDGE('',*,*,#4054,.F.);
#5023=EDGE_LOOP('',(#5019,#5020,#5021,#5022));
#5024=FACE_OUTER_BOUND('',#5023,.T.);
#5025=ADVANCED_FACE('',(#5024),#5018,.T.);
#5026=CARTESIAN_POINT('',(0.000000000000,2.700000000000,0.000000000000));
#5027=AXIS2_PLACEMENT_3D('',#5026,#1137,#823);
#5028=PLANE('',#5027);
#5029=ORIENTED_EDGE('',*,*,#1643,.F.);
#5030=CARTESIAN_POINT('',(0.000000000000,2.700000000000,-0.090000000000));
#5031=LINE('',#5030,#27);
#5032=EDGE_CURVE('',#1635,#2333,#5031,.T.);
#5033=ORIENTED_EDGE('',*,*,#5032,.T.);
#5034=ORIENTED_EDGE('',*,*,#2336,.F.);
#5035=CARTESIAN_POINT('',(0.000000000000,2.700000000000,0.090000000000));
#5036=LINE('',#5035,#12);
#5037=EDGE_CURVE('',#2327,#1640,#5036,.T.);
#5038=ORIENTED_EDGE('',*,*,#5037,.T.);
#5039=EDGE_LOOP('',(#5029,#5033,#5034,#5038));
#5040=FACE_OUTER_BOUND('',#5039,.T.);
#5041=ADVANCED_FACE('',(#5040),#5028,.T.);
#5042=CARTESIAN_POINT('',(0.000000000000,0.000000000000,0.090000000000));
#5043=AXIS2_PLACEMENT_3D('',#5042,#140,#1137);
#5044=PLANE('',#5043);
#5045=ORIENTED_EDGE('',*,*,#1648,.F.);
#5046=ORIENTED_EDGE('',*,*,#5037,.F.);
#5047=ORIENTED_EDGE('',*,*,#2330,.F.);
#5048=ORIENTED_EDGE('',*,*,#4714,.T.);
#5049=EDGE_LOOP('',(#5045,#5046,#5047,#5048));
#5050=ORIENTED_EDGE('',*,*,#1126,.F.);
#5051=ORIENTED_EDGE('',*,*,#4627,.F.);
#5052=ORIENTED_EDGE('',*,*,#2870,.F.);
#5053=CARTESIAN_POINT('',(0.000000000000,-2.700000000000,0.090000000000));
#5054=LINE('',#5053,#12);
#5055=EDGE_CURVE('',#2862,#1123,#5054,.T.);
#5056=ORIENTED_EDGE('',*,*,#5055,.T.);
#5057=EDGE_LOOP('',(#5050,#5051,#5052,#5056));
#5058=FACE_OUTER_BOUND('',#5049,.T.);
#5059=ADVANCED_FACE('',(#5058),#5044,.T.);
#5060=FACE_OUTER_BOUND('',#5057,.T.);
#5061=ADVANCED_FACE('',(#5060),#5044,.T.);
#5062=CARTESIAN_POINT('',(0.000000000000,0.000000000000,-0.090000000000));
#5063=AXIS2_PLACEMENT_3D('',#5062,#823,#815);
#5064=PLANE('',#5063);
#5065=ORIENTED_EDGE('',*,*,#1140,.F.);
#5066=CARTESIAN_POINT('',(0.000000000000,-2.700000000000,-0.090000000000));
#5067=LINE('',#5066,#27);
#5068=EDGE_CURVE('',#1129,#2857,#5067,.T.);
#5069=ORIENTED_EDGE('',*,*,#5068,.T.);
#5070=ORIENTED_EDGE('',*,*,#2859,.F.);
#5071=ORIENTED_EDGE('',*,*,#4585,.T.);
#5072=EDGE_LOOP('',(#5065,#5069,#5070,#5071));
#5073=ORIENTED_EDGE('',*,*,#1637,.F.);
#5074=ORIENTED_EDGE('',*,*,#4595,.F.);
#5075=ORIENTED_EDGE('',*,*,#2342,.F.);
#5076=ORIENTED_EDGE('',*,*,#5032,.F.);
#5077=EDGE_LOOP('',(#5073,#5074,#5075,#5076));
#5078=FACE_OUTER_BOUND('',#5072,.T.);
#5079=ADVANCED_FACE('',(#5078),#5064,.T.);
#5080=FACE_OUTER_BOUND('',#5077,.T.);
#5081=ADVANCED_FACE('',(#5080),#5064,.T.);
#5082=CARTESIAN_POINT('',(0.000000000000,2.676901125709,0.352420718994));
#5083=AXIS2_PLACEMENT_3D('',#5082,#1162,#852);
#5084=PLANE('',#5083);
#5085=ORIENTED_EDGE('',*,*,#1664,.F.);
#5086=ORIENTED_EDGE('',*,*,#3285,.F.);
#5087=ORIENTED_EDGE('',*,*,#2313,.F.);
#5088=ORIENTED_EDGE('',*,*,#3314,.F.);
#5089=EDGE_LOOP('',(#5085,#5086,#5087,#5088));
#5090=FACE_OUTER_BOUND('',#5089,.T.);
#5091=ADVANCED_FACE('',(#5090),#5084,.T.);
#5092=CARTESIAN_POINT('',(0.000000000000,-1.643655858324,-2.142054018786));
#5093=AXIS2_PLACEMENT_3D('',#5092,#679,#671);
#5094=PLANE('',#5093);
#5095=ORIENTED_EDGE('',*,*,#1286,.F.);
#5096=CARTESIAN_POINT('',(0.000000000000,-1.715057658950,-2.087265490176));
#5097=LINE('',#5096,#27);
#5098=EDGE_CURVE('',#1278,#2724,#5097,.T.);
#5099=ORIENTED_EDGE('',*,*,#5098,.T.);
#5100=ORIENTED_EDGE('',*,*,#2727,.F.);
#5101=CARTESIAN_POINT('',(0.000000000000,-1.572254057697,-2.196842547397));
#5102=LINE('',#5101,#12);
#5103=EDGE_CURVE('',#2718,#1283,#5102,.T.);
#5104=ORIENTED_EDGE('',*,*,#5103,.T.);
#5105=EDGE_LOOP('',(#5095,#5099,#5100,#5104));
#5106=FACE_OUTER_BOUND('',#5105,.T.);
#5107=ADVANCED_FACE('',(#5106),#5094,.T.);
#5108=CARTESIAN_POINT('',(0.000000000000,0.071401800626,-0.054788528611));
#5109=AXIS2_PLACEMENT_3D('',#5108,#1012,#679);
#5110=PLANE('',#5109);
#5111=ORIENTED_EDGE('',*,*,#666,.F.);
#5112=ORIENTED_EDGE('',*,*,#4619,.F.);
#5113=ORIENTED_EDGE('',*,*,#3227,.F.);
#5114=CARTESIAN_POINT('',(0.000000000000,1.715057658950,2.087265490176));
#5115=LINE('',#5114,#12);
#5116=EDGE_CURVE('',#3219,#661,#5115,.T.);
#5117=ORIENTED_EDGE('',*,*,#5116,.T.);
#5118=EDGE_LOOP('',(#5111,#5112,#5113,#5117));
#5119=ORIENTED_EDGE('',*,*,#1291,.F.);
#5120=ORIENTED_EDGE('',*,*,#5103,.F.);
#5121=ORIENTED_EDGE('',*,*,#2721,.F.);
#5122=ORIENTED_EDGE('',*,*,#4466,.T.);
#5123=EDGE_LOOP('',(#5119,#5120,#5121,#5122));
#5124=FACE_OUTER_BOUND('',#5118,.T.);
#5125=ADVANCED_FACE('',(#5124),#5110,.T.);
#5126=FACE_OUTER_BOUND('',#5123,.T.);
#5127=ADVANCED_FACE('',(#5126),#5110,.T.);
#5128=CARTESIAN_POINT('',(0.000000000000,-0.071401800626,0.054788528611));
#5129=AXIS2_PLACEMENT_3D('',#5128,#671,#663);
#5130=PLANE('',#5129);
#5131=ORIENTED_EDGE('',*,*,#1280,.F.);
#5132=ORIENTED_EDGE('',*,*,#4671,.F.);
#5133=ORIENTED_EDGE('',*,*,#2733,.F.);
#5134=ORIENTED_EDGE('',*,*,#5098,.F.);
#5135=EDGE_LOOP('',(#5131,#5132,#5133,#5134));
#5136=ORIENTED_EDGE('',*,*,#682,.F.);
#5137=CARTESIAN_POINT('',(0.000000000000,1.572254057697,2.196842547397));
#5138=LINE('',#5137,#27);
#5139=EDGE_CURVE('',#669,#3214,#5138,.T.);
#5140=ORIENTED_EDGE('',*,*,#5139,.T.);
#5141=ORIENTED_EDGE('',*,*,#3216,.F.);
#5142=ORIENTED_EDGE('',*,*,#4698,.T.);
#5143=EDGE_LOOP('',(#5136,#5140,#5141,#5142));
#5144=FACE_OUTER_BOUND('',#5135,.T.);
#5145=ADVANCED_FACE('',(#5144),#5130,.T.);
#5146=FACE_OUTER_BOUND('',#5143,.T.);
#5147=ADVANCED_FACE('',(#5146),#5130,.T.);
#5148=CYLINDRICAL_SURFACE('',#4415,0.480000000000);
#5149=CARTESIAN_POINT('',(-1.300000000000,-0.027688633510,0.479200729939));
#5150=VERTEX_POINT('',#5149);
#5151=CARTESIAN_POINT('',(-1.300000000000,-0.035096493176,0.478715193165));
#5152=VERTEX_POINT('',#5151);
#5153=CARTESIAN_POINT('',(-1.300000000000,0.000000000000,0.000000000000));
#5154=AXIS2_PLACEMENT_3D('',#5153,#11,#140);
#5155=CIRCLE('',#5154,0.480000000000);
#5156=EDGE_CURVE('',#5150,#5152,#5155,.T.);
#5157=ORIENTED_EDGE('',*,*,#5156,.F.);
#5158=CARTESIAN_POINT('',(-1.300000000000,0.027688633510,0.479200729939));
#5159=VERTEX_POINT('',#5158);
#5160=CIRCLE('',#5154,0.480000000000);
#5161=EDGE_CURVE('',#5159,#5150,#5160,.T.);
#5162=ORIENTED_EDGE('',*,*,#5161,.F.);
#5163=CARTESIAN_POINT('',(-1.300000000000,0.035096493176,0.478715193165));
#5164=VERTEX_POINT('',#5163);
#5165=CIRCLE('',#5154,0.480000000000);
#5166=EDGE_CURVE('',#5164,#5159,#5165,.T.);
#5167=ORIENTED_EDGE('',*,*,#5166,.F.);
#5168=CARTESIAN_POINT('',(-1.300000000000,0.090000000000,0.471487009365));
#5169=VERTEX_POINT('',#5168);
#5170=CIRCLE('',#5154,0.480000000000);
#5171=EDGE_CURVE('',#5169,#5164,#5170,.T.);
#5172=ORIENTED_EDGE('',*,*,#5171,.F.);
#5173=CARTESIAN_POINT('',(-1.300000000000,0.097281109133,0.470038706710));
#5174=VERTEX_POINT('',#5173);
#5175=CIRCLE('',#5154,0.480000000000);
#5176=EDGE_CURVE('',#5174,#5169,#5175,.T.);
#5177=ORIENTED_EDGE('',*,*,#5176,.F.);
#5178=CARTESIAN_POINT('',(-1.300000000000,0.150771441537,0.455706015340));
#5179=VERTEX_POINT('',#5178);
#5180=CIRCLE('',#5154,0.480000000000);
#5181=EDGE_CURVE('',#5179,#5174,#5180,.T.);
#5182=ORIENTED_EDGE('',*,*,#5181,.F.);
#5183=CARTESIAN_POINT('',(-1.300000000000,0.157801218342,0.453319727664));
#5184=VERTEX_POINT('',#5183);
#5185=CIRCLE('',#5154,0.480000000000);
#5186=EDGE_CURVE('',#5184,#5179,#5185,.T.);
#5187=ORIENTED_EDGE('',*,*,#5186,.F.);
#5188=CARTESIAN_POINT('',(-1.300000000000,0.208963141908,0.432127765046));
#5189=VERTEX_POINT('',#5188);
#5190=CIRCLE('',#5154,0.480000000000);
#5191=EDGE_CURVE('',#5189,#5184,#5190,.T.);
#5192=ORIENTED_EDGE('',*,*,#5191,.F.);
#5193=CARTESIAN_POINT('',(-1.300000000000,0.215621304954,0.428844322394));
#5194=VERTEX_POINT('',#5193);
#5195=CIRCLE('',#5154,0.480000000000);
#5196=EDGE_CURVE('',#5194,#5189,#5195,.T.);
#5197=ORIENTED_EDGE('',*,*,#5196,.F.);
#5198=CARTESIAN_POINT('',(-1.300000000000,0.263579424985,0.401155688884));
#5199=VERTEX_POINT('',#5198);
#5200=CIRCLE('',#5154,0.480000000000);
#5201=EDGE_CURVE('',#5199,#5194,#5200,.T.);
#5202=ORIENTED_EDGE('',*,*,#5201,.F.);
#5203=CARTESIAN_POINT('',(-1.300000000000,0.269752051257,0.397031271870));
#5204=VERTEX_POINT('',#5203);
#5205=CIRCLE('',#5154,0.480000000000);
#5206=EDGE_CURVE('',#5204,#5199,#5205,.T.);
#5207=ORIENTED_EDGE('',*,*,#5206,.F.);
#5208=CARTESIAN_POINT('',(-1.300000000000,0.313685791023,0.363319727664));
#5209=VERTEX_POINT('',#5208);
#5210=CIRCLE('',#5154,0.480000000000);
#5211=EDGE_CURVE('',#5209,#5204,#5210,.T.);
#5212=ORIENTED_EDGE('',*,*,#5211,.F.);
#5213=CARTESIAN_POINT('',(-1.300000000000,0.319267265173,0.358424906206));
#5214=VERTEX_POINT('',#5213);
#5215=CIRCLE('',#5154,0.480000000000);
#5216=EDGE_CURVE('',#5214,#5209,#5215,.T.);
#5217=ORIENTED_EDGE('',*,*,#5216,.F.);
#5218=CARTESIAN_POINT('',(-1.300000000000,0.358424906206,0.319267265173));
#5219=VERTEX_POINT('',#5218);
#5220=CIRCLE('',#5154,0.480000000000);
#5221=EDGE_CURVE('',#5219,#5214,#5220,.T.);
#5222=ORIENTED_EDGE('',*,*,#5221,.F.);
#5223=CARTESIAN_POINT('',(-1.300000000000,0.363319727664,0.313685791023));
#5224=VERTEX_POINT('',#5223);
#5225=CIRCLE('',#5154,0.480000000000);
#5226=EDGE_CURVE('',#5224,#5219,#5225,.T.);
#5227=ORIENTED_EDGE('',*,*,#5226,.F.);
#5228=CARTESIAN_POINT('',(-1.300000000000,0.397031271870,0.269752051257));
#5229=VERTEX_POINT('',#5228);
#5230=CIRCLE('',#5154,0.480000000000);
#5231=EDGE_CURVE('',#5229,#5224,#5230,.T.);
#5232=ORIENTED_EDGE('',*,*,#5231,.F.);
#5233=CARTESIAN_POINT('',(-1.300000000000,0.401155688884,0.263579424985));
#5234=VERTEX_POINT('',#5233);
#5235=CIRCLE('',#5154,0.480000000000);
#5236=EDGE_CURVE('',#5234,#5229,#5235,.T.);
#5237=ORIENTED_EDGE('',*,*,#5236,.F.);
#5238=CARTESIAN_POINT('',(-1.300000000000,0.428844322394,0.215621304954));
#5239=VERTEX_POINT('',#5238);
#5240=CIRCLE('',#5154,0.480000000000);
#5241=EDGE_CURVE('',#5239,#5234,#5240,.T.);
#5242=ORIENTED_EDGE('',*,*,#5241,.F.);
#5243=CARTESIAN_POINT('',(-1.300000000000,0.432127765046,0.208963141908));
#5244=VERTEX_POINT('',#5243);
#5245=CIRCLE('',#5154,0.480000000000);
#5246=EDGE_CURVE('',#5244,#5239,#5245,.T.);
#5247=ORIENTED_EDGE('',*,*,#5246,.F.);
#5248=CARTESIAN_POINT('',(-1.300000000000,0.453319727664,0.157801218342));
#5249=VERTEX_POINT('',#5248);
#5250=CIRCLE('',#5154,0.480000000000);
#5251=EDGE_CURVE('',#5249,#5244,#5250,.T.);
#5252=ORIENTED_EDGE('',*,*,#5251,.F.);
#5253=CARTESIAN_POINT('',(-1.300000000000,0.455706015340,0.150771441537));
#5254=VERTEX_POINT('',#5253);
#5255=CIRCLE('',#5154,0.480000000000);
#5256=EDGE_CURVE('',#5254,#5249,#5255,.T.);
#5257=ORIENTED_EDGE('',*,*,#5256,.F.);
#5258=CARTESIAN_POINT('',(-1.300000000000,0.470038706710,0.097281109133));
#5259=VERTEX_POINT('',#5258);
#5260=CIRCLE('',#5154,0.480000000000);
#5261=EDGE_CURVE('',#5259,#5254,#5260,.T.);
#5262=ORIENTED_EDGE('',*,*,#5261,.F.);
#5263=CARTESIAN_POINT('',(-1.300000000000,0.471487009365,0.090000000000));
#5264=VERTEX_POINT('',#5263);
#5265=CIRCLE('',#5154,0.480000000000);
#5266=EDGE_CURVE('',#5264,#5259,#5265,.T.);
#5267=ORIENTED_EDGE('',*,*,#5266,.F.);
#5268=CARTESIAN_POINT('',(-1.300000000000,0.478715193165,0.035096493176));
#5269=VERTEX_POINT('',#5268);
#5270=CIRCLE('',#5154,0.480000000000);
#5271=EDGE_CURVE('',#5269,#5264,#5270,.T.);
#5272=ORIENTED_EDGE('',*,*,#5271,.F.);
#5273=CARTESIAN_POINT('',(-1.300000000000,0.479200729939,0.027688633510));
#5274=VERTEX_POINT('',#5273);
#5275=CIRCLE('',#5154,0.480000000000);
#5276=EDGE_CURVE('',#5274,#5269,#5275,.T.);
#5277=ORIENTED_EDGE('',*,*,#5276,.F.);
#5278=CARTESIAN_POINT('',(-1.300000000000,0.479200729939,-0.027688633510));
#5279=VERTEX_POINT('',#5278);
#5280=CIRCLE('',#5154,0.480000000000);
#5281=EDGE_CURVE('',#5279,#5274,#5280,.T.);
#5282=ORIENTED_EDGE('',*,*,#5281,.F.);
#5283=CARTESIAN_POINT('',(-1.300000000000,0.478715193165,-0.035096493176));
#5284=VERTEX_POINT('',#5283);
#5285=CIRCLE('',#5154,0.480000000000);
#5286=EDGE_CURVE('',#5284,#5279,#5285,.T.);
#5287=ORIENTED_EDGE('',*,*,#5286,.F.);
#5288=CARTESIAN_POINT('',(-1.300000000000,0.471487009365,-0.090000000000));
#5289=VERTEX_POINT('',#5288);
#5290=CIRCLE('',#5154,0.480000000000);
#5291=EDGE_CURVE('',#5289,#5284,#5290,.T.);
#5292=ORIENTED_EDGE('',*,*,#5291,.F.);
#5293=CARTESIAN_POINT('',(-1.300000000000,0.470038706710,-0.097281109133));
#5294=VERTEX_POINT('',#5293);
#5295=CIRCLE('',#5154,0.480000000000);
#5296=EDGE_CURVE('',#5294,#5289,#5295,.T.);
#5297=ORIENTED_EDGE('',*,*,#5296,.F.);
#5298=CARTESIAN_POINT('',(-1.300000000000,0.455706015340,-0.150771441537));
#5299=VERTEX_POINT('',#5298);
#5300=CIRCLE('',#5154,0.480000000000);
#5301=EDGE_CURVE('',#5299,#5294,#5300,.T.);
#5302=ORIENTED_EDGE('',*,*,#5301,.F.);
#5303=CARTESIAN_POINT('',(-1.300000000000,0.453319727664,-0.157801218342));
#5304=VERTEX_POINT('',#5303);
#5305=CIRCLE('',#5154,0.480000000000);
#5306=EDGE_CURVE('',#5304,#5299,#5305,.T.);
#5307=ORIENTED_EDGE('',*,*,#5306,.F.);
#5308=CARTESIAN_POINT('',(-1.300000000000,0.432127765046,-0.208963141908));
#5309=VERTEX_POINT('',#5308);
#5310=CIRCLE('',#5154,0.480000000000);
#5311=EDGE_CURVE('',#5309,#5304,#5310,.T.);
#5312=ORIENTED_EDGE('',*,*,#5311,.F.);
#5313=CARTESIAN_POINT('',(-1.300000000000,0.428844322394,-0.215621304954));
#5314=VERTEX_POINT('',#5313);
#5315=CIRCLE('',#5154,0.480000000000);
#5316=EDGE_CURVE('',#5314,#5309,#5315,.T.);
#5317=ORIENTED_EDGE('',*,*,#5316,.F.);
#5318=CARTESIAN_POINT('',(-1.300000000000,0.401155688884,-0.263579424985));
#5319=VERTEX_POINT('',#5318);
#5320=CIRCLE('',#5154,0.480000000000);
#5321=EDGE_CURVE('',#5319,#5314,#5320,.T.);
#5322=ORIENTED_EDGE('',*,*,#5321,.F.);
#5323=CARTESIAN_POINT('',(-1.300000000000,0.397031271870,-0.269752051257));
#5324=VERTEX_POINT('',#5323);
#5325=CIRCLE('',#5154,0.480000000000);
#5326=EDGE_CURVE('',#5324,#5319,#5325,.T.);
#5327=ORIENTED_EDGE('',*,*,#5326,.F.);
#5328=CARTESIAN_POINT('',(-1.300000000000,0.363319727664,-0.313685791023));
#5329=VERTEX_POINT('',#5328);
#5330=CIRCLE('',#5154,0.480000000000);
#5331=EDGE_CURVE('',#5329,#5324,#5330,.T.);
#5332=ORIENTED_EDGE('',*,*,#5331,.F.);
#5333=CARTESIAN_POINT('',(-1.300000000000,0.358424906206,-0.319267265173));
#5334=VERTEX_POINT('',#5333);
#5335=CIRCLE('',#5154,0.480000000000);
#5336=EDGE_CURVE('',#5334,#5329,#5335,.T.);
#5337=ORIENTED_EDGE('',*,*,#5336,.F.);
#5338=CARTESIAN_POINT('',(-1.300000000000,0.319267265173,-0.358424906206));
#5339=VERTEX_POINT('',#5338);
#5340=CIRCLE('',#5154,0.480000000000);
#5341=EDGE_CURVE('',#5339,#5334,#5340,.T.);
#5342=ORIENTED_EDGE('',*,*,#5341,.F.);
#5343=CARTESIAN_POINT('',(-1.300000000000,0.313685791023,-0.363319727664));
#5344=VERTEX_POINT('',#5343);
#5345=CIRCLE('',#5154,0.480000000000);
#5346=EDGE_CURVE('',#5344,#5339,#5345,.T.);
#5347=ORIENTED_EDGE('',*,*,#5346,.F.);
#5348=CARTESIAN_POINT('',(-1.300000000000,0.269752051257,-0.397031271870));
#5349=VERTEX_POINT('',#5348);
#5350=CIRCLE('',#5154,0.480000000000);
#5351=EDGE_CURVE('',#5349,#5344,#5350,.T.);
#5352=ORIENTED_EDGE('',*,*,#5351,.F.);
#5353=CARTESIAN_POINT('',(-1.300000000000,0.263579424985,-0.401155688884));
#5354=VERTEX_POINT('',#5353);
#5355=CIRCLE('',#5154,0.480000000000);
#5356=EDGE_CURVE('',#5354,#5349,#5355,.T.);
#5357=ORIENTED_EDGE('',*,*,#5356,.F.);
#5358=CARTESIAN_POINT('',(-1.300000000000,0.215621304954,-0.428844322394));
#5359=VERTEX_POINT('',#5358);
#5360=CIRCLE('',#5154,0.480000000000);
#5361=EDGE_CURVE('',#5359,#5354,#5360,.T.);
#5362=ORIENTED_EDGE('',*,*,#5361,.F.);
#5363=CARTESIAN_POINT('',(-1.300000000000,0.208963141908,-0.432127765046));
#5364=VERTEX_POINT('',#5363);
#5365=CIRCLE('',#5154,0.480000000000);
#5366=EDGE_CURVE('',#5364,#5359,#5365,.T.);
#5367=ORIENTED_EDGE('',*,*,#5366,.F.);
#5368=CARTESIAN_POINT('',(-1.300000000000,0.157801218342,-0.453319727664));
#5369=VERTEX_POINT('',#5368);
#5370=CIRCLE('',#5154,0.480000000000);
#5371=EDGE_CURVE('',#5369,#5364,#5370,.T.);
#5372=ORIENTED_EDGE('',*,*,#5371,.F.);
#5373=CARTESIAN_POINT('',(-1.300000000000,0.150771441537,-0.455706015340));
#5374=VERTEX_POINT('',#5373);
#5375=CIRCLE('',#5154,0.480000000000);
#5376=EDGE_CURVE('',#5374,#5369,#5375,.T.);
#5377=ORIENTED_EDGE('',*,*,#5376,.F.);
#5378=CARTESIAN_POINT('',(-1.300000000000,0.097281109133,-0.470038706710));
#5379=VERTEX_POINT('',#5378);
#5380=CIRCLE('',#5154,0.480000000000);
#5381=EDGE_CURVE('',#5379,#5374,#5380,.T.);
#5382=ORIENTED_EDGE('',*,*,#5381,.F.);
#5383=CARTESIAN_POINT('',(-1.300000000000,0.090000000000,-0.471487009365));
#5384=VERTEX_POINT('',#5383);
#5385=CIRCLE('',#5154,0.480000000000);
#5386=EDGE_CURVE('',#5384,#5379,#5385,.T.);
#5387=ORIENTED_EDGE('',*,*,#5386,.F.);
#5388=CARTESIAN_POINT('',(-1.300000000000,0.035096493176,-0.478715193165));
#5389=VERTEX_POINT('',#5388);
#5390=CIRCLE('',#5154,0.480000000000);
#5391=EDGE_CURVE('',#5389,#5384,#5390,.T.);
#5392=ORIENTED_EDGE('',*,*,#5391,.F.);
#5393=CARTESIAN_POINT('',(-1.300000000000,0.027688633510,-0.479200729939));
#5394=VERTEX_POINT('',#5393);
#5395=CIRCLE('',#5154,0.480000000000);
#5396=EDGE_CURVE('',#5394,#5389,#5395,.T.);
#5397=ORIENTED_EDGE('',*,*,#5396,.F.);
#5398=CARTESIAN_POINT('',(-1.300000000000,-0.027688633510,-0.479200729939));
#5399=VERTEX_POINT('',#5398);
#5400=CIRCLE('',#5154,0.480000000000);
#5401=EDGE_CURVE('',#5399,#5394,#5400,.T.);
#5402=ORIENTED_EDGE('',*,*,#5401,.F.);
#5403=CARTESIAN_POINT('',(-1.300000000000,-0.035096493176,-0.478715193165));
#5404=VERTEX_POINT('',#5403);
#5405=CIRCLE('',#5154,0.480000000000);
#5406=EDGE_CURVE('',#5404,#5399,#5405,.T.);
#5407=ORIENTED_EDGE('',*,*,#5406,.F.);
#5408=CARTESIAN_POINT('',(-1.300000000000,-0.090000000000,-0.471487009365));
#5409=VERTEX_POINT('',#5408);
#5410=CIRCLE('',#5154,0.480000000000);
#5411=EDGE_CURVE('',#5409,#5404,#5410,.T.);
#5412=ORIENTED_EDGE('',*,*,#5411,.F.);
#5413=CARTESIAN_POINT('',(-1.300000000000,-0.097281109133,-0.470038706710));
#5414=VERTEX_POINT('',#5413);
#5415=CIRCLE('',#5154,0.480000000000);
#5416=EDGE_CURVE('',#5414,#5409,#5415,.T.);
#5417=ORIENTED_EDGE('',*,*,#5416,.F.);
#5418=CARTESIAN_POINT('',(-1.300000000000,-0.150771441537,-0.455706015340));
#5419=VERTEX_POINT('',#5418);
#5420=CIRCLE('',#5154,0.480000000000);
#5421=EDGE_CURVE('',#5419,#5414,#5420,.T.);
#5422=ORIENTED_EDGE('',*,*,#5421,.F.);
#5423=CARTESIAN_POINT('',(-1.300000000000,-0.157801218342,-0.453319727664));
#5424=VERTEX_POINT('',#5423);
#5425=CIRCLE('',#5154,0.480000000000);
#5426=EDGE_CURVE('',#5424,#5419,#5425,.T.);
#5427=ORIENTED_EDGE('',*,*,#5426,.F.);
#5428=CARTESIAN_POINT('',(-1.300000000000,-0.208963141908,-0.432127765046));
#5429=VERTEX_POINT('',#5428);
#5430=CIRCLE('',#5154,0.480000000000);
#5431=EDGE_CURVE('',#5429,#5424,#5430,.T.);
#5432=ORIENTED_EDGE('',*,*,#5431,.F.);
#5433=CARTESIAN_POINT('',(-1.300000000000,-0.215621304954,-0.428844322394));
#5434=VERTEX_POINT('',#5433);
#5435=CIRCLE('',#5154,0.480000000000);
#5436=EDGE_CURVE('',#5434,#5429,#5435,.T.);
#5437=ORIENTED_EDGE('',*,*,#5436,.F.);
#5438=CARTESIAN_POINT('',(-1.300000000000,-0.263579424985,-0.401155688884));
#5439=VERTEX_POINT('',#5438);
#5440=CIRCLE('',#5154,0.480000000000);
#5441=EDGE_CURVE('',#5439,#5434,#5440,.T.);
#5442=ORIENTED_EDGE('',*,*,#5441,.F.);
#5443=CARTESIAN_POINT('',(-1.300000000000,-0.269752051257,-0.397031271870));
#5444=VERTEX_POINT('',#5443);
#5445=CIRCLE('',#5154,0.480000000000);
#5446=EDGE_CURVE('',#5444,#5439,#5445,.T.);
#5447=ORIENTED_EDGE('',*,*,#5446,.F.);
#5448=CARTESIAN_POINT('',(-1.300000000000,-0.313685791023,-0.363319727664));
#5449=VERTEX_POINT('',#5448);
#5450=CIRCLE('',#5154,0.480000000000);
#5451=EDGE_CURVE('',#5449,#5444,#5450,.T.);
#5452=ORIENTED_EDGE('',*,*,#5451,.F.);
#5453=CARTESIAN_POINT('',(-1.300000000000,-0.319267265173,-0.358424906206));
#5454=VERTEX_POINT('',#5453);
#5455=CIRCLE('',#5154,0.480000000000);
#5456=EDGE_CURVE('',#5454,#5449,#5455,.T.);
#5457=ORIENTED_EDGE('',*,*,#5456,.F.);
#5458=CARTESIAN_POINT('',(-1.300000000000,-0.358424906206,-0.319267265173));
#5459=VERTEX_POINT('',#5458);
#5460=CIRCLE('',#5154,0.480000000000);
#5461=EDGE_CURVE('',#5459,#5454,#5460,.T.);
#5462=ORIENTED_EDGE('',*,*,#5461,.F.);
#5463=CARTESIAN_POINT('',(-1.300000000000,-0.363319727664,-0.313685791023));
#5464=VERTEX_POINT('',#5463);
#5465=CIRCLE('',#5154,0.480000000000);
#5466=EDGE_CURVE('',#5464,#5459,#5465,.T.);
#5467=ORIENTED_EDGE('',*,*,#5466,.F.);
#5468=CARTESIAN_POINT('',(-1.300000000000,-0.397031271870,-0.269752051257));
#5469=VERTEX_POINT('',#5468);
#5470=CIRCLE('',#5154,0.480000000000);
#5471=EDGE_CURVE('',#5469,#5464,#5470,.T.);
#5472=ORIENTED_EDGE('',*,*,#5471,.F.);
#5473=CARTESIAN_POINT('',(-1.300000000000,-0.401155688884,-0.263579424985));
#5474=VERTEX_POINT('',#5473);
#5475=CIRCLE('',#5154,0.480000000000);
#5476=EDGE_CURVE('',#5474,#5469,#5475,.T.);
#5477=ORIENTED_EDGE('',*,*,#5476,.F.);
#5478=CARTESIAN_POINT('',(-1.300000000000,-0.428844322394,-0.215621304954));
#5479=VERTEX_POINT('',#5478);
#5480=CIRCLE('',#5154,0.480000000000);
#5481=EDGE_CURVE('',#5479,#5474,#5480,.T.);
#5482=ORIENTED_EDGE('',*,*,#5481,.F.);
#5483=CARTESIAN_POINT('',(-1.300000000000,-0.432127765046,-0.208963141908));
#5484=VERTEX_POINT('',#5483);
#5485=CIRCLE('',#5154,0.480000000000);
#5486=EDGE_CURVE('',#5484,#5479,#5485,.T.);
#5487=ORIENTED_EDGE('',*,*,#5486,.F.);
#5488=CARTESIAN_POINT('',(-1.300000000000,-0.453319727664,-0.157801218342));
#5489=VERTEX_POINT('',#5488);
#5490=CIRCLE('',#5154,0.480000000000);
#5491=EDGE_CURVE('',#5489,#5484,#5490,.T.);
#5492=ORIENTED_EDGE('',*,*,#5491,.F.);
#5493=CARTESIAN_POINT('',(-1.300000000000,-0.455706015340,-0.150771441537));
#5494=VERTEX_POINT('',#5493);
#5495=CIRCLE('',#5154,0.480000000000);
#5496=EDGE_CURVE('',#5494,#5489,#5495,.T.);
#5497=ORIENTED_EDGE('',*,*,#5496,.F.);
#5498=CARTESIAN_POINT('',(-1.300000000000,-0.470038706710,-0.097281109133));
#5499=VERTEX_POINT('',#5498);
#5500=CIRCLE('',#5154,0.480000000000);
#5501=EDGE_CURVE('',#5499,#5494,#5500,.T.);
#5502=ORIENTED_EDGE('',*,*,#5501,.F.);
#5503=CARTESIAN_POINT('',(-1.300000000000,-0.471487009365,-0.090000000000));
#5504=VERTEX_POINT('',#5503);
#5505=CIRCLE('',#5154,0.480000000000);
#5506=EDGE_CURVE('',#5504,#5499,#5505,.T.);
#5507=ORIENTED_EDGE('',*,*,#5506,.F.);
#5508=CARTESIAN_POINT('',(-1.300000000000,-0.478715193165,-0.035096493176));
#5509=VERTEX_POINT('',#5508);
#5510=CIRCLE('',#5154,0.480000000000);
#5511=EDGE_CURVE('',#5509,#5504,#5510,.T.);
#5512=ORIENTED_EDGE('',*,*,#5511,.F.);
#5513=CARTESIAN_POINT('',(-1.300000000000,-0.479200729939,-0.027688633510));
#5514=VERTEX_POINT('',#5513);
#5515=CIRCLE('',#5154,0.480000000000);
#5516=EDGE_CURVE('',#5514,#5509,#5515,.T.);
#5517=ORIENTED_EDGE('',*,*,#5516,.F.);
#5518=CARTESIAN_POINT('',(-1.300000000000,-0.479200729939,0.027688633510));
#5519=VERTEX_POINT('',#5518);
#5520=CIRCLE('',#5154,0.480000000000);
#5521=EDGE_CURVE('',#5519,#5514,#5520,.T.);
#5522=ORIENTED_EDGE('',*,*,#5521,.F.);
#5523=CARTESIAN_POINT('',(-1.300000000000,-0.478715193165,0.035096493176));
#5524=VERTEX_POINT('',#5523);
#5525=CIRCLE('',#5154,0.480000000000);
#5526=EDGE_CURVE('',#5524,#5519,#5525,.T.);
#5527=ORIENTED_EDGE('',*,*,#5526,.F.);
#5528=CARTESIAN_POINT('',(-1.300000000000,-0.471487009365,0.090000000000));
#5529=VERTEX_POINT('',#5528);
#5530=CIRCLE('',#5154,0.480000000000);
#5531=EDGE_CURVE('',#5529,#5524,#5530,.T.);
#5532=ORIENTED_EDGE('',*,*,#5531,.F.);
#5533=CARTESIAN_POINT('',(-1.300000000000,-0.470038706710,0.097281109133));
#5534=VERTEX_POINT('',#5533);
#5535=CIRCLE('',#5154,0.480000000000);
#5536=EDGE_CURVE('',#5534,#5529,#5535,.T.);
#5537=ORIENTED_EDGE('',*,*,#5536,.F.);
#5538=CARTESIAN_POINT('',(-1.300000000000,-0.455706015340,0.150771441537));
#5539=VERTEX_POINT('',#5538);
#5540=CIRCLE('',#5154,0.480000000000);
#5541=EDGE_CURVE('',#5539,#5534,#5540,.T.);
#5542=ORIENTED_EDGE('',*,*,#5541,.F.);
#5543=CARTESIAN_POINT('',(-1.300000000000,-0.453319727664,0.157801218342));
#5544=VERTEX_POINT('',#5543);
#5545=CIRCLE('',#5154,0.480000000000);
#5546=EDGE_CURVE('',#5544,#5539,#5545,.T.);
#5547=ORIENTED_EDGE('',*,*,#5546,.F.);
#5548=CARTESIAN_POINT('',(-1.300000000000,-0.432127765046,0.208963141908));
#5549=VERTEX_POINT('',#5548);
#5550=CIRCLE('',#5154,0.480000000000);
#5551=EDGE_CURVE('',#5549,#5544,#5550,.T.);
#5552=ORIENTED_EDGE('',*,*,#5551,.F.);
#5553=CARTESIAN_POINT('',(-1.300000000000,-0.428844322394,0.215621304954));
#5554=VERTEX_POINT('',#5553);
#5555=CIRCLE('',#5154,0.480000000000);
#5556=EDGE_CURVE('',#5554,#5549,#5555,.T.);
#5557=ORIENTED_EDGE('',*,*,#5556,.F.);
#5558=CARTESIAN_POINT('',(-1.300000000000,-0.401155688884,0.263579424985));
#5559=VERTEX_POINT('',#5558);
#5560=CIRCLE('',#5154,0.480000000000);
#5561=EDGE_CURVE('',#5559,#5554,#5560,.T.);
#5562=ORIENTED_EDGE('',*,*,#5561,.F.);
#5563=CARTESIAN_POINT('',(-1.300000000000,-0.397031271870,0.269752051257));
#5564=VERTEX_POINT('',#5563);
#5565=CIRCLE('',#5154,0.480000000000);
#5566=EDGE_CURVE('',#5564,#5559,#5565,.T.);
#5567=ORIENTED_EDGE('',*,*,#5566,.F.);
#5568=CARTESIAN_POINT('',(-1.300000000000,-0.363319727664,0.313685791023));
#5569=VERTEX_POINT('',#5568);
#5570=CIRCLE('',#5154,0.480000000000);
#5571=EDGE_CURVE('',#5569,#5564,#5570,.T.);
#5572=ORIENTED_EDGE('',*,*,#5571,.F.);
#5573=CARTESIAN_POINT('',(-1.300000000000,-0.358424906206,0.319267265173));
#5574=VERTEX_POINT('',#5573);
#5575=CIRCLE('',#5154,0.480000000000);
#5576=EDGE_CURVE('',#5574,#5569,#5575,.T.);
#5577=ORIENTED_EDGE('',*,*,#5576,.F.);
#5578=CARTESIAN_POINT('',(-1.300000000000,-0.319267265173,0.358424906206));
#5579=VERTEX_POINT('',#5578);
#5580=CIRCLE('',#5154,0.480000000000);
#5581=EDGE_CURVE('',#5579,#5574,#5580,.T.);
#5582=ORIENTED_EDGE('',*,*,#5581,.F.);
#5583=CARTESIAN_POINT('',(-1.300000000000,-0.313685791023,0.363319727664));
#5584=VERTEX_POINT('',#5583);
#5585=CIRCLE('',#5154,0.480000000000);
#5586=EDGE_CURVE('',#5584,#5579,#5585,.T.);
#5587=ORIENTED_EDGE('',*,*,#5586,.F.);
#5588=CARTESIAN_POINT('',(-1.300000000000,-0.269752051257,0.397031271870));
#5589=VERTEX_POINT('',#5588);
#5590=CIRCLE('',#5154,0.480000000000);
#5591=EDGE_CURVE('',#5589,#5584,#5590,.T.);
#5592=ORIENTED_EDGE('',*,*,#5591,.F.);
#5593=CARTESIAN_POINT('',(-1.300000000000,-0.263579424985,0.401155688884));
#5594=VERTEX_POINT('',#5593);
#5595=CIRCLE('',#5154,0.480000000000);
#5596=EDGE_CURVE('',#5594,#5589,#5595,.T.);
#5597=ORIENTED_EDGE('',*,*,#5596,.F.);
#5598=CARTESIAN_POINT('',(-1.300000000000,-0.215621304954,0.428844322394));
#5599=VERTEX_POINT('',#5598);
#5600=CIRCLE('',#5154,0.480000000000);
#5601=EDGE_CURVE('',#5599,#5594,#5600,.T.);
#5602=ORIENTED_EDGE('',*,*,#5601,.F.);
#5603=CARTESIAN_POINT('',(-1.300000000000,-0.208963141908,0.432127765046));
#5604=VERTEX_POINT('',#5603);
#5605=CIRCLE('',#5154,0.480000000000);
#5606=EDGE_CURVE('',#5604,#5599,#5605,.T.);
#5607=ORIENTED_EDGE('',*,*,#5606,.F.);
#5608=CARTESIAN_POINT('',(-1.300000000000,-0.157801218342,0.453319727664));
#5609=VERTEX_POINT('',#5608);
#5610=CIRCLE('',#5154,0.480000000000);
#5611=EDGE_CURVE('',#5609,#5604,#5610,.T.);
#5612=ORIENTED_EDGE('',*,*,#5611,.F.);
#5613=CARTESIAN_POINT('',(-1.300000000000,-0.150771441537,0.455706015340));
#5614=VERTEX_POINT('',#5613);
#5615=CIRCLE('',#5154,0.480000000000);
#5616=EDGE_CURVE('',#5614,#5609,#5615,.T.);
#5617=ORIENTED_EDGE('',*,*,#5616,.F.);
#5618=CARTESIAN_POINT('',(-1.300000000000,-0.097281109133,0.470038706710));
#5619=VERTEX_POINT('',#5618);
#5620=CIRCLE('',#5154,0.480000000000);
#5621=EDGE_CURVE('',#5619,#5614,#5620,.T.);
#5622=ORIENTED_EDGE('',*,*,#5621,.F.);
#5623=CARTESIAN_POINT('',(-1.300000000000,-0.090000000000,0.471487009365));
#5624=VERTEX_POINT('',#5623);
#5625=CIRCLE('',#5154,0.480000000000);
#5626=EDGE_CURVE('',#5624,#5619,#5625,.T.);
#5627=ORIENTED_EDGE('',*,*,#5626,.F.);
#5628=CIRCLE('',#5154,0.480000000000);
#5629=EDGE_CURVE('',#5152,#5624,#5628,.T.);
#5630=ORIENTED_EDGE('',*,*,#5629,.F.);
#5631=EDGE_LOOP('',(#5157,#5162,#5167,#5172,#5177,#5182,#5187,#5192,#5197,#5202,#5207,#5212,#5217,#5222,#5227,#5232,#5237,#5242,#5247,#5252,#5257,#5262,#5267,#5272,#5277,#5282,#5287,#5292,#5297,#5302,#5307,#5312,#5317,#5322,#5327,#5332,#5337,#5342,#5347,#5352,#5357,#5362,#5367,#5372,#5377,#5382,#5387,#5392,#5397,#5402,#5407,#5412,#5417,#5422,#5427,#5432,#5437,#5442,#5447,#5452,#5457,#5462,#5467,#5472,#5477,#5482,#5487,#5492,#5497,#5502,#5507,#5512,#5517,#5522,#5527,#5532,#5537,#5542,#5547,#5552,#5557,#5562,#5567,#5572,#5577,#5582,#5587,#5592,#5597,#5602,#5607,#5612,#5617,#5622,#5627,#5630));
#5632=ORIENTED_EDGE('',*,*,#148,.T.);
#5633=ORIENTED_EDGE('',*,*,#621,.T.);
#5634=ORIENTED_EDGE('',*,*,#618,.T.);
#5635=ORIENTED_EDGE('',*,*,#613,.T.);
#5636=ORIENTED_EDGE('',*,*,#608,.T.);
#5637=ORIENTED_EDGE('',*,*,#603,.T.);
#5638=ORIENTED_EDGE('',*,*,#598,.T.);
#5639=ORIENTED_EDGE('',*,*,#593,.T.);
#5640=ORIENTED_EDGE('',*,*,#588,.T.);
#5641=ORIENTED_EDGE('',*,*,#583,.T.);
#5642=ORIENTED_EDGE('',*,*,#578,.T.);
#5643=ORIENTED_EDGE('',*,*,#573,.T.);
#5644=ORIENTED_EDGE('',*,*,#568,.T.);
#5645=ORIENTED_EDGE('',*,*,#563,.T.);
#5646=ORIENTED_EDGE('',*,*,#558,.T.);
#5647=ORIENTED_EDGE('',*,*,#553,.T.);
#5648=ORIENTED_EDGE('',*,*,#548,.T.);
#5649=ORIENTED_EDGE('',*,*,#543,.T.);
#5650=ORIENTED_EDGE('',*,*,#538,.T.);
#5651=ORIENTED_EDGE('',*,*,#533,.T.);
#5652=ORIENTED_EDGE('',*,*,#528,.T.);
#5653=ORIENTED_EDGE('',*,*,#523,.T.);
#5654=ORIENTED_EDGE('',*,*,#518,.T.);
#5655=ORIENTED_EDGE('',*,*,#513,.T.);
#5656=ORIENTED_EDGE('',*,*,#508,.T.);
#5657=ORIENTED_EDGE('',*,*,#503,.T.);
#5658=ORIENTED_EDGE('',*,*,#498,.T.);
#5659=ORIENTED_EDGE('',*,*,#493,.T.);
#5660=ORIENTED_EDGE('',*,*,#488,.T.);
#5661=ORIENTED_EDGE('',*,*,#483,.T.);
#5662=ORIENTED_EDGE('',*,*,#478,.T.);
#5663=ORIENTED_EDGE('',*,*,#473,.T.);
#5664=ORIENTED_EDGE('',*,*,#468,.T.);
#5665=ORIENTED_EDGE('',*,*,#463,.T.);
#5666=ORIENTED_EDGE('',*,*,#458,.T.);
#5667=ORIENTED_EDGE('',*,*,#453,.T.);
#5668=ORIENTED_EDGE('',*,*,#448,.T.);
#5669=ORIENTED_EDGE('',*,*,#443,.T.);
#5670=ORIENTED_EDGE('',*,*,#438,.T.);
#5671=ORIENTED_EDGE('',*,*,#433,.T.);
#5672=ORIENTED_EDGE('',*,*,#428,.T.);
#5673=ORIENTED_EDGE('',*,*,#423,.T.);
#5674=ORIENTED_EDGE('',*,*,#418,.T.);
#5675=ORIENTED_EDGE('',*,*,#413,.T.);
#5676=ORIENTED_EDGE('',*,*,#408,.T.);
#5677=ORIENTED_EDGE('',*,*,#403,.T.);
#5678=ORIENTED_EDGE('',*,*,#398,.T.);
#5679=ORIENTED_EDGE('',*,*,#393,.T.);
#5680=ORIENTED_EDGE('',*,*,#388,.T.);
#5681=ORIENTED_EDGE('',*,*,#383,.T.);
#5682=ORIENTED_EDGE('',*,*,#378,.T.);
#5683=ORIENTED_EDGE('',*,*,#373,.T.);
#5684=ORIENTED_EDGE('',*,*,#368,.T.);
#5685=ORIENTED_EDGE('',*,*,#363,.T.);
#5686=ORIENTED_EDGE('',*,*,#358,.T.);
#5687=ORIENTED_EDGE('',*,*,#353,.T.);
#5688=ORIENTED_EDGE('',*,*,#348,.T.);
#5689=ORIENTED_EDGE('',*,*,#343,.T.);
#5690=ORIENTED_EDGE('',*,*,#338,.T.);
#5691=ORIENTED_EDGE('',*,*,#333,.T.);
#5692=ORIENTED_EDGE('',*,*,#328,.T.);
#5693=ORIENTED_EDGE('',*,*,#323,.T.);
#5694=ORIENTED_EDGE('',*,*,#318,.T.);
#5695=ORIENTED_EDGE('',*,*,#313,.T.);
#5696=ORIENTED_EDGE('',*,*,#308,.T.);
#5697=ORIENTED_EDGE('',*,*,#303,.T.);
#5698=ORIENTED_EDGE('',*,*,#298,.T.);
#5699=ORIENTED_EDGE('',*,*,#293,.T.);
#5700=ORIENTED_EDGE('',*,*,#288,.T.);
#5701=ORIENTED_EDGE('',*,*,#283,.T.);
#5702=ORIENTED_EDGE('',*,*,#278,.T.);
#5703=ORIENTED_EDGE('',*,*,#273,.T.);
#5704=ORIENTED_EDGE('',*,*,#268,.T.);
#5705=ORIENTED_EDGE('',*,*,#263,.T.);
#5706=ORIENTED_EDGE('',*,*,#258,.T.);
#5707=ORIENTED_EDGE('',*,*,#253,.T.);
#5708=ORIENTED_EDGE('',*,*,#248,.T.);
#5709=ORIENTED_EDGE('',*,*,#243,.T.);
#5710=ORIENTED_EDGE('',*,*,#238,.T.);
#5711=ORIENTED_EDGE('',*,*,#233,.T.);
#5712=ORIENTED_EDGE('',*,*,#228,.T.);
#5713=ORIENTED_EDGE('',*,*,#223,.T.);
#5714=ORIENTED_EDGE('',*,*,#218,.T.);
#5715=ORIENTED_EDGE('',*,*,#213,.T.);
#5716=ORIENTED_EDGE('',*,*,#208,.T.);
#5717=ORIENTED_EDGE('',*,*,#203,.T.);
#5718=ORIENTED_EDGE('',*,*,#198,.T.);
#5719=ORIENTED_EDGE('',*,*,#193,.T.);
#5720=ORIENTED_EDGE('',*,*,#188,.T.);
#5721=ORIENTED_EDGE('',*,*,#183,.T.);
#5722=ORIENTED_EDGE('',*,*,#178,.T.);
#5723=ORIENTED_EDGE('',*,*,#173,.T.);
#5724=ORIENTED_EDGE('',*,*,#168,.T.);
#5725=ORIENTED_EDGE('',*,*,#163,.T.);
#5726=ORIENTED_EDGE('',*,*,#158,.T.);
#5727=ORIENTED_EDGE('',*,*,#153,.T.);
#5728=EDGE_LOOP('',(#5632,#5633,#5634,#5635,#5636,#5637,#5638,#5639,#5640,#5641,#5642,#5643,#5644,#5645,#5646,#5647,#5648,#5649,#5650,#5651,#5652,#5653,#5654,#5655,#5656,#5657,#5658,#5659,#5660,#5661,#5662,#5663,#5664,#5665,#5666,#5667,#5668,#5669,#5670,#5671,#5672,#5673,#5674,#5675,#5676,#5677,#5678,#5679,#5680,#5681,#5682,#5683,#5684,#5685,#5686,#5687,#5688,#5689,#5690,#5691,#5692,#5693,#5694,#5695,#5696,#5697,#5698,#5699,#5700,#5701,#5702,#5703,#5704,#5705,#5706,#5707,#5708,#5709,#5710,#5711,#5712,#5713,#5714,#5715,#5716,#5717,#5718,#5719,#5720,#5721,#5722,#5723,#5724,#5725,#5726,#5727));
#5729=FACE_BOUND('',#5631,.T.);
#5730=FACE_BOUND('',#5728,.T.);
#5731=ADVANCED_FACE('',(#5729,#5730),#5148,.F.);
#5732=CARTESIAN_POINT('',(0.000000000000,-1.643655858324,2.142054018786));
#5733=AXIS2_PLACEMENT_3D('',#5732,#32,#2);
#5734=PLANE('',#5733);
#5735=ORIENTED_EDGE('',*,*,#959,.F.);
#5736=ORIENTED_EDGE('',*,*,#4109,.F.);
#5737=ORIENTED_EDGE('',*,*,#3012,.F.);
#5738=ORIENTED_EDGE('',*,*,#4122,.F.);
#5739=EDGE_LOOP('',(#5735,#5736,#5737,#5738));
#5740=FACE_OUTER_BOUND('',#5739,.T.);
#5741=ADVANCED_FACE('',(#5740),#5734,.T.);
#5742=CARTESIAN_POINT('',(0.000000000000,-0.698811421777,-2.607999730980));
#5743=AXIS2_PLACEMENT_3D('',#5742,#766,#758);
#5744=PLANE('',#5743);
#5745=ORIENTED_EDGE('',*,*,#1349,.F.);
#5746=ORIENTED_EDGE('',*,*,#3489,.F.);
#5747=ORIENTED_EDGE('',*,*,#2658,.F.);
#5748=ORIENTED_EDGE('',*,*,#3518,.F.);
#5749=EDGE_LOOP('',(#5745,#5746,#5747,#5748));
#5750=FACE_OUTER_BOUND('',#5749,.T.);
#5751=ADVANCED_FACE('',(#5750),#5744,.T.);
#5752=CARTESIAN_POINT('',(0.000000000000,2.338268590218,1.350000000000));
#5753=AXIS2_PLACEMENT_3D('',#5752,#1237,#939);
#5754=PLANE('',#5753);
#5755=ORIENTED_EDGE('',*,*,#1727,.F.);
#5756=CARTESIAN_POINT('',(0.000000000000,2.383268590218,1.272057713659));
#5757=LINE('',#5756,#27);
#5758=EDGE_CURVE('',#1719,#2241,#5757,.T.);
#5759=ORIENTED_EDGE('',*,*,#5758,.T.);
#5760=ORIENTED_EDGE('',*,*,#2244,.F.);
#5761=CARTESIAN_POINT('',(0.000000000000,2.293268590218,1.427942286341));
#5762=LINE('',#5761,#12);
#5763=EDGE_CURVE('',#2235,#1724,#5762,.T.);
#5764=ORIENTED_EDGE('',*,*,#5763,.T.);
#5765=EDGE_LOOP('',(#5755,#5759,#5760,#5764));
#5766=FACE_OUTER_BOUND('',#5765,.T.);
#5767=ADVANCED_FACE('',(#5766),#5754,.T.);
#5768=CARTESIAN_POINT('',(0.000000000000,-0.045000000000,0.077942286341));
#5769=AXIS2_PLACEMENT_3D('',#5768,#923,#1237);
#5770=PLANE('',#5769);
#5771=ORIENTED_EDGE('',*,*,#1732,.F.);
#5772=ORIENTED_EDGE('',*,*,#5763,.F.);
#5773=ORIENTED_EDGE('',*,*,#2238,.F.);
#5774=ORIENTED_EDGE('',*,*,#4563,.T.);
#5775=EDGE_LOOP('',(#5771,#5772,#5773,#5774));
#5776=ORIENTED_EDGE('',*,*,#1226,.F.);
#5777=ORIENTED_EDGE('',*,*,#4635,.F.);
#5778=ORIENTED_EDGE('',*,*,#2786,.F.);
#5779=CARTESIAN_POINT('',(0.000000000000,-2.383268590218,-1.272057713659));
#5780=LINE('',#5779,#12);
#5781=EDGE_CURVE('',#2778,#1223,#5780,.T.);
#5782=ORIENTED_EDGE('',*,*,#5781,.T.);
#5783=EDGE_LOOP('',(#5776,#5777,#5778,#5782));
#5784=FACE_OUTER_BOUND('',#5775,.T.);
#5785=ADVANCED_FACE('',(#5784),#5770,.T.);
#5786=FACE_OUTER_BOUND('',#5783,.T.);
#5787=ADVANCED_FACE('',(#5786),#5770,.T.);
#5788=CARTESIAN_POINT('',(0.000000000000,0.045000000000,-0.077942286341));
#5789=AXIS2_PLACEMENT_3D('',#5788,#939,#931);
#5790=PLANE('',#5789);
#5791=ORIENTED_EDGE('',*,*,#1240,.F.);
#5792=CARTESIAN_POINT('',(0.000000000000,-2.293268590218,-1.427942286341));
#5793=LINE('',#5792,#27);
#5794=EDGE_CURVE('',#1229,#2773,#5793,.T.);
#5795=ORIENTED_EDGE('',*,*,#5794,.T.);
#5796=ORIENTED_EDGE('',*,*,#2775,.F.);
#5797=ORIENTED_EDGE('',*,*,#4707,.T.);
#5798=EDGE_LOOP('',(#5791,#5795,#5796,#5797));
#5799=ORIENTED_EDGE('',*,*,#1721,.F.);
#5800=ORIENTED_EDGE('',*,*,#4491,.F.);
#5801=ORIENTED_EDGE('',*,*,#2250,.F.);
#5802=ORIENTED_EDGE('',*,*,#5758,.F.);
#5803=EDGE_LOOP('',(#5799,#5800,#5801,#5802));
#5804=FACE_OUTER_BOUND('',#5798,.T.);
#5805=ADVANCED_FACE('',(#5804),#5790,.T.);
#5806=FACE_OUTER_BOUND('',#5803,.T.);
#5807=ADVANCED_FACE('',(#5806),#5790,.T.);
#5808=CARTESIAN_POINT('',(0.000000000000,2.607999730980,-0.698811421777));
#5809=AXIS2_PLACEMENT_3D('',#5808,#1087,#766);
#5810=PLANE('',#5809);
#5811=ORIENTED_EDGE('',*,*,#1601,.F.);
#5812=ORIENTED_EDGE('',*,*,#4964,.F.);
#5813=ORIENTED_EDGE('',*,*,#2382,.F.);
#5814=ORIENTED_EDGE('',*,*,#4982,.F.);
#5815=EDGE_LOOP('',(#5811,#5812,#5813,#5814));
#5816=FACE_OUTER_BOUND('',#5815,.T.);
#5817=ADVANCED_FACE('',(#5816),#5810,.T.);
#5818=CARTESIAN_POINT('',(0.000000000000,-2.676901125709,0.352420718994));
#5819=AXIS2_PLACEMENT_3D('',#5818,#787,#779);
#5820=PLANE('',#5819);
#5821=ORIENTED_EDGE('',*,*,#1107,.F.);
#5822=ORIENTED_EDGE('',*,*,#3829,.F.);
#5823=ORIENTED_EDGE('',*,*,#2886,.F.);
#5824=ORIENTED_EDGE('',*,*,#3858,.F.);
#5825=EDGE_LOOP('',(#5821,#5822,#5823,#5824));
#5826=FACE_OUTER_BOUND('',#5825,.T.);
#5827=ADVANCED_FACE('',(#5826),#5820,.T.);
#5828=CARTESIAN_POINT('',(0.000000000000,-1.350000000000,-2.338268590218));
#5829=AXIS2_PLACEMENT_3D('',#5828,#708,#700);
#5830=PLANE('',#5829);
#5831=ORIENTED_EDGE('',*,*,#1307,.F.);
#5832=ORIENTED_EDGE('',*,*,#3965,.F.);
#5833=ORIENTED_EDGE('',*,*,#2704,.F.);
#5834=ORIENTED_EDGE('',*,*,#3986,.F.);
#5835=EDGE_LOOP('',(#5831,#5832,#5833,#5834));
#5836=FACE_OUTER_BOUND('',#5835,.T.);
#5837=ADVANCED_FACE('',(#5836),#5830,.T.);
#5838=CARTESIAN_POINT('',(0.000000000000,-2.338268590218,-1.350000000000));
#5839=AXIS2_PLACEMENT_3D('',#5838,#931,#923);
#5840=PLANE('',#5839);
#5841=ORIENTED_EDGE('',*,*,#1232,.F.);
#5842=ORIENTED_EDGE('',*,*,#5781,.F.);
#5843=ORIENTED_EDGE('',*,*,#2781,.F.);
#5844=ORIENTED_EDGE('',*,*,#5794,.F.);
#5845=EDGE_LOOP('',(#5841,#5842,#5843,#5844));
#5846=FACE_OUTER_BOUND('',#5845,.T.);
#5847=ADVANCED_FACE('',(#5846),#5840,.T.);
#5848=CARTESIAN_POINT('',(0.000000000000,-0.698811421777,2.607999730980));
#5849=AXIS2_PLACEMENT_3D('',#5848,#865,#1187);
#5850=PLANE('',#5849);
#5851=ORIENTED_EDGE('',*,*,#876,.F.);
#5852=ORIENTED_EDGE('',*,*,#4313,.F.);
#5853=ORIENTED_EDGE('',*,*,#3075,.F.);
#5854=ORIENTED_EDGE('',*,*,#4334,.F.);
#5855=EDGE_LOOP('',(#5851,#5852,#5853,#5854));
#5856=FACE_OUTER_BOUND('',#5855,.T.);
#5857=ADVANCED_FACE('',(#5856),#5850,.T.);
#5858=CARTESIAN_POINT('',(0.000000000000,-2.700000000000,0.000000000000));
#5859=AXIS2_PLACEMENT_3D('',#5858,#815,#140);
#5860=PLANE('',#5859);
#5861=ORIENTED_EDGE('',*,*,#1132,.F.);
#5862=ORIENTED_EDGE('',*,*,#5055,.F.);
#5863=ORIENTED_EDGE('',*,*,#2865,.F.);
#5864=ORIENTED_EDGE('',*,*,#5068,.F.);
#5865=EDGE_LOOP('',(#5861,#5862,#5863,#5864));
#5866=FACE_OUTER_BOUND('',#5865,.T.);
#5867=ADVANCED_FACE('',(#5866),#5860,.T.);
#5868=CARTESIAN_POINT('',(0.000000000000,-0.352420718994,2.676901125709));
#5869=AXIS2_PLACEMENT_3D('',#5868,#836,#1162);
#5870=PLANE('',#5869);
#5871=ORIENTED_EDGE('',*,*,#847,.F.);
#5872=ORIENTED_EDGE('',*,*,#4817,.F.);
#5873=ORIENTED_EDGE('',*,*,#3096,.F.);
#5874=ORIENTED_EDGE('',*,*,#4835,.F.);
#5875=EDGE_LOOP('',(#5871,#5872,#5873,#5874));
#5876=FACE_OUTER_BOUND('',#5875,.T.);
#5877=ADVANCED_FACE('',(#5876),#5870,.T.);
#5878=CARTESIAN_POINT('',(0.000000000000,2.494474737780,-1.033245267386));
#5879=AXIS2_PLACEMENT_3D('',#5878,#1062,#737);
#5880=PLANE('',#5879);
#5881=ORIENTED_EDGE('',*,*,#1580,.F.);
#5882=ORIENTED_EDGE('',*,*,#3625,.F.);
#5883=ORIENTED_EDGE('',*,*,#2405,.F.);
#5884=ORIENTED_EDGE('',*,*,#3654,.F.);
#5885=EDGE_LOOP('',(#5881,#5882,#5883,#5884));
#5886=FACE_OUTER_BOUND('',#5885,.T.);
#5887=ADVANCED_FACE('',(#5886),#5880,.T.);
#5888=CARTESIAN_POINT('',(0.000000000000,1.909188309204,1.909188309204));
#5889=AXIS2_PLACEMENT_3D('',#5888,#634,#987);
#5890=PLANE('',#5889);
#5891=ORIENTED_EDGE('',*,*,#645,.F.);
#5892=ORIENTED_EDGE('',*,*,#3353,.F.);
#5893=ORIENTED_EDGE('',*,*,#3243,.F.);
#5894=ORIENTED_EDGE('',*,*,#3374,.F.);
#5895=EDGE_LOOP('',(#5891,#5892,#5893,#5894));
#5896=FACE_OUTER_BOUND('',#5895,.T.);
#5897=ADVANCED_FACE('',(#5896),#5890,.T.);
#5898=CARTESIAN_POINT('',(-0.950000000000,0.000000000000,0.000000000000));
#5899=AXIS2_PLACEMENT_3D('',#5898,#11,#140);
#5900=CYLINDRICAL_SURFACE('',#5899,2.450000000000);
#5901=ORIENTED_EDGE('',*,*,#1751,.F.);
#5902=ORIENTED_EDGE('',*,*,#2224,.F.);
#5903=ORIENTED_EDGE('',*,*,#2221,.F.);
#5904=ORIENTED_EDGE('',*,*,#2216,.F.);
#5905=ORIENTED_EDGE('',*,*,#2211,.F.);
#5906=ORIENTED_EDGE('',*,*,#2206,.F.);
#5907=ORIENTED_EDGE('',*,*,#2201,.F.);
#5908=ORIENTED_EDGE('',*,*,#2196,.F.);
#5909=ORIENTED_EDGE('',*,*,#2191,.F.);
#5910=ORIENTED_EDGE('',*,*,#2186,.F.);
#5911=ORIENTED_EDGE('',*,*,#2181,.F.);
#5912=ORIENTED_EDGE('',*,*,#2176,.F.);
#5913=ORIENTED_EDGE('',*,*,#2171,.F.);
#5914=ORIENTED_EDGE('',*,*,#2166,.F.);
#5915=ORIENTED_EDGE('',*,*,#2161,.F.);
#5916=ORIENTED_EDGE('',*,*,#2156,.F.);
#5917=ORIENTED_EDGE('',*,*,#2151,.F.);
#5918=ORIENTED_EDGE('',*,*,#2146,.F.);
#5919=ORIENTED_EDGE('',*,*,#2141,.F.);
#5920=ORIENTED_EDGE('',*,*,#2136,.F.);
#5921=ORIENTED_EDGE('',*,*,#2131,.F.);
#5922=ORIENTED_EDGE('',*,*,#2126,.F.);
#5923=ORIENTED_EDGE('',*,*,#2121,.F.);
#5924=ORIENTED_EDGE('',*,*,#2116,.F.);
#5925=ORIENTED_EDGE('',*,*,#2111,.F.);
#5926=ORIENTED_EDGE('',*,*,#2106,.F.);
#5927=ORIENTED_EDGE('',*,*,#2101,.F.);
#5928=ORIENTED_EDGE('',*,*,#2096,.F.);
#5929=ORIENTED_EDGE('',*,*,#2091,.F.);
#5930=ORIENTED_EDGE('',*,*,#2086,.F.);
#5931=ORIENTED_EDGE('',*,*,#2081,.F.);
#5932=ORIENTED_EDGE('',*,*,#2076,.F.);
#5933=ORIENTED_EDGE('',*,*,#2071,.F.);
#5934=ORIENTED_EDGE('',*,*,#2066,.F.);
#5935=ORIENTED_EDGE('',*,*,#2061,.F.);
#5936=ORIENTED_EDGE('',*,*,#2056,.F.);
#5937=ORIENTED_EDGE('',*,*,#2051,.F.);
#5938=ORIENTED_EDGE('',*,*,#2046,.F.);
#5939=ORIENTED_EDGE('',*,*,#2041,.F.);
#5940=ORIENTED_EDGE('',*,*,#2036,.F.);
#5941=ORIENTED_EDGE('',*,*,#2031,.F.);
#5942=ORIENTED_EDGE('',*,*,#2026,.F.);
#5943=ORIENTED_EDGE('',*,*,#2021,.F.);
#5944=ORIENTED_EDGE('',*,*,#2016,.F.);
#5945=ORIENTED_EDGE('',*,*,#2011,.F.);
#5946=ORIENTED_EDGE('',*,*,#2006,.F.);
#5947=ORIENTED_EDGE('',*,*,#2001,.F.);
#5948=ORIENTED_EDGE('',*,*,#1996,.F.);
#5949=ORIENTED_EDGE('',*,*,#1991,.F.);
#5950=ORIENTED_EDGE('',*,*,#1986,.F.);
#5951=ORIENTED_EDGE('',*,*,#1981,.F.);
#5952=ORIENTED_EDGE('',*,*,#1976,.F.);
#5953=ORIENTED_EDGE('',*,*,#1971,.F.);
#5954=ORIENTED_EDGE('',*,*,#1966,.F.);
#5955=ORIENTED_EDGE('',*,*,#1961,.F.);
#5956=ORIENTED_EDGE('',*,*,#1956,.F.);
#5957=ORIENTED_EDGE('',*,*,#1951,.F.);
#5958=ORIENTED_EDGE('',*,*,#1946,.F.);
#5959=ORIENTED_EDGE('',*,*,#1941,.F.);
#5960=ORIENTED_EDGE('',*,*,#1936,.F.);
#5961=ORIENTED_EDGE('',*,*,#1931,.F.);
#5962=ORIENTED_EDGE('',*,*,#1926,.F.);
#5963=ORIENTED_EDGE('',*,*,#1921,.F.);
#5964=ORIENTED_EDGE('',*,*,#1916,.F.);
#5965=ORIENTED_EDGE('',*,*,#1911,.F.);
#5966=ORIENTED_EDGE('',*,*,#1906,.F.);
#5967=ORIENTED_EDGE('',*,*,#1901,.F.);
#5968=ORIENTED_EDGE('',*,*,#1896,.F.);
#5969=ORIENTED_EDGE('',*,*,#1891,.F.);
#5970=ORIENTED_EDGE('',*,*,#1886,.F.);
#5971=ORIENTED_EDGE('',*,*,#1881,.F.);
#5972=ORIENTED_EDGE('',*,*,#1876,.F.);
#5973=ORIENTED_EDGE('',*,*,#1871,.F.);
#5974=ORIENTED_EDGE('',*,*,#1866,.F.);
#5975=ORIENTED_EDGE('',*,*,#1861,.F.);
#5976=ORIENTED_EDGE('',*,*,#1856,.F.);
#5977=ORIENTED_EDGE('',*,*,#1851,.F.);
#5978=ORIENTED_EDGE('',*,*,#1846,.F.);
#5979=ORIENTED_EDGE('',*,*,#1841,.F.);
#5980=ORIENTED_EDGE('',*,*,#1836,.F.);
#5981=ORIENTED_EDGE('',*,*,#1831,.F.);
#5982=ORIENTED_EDGE('',*,*,#1826,.F.);
#5983=ORIENTED_EDGE('',*,*,#1821,.F.);
#5984=ORIENTED_EDGE('',*,*,#1816,.F.);
#5985=ORIENTED_EDGE('',*,*,#1811,.F.);
#5986=ORIENTED_EDGE('',*,*,#1806,.F.);
#5987=ORIENTED_EDGE('',*,*,#1801,.F.);
#5988=ORIENTED_EDGE('',*,*,#1796,.F.);
#5989=ORIENTED_EDGE('',*,*,#1791,.F.);
#5990=ORIENTED_EDGE('',*,*,#1786,.F.);
#5991=ORIENTED_EDGE('',*,*,#1781,.F.);
#5992=ORIENTED_EDGE('',*,*,#1776,.F.);
#5993=ORIENTED_EDGE('',*,*,#1771,.F.);
#5994=ORIENTED_EDGE('',*,*,#1766,.F.);
#5995=ORIENTED_EDGE('',*,*,#1761,.F.);
#5996=ORIENTED_EDGE('',*,*,#1756,.F.);
#5997=EDGE_LOOP('',(#5901,#5902,#5903,#5904,#5905,#5906,#5907,#5908,#5909,#5910,#5911,#5912,#5913,#5914,#5915,#5916,#5917,#5918,#5919,#5920,#5921,#5922,#5923,#5924,#5925,#5926,#5927,#5928,#5929,#5930,#5931,#5932,#5933,#5934,#5935,#5936,#5937,#5938,#5939,#5940,#5941,#5942,#5943,#5944,#5945,#5946,#5947,#5948,#5949,#5950,#5951,#5952,#5953,#5954,#5955,#5956,#5957,#5958,#5959,#5960,#5961,#5962,#5963,#5964,#5965,#5966,#5967,#5968,#5969,#5970,#5971,#5972,#5973,#5974,#5975,#5976,#5977,#5978,#5979,#5980,#5981,#5982,#5983,#5984,#5985,#5986,#5987,#5988,#5989,#5990,#5991,#5992,#5993,#5994,#5995,#5996));
#5998=CARTESIAN_POINT('',(-1.300000000000,-0.090000000000,2.448346380723));
#5999=VERTEX_POINT('',#5998);
#6000=CARTESIAN_POINT('',(-1.300000000000,-0.230343292788,2.439147795331));
#6001=VERTEX_POINT('',#6000);
#6002=CIRCLE('',#5154,2.450000000000);
#6003=EDGE_CURVE('',#5999,#6001,#6002,.T.);
#6004=ORIENTED_EDGE('',*,*,#6003,.T.);
#6005=CARTESIAN_POINT('',(-1.300000000000,-0.408803367835,2.415653080731));
#6006=VERTEX_POINT('',#6005);
#6007=CIRCLE('',#5154,2.450000000000);
#6008=EDGE_CURVE('',#6001,#6006,#6007,.T.);
#6009=ORIENTED_EDGE('',*,*,#6008,.T.);
#6010=CARTESIAN_POINT('',(-1.300000000000,-0.546745347973,2.388214714901));
#6011=VERTEX_POINT('',#6010);
#6012=CIRCLE('',#5154,2.450000000000);
#6013=EDGE_CURVE('',#6006,#6011,#6012,.T.);
#6014=ORIENTED_EDGE('',*,*,#6013,.T.);
#6015=CARTESIAN_POINT('',(-1.300000000000,-0.720611996705,2.341627286783));
#6016=VERTEX_POINT('',#6015);
#6017=CIRCLE('',#5154,2.450000000000);
#6018=EDGE_CURVE('',#6011,#6016,#6017,.T.);
#6019=ORIENTED_EDGE('',*,*,#6018,.T.);
#6020=CARTESIAN_POINT('',(-1.300000000000,-0.853792438668,2.296418618561));
#6021=VERTEX_POINT('',#6020);
#6022=CIRCLE('',#5154,2.450000000000);
#6023=EDGE_CURVE('',#6016,#6021,#6022,.T.);
#6024=ORIENTED_EDGE('',*,*,#6023,.T.);
#6025=CARTESIAN_POINT('',(-1.300000000000,-1.020090754520,2.227535600735));
#6026=VERTEX_POINT('',#6025);
#6027=CIRCLE('',#5154,2.450000000000);
#6028=EDGE_CURVE('',#6021,#6026,#6027,.T.);
#6029=ORIENTED_EDGE('',*,*,#6028,.T.);
#6030=CARTESIAN_POINT('',(-1.300000000000,-1.146230904021,2.165330162970));
#6031=VERTEX_POINT('',#6030);
#6032=CIRCLE('',#5154,2.450000000000);
#6033=EDGE_CURVE('',#6026,#6031,#6032,.T.);
#6034=ORIENTED_EDGE('',*,*,#6033,.T.);
#6035=CARTESIAN_POINT('',(-1.300000000000,-1.302115476702,2.075330162970));
#6036=VERTEX_POINT('',#6035);
#6037=CIRCLE('',#5154,2.450000000000);
#6038=EDGE_CURVE('',#6031,#6036,#6037,.T.);
#6039=ORIENTED_EDGE('',*,*,#6038,.T.);
#6040=CARTESIAN_POINT('',(-1.300000000000,-1.419057040811,1.997192307947));
#6041=VERTEX_POINT('',#6040);
#6042=CIRCLE('',#5154,2.450000000000);
#6043=EDGE_CURVE('',#6036,#6041,#6042,.T.);
#6044=ORIENTED_EDGE('',*,*,#6043,.T.);
#6045=CARTESIAN_POINT('',(-1.300000000000,-1.561860642064,1.887615250726));
#6046=VERTEX_POINT('',#6045);
#6047=CIRCLE('',#5154,2.450000000000);
#6048=EDGE_CURVE('',#6041,#6046,#6047,.T.);
#6049=ORIENTED_EDGE('',*,*,#6048,.T.);
#6050=CARTESIAN_POINT('',(-1.300000000000,-1.667602718196,1.794881938810));
#6051=VERTEX_POINT('',#6050);
#6052=CIRCLE('',#5154,2.450000000000);
#6053=EDGE_CURVE('',#6046,#6051,#6052,.T.);
#6054=ORIENTED_EDGE('',*,*,#6053,.T.);
#6055=CARTESIAN_POINT('',(-1.300000000000,-1.794881938810,1.667602718196));
#6056=VERTEX_POINT('',#6055);
#6057=CIRCLE('',#5154,2.450000000000);
#6058=EDGE_CURVE('',#6051,#6056,#6057,.T.);
#6059=ORIENTED_EDGE('',*,*,#6058,.T.);
#6060=CARTESIAN_POINT('',(-1.300000000000,-1.887615250726,1.561860642064));
#6061=VERTEX_POINT('',#6060);
#6062=CIRCLE('',#5154,2.450000000000);
#6063=EDGE_CURVE('',#6056,#6061,#6062,.T.);
#6064=ORIENTED_EDGE('',*,*,#6063,.T.);
#6065=CARTESIAN_POINT('',(-1.300000000000,-1.997192307947,1.419057040811));
#6066=VERTEX_POINT('',#6065);
#6067=CIRCLE('',#5154,2.450000000000);
#6068=EDGE_CURVE('',#6061,#6066,#6067,.T.);
#6069=ORIENTED_EDGE('',*,*,#6068,.T.);
#6070=CARTESIAN_POINT('',(-1.300000000000,-2.075330162970,1.302115476702));
#6071=VERTEX_POINT('',#6070);
#6072=CIRCLE('',#5154,2.450000000000);
#6073=EDGE_CURVE('',#6066,#6071,#6072,.T.);
#6074=ORIENTED_EDGE('',*,*,#6073,.T.);
#6075=CARTESIAN_POINT('',(-1.300000000000,-2.165330162970,1.146230904021));
#6076=VERTEX_POINT('',#6075);
#6077=CIRCLE('',#5154,2.450000000000);
#6078=EDGE_CURVE('',#6071,#6076,#6077,.T.);
#6079=ORIENTED_EDGE('',*,*,#6078,.T.);
#6080=CARTESIAN_POINT('',(-1.300000000000,-2.227535600735,1.020090754520));
#6081=VERTEX_POINT('',#6080);
#6082=CIRCLE('',#5154,2.450000000000);
#6083=EDGE_CURVE('',#6076,#6081,#6082,.T.);
#6084=ORIENTED_EDGE('',*,*,#6083,.T.);
#6085=CARTESIAN_POINT('',(-1.300000000000,-2.296418618561,0.853792438668));
#6086=VERTEX_POINT('',#6085);
#6087=CIRCLE('',#5154,2.450000000000);
#6088=EDGE_CURVE('',#6081,#6086,#6087,.T.);
#6089=ORIENTED_EDGE('',*,*,#6088,.T.);
#6090=CARTESIAN_POINT('',(-1.300000000000,-2.341627286783,0.720611996705));
#6091=VERTEX_POINT('',#6090);
#6092=CIRCLE('',#5154,2.450000000000);
#6093=EDGE_CURVE('',#6086,#6091,#6092,.T.);
#6094=ORIENTED_EDGE('',*,*,#6093,.T.);
#6095=CARTESIAN_POINT('',(-1.300000000000,-2.388214714901,0.546745347973));
#6096=VERTEX_POINT('',#6095);
#6097=CIRCLE('',#5154,2.450000000000);
#6098=EDGE_CURVE('',#6091,#6096,#6097,.T.);
#6099=ORIENTED_EDGE('',*,*,#6098,.T.);
#6100=CARTESIAN_POINT('',(-1.300000000000,-2.415653080731,0.408803367835));
#6101=VERTEX_POINT('',#6100);
#6102=CIRCLE('',#5154,2.450000000000);
#6103=EDGE_CURVE('',#6096,#6101,#6102,.T.);
#6104=ORIENTED_EDGE('',*,*,#6103,.T.);
#6105=CARTESIAN_POINT('',(-1.300000000000,-2.439147795331,0.230343292788));
#6106=VERTEX_POINT('',#6105);
#6107=CIRCLE('',#5154,2.450000000000);
#6108=EDGE_CURVE('',#6101,#6106,#6107,.T.);
#6109=ORIENTED_EDGE('',*,*,#6108,.T.);
#6110=CARTESIAN_POINT('',(-1.300000000000,-2.448346380723,0.090000000000));
#6111=VERTEX_POINT('',#6110);
#6112=CIRCLE('',#5154,2.450000000000);
#6113=EDGE_CURVE('',#6106,#6111,#6112,.T.);
#6114=ORIENTED_EDGE('',*,*,#6113,.T.);
#6115=CARTESIAN_POINT('',(-1.300000000000,-2.448346380723,-0.090000000000));
#6116=VERTEX_POINT('',#6115);
#6117=CIRCLE('',#5154,2.450000000000);
#6118=EDGE_CURVE('',#6111,#6116,#6117,.T.);
#6119=ORIENTED_EDGE('',*,*,#6118,.T.);
#6120=CARTESIAN_POINT('',(-1.300000000000,-2.439147795331,-0.230343292788));
#6121=VERTEX_POINT('',#6120);
#6122=CIRCLE('',#5154,2.450000000000);
#6123=EDGE_CURVE('',#6116,#6121,#6122,.T.);
#6124=ORIENTED_EDGE('',*,*,#6123,.T.);
#6125=CARTESIAN_POINT('',(-1.300000000000,-2.415653080731,-0.408803367835));
#6126=VERTEX_POINT('',#6125);
#6127=CIRCLE('',#5154,2.450000000000);
#6128=EDGE_CURVE('',#6121,#6126,#6127,.T.);
#6129=ORIENTED_EDGE('',*,*,#6128,.T.);
#6130=CARTESIAN_POINT('',(-1.300000000000,-2.388214714901,-0.546745347973));
#6131=VERTEX_POINT('',#6130);
#6132=CIRCLE('',#5154,2.450000000000);
#6133=EDGE_CURVE('',#6126,#6131,#6132,.T.);
#6134=ORIENTED_EDGE('',*,*,#6133,.T.);
#6135=CARTESIAN_POINT('',(-1.300000000000,-2.341627286783,-0.720611996705));
#6136=VERTEX_POINT('',#6135);
#6137=CIRCLE('',#5154,2.450000000000);
#6138=EDGE_CURVE('',#6131,#6136,#6137,.T.);
#6139=ORIENTED_EDGE('',*,*,#6138,.T.);
#6140=CARTESIAN_POINT('',(-1.300000000000,-2.296418618561,-0.853792438668));
#6141=VERTEX_POINT('',#6140);
#6142=CIRCLE('',#5154,2.450000000000);
#6143=EDGE_CURVE('',#6136,#6141,#6142,.T.);
#6144=ORIENTED_EDGE('',*,*,#6143,.T.);
#6145=CARTESIAN_POINT('',(-1.300000000000,-2.227535600735,-1.020090754520));
#6146=VERTEX_POINT('',#6145);
#6147=CIRCLE('',#5154,2.450000000000);
#6148=EDGE_CURVE('',#6141,#6146,#6147,.T.);
#6149=ORIENTED_EDGE('',*,*,#6148,.T.);
#6150=CARTESIAN_POINT('',(-1.300000000000,-2.165330162970,-1.146230904021));
#6151=VERTEX_POINT('',#6150);
#6152=CIRCLE('',#5154,2.450000000000);
#6153=EDGE_CURVE('',#6146,#6151,#6152,.T.);
#6154=ORIENTED_EDGE('',*,*,#6153,.T.);
#6155=CARTESIAN_POINT('',(-1.300000000000,-2.075330162970,-1.302115476702));
#6156=VERTEX_POINT('',#6155);
#6157=CIRCLE('',#5154,2.450000000000);
#6158=EDGE_CURVE('',#6151,#6156,#6157,.T.);
#6159=ORIENTED_EDGE('',*,*,#6158,.T.);
#6160=CARTESIAN_POINT('',(-1.300000000000,-1.997192307947,-1.419057040811));
#6161=VERTEX_POINT('',#6160);
#6162=CIRCLE('',#5154,2.450000000000);
#6163=EDGE_CURVE('',#6156,#6161,#6162,.T.);
#6164=ORIENTED_EDGE('',*,*,#6163,.T.);
#6165=CARTESIAN_POINT('',(-1.300000000000,-1.887615250726,-1.561860642064));
#6166=VERTEX_POINT('',#6165);
#6167=CIRCLE('',#5154,2.450000000000);
#6168=EDGE_CURVE('',#6161,#6166,#6167,.T.);
#6169=ORIENTED_EDGE('',*,*,#6168,.T.);
#6170=CARTESIAN_POINT('',(-1.300000000000,-1.794881938810,-1.667602718196));
#6171=VERTEX_POINT('',#6170);
#6172=CIRCLE('',#5154,2.450000000000);
#6173=EDGE_CURVE('',#6166,#6171,#6172,.T.);
#6174=ORIENTED_EDGE('',*,*,#6173,.T.);
#6175=CARTESIAN_POINT('',(-1.300000000000,-1.667602718196,-1.794881938810));
#6176=VERTEX_POINT('',#6175);
#6177=CIRCLE('',#5154,2.450000000000);
#6178=EDGE_CURVE('',#6171,#6176,#6177,.T.);
#6179=ORIENTED_EDGE('',*,*,#6178,.T.);
#6180=CARTESIAN_POINT('',(-1.300000000000,-1.561860642064,-1.887615250726));
#6181=VERTEX_POINT('',#6180);
#6182=CIRCLE('',#5154,2.450000000000);
#6183=EDGE_CURVE('',#6176,#6181,#6182,.T.);
#6184=ORIENTED_EDGE('',*,*,#6183,.T.);
#6185=CARTESIAN_POINT('',(-1.300000000000,-1.419057040811,-1.997192307947));
#6186=VERTEX_POINT('',#6185);
#6187=CIRCLE('',#5154,2.450000000000);
#6188=EDGE_CURVE('',#6181,#6186,#6187,.T.);
#6189=ORIENTED_EDGE('',*,*,#6188,.T.);
#6190=CARTESIAN_POINT('',(-1.300000000000,-1.302115476702,-2.075330162970));
#6191=VERTEX_POINT('',#6190);
#6192=CIRCLE('',#5154,2.450000000000);
#6193=EDGE_CURVE('',#6186,#6191,#6192,.T.);
#6194=ORIENTED_EDGE('',*,*,#6193,.T.);
#6195=CARTESIAN_POINT('',(-1.300000000000,-1.146230904021,-2.165330162970));
#6196=VERTEX_POINT('',#6195);
#6197=CIRCLE('',#5154,2.450000000000);
#6198=EDGE_CURVE('',#6191,#6196,#6197,.T.);
#6199=ORIENTED_EDGE('',*,*,#6198,.T.);
#6200=CARTESIAN_POINT('',(-1.300000000000,-1.020090754520,-2.227535600735));
#6201=VERTEX_POINT('',#6200);
#6202=CIRCLE('',#5154,2.450000000000);
#6203=EDGE_CURVE('',#6196,#6201,#6202,.T.);
#6204=ORIENTED_EDGE('',*,*,#6203,.T.);
#6205=CARTESIAN_POINT('',(-1.300000000000,-0.853792438668,-2.296418618561));
#6206=VERTEX_POINT('',#6205);
#6207=CIRCLE('',#5154,2.450000000000);
#6208=EDGE_CURVE('',#6201,#6206,#6207,.T.);
#6209=ORIENTED_EDGE('',*,*,#6208,.T.);
#6210=CARTESIAN_POINT('',(-1.300000000000,-0.720611996705,-2.341627286783));
#6211=VERTEX_POINT('',#6210);
#6212=CIRCLE('',#5154,2.450000000000);
#6213=EDGE_CURVE('',#6206,#6211,#6212,.T.);
#6214=ORIENTED_EDGE('',*,*,#6213,.T.);
#6215=CARTESIAN_POINT('',(-1.300000000000,-0.546745347973,-2.388214714901));
#6216=VERTEX_POINT('',#6215);
#6217=CIRCLE('',#5154,2.450000000000);
#6218=EDGE_CURVE('',#6211,#6216,#6217,.T.);
#6219=ORIENTED_EDGE('',*,*,#6218,.T.);
#6220=CARTESIAN_POINT('',(-1.300000000000,-0.408803367835,-2.415653080731));
#6221=VERTEX_POINT('',#6220);
#6222=CIRCLE('',#5154,2.450000000000);
#6223=EDGE_CURVE('',#6216,#6221,#6222,.T.);
#6224=ORIENTED_EDGE('',*,*,#6223,.T.);
#6225=CARTESIAN_POINT('',(-1.300000000000,-0.230343292788,-2.439147795331));
#6226=VERTEX_POINT('',#6225);
#6227=CIRCLE('',#5154,2.450000000000);
#6228=EDGE_CURVE('',#6221,#6226,#6227,.T.);
#6229=ORIENTED_EDGE('',*,*,#6228,.T.);
#6230=CARTESIAN_POINT('',(-1.300000000000,-0.090000000000,-2.448346380723));
#6231=VERTEX_POINT('',#6230);
#6232=CIRCLE('',#5154,2.450000000000);
#6233=EDGE_CURVE('',#6226,#6231,#6232,.T.);
#6234=ORIENTED_EDGE('',*,*,#6233,.T.);
#6235=CARTESIAN_POINT('',(-1.300000000000,0.090000000000,-2.448346380723));
#6236=VERTEX_POINT('',#6235);
#6237=CIRCLE('',#5154,2.450000000000);
#6238=EDGE_CURVE('',#6231,#6236,#6237,.T.);
#6239=ORIENTED_EDGE('',*,*,#6238,.T.);
#6240=CARTESIAN_POINT('',(-1.300000000000,0.230343292788,-2.439147795331));
#6241=VERTEX_POINT('',#6240);
#6242=CIRCLE('',#5154,2.450000000000);
#6243=EDGE_CURVE('',#6236,#6241,#6242,.T.);
#6244=ORIENTED_EDGE('',*,*,#6243,.T.);
#6245=CARTESIAN_POINT('',(-1.300000000000,0.408803367835,-2.415653080731));
#6246=VERTEX_POINT('',#6245);
#6247=CIRCLE('',#5154,2.450000000000);
#6248=EDGE_CURVE('',#6241,#6246,#6247,.T.);
#6249=ORIENTED_EDGE('',*,*,#6248,.T.);
#6250=CARTESIAN_POINT('',(-1.300000000000,0.546745347973,-2.388214714901));
#6251=VERTEX_POINT('',#6250);
#6252=CIRCLE('',#5154,2.450000000000);
#6253=EDGE_CURVE('',#6246,#6251,#6252,.T.);
#6254=ORIENTED_EDGE('',*,*,#6253,.T.);
#6255=CARTESIAN_POINT('',(-1.300000000000,0.720611996705,-2.341627286783));
#6256=VERTEX_POINT('',#6255);
#6257=CIRCLE('',#5154,2.450000000000);
#6258=EDGE_CURVE('',#6251,#6256,#6257,.T.);
#6259=ORIENTED_EDGE('',*,*,#6258,.T.);
#6260=CARTESIAN_POINT('',(-1.300000000000,0.853792438668,-2.296418618561));
#6261=VERTEX_POINT('',#6260);
#6262=CIRCLE('',#5154,2.450000000000);
#6263=EDGE_CURVE('',#6256,#6261,#6262,.T.);
#6264=ORIENTED_EDGE('',*,*,#6263,.T.);
#6265=CARTESIAN_POINT('',(-1.300000000000,1.020090754520,-2.227535600735));
#6266=VERTEX_POINT('',#6265);
#6267=CIRCLE('',#5154,2.450000000000);
#6268=EDGE_CURVE('',#6261,#6266,#6267,.T.);
#6269=ORIENTED_EDGE('',*,*,#6268,.T.);
#6270=CARTESIAN_POINT('',(-1.300000000000,1.146230904021,-2.165330162970));
#6271=VERTEX_POINT('',#6270);
#6272=CIRCLE('',#5154,2.450000000000);
#6273=EDGE_CURVE('',#6266,#6271,#6272,.T.);
#6274=ORIENTED_EDGE('',*,*,#6273,.T.);
#6275=CARTESIAN_POINT('',(-1.300000000000,1.302115476702,-2.075330162970));
#6276=VERTEX_POINT('',#6275);
#6277=CIRCLE('',#5154,2.450000000000);
#6278=EDGE_CURVE('',#6271,#6276,#6277,.T.);
#6279=ORIENTED_EDGE('',*,*,#6278,.T.);
#6280=CARTESIAN_POINT('',(-1.300000000000,1.419057040811,-1.997192307947));
#6281=VERTEX_POINT('',#6280);
#6282=CIRCLE('',#5154,2.450000000000);
#6283=EDGE_CURVE('',#6276,#6281,#6282,.T.);
#6284=ORIENTED_EDGE('',*,*,#6283,.T.);
#6285=CARTESIAN_POINT('',(-1.300000000000,1.561860642064,-1.887615250726));
#6286=VERTEX_POINT('',#6285);
#6287=CIRCLE('',#5154,2.450000000000);
#6288=EDGE_CURVE('',#6281,#6286,#6287,.T.);
#6289=ORIENTED_EDGE('',*,*,#6288,.T.);
#6290=CARTESIAN_POINT('',(-1.300000000000,1.667602718196,-1.794881938810));
#6291=VERTEX_POINT('',#6290);
#6292=CIRCLE('',#5154,2.450000000000);
#6293=EDGE_CURVE('',#6286,#6291,#6292,.T.);
#6294=ORIENTED_EDGE('',*,*,#6293,.T.);
#6295=CARTESIAN_POINT('',(-1.300000000000,1.794881938810,-1.667602718196));
#6296=VERTEX_POINT('',#6295);
#6297=CIRCLE('',#5154,2.450000000000);
#6298=EDGE_CURVE('',#6291,#6296,#6297,.T.);
#6299=ORIENTED_EDGE('',*,*,#6298,.T.);
#6300=CARTESIAN_POINT('',(-1.300000000000,1.887615250726,-1.561860642064));
#6301=VERTEX_POINT('',#6300);
#6302=CIRCLE('',#5154,2.450000000000);
#6303=EDGE_CURVE('',#6296,#6301,#6302,.T.);
#6304=ORIENTED_EDGE('',*,*,#6303,.T.);
#6305=CARTESIAN_POINT('',(-1.300000000000,1.997192307947,-1.419057040811));
#6306=VERTEX_POINT('',#6305);
#6307=CIRCLE('',#5154,2.450000000000);
#6308=EDGE_CURVE('',#6301,#6306,#6307,.T.);
#6309=ORIENTED_EDGE('',*,*,#6308,.T.);
#6310=CARTESIAN_POINT('',(-1.300000000000,2.075330162970,-1.302115476702));
#6311=VERTEX_POINT('',#6310);
#6312=CIRCLE('',#5154,2.450000000000);
#6313=EDGE_CURVE('',#6306,#6311,#6312,.T.);
#6314=ORIENTED_EDGE('',*,*,#6313,.T.);
#6315=CARTESIAN_POINT('',(-1.300000000000,2.165330162970,-1.146230904021));
#6316=VERTEX_POINT('',#6315);
#6317=CIRCLE('',#5154,2.450000000000);
#6318=EDGE_CURVE('',#6311,#6316,#6317,.T.);
#6319=ORIENTED_EDGE('',*,*,#6318,.T.);
#6320=CARTESIAN_POINT('',(-1.300000000000,2.227535600735,-1.020090754520));
#6321=VERTEX_POINT('',#6320);
#6322=CIRCLE('',#5154,2.450000000000);
#6323=EDGE_CURVE('',#6316,#6321,#6322,.T.);
#6324=ORIENTED_EDGE('',*,*,#6323,.T.);
#6325=CARTESIAN_POINT('',(-1.300000000000,2.296418618561,-0.853792438668));
#6326=VERTEX_POINT('',#6325);
#6327=CIRCLE('',#5154,2.450000000000);
#6328=EDGE_CURVE('',#6321,#6326,#6327,.T.);
#6329=ORIENTED_EDGE('',*,*,#6328,.T.);
#6330=CARTESIAN_POINT('',(-1.300000000000,2.341627286783,-0.720611996705));
#6331=VERTEX_POINT('',#6330);
#6332=CIRCLE('',#5154,2.450000000000);
#6333=EDGE_CURVE('',#6326,#6331,#6332,.T.);
#6334=ORIENTED_EDGE('',*,*,#6333,.T.);
#6335=CARTESIAN_POINT('',(-1.300000000000,2.388214714901,-0.546745347973));
#6336=VERTEX_POINT('',#6335);
#6337=CIRCLE('',#5154,2.450000000000);
#6338=EDGE_CURVE('',#6331,#6336,#6337,.T.);
#6339=ORIENTED_EDGE('',*,*,#6338,.T.);
#6340=CARTESIAN_POINT('',(-1.300000000000,2.415653080731,-0.408803367835));
#6341=VERTEX_POINT('',#6340);
#6342=CIRCLE('',#5154,2.450000000000);
#6343=EDGE_CURVE('',#6336,#6341,#6342,.T.);
#6344=ORIENTED_EDGE('',*,*,#6343,.T.);
#6345=CARTESIAN_POINT('',(-1.300000000000,2.439147795331,-0.230343292788));
#6346=VERTEX_POINT('',#6345);
#6347=CIRCLE('',#5154,2.450000000000);
#6348=EDGE_CURVE('',#6341,#6346,#6347,.T.);
#6349=ORIENTED_EDGE('',*,*,#6348,.T.);
#6350=CARTESIAN_POINT('',(-1.300000000000,2.448346380723,-0.090000000000));
#6351=VERTEX_POINT('',#6350);
#6352=CIRCLE('',#5154,2.450000000000);
#6353=EDGE_CURVE('',#6346,#6351,#6352,.T.);
#6354=ORIENTED_EDGE('',*,*,#6353,.T.);
#6355=CARTESIAN_POINT('',(-1.300000000000,2.448346380723,0.090000000000));
#6356=VERTEX_POINT('',#6355);
#6357=CIRCLE('',#5154,2.450000000000);
#6358=EDGE_CURVE('',#6351,#6356,#6357,.T.);
#6359=ORIENTED_EDGE('',*,*,#6358,.T.);
#6360=CARTESIAN_POINT('',(-1.300000000000,2.439147795331,0.230343292788));
#6361=VERTEX_POINT('',#6360);
#6362=CIRCLE('',#5154,2.450000000000);
#6363=EDGE_CURVE('',#6356,#6361,#6362,.T.);
#6364=ORIENTED_EDGE('',*,*,#6363,.T.);
#6365=CARTESIAN_POINT('',(-1.300000000000,2.415653080731,0.408803367835));
#6366=VERTEX_POINT('',#6365);
#6367=CIRCLE('',#5154,2.450000000000);
#6368=EDGE_CURVE('',#6361,#6366,#6367,.T.);
#6369=ORIENTED_EDGE('',*,*,#6368,.T.);
#6370=CARTESIAN_POINT('',(-1.300000000000,2.388214714901,0.546745347973));
#6371=VERTEX_POINT('',#6370);
#6372=CIRCLE('',#5154,2.450000000000);
#6373=EDGE_CURVE('',#6366,#6371,#6372,.T.);
#6374=ORIENTED_EDGE('',*,*,#6373,.T.);
#6375=CARTESIAN_POINT('',(-1.300000000000,2.341627286783,0.720611996705));
#6376=VERTEX_POINT('',#6375);
#6377=CIRCLE('',#5154,2.450000000000);
#6378=EDGE_CURVE('',#6371,#6376,#6377,.T.);
#6379=ORIENTED_EDGE('',*,*,#6378,.T.);
#6380=CARTESIAN_POINT('',(-1.300000000000,2.296418618561,0.853792438668));
#6381=VERTEX_POINT('',#6380);
#6382=CIRCLE('',#5154,2.450000000000);
#6383=EDGE_CURVE('',#6376,#6381,#6382,.T.);
#6384=ORIENTED_EDGE('',*,*,#6383,.T.);
#6385=CARTESIAN_POINT('',(-1.300000000000,2.227535600735,1.020090754520));
#6386=VERTEX_POINT('',#6385);
#6387=CIRCLE('',#5154,2.450000000000);
#6388=EDGE_CURVE('',#6381,#6386,#6387,.T.);
#6389=ORIENTED_EDGE('',*,*,#6388,.T.);
#6390=CARTESIAN_POINT('',(-1.300000000000,2.165330162970,1.146230904021));
#6391=VERTEX_POINT('',#6390);
#6392=CIRCLE('',#5154,2.450000000000);
#6393=EDGE_CURVE('',#6386,#6391,#6392,.T.);
#6394=ORIENTED_EDGE('',*,*,#6393,.T.);
#6395=CARTESIAN_POINT('',(-1.300000000000,2.075330162970,1.302115476702));
#6396=VERTEX_POINT('',#6395);
#6397=CIRCLE('',#5154,2.450000000000);
#6398=EDGE_CURVE('',#6391,#6396,#6397,.T.);
#6399=ORIENTED_EDGE('',*,*,#6398,.T.);
#6400=CARTESIAN_POINT('',(-1.300000000000,1.997192307947,1.419057040811));
#6401=VERTEX_POINT('',#6400);
#6402=CIRCLE('',#5154,2.450000000000);
#6403=EDGE_CURVE('',#6396,#6401,#6402,.T.);
#6404=ORIENTED_EDGE('',*,*,#6403,.T.);
#6405=CARTESIAN_POINT('',(-1.300000000000,1.887615250726,1.561860642064));
#6406=VERTEX_POINT('',#6405);
#6407=CIRCLE('',#5154,2.450000000000);
#6408=EDGE_CURVE('',#6401,#6406,#6407,.T.);
#6409=ORIENTED_EDGE('',*,*,#6408,.T.);
#6410=CARTESIAN_POINT('',(-1.300000000000,1.794881938810,1.667602718196));
#6411=VERTEX_POINT('',#6410);
#6412=CIRCLE('',#5154,2.450000000000);
#6413=EDGE_CURVE('',#6406,#6411,#6412,.T.);
#6414=ORIENTED_EDGE('',*,*,#6413,.T.);
#6415=CARTESIAN_POINT('',(-1.300000000000,1.667602718196,1.794881938810));
#6416=VERTEX_POINT('',#6415);
#6417=CIRCLE('',#5154,2.450000000000);
#6418=EDGE_CURVE('',#6411,#6416,#6417,.T.);
#6419=ORIENTED_EDGE('',*,*,#6418,.T.);
#6420=CARTESIAN_POINT('',(-1.300000000000,1.561860642064,1.887615250726));
#6421=VERTEX_POINT('',#6420);
#6422=CIRCLE('',#5154,2.450000000000);
#6423=EDGE_CURVE('',#6416,#6421,#6422,.T.);
#6424=ORIENTED_EDGE('',*,*,#6423,.T.);
#6425=CARTESIAN_POINT('',(-1.300000000000,1.419057040811,1.997192307947));
#6426=VERTEX_POINT('',#6425);
#6427=CIRCLE('',#5154,2.450000000000);
#6428=EDGE_CURVE('',#6421,#6426,#6427,.T.);
#6429=ORIENTED_EDGE('',*,*,#6428,.T.);
#6430=CARTESIAN_POINT('',(-1.300000000000,1.302115476702,2.075330162970));
#6431=VERTEX_POINT('',#6430);
#6432=CIRCLE('',#5154,2.450000000000);
#6433=EDGE_CURVE('',#6426,#6431,#6432,.T.);
#6434=ORIENTED_EDGE('',*,*,#6433,.T.);
#6435=CARTESIAN_POINT('',(-1.300000000000,1.146230904021,2.165330162970));
#6436=VERTEX_POINT('',#6435);
#6437=CIRCLE('',#5154,2.450000000000);
#6438=EDGE_CURVE('',#6431,#6436,#6437,.T.);
#6439=ORIENTED_EDGE('',*,*,#6438,.T.);
#6440=CARTESIAN_POINT('',(-1.300000000000,1.020090754520,2.227535600735));
#6441=VERTEX_POINT('',#6440);
#6442=CIRCLE('',#5154,2.450000000000);
#6443=EDGE_CURVE('',#6436,#6441,#6442,.T.);
#6444=ORIENTED_EDGE('',*,*,#6443,.T.);
#6445=CARTESIAN_POINT('',(-1.300000000000,0.853792438668,2.296418618561));
#6446=VERTEX_POINT('',#6445);
#6447=CIRCLE('',#5154,2.450000000000);
#6448=EDGE_CURVE('',#6441,#6446,#6447,.T.);
#6449=ORIENTED_EDGE('',*,*,#6448,.T.);
#6450=CARTESIAN_POINT('',(-1.300000000000,0.720611996705,2.341627286783));
#6451=VERTEX_POINT('',#6450);
#6452=CIRCLE('',#5154,2.450000000000);
#6453=EDGE_CURVE('',#6446,#6451,#6452,.T.);
#6454=ORIENTED_EDGE('',*,*,#6453,.T.);
#6455=CARTESIAN_POINT('',(-1.300000000000,0.546745347973,2.388214714901));
#6456=VERTEX_POINT('',#6455);
#6457=CIRCLE('',#5154,2.450000000000);
#6458=EDGE_CURVE('',#6451,#6456,#6457,.T.);
#6459=ORIENTED_EDGE('',*,*,#6458,.T.);
#6460=CARTESIAN_POINT('',(-1.300000000000,0.408803367835,2.415653080731));
#6461=VERTEX_POINT('',#6460);
#6462=CIRCLE('',#5154,2.450000000000);
#6463=EDGE_CURVE('',#6456,#6461,#6462,.T.);
#6464=ORIENTED_EDGE('',*,*,#6463,.T.);
#6465=CARTESIAN_POINT('',(-1.300000000000,0.230343292788,2.439147795331));
#6466=VERTEX_POINT('',#6465);
#6467=CIRCLE('',#5154,2.450000000000);
#6468=EDGE_CURVE('',#6461,#6466,#6467,.T.);
#6469=ORIENTED_EDGE('',*,*,#6468,.T.);
#6470=CARTESIAN_POINT('',(-1.300000000000,0.090000000000,2.448346380723));
#6471=VERTEX_POINT('',#6470);
#6472=CIRCLE('',#5154,2.450000000000);
#6473=EDGE_CURVE('',#6466,#6471,#6472,.T.);
#6474=ORIENTED_EDGE('',*,*,#6473,.T.);
#6475=CIRCLE('',#5154,2.450000000000);
#6476=EDGE_CURVE('',#6471,#5999,#6475,.T.);
#6477=ORIENTED_EDGE('',*,*,#6476,.T.);
#6478=EDGE_LOOP('',(#6004,#6009,#6014,#6019,#6024,#6029,#6034,#6039,#6044,#6049,#6054,#6059,#6064,#6069,#6074,#6079,#6084,#6089,#6094,#6099,#6104,#6109,#6114,#6119,#6124,#6129,#6134,#6139,#6144,#6149,#6154,#6159,#6164,#6169,#6174,#6179,#6184,#6189,#6194,#6199,#6204,#6209,#6214,#6219,#6224,#6229,#6234,#6239,#6244,#6249,#6254,#6259,#6264,#6269,#6274,#6279,#6284,#6289,#6294,#6299,#6304,#6309,#6314,#6319,#6324,#6329,#6334,#6339,#6344,#6349,#6354,#6359,#6364,#6369,#6374,#6379,#6384,#6389,#6394,#6399,#6404,#6409,#6414,#6419,#6424,#6429,#6434,#6439,#6444,#6449,#6454,#6459,#6464,#6469,#6474,#6477));
#6479=FACE_BOUND('',#5997,.T.);
#6480=FACE_BOUND('',#6478,.T.);
#6481=ADVANCED_FACE('',(#6479,#6480),#5900,.T.);
#6482=AXIS2_PLACEMENT_3D('',#5153,#26,#823);
#6483=PLANE('',#6482);
#6484=ORIENTED_EDGE('',*,*,#5156,.T.);
#6485=ORIENTED_EDGE('',*,*,#5629,.T.);
#6486=ORIENTED_EDGE('',*,*,#5626,.T.);
#6487=ORIENTED_EDGE('',*,*,#5621,.T.);
#6488=ORIENTED_EDGE('',*,*,#5616,.T.);
#6489=ORIENTED_EDGE('',*,*,#5611,.T.);
#6490=ORIENTED_EDGE('',*,*,#5606,.T.);
#6491=ORIENTED_EDGE('',*,*,#5601,.T.);
#6492=ORIENTED_EDGE('',*,*,#5596,.T.);
#6493=ORIENTED_EDGE('',*,*,#5591,.T.);
#6494=ORIENTED_EDGE('',*,*,#5586,.T.);
#6495=ORIENTED_EDGE('',*,*,#5581,.T.);
#6496=ORIENTED_EDGE('',*,*,#5576,.T.);
#6497=ORIENTED_EDGE('',*,*,#5571,.T.);
#6498=ORIENTED_EDGE('',*,*,#5566,.T.);
#6499=ORIENTED_EDGE('',*,*,#5561,.T.);
#6500=ORIENTED_EDGE('',*,*,#5556,.T.);
#6501=ORIENTED_EDGE('',*,*,#5551,.T.);
#6502=ORIENTED_EDGE('',*,*,#5546,.T.);
#6503=ORIENTED_EDGE('',*,*,#5541,.T.);
#6504=ORIENTED_EDGE('',*,*,#5536,.T.);
#6505=ORIENTED_EDGE('',*,*,#5531,.T.);
#6506=ORIENTED_EDGE('',*,*,#5526,.T.);
#6507=ORIENTED_EDGE('',*,*,#5521,.T.);
#6508=ORIENTED_EDGE('',*,*,#5516,.T.);
#6509=ORIENTED_EDGE('',*,*,#5511,.T.);
#6510=ORIENTED_EDGE('',*,*,#5506,.T.);
#6511=ORIENTED_EDGE('',*,*,#5501,.T.);
#6512=ORIENTED_EDGE('',*,*,#5496,.T.);
#6513=ORIENTED_EDGE('',*,*,#5491,.T.);
#6514=ORIENTED_EDGE('',*,*,#5486,.T.);
#6515=ORIENTED_EDGE('',*,*,#5481,.T.);
#6516=ORIENTED_EDGE('',*,*,#5476,.T.);
#6517=ORIENTED_EDGE('',*,*,#5471,.T.);
#6518=ORIENTED_EDGE('',*,*,#5466,.T.);
#6519=ORIENTED_EDGE('',*,*,#5461,.T.);
#6520=ORIENTED_EDGE('',*,*,#5456,.T.);
#6521=ORIENTED_EDGE('',*,*,#5451,.T.);
#6522=ORIENTED_EDGE('',*,*,#5446,.T.);
#6523=ORIENTED_EDGE('',*,*,#5441,.T.);
#6524=ORIENTED_EDGE('',*,*,#5436,.T.);
#6525=ORIENTED_EDGE('',*,*,#5431,.T.);
#6526=ORIENTED_EDGE('',*,*,#5426,.T.);
#6527=ORIENTED_EDGE('',*,*,#5421,.T.);
#6528=ORIENTED_EDGE('',*,*,#5416,.T.);
#6529=ORIENTED_EDGE('',*,*,#5411,.T.);
#6530=ORIENTED_EDGE('',*,*,#5406,.T.);
#6531=ORIENTED_EDGE('',*,*,#5401,.T.);
#6532=ORIENTED_EDGE('',*,*,#5396,.T.);
#6533=ORIENTED_EDGE('',*,*,#5391,.T.);
#6534=ORIENTED_EDGE('',*,*,#5386,.T.);
#6535=ORIENTED_EDGE('',*,*,#5381,.T.);
#6536=ORIENTED_EDGE('',*,*,#5376,.T.);
#6537=ORIENTED_EDGE('',*,*,#5371,.T.);
#6538=ORIENTED_EDGE('',*,*,#5366,.T.);
#6539=ORIENTED_EDGE('',*,*,#5361,.T.);
#6540=ORIENTED_EDGE('',*,*,#5356,.T.);
#6541=ORIENTED_EDGE('',*,*,#5351,.T.);
#6542=ORIENTED_EDGE('',*,*,#5346,.T.);
#6543=ORIENTED_EDGE('',*,*,#5341,.T.);
#6544=ORIENTED_EDGE('',*,*,#5336,.T.);
#6545=ORIENTED_EDGE('',*,*,#5331,.T.);
#6546=ORIENTED_EDGE('',*,*,#5326,.T.);
#6547=ORIENTED_EDGE('',*,*,#5321,.T.);
#6548=ORIENTED_EDGE('',*,*,#5316,.T.);
#6549=ORIENTED_EDGE('',*,*,#5311,.T.);
#6550=ORIENTED_EDGE('',*,*,#5306,.T.);
#6551=ORIENTED_EDGE('',*,*,#5301,.T.);
#6552=ORIENTED_EDGE('',*,*,#5296,.T.);
#6553=ORIENTED_EDGE('',*,*,#5291,.T.);
#6554=ORIENTED_EDGE('',*,*,#5286,.T.);
#6555=ORIENTED_EDGE('',*,*,#5281,.T.);
#6556=ORIENTED_EDGE('',*,*,#5276,.T.);
#6557=ORIENTED_EDGE('',*,*,#5271,.T.);
#6558=ORIENTED_EDGE('',*,*,#5266,.T.);
#6559=ORIENTED_EDGE('',*,*,#5261,.T.);
#6560=ORIENTED_EDGE('',*,*,#5256,.T.);
#6561=ORIENTED_EDGE('',*,*,#5251,.T.);
#6562=ORIENTED_EDGE('',*,*,#5246,.T.);
#6563=ORIENTED_EDGE('',*,*,#5241,.T.);
#6564=ORIENTED_EDGE('',*,*,#5236,.T.);
#6565=ORIENTED_EDGE('',*,*,#5231,.T.);
#6566=ORIENTED_EDGE('',*,*,#5226,.T.);
#6567=ORIENTED_EDGE('',*,*,#5221,.T.);
#6568=ORIENTED_EDGE('',*,*,#5216,.T.);
#6569=ORIENTED_EDGE('',*,*,#5211,.T.);
#6570=ORIENTED_EDGE('',*,*,#5206,.T.);
#6571=ORIENTED_EDGE('',*,*,#5201,.T.);
#6572=ORIENTED_EDGE('',*,*,#5196,.T.);
#6573=ORIENTED_EDGE('',*,*,#5191,.T.);
#6574=ORIENTED_EDGE('',*,*,#5186,.T.);
#6575=ORIENTED_EDGE('',*,*,#5181,.T.);
#6576=ORIENTED_EDGE('',*,*,#5176,.T.);
#6577=ORIENTED_EDGE('',*,*,#5171,.T.);
#6578=ORIENTED_EDGE('',*,*,#5166,.T.);
#6579=ORIENTED_EDGE('',*,*,#5161,.T.);
#6580=EDGE_LOOP('',(#6484,#6485,#6486,#6487,#6488,#6489,#6490,#6491,#6492,#6493,#6494,#6495,#6496,#6497,#6498,#6499,#6500,#6501,#6502,#6503,#6504,#6505,#6506,#6507,#6508,#6509,#6510,#6511,#6512,#6513,#6514,#6515,#6516,#6517,#6518,#6519,#6520,#6521,#6522,#6523,#6524,#6525,#6526,#6527,#6528,#6529,#6530,#6531,#6532,#6533,#6534,#6535,#6536,#6537,#6538,#6539,#6540,#6541,#6542,#6543,#6544,#6545,#6546,#6547,#6548,#6549,#6550,#6551,#6552,#6553,#6554,#6555,#6556,#6557,#6558,#6559,#6560,#6561,#6562,#6563,#6564,#6565,#6566,#6567,#6568,#6569,#6570,#6571,#6572,#6573,#6574,#6575,#6576,#6577,#6578,#6579));
#6581=ORIENTED_EDGE('',*,*,#6003,.F.);
#6582=ORIENTED_EDGE('',*,*,#6476,.F.);
#6583=ORIENTED_EDGE('',*,*,#6473,.F.);
#6584=ORIENTED_EDGE('',*,*,#6468,.F.);
#6585=ORIENTED_EDGE('',*,*,#6463,.F.);
#6586=ORIENTED_EDGE('',*,*,#6458,.F.);
#6587=ORIENTED_EDGE('',*,*,#6453,.F.);
#6588=ORIENTED_EDGE('',*,*,#6448,.F.);
#6589=ORIENTED_EDGE('',*,*,#6443,.F.);
#6590=ORIENTED_EDGE('',*,*,#6438,.F.);
#6591=ORIENTED_EDGE('',*,*,#6433,.F.);
#6592=ORIENTED_EDGE('',*,*,#6428,.F.);
#6593=ORIENTED_EDGE('',*,*,#6423,.F.);
#6594=ORIENTED_EDGE('',*,*,#6418,.F.);
#6595=ORIENTED_EDGE('',*,*,#6413,.F.);
#6596=ORIENTED_EDGE('',*,*,#6408,.F.);
#6597=ORIENTED_EDGE('',*,*,#6403,.F.);
#6598=ORIENTED_EDGE('',*,*,#6398,.F.);
#6599=ORIENTED_EDGE('',*,*,#6393,.F.);
#6600=ORIENTED_EDGE('',*,*,#6388,.F.);
#6601=ORIENTED_EDGE('',*,*,#6383,.F.);
#6602=ORIENTED_EDGE('',*,*,#6378,.F.);
#6603=ORIENTED_EDGE('',*,*,#6373,.F.);
#6604=ORIENTED_EDGE('',*,*,#6368,.F.);
#6605=ORIENTED_EDGE('',*,*,#6363,.F.);
#6606=ORIENTED_EDGE('',*,*,#6358,.F.);
#6607=ORIENTED_EDGE('',*,*,#6353,.F.);
#6608=ORIENTED_EDGE('',*,*,#6348,.F.);
#6609=ORIENTED_EDGE('',*,*,#6343,.F.);
#6610=ORIENTED_EDGE('',*,*,#6338,.F.);
#6611=ORIENTED_EDGE('',*,*,#6333,.F.);
#6612=ORIENTED_EDGE('',*,*,#6328,.F.);
#6613=ORIENTED_EDGE('',*,*,#6323,.F.);
#6614=ORIENTED_EDGE('',*,*,#6318,.F.);
#6615=ORIENTED_EDGE('',*,*,#6313,.F.);
#6616=ORIENTED_EDGE('',*,*,#6308,.F.);
#6617=ORIENTED_EDGE('',*,*,#6303,.F.);
#6618=ORIENTED_EDGE('',*,*,#6298,.F.);
#6619=ORIENTED_EDGE('',*,*,#6293,.F.);
#6620=ORIENTED_EDGE('',*,*,#6288,.F.);
#6621=ORIENTED_EDGE('',*,*,#6283,.F.);
#6622=ORIENTED_EDGE('',*,*,#6278,.F.);
#6623=ORIENTED_EDGE('',*,*,#6273,.F.);
#6624=ORIENTED_EDGE('',*,*,#6268,.F.);
#6625=ORIENTED_EDGE('',*,*,#6263,.F.);
#6626=ORIENTED_EDGE('',*,*,#6258,.F.);
#6627=ORIENTED_EDGE('',*,*,#6253,.F.);
#6628=ORIENTED_EDGE('',*,*,#6248,.F.);
#6629=ORIENTED_EDGE('',*,*,#6243,.F.);
#6630=ORIENTED_EDGE('',*,*,#6238,.F.);
#6631=ORIENTED_EDGE('',*,*,#6233,.F.);
#6632=ORIENTED_EDGE('',*,*,#6228,.F.);
#6633=ORIENTED_EDGE('',*,*,#6223,.F.);
#6634=ORIENTED_EDGE('',*,*,#6218,.F.);
#6635=ORIENTED_EDGE('',*,*,#6213,.F.);
#6636=ORIENTED_EDGE('',*,*,#6208,.F.);
#6637=ORIENTED_EDGE('',*,*,#6203,.F.);
#6638=ORIENTED_EDGE('',*,*,#6198,.F.);
#6639=ORIENTED_EDGE('',*,*,#6193,.F.);
#6640=ORIENTED_EDGE('',*,*,#6188,.F.);
#6641=ORIENTED_EDGE('',*,*,#6183,.F.);
#6642=ORIENTED_EDGE('',*,*,#6178,.F.);
#6643=ORIENTED_EDGE('',*,*,#6173,.F.);
#6644=ORIENTED_EDGE('',*,*,#6168,.F.);
#6645=ORIENTED_EDGE('',*,*,#6163,.F.);
#6646=ORIENTED_EDGE('',*,*,#6158,.F.);
#6647=ORIENTED_EDGE('',*,*,#6153,.F.);
#6648=ORIENTED_EDGE('',*,*,#6148,.F.);
#6649=ORIENTED_EDGE('',*,*,#6143,.F.);
#6650=ORIENTED_EDGE('',*,*,#6138,.F.);
#6651=ORIENTED_EDGE('',*,*,#6133,.F.);
#6652=ORIENTED_EDGE('',*,*,#6128,.F.);
#6653=ORIENTED_EDGE('',*,*,#6123,.F.);
#6654=ORIENTED_EDGE('',*,*,#6118,.F.);
#6655=ORIENTED_EDGE('',*,*,#6113,.F.);
#6656=ORIENTED_EDGE('',*,*,#6108,.F.);
#6657=ORIENTED_EDGE('',*,*,#6103,.F.);
#6658=ORIENTED_EDGE('',*,*,#6098,.F.);
#6659=ORIENTED_EDGE('',*,*,#6093,.F.);
#6660=ORIENTED_EDGE('',*,*,#6088,.F.);
#6661=ORIENTED_EDGE('',*,*,#6083,.F.);
#6662=ORIENTED_EDGE('',*,*,#6078,.F.);
#6663=ORIENTED_EDGE('',*,*,#6073,.F.);
#6664=ORIENTED_EDGE('',*,*,#6068,.F.);
#6665=ORIENTED_EDGE('',*,*,#6063,.F.);
#6666=ORIENTED_EDGE('',*,*,#6058,.F.);
#6667=ORIENTED_EDGE('',*,*,#6053,.F.);
#6668=ORIENTED_EDGE('',*,*,#6048,.F.);
#6669=ORIENTED_EDGE('',*,*,#6043,.F.);
#6670=ORIENTED_EDGE('',*,*,#6038,.F.);
#6671=ORIENTED_EDGE('',*,*,#6033,.F.);
#6672=ORIENTED_EDGE('',*,*,#6028,.F.);
#6673=ORIENTED_EDGE('',*,*,#6023,.F.);
#6674=ORIENTED_EDGE('',*,*,#6018,.F.);
#6675=ORIENTED_EDGE('',*,*,#6013,.F.);
#6676=ORIENTED_EDGE('',*,*,#6008,.F.);
#6677=EDGE_LOOP('',(#6581,#6582,#6583,#6584,#6585,#6586,#6587,#6588,#6589,#6590,#6591,#6592,#6593,#6594,#6595,#6596,#6597,#6598,#6599,#6600,#6601,#6602,#6603,#6604,#6605,#6606,#6607,#6608,#6609,#6610,#6611,#6612,#6613,#6614,#6615,#6616,#6617,#6618,#6619,#6620,#6621,#6622,#6623,#6624,#6625,#6626,#6627,#6628,#6629,#6630,#6631,#6632,#6633,#6634,#6635,#6636,#6637,#6638,#6639,#6640,#6641,#6642,#6643,#6644,#6645,#6646,#6647,#6648,#6649,#6650,#6651,#6652,#6653,#6654,#6655,#6656,#6657,#6658,#6659,#6660,#6661,#6662,#6663,#6664,#6665,#6666,#6667,#6668,#6669,#6670,#6671,#6672,#6673,#6674,#6675,#6676));
#6678=FACE_BOUND('',#6580,.T.);
#6679=FACE_OUTER_BOUND('',#6677,.T.);
#6680=ADVANCED_FACE('',(#6678,#6679),#6483,.T.);
#6681=CARTESIAN_POINT('',(0.000000000000,-2.142054018786,-1.643655858324));
#6682=AXIS2_PLACEMENT_3D('',#6681,#61,#32);
#6683=PLANE('',#6682);
#6684=ORIENTED_EDGE('',*,*,#68,.F.);
#6685=ORIENTED_EDGE('',*,*,#2764,.F.);
#6686=ORIENTED_EDGE('',*,*,#106,.F.);
#6687=ORIENTED_EDGE('',*,*,#1248,.F.);
#6688=EDGE_LOOP('',(#6684,#6685,#6686,#6687));
#6689=FACE_OUTER_BOUND('',#6688,.T.);
#6690=ADVANCED_FACE('',(#6689),#6683,.T.);
#6691=CARTESIAN_POINT('',(0.000000000000,-1.033245267386,-2.494474737780));
#6692=AXIS2_PLACEMENT_3D('',#6691,#737,#729);
#6693=PLANE('',#6692);
#6694=ORIENTED_EDGE('',*,*,#1328,.F.);
#6695=ORIENTED_EDGE('',*,*,#4169,.F.);
#6696=ORIENTED_EDGE('',*,*,#2681,.F.);
#6697=ORIENTED_EDGE('',*,*,#4190,.F.);
#6698=EDGE_LOOP('',(#6694,#6695,#6696,#6697));
#6699=FACE_OUTER_BOUND('',#6698,.T.);
#6700=ADVANCED_FACE('',(#6699),#6693,.T.);
#6701=CARTESIAN_POINT('',(0.000000000000,-1.909188309204,1.909188309204));
#6702=AXIS2_PLACEMENT_3D('',#6701,#642,#634);
#6703=PLANE('',#6702);
#6704=ORIENTED_EDGE('',*,*,#982,.F.);
#6705=ORIENTED_EDGE('',*,*,#4903,.F.);
#6706=ORIENTED_EDGE('',*,*,#2991,.F.);
#6707=ORIENTED_EDGE('',*,*,#4916,.F.);
#6708=EDGE_LOOP('',(#6704,#6705,#6706,#6707));
#6709=FACE_OUTER_BOUND('',#6708,.T.);
#6710=ADVANCED_FACE('',(#6709),#6703,.T.);
#6711=CARTESIAN_POINT('',(0.000000000000,1.643655858324,2.142054018786));
#6712=AXIS2_PLACEMENT_3D('',#6711,#663,#1012);
#6713=PLANE('',#6712);
#6714=ORIENTED_EDGE('',*,*,#674,.F.);
#6715=ORIENTED_EDGE('',*,*,#5116,.F.);
#6716=ORIENTED_EDGE('',*,*,#3222,.F.);
#6717=ORIENTED_EDGE('',*,*,#5139,.F.);
#6718=EDGE_LOOP('',(#6714,#6715,#6716,#6717));
#6719=FACE_OUTER_BOUND('',#6718,.T.);
#6720=ADVANCED_FACE('',(#6719),#6713,.T.);
#6721=CLOSED_SHELL('',(#39,#88,#90,#136,#138,#1741,#3257,#3273,#3297,#3299,#3323,#3325,#3341,#3365,#3367,#3391,#3393,#3409,#3433,#3435,#3459,#3461,#3477,#3501,#3503,#3527,#3529,#3545,#3569,#3571,#3595,#3597,#3613,#3637,#3639,#3663,#3665,#3681,#3705,#3707,#3731,#3733,#3749,#3773,#3775,#3799,#3801,#3817,#3841,#3843,#3867,#3869,#3885,#3909,#3911,#3935,#3937,#3953,#3977,#3979,#4003,#4005,#4021,#4045,#4047,#4071,#4073,#4089,#4113,#4115,#4139,#4141,#4157,#4181,#4183,#4207,#4209,#4225,#4249,#4251,#4275,#4277,#4293,#4317,#4319,#4343,#4345,#4361,#4385,#4387,#4411,#4413,#4777,#4787,#4803,#4821,#4823,#4841,#4843,#4853,#4863,#4873,#4889,#4907,#4909,#4927,#4929,#4939,#4955,#4973,#4975,#4993,#4995,#5005,#5015,#5025,#5041,#5059,#5061,#5079,#5081,#5091,#5107,#5125,#5127,#5145,#5147,#5731,#5741,#5751,#5767,#5785,#5787,#5805,#5807,#5817,#5827,#5837,#5847,#5857,#5867,#5877,#5887,#5897,#6481,#6680,#6690,#6700,#6710,#6720));
#6722=MANIFOLD_SOLID_BREP('case',#6721);
#6723=APPLICATION_CONTEXT('core data for automotive mechanical design processes');
#6724=APPLICATION_PROTOCOL_DEFINITION('international standard','automotive_design',2000,#6723);
#6725=PRODUCT_CONTEXT('',#6723,'mechanical');
#6726=PRODUCT('case','case','',(#6725));
#6727=PRODUCT_DEFINITION_FORMATION('','',#6726);
#6728=PRODUCT_DEFINITION_CONTEXT('part definition',#6723,'design');
#6729=PRODUCT_DEFINITION('','',#6727,#6728);
#6730=PRODUCT_DEFINITION_SHAPE('','',#6729);
#6731=(LENGTH_UNIT()NAMED_UNIT(*)SI_UNIT(.MILLI.,.METRE.));
#6732=(NAMED_UNIT(*)PLANE_ANGLE_UNIT()SI_UNIT($,.RADIAN.));
#6733=(NAMED_UNIT(*)SI_UNIT($,.STERADIAN.)SOLID_ANGLE_UNIT());
#6734=UNCERTAINTY_MEASURE_WITH_UNIT(LENGTH_MEASURE(1.E-07),#6731,'distance_accuracy_value','');
#6735=(GEOMETRIC_REPRESENTATION_CONTEXT(3)GLOBAL_UNCERTAINTY_ASSIGNED_CONTEXT((#6734))GLOBAL_UNIT_ASSIGNED_CONTEXT((#6731,#6732,#6733))REPRESENTATION_CONTEXT('',''));
#6736=ADVANCED_BREP_SHAPE_REPRESENTATION('',(#6722),#6735);
#6737=SHAPE_DEFINITION_REPRESENTATION(#6730,#6736);
ENDSEC;
END-ISO-10303-21;
