ISO-10303-21;
HEADER;
FILE_DESCRIPTION(('95 face(s), 1080 edge(s), 900 vertex/vertices confirmed by cade at n=128, half-extent 5.000000000000'),'2;1');
FILE_NAME('automatic_winding.step','2026-08-23T00:00:00',('cade'),('cade'),'cade 0.1.0','cade','');
FILE_SCHEMA(('AUTOMOTIVE_DESIGN { 1 0 10303 214 1 1 1 1 }'));
ENDSEC;
DATA;
#1=CARTESIAN_POINT('',(0.798382789639,0.253548340352,0.000000000000));
#2=DIRECTION('',(0.953092076191,0.302680515233,0.000000000000));
#3=DIRECTION('',(0.302680515233,-0.953092076191,0.000000000000));
#4=AXIS2_PLACEMENT_3D('',#1,#2,#3);
#5=PLANE('',#4);
#6=CARTESIAN_POINT('',(1.613414258964,-2.312854173737,-0.055000000000));
#7=VERTEX_POINT('',#6);
#8=CARTESIAN_POINT('',(1.613414258964,-2.312854173737,0.055000000000));
#9=VERTEX_POINT('',#8);
#10=CARTESIAN_POINT('',(1.613414258964,-2.312854173737,0.000000000000));
#11=DIRECTION('',(0.000000000000,0.000000000000,1.000000000000));
#12=VECTOR('',#11,1.0);
#13=LINE('',#10,#12);
#14=EDGE_CURVE('',#7,#9,#13,.T.);
#15=ORIENTED_EDGE('',*,*,#14,.F.);
#16=CARTESIAN_POINT('',(1.578724342620,-2.203621227683,-0.055000000000));
#17=VERTEX_POINT('',#16);
#18=CARTESIAN_POINT('',(0.798382789639,0.253548340352,-0.055000000000));
#19=DIRECTION('',(-0.302680515233,0.953092076191,0.000000000000));
#20=VECTOR('',#19,1.0);
#21=LINE('',#18,#20);
#22=EDGE_CURVE('',#7,#17,#21,.T.);
#23=ORIENTED_EDGE('',*,*,#22,.T.);
#24=CARTESIAN_POINT('',(1.527384155071,-2.041959265714,-0.055000000000));
#25=VERTEX_POINT('',#24);
#26=LINE('',#18,#20);
#27=EDGE_CURVE('',#17,#25,#26,.T.);
#28=ORIENTED_EDGE('',*,*,#27,.T.);
#29=CARTESIAN_POINT('',(1.527384155071,-2.041959265714,0.055000000000));
#30=VERTEX_POINT('',#29);
#31=CARTESIAN_POINT('',(1.527384155071,-2.041959265714,0.000000000000));
#32=LINE('',#31,#12);
#33=EDGE_CURVE('',#25,#30,#32,.T.);
#34=ORIENTED_EDGE('',*,*,#33,.T.);
#35=CARTESIAN_POINT('',(1.578724342620,-2.203621227683,0.055000000000));
#36=VERTEX_POINT('',#35);
#37=CARTESIAN_POINT('',(0.798382789639,0.253548340352,0.055000000000));
#38=VECTOR('',#3,1.0);
#39=LINE('',#37,#38);
#40=EDGE_CURVE('',#30,#36,#39,.T.);
#41=ORIENTED_EDGE('',*,*,#40,.T.);
#42=LINE('',#37,#38);
#43=EDGE_CURVE('',#36,#9,#42,.T.);
#44=ORIENTED_EDGE('',*,*,#43,.T.);
#45=EDGE_LOOP('',(#15,#23,#28,#34,#41,#44));
#46=FACE_OUTER_BOUND('',#45,.T.);
#47=ADVANCED_FACE('',(#46),#5,.T.);
#48=CARTESIAN_POINT('',(0.722645497279,-0.423657084149,0.000000000000));
#49=DIRECTION('',(0.862678537526,-0.505752647934,0.000000000000));
#50=DIRECTION('',(-0.505752647934,-0.862678537526,0.000000000000));
#51=AXIS2_PLACEMENT_3D('',#48,#49,#50);
#52=PLANE('',#51);
#53=CARTESIAN_POINT('',(-0.639200749887,-2.746601973593,-0.055000000000));
#54=VERTEX_POINT('',#53);
#55=CARTESIAN_POINT('',(-0.639200749887,-2.746601973593,0.055000000000));
#56=VERTEX_POINT('',#55);
#57=CARTESIAN_POINT('',(-0.639200749887,-2.746601973593,0.000000000000));
#58=LINE('',#57,#12);
#59=EDGE_CURVE('',#54,#56,#58,.T.);
#60=ORIENTED_EDGE('',*,*,#59,.F.);
#61=CARTESIAN_POINT('',(-0.581236936014,-2.647731234338,-0.055000000000));
#62=VERTEX_POINT('',#61);
#63=CARTESIAN_POINT('',(0.722645497279,-0.423657084149,-0.055000000000));
#64=DIRECTION('',(0.505752647934,0.862678537526,0.000000000000));
#65=VECTOR('',#64,1.0);
#66=LINE('',#63,#65);
#67=EDGE_CURVE('',#54,#62,#66,.T.);
#68=ORIENTED_EDGE('',*,*,#67,.T.);
#69=CARTESIAN_POINT('',(-0.495451976325,-2.501405072985,-0.055000000000));
#70=VERTEX_POINT('',#69);
#71=LINE('',#63,#65);
#72=EDGE_CURVE('',#62,#70,#71,.T.);
#73=ORIENTED_EDGE('',*,*,#72,.T.);
#74=CARTESIAN_POINT('',(-0.495451976325,-2.501405072985,0.055000000000));
#75=VERTEX_POINT('',#74);
#76=CARTESIAN_POINT('',(-0.495451976325,-2.501405072985,0.000000000000));
#77=LINE('',#76,#12);
#78=EDGE_CURVE('',#70,#75,#77,.T.);
#79=ORIENTED_EDGE('',*,*,#78,.T.);
#80=CARTESIAN_POINT('',(-0.581236936014,-2.647731234338,0.055000000000));
#81=VERTEX_POINT('',#80);
#82=CARTESIAN_POINT('',(0.722645497279,-0.423657084149,0.055000000000));
#83=VECTOR('',#50,1.0);
#84=LINE('',#82,#83);
#85=EDGE_CURVE('',#75,#81,#84,.T.);
#86=ORIENTED_EDGE('',*,*,#85,.T.);
#87=LINE('',#82,#83);
#88=EDGE_CURVE('',#81,#56,#87,.T.);
#89=ORIENTED_EDGE('',*,*,#88,.T.);
#90=EDGE_LOOP('',(#60,#68,#73,#79,#86,#89));
#91=FACE_OUTER_BOUND('',#90,.T.);
#92=ADVANCED_FACE('',(#91),#52,.T.);
#93=CARTESIAN_POINT('',(0.448618967850,0.707419862156,0.000000000000));
#94=DIRECTION('',(0.535551603861,0.844502504201,0.000000000000));
#95=DIRECTION('',(0.844502504201,-0.535551603861,0.000000000000));
#96=AXIS2_PLACEMENT_3D('',#93,#94,#95);
#97=PLANE('',#96);
#98=CARTESIAN_POINT('',(2.722621033418,-0.734666392582,-0.055000000000));
#99=VERTEX_POINT('',#98);
#100=CARTESIAN_POINT('',(2.722621033418,-0.734666392582,0.055000000000));
#101=VERTEX_POINT('',#100);
#102=CARTESIAN_POINT('',(2.722621033418,-0.734666392582,0.000000000000));
#103=LINE('',#102,#12);
#104=EDGE_CURVE('',#99,#101,#103,.T.);
#105=ORIENTED_EDGE('',*,*,#104,.F.);
#106=CARTESIAN_POINT('',(2.625833431478,-0.673287349659,-0.055000000000));
#107=VERTEX_POINT('',#106);
#108=CARTESIAN_POINT('',(0.448618967850,0.707419862156,-0.055000000000));
#109=DIRECTION('',(-0.844502504201,0.535551603861,0.000000000000));
#110=VECTOR('',#109,1.0);
#111=LINE('',#108,#110);
#112=EDGE_CURVE('',#99,#107,#111,.T.);
#113=ORIENTED_EDGE('',*,*,#112,.T.);
#114=CARTESIAN_POINT('',(2.482590259986,-0.582447938464,-0.055000000000));
#115=VERTEX_POINT('',#114);
#116=LINE('',#108,#110);
#117=EDGE_CURVE('',#107,#115,#116,.T.);
#118=ORIENTED_EDGE('',*,*,#117,.T.);
#119=CARTESIAN_POINT('',(2.482590259986,-0.582447938464,0.055000000000));
#120=VERTEX_POINT('',#119);
#121=CARTESIAN_POINT('',(2.482590259986,-0.582447938464,0.000000000000));
#122=LINE('',#121,#12);
#123=EDGE_CURVE('',#115,#120,#122,.T.);
#124=ORIENTED_EDGE('',*,*,#123,.T.);
#125=CARTESIAN_POINT('',(2.625833431478,-0.673287349659,0.055000000000));
#126=VERTEX_POINT('',#125);
#127=CARTESIAN_POINT('',(0.448618967850,0.707419862156,0.055000000000));
#128=VECTOR('',#95,1.0);
#129=LINE('',#127,#128);
#130=EDGE_CURVE('',#120,#126,#129,.T.);
#131=ORIENTED_EDGE('',*,*,#130,.T.);
#132=LINE('',#127,#128);
#133=EDGE_CURVE('',#126,#101,#132,.T.);
#134=ORIENTED_EDGE('',*,*,#133,.T.);
#135=EDGE_LOOP('',(#105,#113,#118,#124,#131,#134));
#136=FACE_OUTER_BOUND('',#135,.T.);
#137=ADVANCED_FACE('',(#136),#97,.T.);
#138=CARTESIAN_POINT('',(0.236248889608,0.803671762504,0.000000000000));
#139=DIRECTION('',(0.282028805752,0.959405937404,0.000000000000));
#140=DIRECTION('',(0.959405937404,-0.282028805752,0.000000000000));
#141=AXIS2_PLACEMENT_3D('',#138,#139,#140);
#142=PLANE('',#141);
#143=CARTESIAN_POINT('',(2.819652813840,0.044249400061,-0.055000000000));
#144=VERTEX_POINT('',#143);
#145=CARTESIAN_POINT('',(2.819652813840,0.044249400061,0.055000000000));
#146=VERTEX_POINT('',#145);
#147=CARTESIAN_POINT('',(2.819652813840,0.044249400061,0.000000000000));
#148=LINE('',#147,#12);
#149=EDGE_CURVE('',#144,#146,#148,.T.);
#150=ORIENTED_EDGE('',*,*,#149,.F.);
#151=CARTESIAN_POINT('',(2.709696242359,0.076572444281,-0.055000000000));
#152=VERTEX_POINT('',#151);
#153=CARTESIAN_POINT('',(0.236248889608,0.803671762504,-0.055000000000));
#154=DIRECTION('',(-0.959405937404,0.282028805752,0.000000000000));
#155=VECTOR('',#154,1.0);
#156=LINE('',#153,#155);
#157=EDGE_CURVE('',#144,#152,#156,.T.);
#158=ORIENTED_EDGE('',*,*,#157,.T.);
#159=CARTESIAN_POINT('',(2.546963333294,0.124409721716,-0.055000000000));
#160=VERTEX_POINT('',#159);
#161=LINE('',#153,#155);
#162=EDGE_CURVE('',#152,#160,#161,.T.);
#163=ORIENTED_EDGE('',*,*,#162,.T.);
#164=CARTESIAN_POINT('',(2.546963333294,0.124409721716,0.055000000000));
#165=VERTEX_POINT('',#164);
#166=CARTESIAN_POINT('',(2.546963333294,0.124409721716,0.000000000000));
#167=LINE('',#166,#12);
#168=EDGE_CURVE('',#160,#165,#167,.T.);
#169=ORIENTED_EDGE('',*,*,#168,.T.);
#170=CARTESIAN_POINT('',(2.709696242359,0.076572444281,0.055000000000));
#171=VERTEX_POINT('',#170);
#172=CARTESIAN_POINT('',(0.236248889608,0.803671762504,0.055000000000));
#173=VECTOR('',#140,1.0);
#174=LINE('',#172,#173);
#175=EDGE_CURVE('',#165,#171,#174,.T.);
#176=ORIENTED_EDGE('',*,*,#175,.T.);
#177=LINE('',#172,#173);
#178=EDGE_CURVE('',#171,#146,#177,.T.);
#179=ORIENTED_EDGE('',*,*,#178,.T.);
#180=EDGE_LOOP('',(#150,#158,#163,#169,#176,#179));
#181=FACE_OUTER_BOUND('',#180,.T.);
#182=ADVANCED_FACE('',(#181),#142,.T.);
#183=CARTESIAN_POINT('',(0.000000000000,0.000000000000,0.000000000000));
#184=DIRECTION('',(0.000000000000,1.000000000000,0.000000000000));
#185=AXIS2_PLACEMENT_3D('',#183,#11,#184);
#186=CYLINDRICAL_SURFACE('',#185,2.820000000000);
#187=CARTESIAN_POINT('',(2.557883167773,-1.187279958570,0.055000000000));
#188=VERTEX_POINT('',#187);
#189=CARTESIAN_POINT('',(2.593878872651,-1.106432281711,0.055000000000));
#190=VERTEX_POINT('',#189);
#191=CARTESIAN_POINT('',(0.000000000000,0.000000000000,0.055000000000));
#192=AXIS2_PLACEMENT_3D('',#191,#11,#184);
#193=CIRCLE('',#192,2.820000000000);
#194=EDGE_CURVE('',#188,#190,#193,.T.);
#195=ORIENTED_EDGE('',*,*,#194,.F.);
#196=CARTESIAN_POINT('',(2.557883167773,-1.187279958570,-0.055000000000));
#197=VERTEX_POINT('',#196);
#198=CARTESIAN_POINT('',(2.557883167773,-1.187279958570,0.000000000000));
#199=LINE('',#198,#12);
#200=EDGE_CURVE('',#197,#188,#199,.T.);
#201=ORIENTED_EDGE('',*,*,#200,.F.);
#202=CARTESIAN_POINT('',(2.593878872651,-1.106432281711,-0.055000000000));
#203=VERTEX_POINT('',#202);
#204=CARTESIAN_POINT('',(0.000000000000,0.000000000000,-0.055000000000));
#205=AXIS2_PLACEMENT_3D('',#204,#11,#184);
#206=CIRCLE('',#205,2.820000000000);
#207=EDGE_CURVE('',#197,#203,#206,.T.);
#208=ORIENTED_EDGE('',*,*,#207,.T.);
#209=CARTESIAN_POINT('',(2.593878872651,-1.106432281711,0.000000000000));
#210=LINE('',#209,#12);
#211=EDGE_CURVE('',#203,#190,#210,.T.);
#212=ORIENTED_EDGE('',*,*,#211,.T.);
#213=EDGE_LOOP('',(#195,#201,#208,#212));
#214=CARTESIAN_POINT('',(1.919599709732,2.065801770354,0.055000000000));
#215=VERTEX_POINT('',#214);
#216=CARTESIAN_POINT('',(1.853832284360,2.125019026142,0.055000000000));
#217=VERTEX_POINT('',#216);
#218=CIRCLE('',#192,2.820000000000);
#219=EDGE_CURVE('',#215,#217,#218,.T.);
#220=ORIENTED_EDGE('',*,*,#219,.F.);
#221=CARTESIAN_POINT('',(1.919599709732,2.065801770354,-0.055000000000));
#222=VERTEX_POINT('',#221);
#223=CARTESIAN_POINT('',(1.919599709732,2.065801770354,0.000000000000));
#224=LINE('',#223,#12);
#225=EDGE_CURVE('',#222,#215,#224,.T.);
#226=ORIENTED_EDGE('',*,*,#225,.F.);
#227=CARTESIAN_POINT('',(1.853832284360,2.125019026142,-0.055000000000));
#228=VERTEX_POINT('',#227);
#229=CIRCLE('',#205,2.820000000000);
#230=EDGE_CURVE('',#222,#228,#229,.T.);
#231=ORIENTED_EDGE('',*,*,#230,.T.);
#232=CARTESIAN_POINT('',(1.853832284360,2.125019026142,0.000000000000));
#233=LINE('',#232,#12);
#234=EDGE_CURVE('',#228,#217,#233,.T.);
#235=ORIENTED_EDGE('',*,*,#234,.T.);
#236=EDGE_LOOP('',(#220,#226,#231,#235));
#237=CARTESIAN_POINT('',(0.533204725023,2.769132124189,0.055000000000));
#238=VERTEX_POINT('',#237);
#239=CARTESIAN_POINT('',(0.446050420530,2.784499779556,0.055000000000));
#240=VERTEX_POINT('',#239);
#241=CIRCLE('',#192,2.820000000000);
#242=EDGE_CURVE('',#238,#240,#241,.T.);
#243=ORIENTED_EDGE('',*,*,#242,.F.);
#244=CARTESIAN_POINT('',(0.533204725023,2.769132124189,-0.055000000000));
#245=VERTEX_POINT('',#244);
#246=CARTESIAN_POINT('',(0.533204725023,2.769132124189,0.000000000000));
#247=LINE('',#246,#12);
#248=EDGE_CURVE('',#245,#238,#247,.T.);
#249=ORIENTED_EDGE('',*,*,#248,.F.);
#250=CARTESIAN_POINT('',(0.446050420530,2.784499779556,-0.055000000000));
#251=VERTEX_POINT('',#250);
#252=CIRCLE('',#205,2.820000000000);
#253=EDGE_CURVE('',#245,#251,#252,.T.);
#254=ORIENTED_EDGE('',*,*,#253,.T.);
#255=CARTESIAN_POINT('',(0.446050420530,2.784499779556,0.000000000000));
#256=LINE('',#255,#12);
#257=EDGE_CURVE('',#251,#240,#256,.T.);
#258=ORIENTED_EDGE('',*,*,#257,.T.);
#259=EDGE_LOOP('',(#243,#249,#254,#258));
#260=CARTESIAN_POINT('',(2.131536403471,-1.846334899382,0.055000000000));
#261=VERTEX_POINT('',#260);
#262=CARTESIAN_POINT('',(2.188422335662,-1.778540885326,0.055000000000));
#263=VERTEX_POINT('',#262);
#264=CIRCLE('',#192,2.820000000000);
#265=EDGE_CURVE('',#261,#263,#264,.T.);
#266=ORIENTED_EDGE('',*,*,#265,.F.);
#267=CARTESIAN_POINT('',(2.131536403471,-1.846334899382,-0.055000000000));
#268=VERTEX_POINT('',#267);
#269=CARTESIAN_POINT('',(2.131536403471,-1.846334899382,0.000000000000));
#270=LINE('',#269,#12);
#271=EDGE_CURVE('',#268,#261,#270,.T.);
#272=ORIENTED_EDGE('',*,*,#271,.F.);
#273=CARTESIAN_POINT('',(2.188422335662,-1.778540885326,-0.055000000000));
#274=VERTEX_POINT('',#273);
#275=CIRCLE('',#205,2.820000000000);
#276=EDGE_CURVE('',#268,#274,#275,.T.);
#277=ORIENTED_EDGE('',*,*,#276,.T.);
#278=CARTESIAN_POINT('',(2.188422335662,-1.778540885326,0.000000000000));
#279=LINE('',#278,#12);
#280=EDGE_CURVE('',#274,#263,#279,.T.);
#281=ORIENTED_EDGE('',*,*,#280,.T.);
#282=EDGE_LOOP('',(#266,#272,#277,#281));
#283=CARTESIAN_POINT('',(-2.059026708272,-1.926865074317,0.055000000000));
#284=VERTEX_POINT('',#283);
#285=CARTESIAN_POINT('',(-1.997550275991,-1.990525783527,0.055000000000));
#286=VERTEX_POINT('',#285);
#287=CIRCLE('',#192,2.820000000000);
#288=EDGE_CURVE('',#284,#286,#287,.T.);
#289=ORIENTED_EDGE('',*,*,#288,.F.);
#290=CARTESIAN_POINT('',(-2.059026708272,-1.926865074317,-0.055000000000));
#291=VERTEX_POINT('',#290);
#292=CARTESIAN_POINT('',(-2.059026708272,-1.926865074317,0.000000000000));
#293=LINE('',#292,#12);
#294=EDGE_CURVE('',#291,#284,#293,.T.);
#295=ORIENTED_EDGE('',*,*,#294,.F.);
#296=CARTESIAN_POINT('',(-1.997550275991,-1.990525783527,-0.055000000000));
#297=VERTEX_POINT('',#296);
#298=CIRCLE('',#205,2.820000000000);
#299=EDGE_CURVE('',#291,#297,#298,.T.);
#300=ORIENTED_EDGE('',*,*,#299,.T.);
#301=CARTESIAN_POINT('',(-1.997550275991,-1.990525783527,0.000000000000));
#302=LINE('',#301,#12);
#303=EDGE_CURVE('',#297,#286,#302,.T.);
#304=ORIENTED_EDGE('',*,*,#303,.T.);
#305=EDGE_LOOP('',(#289,#295,#300,#304));
#306=CARTESIAN_POINT('',(2.414649810122,1.456662725025,0.055000000000));
#307=VERTEX_POINT('',#306);
#308=CARTESIAN_POINT('',(2.367752591076,1.531713963981,0.055000000000));
#309=VERTEX_POINT('',#308);
#310=CIRCLE('',#192,2.820000000000);
#311=EDGE_CURVE('',#307,#309,#310,.T.);
#312=ORIENTED_EDGE('',*,*,#311,.F.);
#313=CARTESIAN_POINT('',(2.414649810122,1.456662725025,-0.055000000000));
#314=VERTEX_POINT('',#313);
#315=CARTESIAN_POINT('',(2.414649810122,1.456662725025,0.000000000000));
#316=LINE('',#315,#12);
#317=EDGE_CURVE('',#314,#307,#316,.T.);
#318=ORIENTED_EDGE('',*,*,#317,.F.);
#319=CARTESIAN_POINT('',(2.367752591076,1.531713963981,-0.055000000000));
#320=VERTEX_POINT('',#319);
#321=CIRCLE('',#205,2.820000000000);
#322=EDGE_CURVE('',#314,#320,#321,.T.);
#323=ORIENTED_EDGE('',*,*,#322,.T.);
#324=CARTESIAN_POINT('',(2.367752591076,1.531713963981,0.000000000000));
#325=LINE('',#324,#12);
#326=EDGE_CURVE('',#320,#309,#325,.T.);
#327=ORIENTED_EDGE('',*,*,#326,.T.);
#328=EDGE_LOOP('',(#312,#318,#323,#327));
#329=ORIENTED_EDGE('',*,*,#59,.T.);
#330=CARTESIAN_POINT('',(-0.725070757427,-2.725192176109,0.055000000000));
#331=VERTEX_POINT('',#330);
#332=CIRCLE('',#192,2.820000000000);
#333=EDGE_CURVE('',#331,#56,#332,.T.);
#334=ORIENTED_EDGE('',*,*,#333,.F.);
#335=CARTESIAN_POINT('',(-0.725070757427,-2.725192176109,-0.055000000000));
#336=VERTEX_POINT('',#335);
#337=CARTESIAN_POINT('',(-0.725070757427,-2.725192176109,0.000000000000));
#338=LINE('',#337,#12);
#339=EDGE_CURVE('',#336,#331,#338,.T.);
#340=ORIENTED_EDGE('',*,*,#339,.F.);
#341=CIRCLE('',#205,2.820000000000);
#342=EDGE_CURVE('',#336,#54,#341,.T.);
#343=ORIENTED_EDGE('',*,*,#342,.T.);
#344=EDGE_LOOP('',(#329,#334,#340,#343));
#345=CARTESIAN_POINT('',(-2.468831829679,1.362816714297,0.055000000000));
#346=VERTEX_POINT('',#345);
#347=CARTESIAN_POINT('',(-2.510379499677,1.284676911757,0.055000000000));
#348=VERTEX_POINT('',#347);
#349=CIRCLE('',#192,2.820000000000);
#350=EDGE_CURVE('',#346,#348,#349,.T.);
#351=ORIENTED_EDGE('',*,*,#350,.F.);
#352=CARTESIAN_POINT('',(-2.468831829679,1.362816714297,-0.055000000000));
#353=VERTEX_POINT('',#352);
#354=CARTESIAN_POINT('',(-2.468831829679,1.362816714297,0.000000000000));
#355=LINE('',#354,#12);
#356=EDGE_CURVE('',#353,#346,#355,.T.);
#357=ORIENTED_EDGE('',*,*,#356,.F.);
#358=CARTESIAN_POINT('',(-2.510379499677,1.284676911757,-0.055000000000));
#359=VERTEX_POINT('',#358);
#360=CIRCLE('',#205,2.820000000000);
#361=EDGE_CURVE('',#353,#359,#360,.T.);
#362=ORIENTED_EDGE('',*,*,#361,.T.);
#363=CARTESIAN_POINT('',(-2.510379499677,1.284676911757,0.000000000000));
#364=LINE('',#363,#12);
#365=EDGE_CURVE('',#359,#348,#364,.T.);
#366=ORIENTED_EDGE('',*,*,#365,.T.);
#367=EDGE_LOOP('',(#351,#357,#362,#366));
#368=CARTESIAN_POINT('',(-2.255137899855,1.693148857200,0.055000000000));
#369=VERTEX_POINT('',#368);
#370=CARTESIAN_POINT('',(-2.307156189412,1.621551823919,0.055000000000));
#371=VERTEX_POINT('',#370);
#372=CIRCLE('',#192,2.820000000000);
#373=EDGE_CURVE('',#369,#371,#372,.T.);
#374=ORIENTED_EDGE('',*,*,#373,.F.);
#375=CARTESIAN_POINT('',(-2.255137899855,1.693148857200,-0.055000000000));
#376=VERTEX_POINT('',#375);
#377=CARTESIAN_POINT('',(-2.255137899855,1.693148857200,0.000000000000));
#378=LINE('',#377,#12);
#379=EDGE_CURVE('',#376,#369,#378,.T.);
#380=ORIENTED_EDGE('',*,*,#379,.F.);
#381=CARTESIAN_POINT('',(-2.307156189412,1.621551823919,-0.055000000000));
#382=VERTEX_POINT('',#381);
#383=CIRCLE('',#205,2.820000000000);
#384=EDGE_CURVE('',#376,#382,#383,.T.);
#385=ORIENTED_EDGE('',*,*,#384,.T.);
#386=CARTESIAN_POINT('',(-2.307156189412,1.621551823919,0.000000000000));
#387=LINE('',#386,#12);
#388=EDGE_CURVE('',#382,#371,#387,.T.);
#389=ORIENTED_EDGE('',*,*,#388,.T.);
#390=EDGE_LOOP('',(#374,#380,#385,#389));
#391=CARTESIAN_POINT('',(2.188422335662,1.778540885326,0.055000000000));
#392=VERTEX_POINT('',#391);
#393=CARTESIAN_POINT('',(2.131536403471,1.846334899382,0.055000000000));
#394=VERTEX_POINT('',#393);
#395=CIRCLE('',#192,2.820000000000);
#396=EDGE_CURVE('',#392,#394,#395,.T.);
#397=ORIENTED_EDGE('',*,*,#396,.F.);
#398=CARTESIAN_POINT('',(2.188422335662,1.778540885326,-0.055000000000));
#399=VERTEX_POINT('',#398);
#400=CARTESIAN_POINT('',(2.188422335662,1.778540885326,0.000000000000));
#401=LINE('',#400,#12);
#402=EDGE_CURVE('',#399,#392,#401,.T.);
#403=ORIENTED_EDGE('',*,*,#402,.F.);
#404=CARTESIAN_POINT('',(2.131536403471,1.846334899382,-0.055000000000));
#405=VERTEX_POINT('',#404);
#406=CIRCLE('',#205,2.820000000000);
#407=EDGE_CURVE('',#399,#405,#406,.T.);
#408=ORIENTED_EDGE('',*,*,#407,.T.);
#409=CARTESIAN_POINT('',(2.131536403471,1.846334899382,0.000000000000));
#410=LINE('',#409,#12);
#411=EDGE_CURVE('',#405,#394,#410,.T.);
#412=ORIENTED_EDGE('',*,*,#411,.T.);
#413=EDGE_LOOP('',(#397,#403,#408,#412));
#414=CARTESIAN_POINT('',(2.722621033418,0.734666392582,0.055000000000));
#415=VERTEX_POINT('',#414);
#416=CARTESIAN_POINT('',(2.698227458159,0.819736899276,0.055000000000));
#417=VERTEX_POINT('',#416);
#418=CIRCLE('',#192,2.820000000000);
#419=EDGE_CURVE('',#415,#417,#418,.T.);
#420=ORIENTED_EDGE('',*,*,#419,.F.);
#421=CARTESIAN_POINT('',(2.722621033418,0.734666392582,-0.055000000000));
#422=VERTEX_POINT('',#421);
#423=CARTESIAN_POINT('',(2.722621033418,0.734666392582,0.000000000000));
#424=LINE('',#423,#12);
#425=EDGE_CURVE('',#422,#415,#424,.T.);
#426=ORIENTED_EDGE('',*,*,#425,.F.);
#427=CARTESIAN_POINT('',(2.698227458159,0.819736899276,-0.055000000000));
#428=VERTEX_POINT('',#427);
#429=CIRCLE('',#205,2.820000000000);
#430=EDGE_CURVE('',#422,#428,#429,.T.);
#431=ORIENTED_EDGE('',*,*,#430,.T.);
#432=CARTESIAN_POINT('',(2.698227458159,0.819736899276,0.000000000000));
#433=LINE('',#432,#12);
#434=EDGE_CURVE('',#428,#417,#433,.T.);
#435=ORIENTED_EDGE('',*,*,#434,.T.);
#436=EDGE_LOOP('',(#420,#426,#431,#435));
#437=CARTESIAN_POINT('',(-0.639200749887,2.746601973593,0.055000000000));
#438=VERTEX_POINT('',#437);
#439=CARTESIAN_POINT('',(-0.725070757427,2.725192176109,0.055000000000));
#440=VERTEX_POINT('',#439);
#441=CIRCLE('',#192,2.820000000000);
#442=EDGE_CURVE('',#438,#440,#441,.T.);
#443=ORIENTED_EDGE('',*,*,#442,.F.);
#444=CARTESIAN_POINT('',(-0.639200749887,2.746601973593,-0.055000000000));
#445=VERTEX_POINT('',#444);
#446=CARTESIAN_POINT('',(-0.639200749887,2.746601973593,0.000000000000));
#447=LINE('',#446,#12);
#448=EDGE_CURVE('',#445,#438,#447,.T.);
#449=ORIENTED_EDGE('',*,*,#448,.F.);
#450=CARTESIAN_POINT('',(-0.725070757427,2.725192176109,-0.055000000000));
#451=VERTEX_POINT('',#450);
#452=CIRCLE('',#205,2.820000000000);
#453=EDGE_CURVE('',#445,#451,#452,.T.);
#454=ORIENTED_EDGE('',*,*,#453,.T.);
#455=CARTESIAN_POINT('',(-0.725070757427,2.725192176109,0.000000000000));
#456=LINE('',#455,#12);
#457=EDGE_CURVE('',#451,#440,#456,.T.);
#458=ORIENTED_EDGE('',*,*,#457,.T.);
#459=EDGE_LOOP('',(#443,#449,#454,#458));
#460=CARTESIAN_POINT('',(2.786053820261,-0.436238593675,0.055000000000));
#461=VERTEX_POINT('',#460);
#462=CARTESIAN_POINT('',(2.798370472705,-0.348601057791,0.055000000000));
#463=VERTEX_POINT('',#462);
#464=CIRCLE('',#192,2.820000000000);
#465=EDGE_CURVE('',#461,#463,#464,.T.);
#466=ORIENTED_EDGE('',*,*,#465,.F.);
#467=CARTESIAN_POINT('',(2.786053820261,-0.436238593675,-0.055000000000));
#468=VERTEX_POINT('',#467);
#469=CARTESIAN_POINT('',(2.786053820261,-0.436238593675,0.000000000000));
#470=LINE('',#469,#12);
#471=EDGE_CURVE('',#468,#461,#470,.T.);
#472=ORIENTED_EDGE('',*,*,#471,.F.);
#473=CARTESIAN_POINT('',(2.798370472705,-0.348601057791,-0.055000000000));
#474=VERTEX_POINT('',#473);
#475=CIRCLE('',#205,2.820000000000);
#476=EDGE_CURVE('',#468,#474,#475,.T.);
#477=ORIENTED_EDGE('',*,*,#476,.T.);
#478=CARTESIAN_POINT('',(2.798370472705,-0.348601057791,0.000000000000));
#479=LINE('',#478,#12);
#480=EDGE_CURVE('',#474,#463,#479,.T.);
#481=ORIENTED_EDGE('',*,*,#480,.T.);
#482=EDGE_LOOP('',(#466,#472,#477,#481));
#483=CARTESIAN_POINT('',(0.054182019556,-2.819479439322,0.055000000000));
#484=VERTEX_POINT('',#483);
#485=CARTESIAN_POINT('',(0.142626908601,-2.816390875738,0.055000000000));
#486=VERTEX_POINT('',#485);
#487=CIRCLE('',#192,2.820000000000);
#488=EDGE_CURVE('',#484,#486,#487,.T.);
#489=ORIENTED_EDGE('',*,*,#488,.F.);
#490=CARTESIAN_POINT('',(0.054182019556,-2.819479439322,-0.055000000000));
#491=VERTEX_POINT('',#490);
#492=CARTESIAN_POINT('',(0.054182019556,-2.819479439322,0.000000000000));
#493=LINE('',#492,#12);
#494=EDGE_CURVE('',#491,#484,#493,.T.);
#495=ORIENTED_EDGE('',*,*,#494,.F.);
#496=CARTESIAN_POINT('',(0.142626908601,-2.816390875738,-0.055000000000));
#497=VERTEX_POINT('',#496);
#498=CIRCLE('',#205,2.820000000000);
#499=EDGE_CURVE('',#491,#497,#498,.T.);
#500=ORIENTED_EDGE('',*,*,#499,.T.);
#501=CARTESIAN_POINT('',(0.142626908601,-2.816390875738,0.000000000000));
#502=LINE('',#501,#12);
#503=EDGE_CURVE('',#497,#486,#502,.T.);
#504=ORIENTED_EDGE('',*,*,#503,.T.);
#505=EDGE_LOOP('',(#489,#495,#500,#504));
#506=CARTESIAN_POINT('',(-1.371505302365,2.464015666668,0.055000000000));
#507=VERTEX_POINT('',#506);
#508=CARTESIAN_POINT('',(-1.448147511475,2.419766266607,0.055000000000));
#509=VERTEX_POINT('',#508);
#510=CIRCLE('',#192,2.820000000000);
#511=EDGE_CURVE('',#507,#509,#510,.T.);
#512=ORIENTED_EDGE('',*,*,#511,.F.);
#513=CARTESIAN_POINT('',(-1.371505302365,2.464015666668,-0.055000000000));
#514=VERTEX_POINT('',#513);
#515=CARTESIAN_POINT('',(-1.371505302365,2.464015666668,0.000000000000));
#516=LINE('',#515,#12);
#517=EDGE_CURVE('',#514,#507,#516,.T.);
#518=ORIENTED_EDGE('',*,*,#517,.F.);
#519=CARTESIAN_POINT('',(-1.448147511475,2.419766266607,-0.055000000000));
#520=VERTEX_POINT('',#519);
#521=CIRCLE('',#205,2.820000000000);
#522=EDGE_CURVE('',#514,#520,#521,.T.);
#523=ORIENTED_EDGE('',*,*,#522,.T.);
#524=CARTESIAN_POINT('',(-1.448147511475,2.419766266607,0.000000000000));
#525=LINE('',#524,#12);
#526=EDGE_CURVE('',#520,#509,#525,.T.);
#527=ORIENTED_EDGE('',*,*,#526,.T.);
#528=EDGE_LOOP('',(#512,#518,#523,#527));
#529=CARTESIAN_POINT('',(-2.634472756192,1.005958894230,0.055000000000));
#530=VERTEX_POINT('',#529);
#531=CARTESIAN_POINT('',(-2.664741128494,0.922797224806,0.055000000000));
#532=VERTEX_POINT('',#531);
#533=CIRCLE('',#192,2.820000000000);
#534=EDGE_CURVE('',#530,#532,#533,.T.);
#535=ORIENTED_EDGE('',*,*,#534,.F.);
#536=CARTESIAN_POINT('',(-2.634472756192,1.005958894230,-0.055000000000));
#537=VERTEX_POINT('',#536);
#538=CARTESIAN_POINT('',(-2.634472756192,1.005958894230,0.000000000000));
#539=LINE('',#538,#12);
#540=EDGE_CURVE('',#537,#530,#539,.T.);
#541=ORIENTED_EDGE('',*,*,#540,.F.);
#542=CARTESIAN_POINT('',(-2.664741128494,0.922797224806,-0.055000000000));
#543=VERTEX_POINT('',#542);
#544=CIRCLE('',#205,2.820000000000);
#545=EDGE_CURVE('',#537,#543,#544,.T.);
#546=ORIENTED_EDGE('',*,*,#545,.T.);
#547=CARTESIAN_POINT('',(-2.664741128494,0.922797224806,0.000000000000));
#548=LINE('',#547,#12);
#549=EDGE_CURVE('',#543,#532,#548,.T.);
#550=ORIENTED_EDGE('',*,*,#549,.T.);
#551=EDGE_LOOP('',(#535,#541,#546,#550));
#552=CARTESIAN_POINT('',(-1.097287864519,-2.597760447458,0.055000000000));
#553=VERTEX_POINT('',#552);
#554=CARTESIAN_POINT('',(-1.015233205897,-2.630912681494,0.055000000000));
#555=VERTEX_POINT('',#554);
#556=CIRCLE('',#192,2.820000000000);
#557=EDGE_CURVE('',#553,#555,#556,.T.);
#558=ORIENTED_EDGE('',*,*,#557,.F.);
#559=CARTESIAN_POINT('',(-1.097287864519,-2.597760447458,-0.055000000000));
#560=VERTEX_POINT('',#559);
#561=CARTESIAN_POINT('',(-1.097287864519,-2.597760447458,0.000000000000));
#562=LINE('',#561,#12);
#563=EDGE_CURVE('',#560,#553,#562,.T.);
#564=ORIENTED_EDGE('',*,*,#563,.F.);
#565=CARTESIAN_POINT('',(-1.015233205897,-2.630912681494,-0.055000000000));
#566=VERTEX_POINT('',#565);
#567=CIRCLE('',#205,2.820000000000);
#568=EDGE_CURVE('',#560,#566,#567,.T.);
#569=ORIENTED_EDGE('',*,*,#568,.T.);
#570=CARTESIAN_POINT('',(-1.015233205897,-2.630912681494,0.000000000000));
#571=LINE('',#570,#12);
#572=EDGE_CURVE('',#566,#555,#571,.T.);
#573=ORIENTED_EDGE('',*,*,#572,.T.);
#574=EDGE_LOOP('',(#558,#564,#569,#573));
#575=CARTESIAN_POINT('',(-1.770820614364,-2.194674087819,0.055000000000));
#576=VERTEX_POINT('',#575);
#577=CARTESIAN_POINT('',(-1.701082608186,-2.249159389667,0.055000000000));
#578=VERTEX_POINT('',#577);
#579=CIRCLE('',#192,2.820000000000);
#580=EDGE_CURVE('',#576,#578,#579,.T.);
#581=ORIENTED_EDGE('',*,*,#580,.F.);
#582=CARTESIAN_POINT('',(-1.770820614364,-2.194674087819,-0.055000000000));
#583=VERTEX_POINT('',#582);
#584=CARTESIAN_POINT('',(-1.770820614364,-2.194674087819,0.000000000000));
#585=LINE('',#584,#12);
#586=EDGE_CURVE('',#583,#576,#585,.T.);
#587=ORIENTED_EDGE('',*,*,#586,.F.);
#588=CARTESIAN_POINT('',(-1.701082608186,-2.249159389667,-0.055000000000));
#589=VERTEX_POINT('',#588);
#590=CIRCLE('',#205,2.820000000000);
#591=EDGE_CURVE('',#583,#589,#590,.T.);
#592=ORIENTED_EDGE('',*,*,#591,.T.);
#593=CARTESIAN_POINT('',(-1.701082608186,-2.249159389667,0.000000000000));
#594=LINE('',#593,#12);
#595=EDGE_CURVE('',#589,#578,#594,.T.);
#596=ORIENTED_EDGE('',*,*,#595,.T.);
#597=EDGE_LOOP('',(#581,#587,#592,#596));
#598=CARTESIAN_POINT('',(2.798370472705,0.348601057791,0.055000000000));
#599=VERTEX_POINT('',#598);
#600=CARTESIAN_POINT('',(2.786053820261,0.436238593674,0.055000000000));
#601=VERTEX_POINT('',#600);
#602=CIRCLE('',#192,2.820000000000);
#603=EDGE_CURVE('',#599,#601,#602,.T.);
#604=ORIENTED_EDGE('',*,*,#603,.F.);
#605=CARTESIAN_POINT('',(2.798370472705,0.348601057791,-0.055000000000));
#606=VERTEX_POINT('',#605);
#607=CARTESIAN_POINT('',(2.798370472705,0.348601057791,0.000000000000));
#608=LINE('',#607,#12);
#609=EDGE_CURVE('',#606,#599,#608,.T.);
#610=ORIENTED_EDGE('',*,*,#609,.F.);
#611=CARTESIAN_POINT('',(2.786053820261,0.436238593674,-0.055000000000));
#612=VERTEX_POINT('',#611);
#613=CIRCLE('',#205,2.820000000000);
#614=EDGE_CURVE('',#606,#612,#613,.T.);
#615=ORIENTED_EDGE('',*,*,#614,.T.);
#616=CARTESIAN_POINT('',(2.786053820261,0.436238593674,0.000000000000));
#617=LINE('',#616,#12);
#618=EDGE_CURVE('',#612,#601,#617,.T.);
#619=ORIENTED_EDGE('',*,*,#618,.T.);
#620=EDGE_LOOP('',(#604,#610,#615,#619));
#621=CARTESIAN_POINT('',(0.142626908601,2.816390875738,0.055000000000));
#622=VERTEX_POINT('',#621);
#623=CARTESIAN_POINT('',(0.054182019556,2.819479439322,0.055000000000));
#624=VERTEX_POINT('',#623);
#625=CIRCLE('',#192,2.820000000000);
#626=EDGE_CURVE('',#622,#624,#625,.T.);
#627=ORIENTED_EDGE('',*,*,#626,.F.);
#628=CARTESIAN_POINT('',(0.142626908601,2.816390875738,-0.055000000000));
#629=VERTEX_POINT('',#628);
#630=CARTESIAN_POINT('',(0.142626908601,2.816390875738,0.000000000000));
#631=LINE('',#630,#12);
#632=EDGE_CURVE('',#629,#622,#631,.T.);
#633=ORIENTED_EDGE('',*,*,#632,.F.);
#634=CARTESIAN_POINT('',(0.054182019556,2.819479439322,-0.055000000000));
#635=VERTEX_POINT('',#634);
#636=CIRCLE('',#205,2.820000000000);
#637=EDGE_CURVE('',#629,#635,#636,.T.);
#638=ORIENTED_EDGE('',*,*,#637,.T.);
#639=CARTESIAN_POINT('',(0.054182019556,2.819479439322,0.000000000000));
#640=LINE('',#639,#12);
#641=EDGE_CURVE('',#635,#624,#640,.T.);
#642=ORIENTED_EDGE('',*,*,#641,.T.);
#643=EDGE_LOOP('',(#627,#633,#638,#642));
#644=ORIENTED_EDGE('',*,*,#104,.T.);
#645=CARTESIAN_POINT('',(2.698227458159,-0.819736899276,0.055000000000));
#646=VERTEX_POINT('',#645);
#647=CIRCLE('',#192,2.820000000000);
#648=EDGE_CURVE('',#646,#101,#647,.T.);
#649=ORIENTED_EDGE('',*,*,#648,.F.);
#650=CARTESIAN_POINT('',(2.698227458159,-0.819736899276,-0.055000000000));
#651=VERTEX_POINT('',#650);
#652=CARTESIAN_POINT('',(2.698227458159,-0.819736899276,0.000000000000));
#653=LINE('',#652,#12);
#654=EDGE_CURVE('',#651,#646,#653,.T.);
#655=ORIENTED_EDGE('',*,*,#654,.F.);
#656=CIRCLE('',#205,2.820000000000);
#657=EDGE_CURVE('',#651,#99,#656,.T.);
#658=ORIENTED_EDGE('',*,*,#657,.T.);
#659=EDGE_LOOP('',(#644,#649,#655,#658));
#660=CARTESIAN_POINT('',(-2.809697599187,0.240830648223,0.055000000000));
#661=VERTEX_POINT('',#660);
#662=CARTESIAN_POINT('',(-2.815870963414,0.152547426729,0.055000000000));
#663=VERTEX_POINT('',#662);
#664=CIRCLE('',#192,2.820000000000);
#665=EDGE_CURVE('',#661,#663,#664,.T.);
#666=ORIENTED_EDGE('',*,*,#665,.F.);
#667=CARTESIAN_POINT('',(-2.809697599187,0.240830648223,-0.055000000000));
#668=VERTEX_POINT('',#667);
#669=CARTESIAN_POINT('',(-2.809697599187,0.240830648223,0.000000000000));
#670=LINE('',#669,#12);
#671=EDGE_CURVE('',#668,#661,#670,.T.);
#672=ORIENTED_EDGE('',*,*,#671,.F.);
#673=CARTESIAN_POINT('',(-2.815870963414,0.152547426729,-0.055000000000));
#674=VERTEX_POINT('',#673);
#675=CIRCLE('',#205,2.820000000000);
#676=EDGE_CURVE('',#668,#674,#675,.T.);
#677=ORIENTED_EDGE('',*,*,#676,.T.);
#678=CARTESIAN_POINT('',(-2.815870963414,0.152547426729,0.000000000000));
#679=LINE('',#678,#12);
#680=EDGE_CURVE('',#674,#663,#679,.T.);
#681=ORIENTED_EDGE('',*,*,#680,.T.);
#682=EDGE_LOOP('',(#666,#672,#677,#681));
#683=CARTESIAN_POINT('',(-1.997550275991,1.990525783527,0.055000000000));
#684=VERTEX_POINT('',#683);
#685=CARTESIAN_POINT('',(-2.059026708272,1.926865074317,0.055000000000));
#686=VERTEX_POINT('',#685);
#687=CIRCLE('',#192,2.820000000000);
#688=EDGE_CURVE('',#684,#686,#687,.T.);
#689=ORIENTED_EDGE('',*,*,#688,.F.);
#690=CARTESIAN_POINT('',(-1.997550275991,1.990525783527,-0.055000000000));
#691=VERTEX_POINT('',#690);
#692=CARTESIAN_POINT('',(-1.997550275991,1.990525783527,0.000000000000));
#693=LINE('',#692,#12);
#694=EDGE_CURVE('',#691,#684,#693,.T.);
#695=ORIENTED_EDGE('',*,*,#694,.F.);
#696=CARTESIAN_POINT('',(-2.059026708272,1.926865074317,-0.055000000000));
#697=VERTEX_POINT('',#696);
#698=CIRCLE('',#205,2.820000000000);
#699=EDGE_CURVE('',#691,#697,#698,.T.);
#700=ORIENTED_EDGE('',*,*,#699,.T.);
#701=CARTESIAN_POINT('',(-2.059026708272,1.926865074317,0.000000000000));
#702=LINE('',#701,#12);
#703=EDGE_CURVE('',#697,#686,#702,.T.);
#704=ORIENTED_EDGE('',*,*,#703,.T.);
#705=EDGE_LOOP('',(#689,#695,#700,#704));
#706=CARTESIAN_POINT('',(1.196283340223,-2.553684821959,0.055000000000));
#707=VERTEX_POINT('',#706);
#708=CARTESIAN_POINT('',(1.275825534877,-2.514889501460,0.055000000000));
#709=VERTEX_POINT('',#708);
#710=CIRCLE('',#192,2.820000000000);
#711=EDGE_CURVE('',#707,#709,#710,.T.);
#712=ORIENTED_EDGE('',*,*,#711,.F.);
#713=CARTESIAN_POINT('',(1.196283340223,-2.553684821959,-0.055000000000));
#714=VERTEX_POINT('',#713);
#715=CARTESIAN_POINT('',(1.196283340223,-2.553684821959,0.000000000000));
#716=LINE('',#715,#12);
#717=EDGE_CURVE('',#714,#707,#716,.T.);
#718=ORIENTED_EDGE('',*,*,#717,.F.);
#719=CARTESIAN_POINT('',(1.275825534877,-2.514889501460,-0.055000000000));
#720=VERTEX_POINT('',#719);
#721=CIRCLE('',#205,2.820000000000);
#722=EDGE_CURVE('',#714,#720,#721,.T.);
#723=ORIENTED_EDGE('',*,*,#722,.T.);
#724=CARTESIAN_POINT('',(1.275825534877,-2.514889501460,0.000000000000));
#725=LINE('',#724,#12);
#726=EDGE_CURVE('',#720,#709,#725,.T.);
#727=ORIENTED_EDGE('',*,*,#726,.T.);
#728=EDGE_LOOP('',(#712,#718,#723,#727));
#729=CARTESIAN_POINT('',(-2.510379499677,-1.284676911757,0.055000000000));
#730=VERTEX_POINT('',#729);
#731=CARTESIAN_POINT('',(-2.468831829679,-1.362816714297,0.055000000000));
#732=VERTEX_POINT('',#731);
#733=CIRCLE('',#192,2.820000000000);
#734=EDGE_CURVE('',#730,#732,#733,.T.);
#735=ORIENTED_EDGE('',*,*,#734,.F.);
#736=CARTESIAN_POINT('',(-2.510379499677,-1.284676911757,-0.055000000000));
#737=VERTEX_POINT('',#736);
#738=CARTESIAN_POINT('',(-2.510379499677,-1.284676911757,0.000000000000));
#739=LINE('',#738,#12);
#740=EDGE_CURVE('',#737,#730,#739,.T.);
#741=ORIENTED_EDGE('',*,*,#740,.F.);
#742=CARTESIAN_POINT('',(-2.468831829679,-1.362816714297,-0.055000000000));
#743=VERTEX_POINT('',#742);
#744=CIRCLE('',#205,2.820000000000);
#745=EDGE_CURVE('',#737,#743,#744,.T.);
#746=ORIENTED_EDGE('',*,*,#745,.T.);
#747=CARTESIAN_POINT('',(-2.468831829679,-1.362816714297,0.000000000000));
#748=LINE('',#747,#12);
#749=EDGE_CURVE('',#743,#732,#748,.T.);
#750=ORIENTED_EDGE('',*,*,#749,.T.);
#751=EDGE_LOOP('',(#735,#741,#746,#750));
#752=CARTESIAN_POINT('',(-1.015233205897,2.630912681494,0.055000000000));
#753=VERTEX_POINT('',#752);
#754=CARTESIAN_POINT('',(-1.097287864519,2.597760447458,0.055000000000));
#755=VERTEX_POINT('',#754);
#756=CIRCLE('',#192,2.820000000000);
#757=EDGE_CURVE('',#753,#755,#756,.T.);
#758=ORIENTED_EDGE('',*,*,#757,.F.);
#759=CARTESIAN_POINT('',(-1.015233205897,2.630912681494,-0.055000000000));
#760=VERTEX_POINT('',#759);
#761=CARTESIAN_POINT('',(-1.015233205897,2.630912681494,0.000000000000));
#762=LINE('',#761,#12);
#763=EDGE_CURVE('',#760,#753,#762,.T.);
#764=ORIENTED_EDGE('',*,*,#763,.F.);
#765=CARTESIAN_POINT('',(-1.097287864519,2.597760447458,-0.055000000000));
#766=VERTEX_POINT('',#765);
#767=CIRCLE('',#205,2.820000000000);
#768=EDGE_CURVE('',#760,#766,#767,.T.);
#769=ORIENTED_EDGE('',*,*,#768,.T.);
#770=CARTESIAN_POINT('',(-1.097287864519,2.597760447458,0.000000000000));
#771=LINE('',#770,#12);
#772=EDGE_CURVE('',#766,#755,#771,.T.);
#773=ORIENTED_EDGE('',*,*,#772,.T.);
#774=EDGE_LOOP('',(#758,#764,#769,#773));
#775=CARTESIAN_POINT('',(-0.250726978361,2.808831782489,0.055000000000));
#776=VERTEX_POINT('',#775);
#777=CARTESIAN_POINT('',(-0.338740972797,2.799581138911,0.055000000000));
#778=VERTEX_POINT('',#777);
#779=CIRCLE('',#192,2.820000000000);
#780=EDGE_CURVE('',#776,#778,#779,.T.);
#781=ORIENTED_EDGE('',*,*,#780,.F.);
#782=CARTESIAN_POINT('',(-0.250726978361,2.808831782489,-0.055000000000));
#783=VERTEX_POINT('',#782);
#784=CARTESIAN_POINT('',(-0.250726978361,2.808831782489,0.000000000000));
#785=LINE('',#784,#12);
#786=EDGE_CURVE('',#783,#776,#785,.T.);
#787=ORIENTED_EDGE('',*,*,#786,.F.);
#788=CARTESIAN_POINT('',(-0.338740972797,2.799581138911,-0.055000000000));
#789=VERTEX_POINT('',#788);
#790=CIRCLE('',#205,2.820000000000);
#791=EDGE_CURVE('',#783,#789,#790,.T.);
#792=ORIENTED_EDGE('',*,*,#791,.T.);
#793=CARTESIAN_POINT('',(-0.338740972797,2.799581138911,0.000000000000));
#794=LINE('',#793,#12);
#795=EDGE_CURVE('',#789,#778,#794,.T.);
#796=ORIENTED_EDGE('',*,*,#795,.T.);
#797=EDGE_LOOP('',(#781,#787,#792,#796));
#798=CARTESIAN_POINT('',(1.853832284360,-2.125019026142,0.055000000000));
#799=VERTEX_POINT('',#798);
#800=CARTESIAN_POINT('',(1.919599709732,-2.065801770354,0.055000000000));
#801=VERTEX_POINT('',#800);
#802=CIRCLE('',#192,2.820000000000);
#803=EDGE_CURVE('',#799,#801,#802,.T.);
#804=ORIENTED_EDGE('',*,*,#803,.F.);
#805=CARTESIAN_POINT('',(1.853832284360,-2.125019026142,-0.055000000000));
#806=VERTEX_POINT('',#805);
#807=CARTESIAN_POINT('',(1.853832284360,-2.125019026142,0.000000000000));
#808=LINE('',#807,#12);
#809=EDGE_CURVE('',#806,#799,#808,.T.);
#810=ORIENTED_EDGE('',*,*,#809,.F.);
#811=CARTESIAN_POINT('',(1.919599709732,-2.065801770354,-0.055000000000));
#812=VERTEX_POINT('',#811);
#813=CIRCLE('',#205,2.820000000000);
#814=EDGE_CURVE('',#806,#812,#813,.T.);
#815=ORIENTED_EDGE('',*,*,#814,.T.);
#816=CARTESIAN_POINT('',(1.919599709732,-2.065801770354,0.000000000000));
#817=LINE('',#816,#12);
#818=EDGE_CURVE('',#812,#801,#817,.T.);
#819=ORIENTED_EDGE('',*,*,#818,.T.);
#820=EDGE_LOOP('',(#804,#810,#815,#819));
#821=CARTESIAN_POINT('',(2.367752591076,-1.531713963981,0.055000000000));
#822=VERTEX_POINT('',#821);
#823=CARTESIAN_POINT('',(2.414649810122,-1.456662725025,0.055000000000));
#824=VERTEX_POINT('',#823);
#825=CIRCLE('',#192,2.820000000000);
#826=EDGE_CURVE('',#822,#824,#825,.T.);
#827=ORIENTED_EDGE('',*,*,#826,.F.);
#828=CARTESIAN_POINT('',(2.367752591076,-1.531713963981,-0.055000000000));
#829=VERTEX_POINT('',#828);
#830=CARTESIAN_POINT('',(2.367752591076,-1.531713963981,0.000000000000));
#831=LINE('',#830,#12);
#832=EDGE_CURVE('',#829,#822,#831,.T.);
#833=ORIENTED_EDGE('',*,*,#832,.F.);
#834=CARTESIAN_POINT('',(2.414649810122,-1.456662725025,-0.055000000000));
#835=VERTEX_POINT('',#834);
#836=CIRCLE('',#205,2.820000000000);
#837=EDGE_CURVE('',#829,#835,#836,.T.);
#838=ORIENTED_EDGE('',*,*,#837,.T.);
#839=CARTESIAN_POINT('',(2.414649810122,-1.456662725025,0.000000000000));
#840=LINE('',#839,#12);
#841=EDGE_CURVE('',#835,#824,#840,.T.);
#842=ORIENTED_EDGE('',*,*,#841,.T.);
#843=EDGE_LOOP('',(#827,#833,#838,#842));
#844=CARTESIAN_POINT('',(-2.815870963414,-0.152547426729,0.055000000000));
#845=VERTEX_POINT('',#844);
#846=CARTESIAN_POINT('',(-2.809697599187,-0.240830648223,0.055000000000));
#847=VERTEX_POINT('',#846);
#848=CIRCLE('',#192,2.820000000000);
#849=EDGE_CURVE('',#845,#847,#848,.T.);
#850=ORIENTED_EDGE('',*,*,#849,.F.);
#851=CARTESIAN_POINT('',(-2.815870963414,-0.152547426729,-0.055000000000));
#852=VERTEX_POINT('',#851);
#853=CARTESIAN_POINT('',(-2.815870963414,-0.152547426729,0.000000000000));
#854=LINE('',#853,#12);
#855=EDGE_CURVE('',#852,#845,#854,.T.);
#856=ORIENTED_EDGE('',*,*,#855,.F.);
#857=CARTESIAN_POINT('',(-2.809697599187,-0.240830648223,-0.055000000000));
#858=VERTEX_POINT('',#857);
#859=CIRCLE('',#205,2.820000000000);
#860=EDGE_CURVE('',#852,#858,#859,.T.);
#861=ORIENTED_EDGE('',*,*,#860,.T.);
#862=CARTESIAN_POINT('',(-2.809697599187,-0.240830648223,0.000000000000));
#863=LINE('',#862,#12);
#864=EDGE_CURVE('',#858,#847,#863,.T.);
#865=ORIENTED_EDGE('',*,*,#864,.T.);
#866=EDGE_LOOP('',(#850,#856,#861,#865));
#867=CARTESIAN_POINT('',(-1.701082608186,2.249159389667,0.055000000000));
#868=VERTEX_POINT('',#867);
#869=CARTESIAN_POINT('',(-1.770820614364,2.194674087819,0.055000000000));
#870=VERTEX_POINT('',#869);
#871=CIRCLE('',#192,2.820000000000);
#872=EDGE_CURVE('',#868,#870,#871,.T.);
#873=ORIENTED_EDGE('',*,*,#872,.F.);
#874=CARTESIAN_POINT('',(-1.701082608186,2.249159389667,-0.055000000000));
#875=VERTEX_POINT('',#874);
#876=CARTESIAN_POINT('',(-1.701082608186,2.249159389667,0.000000000000));
#877=LINE('',#876,#12);
#878=EDGE_CURVE('',#875,#868,#877,.T.);
#879=ORIENTED_EDGE('',*,*,#878,.F.);
#880=CARTESIAN_POINT('',(-1.770820614364,2.194674087819,-0.055000000000));
#881=VERTEX_POINT('',#880);
#882=CIRCLE('',#205,2.820000000000);
#883=EDGE_CURVE('',#875,#881,#882,.T.);
#884=ORIENTED_EDGE('',*,*,#883,.T.);
#885=CARTESIAN_POINT('',(-1.770820614364,2.194674087819,0.000000000000));
#886=LINE('',#885,#12);
#887=EDGE_CURVE('',#881,#870,#886,.T.);
#888=ORIENTED_EDGE('',*,*,#887,.T.);
#889=EDGE_LOOP('',(#873,#879,#884,#888));
#890=ORIENTED_EDGE('',*,*,#149,.T.);
#891=CARTESIAN_POINT('',(2.819652813840,-0.044249400061,0.055000000000));
#892=VERTEX_POINT('',#891);
#893=CIRCLE('',#192,2.820000000000);
#894=EDGE_CURVE('',#892,#146,#893,.T.);
#895=ORIENTED_EDGE('',*,*,#894,.F.);
#896=CARTESIAN_POINT('',(2.819652813840,-0.044249400061,-0.055000000000));
#897=VERTEX_POINT('',#896);
#898=CARTESIAN_POINT('',(2.819652813840,-0.044249400061,0.000000000000));
#899=LINE('',#898,#12);
#900=EDGE_CURVE('',#897,#892,#899,.T.);
#901=ORIENTED_EDGE('',*,*,#900,.F.);
#902=CIRCLE('',#205,2.820000000000);
#903=EDGE_CURVE('',#897,#144,#902,.T.);
#904=ORIENTED_EDGE('',*,*,#903,.T.);
#905=EDGE_LOOP('',(#890,#895,#901,#904));
#906=CARTESIAN_POINT('',(1.275825534877,2.514889501460,0.055000000000));
#907=VERTEX_POINT('',#906);
#908=CARTESIAN_POINT('',(1.196283340223,2.553684821959,0.055000000000));
#909=VERTEX_POINT('',#908);
#910=CIRCLE('',#192,2.820000000000);
#911=EDGE_CURVE('',#907,#909,#910,.T.);
#912=ORIENTED_EDGE('',*,*,#911,.F.);
#913=CARTESIAN_POINT('',(1.275825534877,2.514889501460,-0.055000000000));
#914=VERTEX_POINT('',#913);
#915=CARTESIAN_POINT('',(1.275825534877,2.514889501460,0.000000000000));
#916=LINE('',#915,#12);
#917=EDGE_CURVE('',#914,#907,#916,.T.);
#918=ORIENTED_EDGE('',*,*,#917,.F.);
#919=CARTESIAN_POINT('',(1.196283340223,2.553684821959,-0.055000000000));
#920=VERTEX_POINT('',#919);
#921=CIRCLE('',#205,2.820000000000);
#922=EDGE_CURVE('',#914,#920,#921,.T.);
#923=ORIENTED_EDGE('',*,*,#922,.T.);
#924=CARTESIAN_POINT('',(1.196283340223,2.553684821959,0.000000000000));
#925=LINE('',#924,#12);
#926=EDGE_CURVE('',#920,#909,#925,.T.);
#927=ORIENTED_EDGE('',*,*,#926,.T.);
#928=EDGE_LOOP('',(#912,#918,#923,#927));
#929=CARTESIAN_POINT('',(-2.748836667175,0.629521228548,0.055000000000));
#930=VERTEX_POINT('',#929);
#931=CARTESIAN_POINT('',(-2.767236602344,0.542956339541,0.055000000000));
#932=VERTEX_POINT('',#931);
#933=CIRCLE('',#192,2.820000000000);
#934=EDGE_CURVE('',#930,#932,#933,.T.);
#935=ORIENTED_EDGE('',*,*,#934,.F.);
#936=CARTESIAN_POINT('',(-2.748836667175,0.629521228548,-0.055000000000));
#937=VERTEX_POINT('',#936);
#938=CARTESIAN_POINT('',(-2.748836667175,0.629521228548,0.000000000000));
#939=LINE('',#938,#12);
#940=EDGE_CURVE('',#937,#930,#939,.T.);
#941=ORIENTED_EDGE('',*,*,#940,.F.);
#942=CARTESIAN_POINT('',(-2.767236602344,0.542956339541,-0.055000000000));
#943=VERTEX_POINT('',#942);
#944=CIRCLE('',#205,2.820000000000);
#945=EDGE_CURVE('',#937,#943,#944,.T.);
#946=ORIENTED_EDGE('',*,*,#945,.T.);
#947=CARTESIAN_POINT('',(-2.767236602344,0.542956339541,0.000000000000));
#948=LINE('',#947,#12);
#949=EDGE_CURVE('',#943,#932,#948,.T.);
#950=ORIENTED_EDGE('',*,*,#949,.T.);
#951=EDGE_LOOP('',(#935,#941,#946,#950));
#952=CARTESIAN_POINT('',(-0.338740972797,-2.799581138911,0.055000000000));
#953=VERTEX_POINT('',#952);
#954=CARTESIAN_POINT('',(-0.250726978361,-2.808831782489,0.055000000000));
#955=VERTEX_POINT('',#954);
#956=CIRCLE('',#192,2.820000000000);
#957=EDGE_CURVE('',#953,#955,#956,.T.);
#958=ORIENTED_EDGE('',*,*,#957,.F.);
#959=CARTESIAN_POINT('',(-0.338740972797,-2.799581138911,-0.055000000000));
#960=VERTEX_POINT('',#959);
#961=CARTESIAN_POINT('',(-0.338740972797,-2.799581138911,0.000000000000));
#962=LINE('',#961,#12);
#963=EDGE_CURVE('',#960,#953,#962,.T.);
#964=ORIENTED_EDGE('',*,*,#963,.F.);
#965=CARTESIAN_POINT('',(-0.250726978361,-2.808831782489,-0.055000000000));
#966=VERTEX_POINT('',#965);
#967=CIRCLE('',#205,2.820000000000);
#968=EDGE_CURVE('',#960,#966,#967,.T.);
#969=ORIENTED_EDGE('',*,*,#968,.T.);
#970=CARTESIAN_POINT('',(-0.250726978361,-2.808831782489,0.000000000000));
#971=LINE('',#970,#12);
#972=EDGE_CURVE('',#966,#955,#971,.T.);
#973=ORIENTED_EDGE('',*,*,#972,.T.);
#974=EDGE_LOOP('',(#958,#964,#969,#973));
#975=CARTESIAN_POINT('',(-2.664741128494,-0.922797224806,0.055000000000));
#976=VERTEX_POINT('',#975);
#977=CARTESIAN_POINT('',(-2.634472756192,-1.005958894230,0.055000000000));
#978=VERTEX_POINT('',#977);
#979=CIRCLE('',#192,2.820000000000);
#980=EDGE_CURVE('',#976,#978,#979,.T.);
#981=ORIENTED_EDGE('',*,*,#980,.F.);
#982=CARTESIAN_POINT('',(-2.664741128494,-0.922797224806,-0.055000000000));
#983=VERTEX_POINT('',#982);
#984=CARTESIAN_POINT('',(-2.664741128494,-0.922797224806,0.000000000000));
#985=LINE('',#984,#12);
#986=EDGE_CURVE('',#983,#976,#985,.T.);
#987=ORIENTED_EDGE('',*,*,#986,.F.);
#988=CARTESIAN_POINT('',(-2.634472756192,-1.005958894230,-0.055000000000));
#989=VERTEX_POINT('',#988);
#990=CIRCLE('',#205,2.820000000000);
#991=EDGE_CURVE('',#983,#989,#990,.T.);
#992=ORIENTED_EDGE('',*,*,#991,.T.);
#993=CARTESIAN_POINT('',(-2.634472756192,-1.005958894230,0.000000000000));
#994=LINE('',#993,#12);
#995=EDGE_CURVE('',#989,#978,#994,.T.);
#996=ORIENTED_EDGE('',*,*,#995,.T.);
#997=EDGE_LOOP('',(#981,#987,#992,#996));
#998=CARTESIAN_POINT('',(0.829236957443,-2.695322998902,0.055000000000));
#999=VERTEX_POINT('',#998);
#1000=CARTESIAN_POINT('',(0.913404317984,-2.667975365682,0.055000000000));
#1001=VERTEX_POINT('',#1000);
#1002=CIRCLE('',#192,2.820000000000);
#1003=EDGE_CURVE('',#999,#1001,#1002,.T.);
#1004=ORIENTED_EDGE('',*,*,#1003,.F.);
#1005=CARTESIAN_POINT('',(0.829236957443,-2.695322998902,-0.055000000000));
#1006=VERTEX_POINT('',#1005);
#1007=CARTESIAN_POINT('',(0.829236957443,-2.695322998902,0.000000000000));
#1008=LINE('',#1007,#12);
#1009=EDGE_CURVE('',#1006,#999,#1008,.T.);
#1010=ORIENTED_EDGE('',*,*,#1009,.F.);
#1011=CARTESIAN_POINT('',(0.913404317984,-2.667975365682,-0.055000000000));
#1012=VERTEX_POINT('',#1011);
#1013=CIRCLE('',#205,2.820000000000);
#1014=EDGE_CURVE('',#1006,#1012,#1013,.T.);
#1015=ORIENTED_EDGE('',*,*,#1014,.T.);
#1016=CARTESIAN_POINT('',(0.913404317984,-2.667975365682,0.000000000000));
#1017=LINE('',#1016,#12);
#1018=EDGE_CURVE('',#1012,#1001,#1017,.T.);
#1019=ORIENTED_EDGE('',*,*,#1018,.T.);
#1020=EDGE_LOOP('',(#1004,#1010,#1015,#1019));
#1021=CARTESIAN_POINT('',(1.613414258964,2.312854173737,0.055000000000));
#1022=VERTEX_POINT('',#1021);
#1023=CARTESIAN_POINT('',(1.540045428537,2.362342074731,0.055000000000));
#1024=VERTEX_POINT('',#1023);
#1025=CIRCLE('',#192,2.820000000000);
#1026=EDGE_CURVE('',#1022,#1024,#1025,.T.);
#1027=ORIENTED_EDGE('',*,*,#1026,.F.);
#1028=CARTESIAN_POINT('',(1.613414258964,2.312854173737,-0.055000000000));
#1029=VERTEX_POINT('',#1028);
#1030=CARTESIAN_POINT('',(1.613414258964,2.312854173737,0.000000000000));
#1031=LINE('',#1030,#12);
#1032=EDGE_CURVE('',#1029,#1022,#1031,.T.);
#1033=ORIENTED_EDGE('',*,*,#1032,.F.);
#1034=CARTESIAN_POINT('',(1.540045428537,2.362342074731,-0.055000000000));
#1035=VERTEX_POINT('',#1034);
#1036=CIRCLE('',#205,2.820000000000);
#1037=EDGE_CURVE('',#1029,#1035,#1036,.T.);
#1038=ORIENTED_EDGE('',*,*,#1037,.T.);
#1039=CARTESIAN_POINT('',(1.540045428537,2.362342074731,0.000000000000));
#1040=LINE('',#1039,#12);
#1041=EDGE_CURVE('',#1035,#1024,#1040,.T.);
#1042=ORIENTED_EDGE('',*,*,#1041,.T.);
#1043=EDGE_LOOP('',(#1027,#1033,#1038,#1042));
#1044=CARTESIAN_POINT('',(-1.448147511475,-2.419766266607,0.055000000000));
#1045=VERTEX_POINT('',#1044);
#1046=CARTESIAN_POINT('',(-1.371505302365,-2.464015666668,0.055000000000));
#1047=VERTEX_POINT('',#1046);
#1048=CIRCLE('',#192,2.820000000000);
#1049=EDGE_CURVE('',#1045,#1047,#1048,.T.);
#1050=ORIENTED_EDGE('',*,*,#1049,.F.);
#1051=CARTESIAN_POINT('',(-1.448147511475,-2.419766266607,-0.055000000000));
#1052=VERTEX_POINT('',#1051);
#1053=CARTESIAN_POINT('',(-1.448147511475,-2.419766266607,0.000000000000));
#1054=LINE('',#1053,#12);
#1055=EDGE_CURVE('',#1052,#1045,#1054,.T.);
#1056=ORIENTED_EDGE('',*,*,#1055,.F.);
#1057=CARTESIAN_POINT('',(-1.371505302365,-2.464015666668,-0.055000000000));
#1058=VERTEX_POINT('',#1057);
#1059=CIRCLE('',#205,2.820000000000);
#1060=EDGE_CURVE('',#1052,#1058,#1059,.T.);
#1061=ORIENTED_EDGE('',*,*,#1060,.T.);
#1062=CARTESIAN_POINT('',(-1.371505302365,-2.464015666668,0.000000000000));
#1063=LINE('',#1062,#12);
#1064=EDGE_CURVE('',#1058,#1047,#1063,.T.);
#1065=ORIENTED_EDGE('',*,*,#1064,.T.);
#1066=EDGE_LOOP('',(#1050,#1056,#1061,#1065));
#1067=CARTESIAN_POINT('',(0.913404317984,2.667975365682,0.055000000000));
#1068=VERTEX_POINT('',#1067);
#1069=CARTESIAN_POINT('',(0.829236957443,2.695322998902,0.055000000000));
#1070=VERTEX_POINT('',#1069);
#1071=CIRCLE('',#192,2.820000000000);
#1072=EDGE_CURVE('',#1068,#1070,#1071,.T.);
#1073=ORIENTED_EDGE('',*,*,#1072,.F.);
#1074=CARTESIAN_POINT('',(0.913404317984,2.667975365682,-0.055000000000));
#1075=VERTEX_POINT('',#1074);
#1076=CARTESIAN_POINT('',(0.913404317984,2.667975365682,0.000000000000));
#1077=LINE('',#1076,#12);
#1078=EDGE_CURVE('',#1075,#1068,#1077,.T.);
#1079=ORIENTED_EDGE('',*,*,#1078,.F.);
#1080=CARTESIAN_POINT('',(0.829236957443,2.695322998902,-0.055000000000));
#1081=VERTEX_POINT('',#1080);
#1082=CIRCLE('',#205,2.820000000000);
#1083=EDGE_CURVE('',#1075,#1081,#1082,.T.);
#1084=ORIENTED_EDGE('',*,*,#1083,.T.);
#1085=CARTESIAN_POINT('',(0.829236957443,2.695322998902,0.000000000000));
#1086=LINE('',#1085,#12);
#1087=EDGE_CURVE('',#1081,#1070,#1086,.T.);
#1088=ORIENTED_EDGE('',*,*,#1087,.T.);
#1089=EDGE_LOOP('',(#1073,#1079,#1084,#1088));
#1090=CARTESIAN_POINT('',(0.446050420530,-2.784499779556,0.055000000000));
#1091=VERTEX_POINT('',#1090);
#1092=CARTESIAN_POINT('',(0.533204725023,-2.769132124189,0.055000000000));
#1093=VERTEX_POINT('',#1092);
#1094=CIRCLE('',#192,2.820000000000);
#1095=EDGE_CURVE('',#1091,#1093,#1094,.T.);
#1096=ORIENTED_EDGE('',*,*,#1095,.F.);
#1097=CARTESIAN_POINT('',(0.446050420530,-2.784499779556,-0.055000000000));
#1098=VERTEX_POINT('',#1097);
#1099=CARTESIAN_POINT('',(0.446050420530,-2.784499779556,0.000000000000));
#1100=LINE('',#1099,#12);
#1101=EDGE_CURVE('',#1098,#1091,#1100,.T.);
#1102=ORIENTED_EDGE('',*,*,#1101,.F.);
#1103=CARTESIAN_POINT('',(0.533204725023,-2.769132124189,-0.055000000000));
#1104=VERTEX_POINT('',#1103);
#1105=CIRCLE('',#205,2.820000000000);
#1106=EDGE_CURVE('',#1098,#1104,#1105,.T.);
#1107=ORIENTED_EDGE('',*,*,#1106,.T.);
#1108=CARTESIAN_POINT('',(0.533204725023,-2.769132124189,0.000000000000));
#1109=LINE('',#1108,#12);
#1110=EDGE_CURVE('',#1104,#1093,#1109,.T.);
#1111=ORIENTED_EDGE('',*,*,#1110,.T.);
#1112=EDGE_LOOP('',(#1096,#1102,#1107,#1111));
#1113=CARTESIAN_POINT('',(2.593878872651,1.106432281711,0.055000000000));
#1114=VERTEX_POINT('',#1113);
#1115=CARTESIAN_POINT('',(2.557883167773,1.187279958570,0.055000000000));
#1116=VERTEX_POINT('',#1115);
#1117=CIRCLE('',#192,2.820000000000);
#1118=EDGE_CURVE('',#1114,#1116,#1117,.T.);
#1119=ORIENTED_EDGE('',*,*,#1118,.F.);
#1120=CARTESIAN_POINT('',(2.593878872651,1.106432281711,-0.055000000000));
#1121=VERTEX_POINT('',#1120);
#1122=CARTESIAN_POINT('',(2.593878872651,1.106432281711,0.000000000000));
#1123=LINE('',#1122,#12);
#1124=EDGE_CURVE('',#1121,#1114,#1123,.T.);
#1125=ORIENTED_EDGE('',*,*,#1124,.F.);
#1126=CARTESIAN_POINT('',(2.557883167773,1.187279958570,-0.055000000000));
#1127=VERTEX_POINT('',#1126);
#1128=CIRCLE('',#205,2.820000000000);
#1129=EDGE_CURVE('',#1121,#1127,#1128,.T.);
#1130=ORIENTED_EDGE('',*,*,#1129,.T.);
#1131=CARTESIAN_POINT('',(2.557883167773,1.187279958570,0.000000000000));
#1132=LINE('',#1131,#12);
#1133=EDGE_CURVE('',#1127,#1116,#1132,.T.);
#1134=ORIENTED_EDGE('',*,*,#1133,.T.);
#1135=EDGE_LOOP('',(#1119,#1125,#1130,#1134));
#1136=ORIENTED_EDGE('',*,*,#14,.T.);
#1137=CARTESIAN_POINT('',(1.540045428537,-2.362342074731,0.055000000000));
#1138=VERTEX_POINT('',#1137);
#1139=CIRCLE('',#192,2.820000000000);
#1140=EDGE_CURVE('',#1138,#9,#1139,.T.);
#1141=ORIENTED_EDGE('',*,*,#1140,.F.);
#1142=CARTESIAN_POINT('',(1.540045428537,-2.362342074731,-0.055000000000));
#1143=VERTEX_POINT('',#1142);
#1144=CARTESIAN_POINT('',(1.540045428537,-2.362342074731,0.000000000000));
#1145=LINE('',#1144,#12);
#1146=EDGE_CURVE('',#1143,#1138,#1145,.T.);
#1147=ORIENTED_EDGE('',*,*,#1146,.F.);
#1148=CIRCLE('',#205,2.820000000000);
#1149=EDGE_CURVE('',#1143,#7,#1148,.T.);
#1150=ORIENTED_EDGE('',*,*,#1149,.T.);
#1151=EDGE_LOOP('',(#1136,#1141,#1147,#1150));
#1152=CARTESIAN_POINT('',(-2.307156189412,-1.621551823919,0.055000000000));
#1153=VERTEX_POINT('',#1152);
#1154=CARTESIAN_POINT('',(-2.255137899855,-1.693148857200,0.055000000000));
#1155=VERTEX_POINT('',#1154);
#1156=CIRCLE('',#192,2.820000000000);
#1157=EDGE_CURVE('',#1153,#1155,#1156,.T.);
#1158=ORIENTED_EDGE('',*,*,#1157,.F.);
#1159=CARTESIAN_POINT('',(-2.307156189412,-1.621551823919,-0.055000000000));
#1160=VERTEX_POINT('',#1159);
#1161=CARTESIAN_POINT('',(-2.307156189412,-1.621551823919,0.000000000000));
#1162=LINE('',#1161,#12);
#1163=EDGE_CURVE('',#1160,#1153,#1162,.T.);
#1164=ORIENTED_EDGE('',*,*,#1163,.F.);
#1165=CARTESIAN_POINT('',(-2.255137899855,-1.693148857200,-0.055000000000));
#1166=VERTEX_POINT('',#1165);
#1167=CIRCLE('',#205,2.820000000000);
#1168=EDGE_CURVE('',#1160,#1166,#1167,.T.);
#1169=ORIENTED_EDGE('',*,*,#1168,.T.);
#1170=CARTESIAN_POINT('',(-2.255137899855,-1.693148857200,0.000000000000));
#1171=LINE('',#1170,#12);
#1172=EDGE_CURVE('',#1166,#1155,#1171,.T.);
#1173=ORIENTED_EDGE('',*,*,#1172,.T.);
#1174=EDGE_LOOP('',(#1158,#1164,#1169,#1173));
#1175=CARTESIAN_POINT('',(-2.767236602344,-0.542956339541,0.055000000000));
#1176=VERTEX_POINT('',#1175);
#1177=CARTESIAN_POINT('',(-2.748836667175,-0.629521228548,0.055000000000));
#1178=VERTEX_POINT('',#1177);
#1179=CIRCLE('',#192,2.820000000000);
#1180=EDGE_CURVE('',#1176,#1178,#1179,.T.);
#1181=ORIENTED_EDGE('',*,*,#1180,.F.);
#1182=CARTESIAN_POINT('',(-2.767236602344,-0.542956339541,-0.055000000000));
#1183=VERTEX_POINT('',#1182);
#1184=CARTESIAN_POINT('',(-2.767236602344,-0.542956339541,0.000000000000));
#1185=LINE('',#1184,#12);
#1186=EDGE_CURVE('',#1183,#1176,#1185,.T.);
#1187=ORIENTED_EDGE('',*,*,#1186,.F.);
#1188=CARTESIAN_POINT('',(-2.748836667175,-0.629521228548,-0.055000000000));
#1189=VERTEX_POINT('',#1188);
#1190=CIRCLE('',#205,2.820000000000);
#1191=EDGE_CURVE('',#1183,#1189,#1190,.T.);
#1192=ORIENTED_EDGE('',*,*,#1191,.T.);
#1193=CARTESIAN_POINT('',(-2.748836667175,-0.629521228548,0.000000000000));
#1194=LINE('',#1193,#12);
#1195=EDGE_CURVE('',#1189,#1178,#1194,.T.);
#1196=ORIENTED_EDGE('',*,*,#1195,.T.);
#1197=EDGE_LOOP('',(#1181,#1187,#1192,#1196));
#1198=FACE_BOUND('',#213,.T.);
#1199=FACE_BOUND('',#236,.T.);
#1200=FACE_BOUND('',#259,.T.);
#1201=FACE_BOUND('',#282,.T.);
#1202=FACE_BOUND('',#305,.T.);
#1203=FACE_BOUND('',#328,.T.);
#1204=FACE_BOUND('',#344,.T.);
#1205=FACE_BOUND('',#367,.T.);
#1206=FACE_BOUND('',#390,.T.);
#1207=FACE_BOUND('',#413,.T.);
#1208=FACE_BOUND('',#436,.T.);
#1209=FACE_BOUND('',#459,.T.);
#1210=FACE_BOUND('',#482,.T.);
#1211=FACE_BOUND('',#505,.T.);
#1212=FACE_BOUND('',#528,.T.);
#1213=FACE_BOUND('',#551,.T.);
#1214=FACE_BOUND('',#574,.T.);
#1215=FACE_BOUND('',#597,.T.);
#1216=FACE_BOUND('',#620,.T.);
#1217=FACE_BOUND('',#643,.T.);
#1218=FACE_BOUND('',#659,.T.);
#1219=FACE_BOUND('',#682,.T.);
#1220=FACE_BOUND('',#705,.T.);
#1221=FACE_BOUND('',#728,.T.);
#1222=FACE_BOUND('',#751,.T.);
#1223=FACE_BOUND('',#774,.T.);
#1224=FACE_BOUND('',#797,.T.);
#1225=FACE_BOUND('',#820,.T.);
#1226=FACE_BOUND('',#843,.T.);
#1227=FACE_BOUND('',#866,.T.);
#1228=FACE_BOUND('',#889,.T.);
#1229=FACE_BOUND('',#905,.T.);
#1230=FACE_BOUND('',#928,.T.);
#1231=FACE_BOUND('',#951,.T.);
#1232=FACE_BOUND('',#974,.T.);
#1233=FACE_BOUND('',#997,.T.);
#1234=FACE_BOUND('',#1020,.T.);
#1235=FACE_BOUND('',#1043,.T.);
#1236=FACE_BOUND('',#1066,.T.);
#1237=FACE_BOUND('',#1089,.T.);
#1238=FACE_BOUND('',#1112,.T.);
#1239=FACE_BOUND('',#1135,.T.);
#1240=FACE_BOUND('',#1151,.T.);
#1241=FACE_BOUND('',#1174,.T.);
#1242=FACE_BOUND('',#1197,.T.);
#1243=ADVANCED_FACE('',(#1198,#1199,#1200,#1201,#1202,#1203,#1204,#1205,#1206,#1207,#1208,#1209,#1210,#1211,#1212,#1213,#1214,#1215,#1216,#1217,#1218,#1219,#1220,#1221,#1222,#1223,#1224,#1225,#1226,#1227,#1228,#1229,#1230,#1231,#1232,#1233,#1234,#1235,#1236,#1237,#1238,#1239,#1240,#1241,#1242),#186,.T.);
#1244=PLANE('',#192);
#1245=CARTESIAN_POINT('',(-0.077735916098,2.388735466172,0.055000000000));
#1246=VERTEX_POINT('',#1245);
#1247=CARTESIAN_POINT('',(-0.089083207514,2.388339210024,0.055000000000));
#1248=VERTEX_POINT('',#1247);
#1249=CIRCLE('',#192,2.390000000000);
#1250=EDGE_CURVE('',#1246,#1248,#1249,.T.);
#1251=ORIENTED_EDGE('',*,*,#1250,.F.);
#1252=CARTESIAN_POINT('',(0.045933885737,2.389558552984,0.055000000000));
#1253=VERTEX_POINT('',#1252);
#1254=CIRCLE('',#192,2.390000000000);
#1255=EDGE_CURVE('',#1253,#1246,#1254,.T.);
#1256=ORIENTED_EDGE('',*,*,#1255,.F.);
#1257=CARTESIAN_POINT('',(0.120865185361,2.386941894343,0.055000000000));
#1258=VERTEX_POINT('',#1257);
#1259=CIRCLE('',#192,2.390000000000);
#1260=EDGE_CURVE('',#1258,#1253,#1259,.T.);
#1261=ORIENTED_EDGE('',*,*,#1260,.F.);
#1262=CARTESIAN_POINT('',(0.244176318141,2.377494043244,0.055000000000));
#1263=VERTEX_POINT('',#1262);
#1264=CIRCLE('',#192,2.390000000000);
#1265=EDGE_CURVE('',#1263,#1258,#1264,.T.);
#1266=ORIENTED_EDGE('',*,*,#1265,.F.);
#1267=CARTESIAN_POINT('',(0.255468326694,2.376307205320,0.055000000000));
#1268=VERTEX_POINT('',#1267);
#1269=CIRCLE('',#192,2.390000000000);
#1270=EDGE_CURVE('',#1268,#1263,#1269,.T.);
#1271=ORIENTED_EDGE('',*,*,#1270,.F.);
#1272=CARTESIAN_POINT('',(0.378049134063,2.359910772092,0.055000000000));
#1273=VERTEX_POINT('',#1272);
#1274=CIRCLE('',#192,2.390000000000);
#1275=EDGE_CURVE('',#1273,#1268,#1274,.T.);
#1276=ORIENTED_EDGE('',*,*,#1275,.F.);
#1277=CARTESIAN_POINT('',(0.451887038933,2.346891157264,0.055000000000));
#1278=VERTEX_POINT('',#1277);
#1279=CIRCLE('',#192,2.390000000000);
#1280=EDGE_CURVE('',#1278,#1273,#1279,.T.);
#1281=ORIENTED_EDGE('',*,*,#1280,.F.);
#1282=CARTESIAN_POINT('',(0.572683229510,2.320373659271,0.055000000000));
#1283=VERTEX_POINT('',#1282);
#1284=CIRCLE('',#192,2.390000000000);
#1285=EDGE_CURVE('',#1283,#1278,#1284,.T.);
#1286=ORIENTED_EDGE('',*,*,#1285,.F.);
#1287=CARTESIAN_POINT('',(0.583700169098,2.317626827726,0.055000000000));
#1288=VERTEX_POINT('',#1287);
#1289=CIRCLE('',#192,2.390000000000);
#1290=EDGE_CURVE('',#1288,#1283,#1289,.T.);
#1291=ORIENTED_EDGE('',*,*,#1290,.F.);
#1292=CARTESIAN_POINT('',(0.702806086019,2.284330012379,0.055000000000));
#1293=VERTEX_POINT('',#1292);
#1294=CIRCLE('',#192,2.390000000000);
#1295=EDGE_CURVE('',#1293,#1288,#1294,.T.);
#1296=ORIENTED_EDGE('',*,*,#1295,.F.);
#1297=CARTESIAN_POINT('',(0.774113425306,2.261160853359,0.055000000000));
#1298=VERTEX_POINT('',#1297);
#1299=CIRCLE('',#192,2.390000000000);
#1300=EDGE_CURVE('',#1298,#1293,#1299,.T.);
#1301=ORIENTED_EDGE('',*,*,#1300,.F.);
#1302=CARTESIAN_POINT('',(0.890043513235,2.218089841406,0.055000000000));
#1303=VERTEX_POINT('',#1302);
#1304=CIRCLE('',#192,2.390000000000);
#1305=EDGE_CURVE('',#1303,#1298,#1304,.T.);
#1306=ORIENTED_EDGE('',*,*,#1305,.F.);
#1307=CARTESIAN_POINT('',(0.900570951660,2.213836480191,0.055000000000));
#1308=VERTEX_POINT('',#1307);
#1309=CIRCLE('',#192,2.390000000000);
#1310=EDGE_CURVE('',#1308,#1303,#1309,.T.);
#1311=ORIENTED_EDGE('',*,*,#1310,.F.);
#1312=CARTESIAN_POINT('',(1.013883716941,2.164287367362,0.055000000000));
#1313=VERTEX_POINT('',#1312);
#1314=CIRCLE('',#192,2.390000000000);
#1315=EDGE_CURVE('',#1313,#1308,#1314,.T.);
#1316=ORIENTED_EDGE('',*,*,#1315,.F.);
#1317=CARTESIAN_POINT('',(1.081272574396,2.131419625475,0.055000000000));
#1318=VERTEX_POINT('',#1317);
#1319=CIRCLE('',#192,2.390000000000);
#1320=EDGE_CURVE('',#1318,#1313,#1319,.T.);
#1321=ORIENTED_EDGE('',*,*,#1320,.F.);
#1322=CARTESIAN_POINT('',(1.190080112383,2.072633427818,0.055000000000));
#1323=VERTEX_POINT('',#1322);
#1324=CIRCLE('',#192,2.390000000000);
#1325=EDGE_CURVE('',#1323,#1318,#1324,.T.);
#1326=ORIENTED_EDGE('',*,*,#1325,.F.);
#1327=CARTESIAN_POINT('',(1.199913145032,2.066956323772,0.055000000000));
#1328=VERTEX_POINT('',#1327);
#1329=CIRCLE('',#192,2.390000000000);
#1330=EDGE_CURVE('',#1328,#1323,#1329,.T.);
#1331=ORIENTED_EDGE('',*,*,#1330,.F.);
#1332=CARTESIAN_POINT('',(1.305227254588,2.002119330580,0.055000000000));
#1333=VERTEX_POINT('',#1332);
#1334=CIRCLE('',#192,2.390000000000);
#1335=EDGE_CURVE('',#1333,#1328,#1334,.T.);
#1336=ORIENTED_EDGE('',*,*,#1335,.F.);
#1337=CARTESIAN_POINT('',(1.367385982755,1.960192739035,0.055000000000));
#1338=VERTEX_POINT('',#1337);
#1339=CIRCLE('',#192,2.390000000000);
#1340=EDGE_CURVE('',#1338,#1333,#1339,.T.);
#1341=ORIENTED_EDGE('',*,*,#1340,.F.);
#1342=CARTESIAN_POINT('',(1.466953155840,1.886835562144,0.055000000000));
#1343=VERTEX_POINT('',#1342);
#1344=CIRCLE('',#192,2.390000000000);
#1345=EDGE_CURVE('',#1343,#1338,#1344,.T.);
#1346=ORIENTED_EDGE('',*,*,#1345,.F.);
#1347=CARTESIAN_POINT('',(1.475900393917,1.879845213638,0.055000000000));
#1348=VERTEX_POINT('',#1347);
#1349=CIRCLE('',#192,2.390000000000);
#1350=EDGE_CURVE('',#1348,#1343,#1349,.T.);
#1351=ORIENTED_EDGE('',*,*,#1350,.F.);
#1352=CARTESIAN_POINT('',(1.571166028399,1.800982318405,0.055000000000));
#1353=VERTEX_POINT('',#1352);
#1354=CIRCLE('',#192,2.390000000000);
#1355=EDGE_CURVE('',#1353,#1348,#1354,.T.);
#1356=ORIENTED_EDGE('',*,*,#1355,.F.);
#1357=CARTESIAN_POINT('',(1.626884778338,1.750812930616,0.055000000000));
#1358=VERTEX_POINT('',#1357);
#1359=CIRCLE('',#192,2.390000000000);
#1360=EDGE_CURVE('',#1358,#1353,#1359,.T.);
#1361=ORIENTED_EDGE('',*,*,#1360,.F.);
#1362=CARTESIAN_POINT('',(1.715273624754,1.664312588495,0.055000000000));
#1363=VERTEX_POINT('',#1362);
#1364=CIRCLE('',#192,2.390000000000);
#1365=EDGE_CURVE('',#1363,#1358,#1364,.T.);
#1366=ORIENTED_EDGE('',*,*,#1365,.F.);
#1367=CARTESIAN_POINT('',(1.723160920446,1.656145054713,0.055000000000));
#1368=VERTEX_POINT('',#1367);
#1369=CIRCLE('',#192,2.390000000000);
#1370=EDGE_CURVE('',#1368,#1363,#1369,.T.);
#1371=ORIENTED_EDGE('',*,*,#1370,.F.);
#1372=CARTESIAN_POINT('',(1.806523842641,1.564791233989,0.055000000000));
#1373=VERTEX_POINT('',#1372);
#1374=CIRCLE('',#192,2.390000000000);
#1375=EDGE_CURVE('',#1373,#1368,#1374,.T.);
#1376=ORIENTED_EDGE('',*,*,#1375,.F.);
#1377=CARTESIAN_POINT('',(1.854718112264,1.507355540023,0.055000000000));
#1378=VERTEX_POINT('',#1377);
#1379=CIRCLE('',#192,2.390000000000);
#1380=EDGE_CURVE('',#1378,#1373,#1379,.T.);
#1381=ORIENTED_EDGE('',*,*,#1380,.F.);
#1382=CARTESIAN_POINT('',(1.930208243656,1.409395663440,0.055000000000));
#1383=VERTEX_POINT('',#1382);
#1384=CIRCLE('',#192,2.390000000000);
#1385=EDGE_CURVE('',#1383,#1378,#1384,.T.);
#1386=ORIENTED_EDGE('',*,*,#1385,.F.);
#1387=CARTESIAN_POINT('',(1.936882079725,1.400209916134,0.055000000000));
#1388=VERTEX_POINT('',#1387);
#1389=CIRCLE('',#192,2.390000000000);
#1390=EDGE_CURVE('',#1388,#1383,#1389,.T.);
#1391=ORIENTED_EDGE('',*,*,#1390,.F.);
#1392=CARTESIAN_POINT('',(2.006719725177,1.298143268127,0.055000000000));
#1393=VERTEX_POINT('',#1392);
#1394=CIRCLE('',#192,2.390000000000);
#1395=EDGE_CURVE('',#1393,#1388,#1394,.T.);
#1396=ORIENTED_EDGE('',*,*,#1395,.F.);
#1397=CARTESIAN_POINT('',(2.046451467846,1.234559188435,0.055000000000));
#1398=VERTEX_POINT('',#1397);
#1399=CIRCLE('',#192,2.390000000000);
#1400=EDGE_CURVE('',#1398,#1393,#1399,.T.);
#1401=ORIENTED_EDGE('',*,*,#1400,.F.);
#1402=CARTESIAN_POINT('',(2.107573554675,1.127046454959,0.055000000000));
#1403=VERTEX_POINT('',#1402);
#1404=CIRCLE('',#192,2.390000000000);
#1405=EDGE_CURVE('',#1403,#1398,#1404,.T.);
#1406=ORIENTED_EDGE('',*,*,#1405,.F.);
#1407=CARTESIAN_POINT('',(2.112904032493,1.117021284254,0.055000000000));
#1408=VERTEX_POINT('',#1407);
#1409=CIRCLE('',#192,2.390000000000);
#1410=EDGE_CURVE('',#1408,#1403,#1409,.T.);
#1411=ORIENTED_EDGE('',*,*,#1410,.F.);
#1412=CARTESIAN_POINT('',(2.167857090873,1.006228420168,0.055000000000));
#1413=VERTEX_POINT('',#1412);
#1414=CIRCLE('',#192,2.390000000000);
#1415=EDGE_CURVE('',#1413,#1408,#1414,.T.);
#1416=ORIENTED_EDGE('',*,*,#1415,.F.);
#1417=CARTESIAN_POINT('',(2.198352973411,0.937733546534,0.055000000000));
#1418=VERTEX_POINT('',#1417);
#1419=CIRCLE('',#192,2.390000000000);
#1420=EDGE_CURVE('',#1418,#1413,#1419,.T.);
#1421=ORIENTED_EDGE('',*,*,#1420,.F.);
#1422=CARTESIAN_POINT('',(2.243917343781,0.822760569229,0.055000000000));
#1423=VERTEX_POINT('',#1422);
#1424=CIRCLE('',#192,2.390000000000);
#1425=EDGE_CURVE('',#1423,#1418,#1424,.T.);
#1426=ORIENTED_EDGE('',*,*,#1425,.F.);
#1427=CARTESIAN_POINT('',(2.247800711661,0.812091103668,0.055000000000));
#1428=VERTEX_POINT('',#1427);
#1429=CIRCLE('',#192,2.390000000000);
#1430=EDGE_CURVE('',#1428,#1423,#1429,.T.);
#1431=ORIENTED_EDGE('',*,*,#1430,.F.);
#1432=CARTESIAN_POINT('',(2.286799584195,0.694728480577,0.055000000000));
#1433=VERTEX_POINT('',#1432);
#1434=CIRCLE('',#192,2.390000000000);
#1435=EDGE_CURVE('',#1433,#1428,#1434,.T.);
#1436=ORIENTED_EDGE('',*,*,#1435,.F.);
#1437=CARTESIAN_POINT('',(2.307466038937,0.622655987806,0.055000000000));
#1438=VERTEX_POINT('',#1437);
#1439=CIRCLE('',#192,2.390000000000);
#1440=EDGE_CURVE('',#1438,#1433,#1439,.T.);
#1441=ORIENTED_EDGE('',*,*,#1440,.F.);
#1442=CARTESIAN_POINT('',(2.336585834209,0.502460584895,0.055000000000));
#1443=VERTEX_POINT('',#1442);
#1444=CIRCLE('',#192,2.390000000000);
#1445=EDGE_CURVE('',#1443,#1438,#1444,.T.);
#1446=ORIENTED_EDGE('',*,*,#1445,.F.);
#1447=CARTESIAN_POINT('',(2.338946506812,0.491354493490,0.055000000000));
#1448=VERTEX_POINT('',#1447);
#1449=CIRCLE('',#192,2.390000000000);
#1450=EDGE_CURVE('',#1448,#1443,#1449,.T.);
#1451=ORIENTED_EDGE('',*,*,#1450,.F.);
#1452=CARTESIAN_POINT('',(2.361232124807,0.369706441354,0.055000000000));
#1453=VERTEX_POINT('',#1452);
#1454=CIRCLE('',#192,2.390000000000);
#1455=EDGE_CURVE('',#1453,#1448,#1454,.T.);
#1456=ORIENTED_EDGE('',*,*,#1455,.F.);
#1457=CARTESIAN_POINT('',(2.371666902720,0.295459138536,0.055000000000));
#1458=VERTEX_POINT('',#1457);
#1459=CIRCLE('',#192,2.390000000000);
#1460=EDGE_CURVE('',#1458,#1453,#1459,.T.);
#1461=ORIENTED_EDGE('',*,*,#1460,.F.);
#1462=CARTESIAN_POINT('',(2.383775339201,0.172380776816,0.055000000000));
#1463=VERTEX_POINT('',#1462);
#1464=CIRCLE('',#192,2.390000000000);
#1465=EDGE_CURVE('',#1463,#1458,#1464,.T.);
#1466=ORIENTED_EDGE('',*,*,#1465,.F.);
#1467=CARTESIAN_POINT('',(2.384567368720,0.161054227003,0.055000000000));
#1468=VERTEX_POINT('',#1467);
#1469=CIRCLE('',#192,2.390000000000);
#1470=EDGE_CURVE('',#1468,#1463,#1469,.T.);
#1471=ORIENTED_EDGE('',*,*,#1470,.F.);
#1472=CARTESIAN_POINT('',(2.389705967971,0.037488486785,0.055000000000));
#1473=VERTEX_POINT('',#1472);
#1474=CIRCLE('',#192,2.390000000000);
#1475=EDGE_CURVE('',#1473,#1468,#1474,.T.);
#1476=ORIENTED_EDGE('',*,*,#1475,.F.);
#1477=CARTESIAN_POINT('',(2.389705967971,-0.037488486785,0.055000000000));
#1478=VERTEX_POINT('',#1477);
#1479=CIRCLE('',#192,2.390000000000);
#1480=EDGE_CURVE('',#1478,#1473,#1479,.T.);
#1481=ORIENTED_EDGE('',*,*,#1480,.F.);
#1482=CARTESIAN_POINT('',(2.384567368720,-0.161054227003,0.055000000000));
#1483=VERTEX_POINT('',#1482);
#1484=CIRCLE('',#192,2.390000000000);
#1485=EDGE_CURVE('',#1483,#1478,#1484,.T.);
#1486=ORIENTED_EDGE('',*,*,#1485,.F.);
#1487=CARTESIAN_POINT('',(2.383775339201,-0.172380776816,0.055000000000));
#1488=VERTEX_POINT('',#1487);
#1489=CIRCLE('',#192,2.390000000000);
#1490=EDGE_CURVE('',#1488,#1483,#1489,.T.);
#1491=ORIENTED_EDGE('',*,*,#1490,.F.);
#1492=CARTESIAN_POINT('',(2.371666902720,-0.295459138536,0.055000000000));
#1493=VERTEX_POINT('',#1492);
#1494=CIRCLE('',#192,2.390000000000);
#1495=EDGE_CURVE('',#1493,#1488,#1494,.T.);
#1496=ORIENTED_EDGE('',*,*,#1495,.F.);
#1497=CARTESIAN_POINT('',(2.361232124807,-0.369706441354,0.055000000000));
#1498=VERTEX_POINT('',#1497);
#1499=CIRCLE('',#192,2.390000000000);
#1500=EDGE_CURVE('',#1498,#1493,#1499,.T.);
#1501=ORIENTED_EDGE('',*,*,#1500,.F.);
#1502=CARTESIAN_POINT('',(2.338946506812,-0.491354493490,0.055000000000));
#1503=VERTEX_POINT('',#1502);
#1504=CIRCLE('',#192,2.390000000000);
#1505=EDGE_CURVE('',#1503,#1498,#1504,.T.);
#1506=ORIENTED_EDGE('',*,*,#1505,.F.);
#1507=CARTESIAN_POINT('',(2.336585834209,-0.502460584895,0.055000000000));
#1508=VERTEX_POINT('',#1507);
#1509=CIRCLE('',#192,2.390000000000);
#1510=EDGE_CURVE('',#1508,#1503,#1509,.T.);
#1511=ORIENTED_EDGE('',*,*,#1510,.F.);
#1512=CARTESIAN_POINT('',(2.307466038937,-0.622655987806,0.055000000000));
#1513=VERTEX_POINT('',#1512);
#1514=CIRCLE('',#192,2.390000000000);
#1515=EDGE_CURVE('',#1513,#1508,#1514,.T.);
#1516=ORIENTED_EDGE('',*,*,#1515,.F.);
#1517=CARTESIAN_POINT('',(2.286799584195,-0.694728480577,0.055000000000));
#1518=VERTEX_POINT('',#1517);
#1519=CIRCLE('',#192,2.390000000000);
#1520=EDGE_CURVE('',#1518,#1513,#1519,.T.);
#1521=ORIENTED_EDGE('',*,*,#1520,.F.);
#1522=CARTESIAN_POINT('',(2.247800711661,-0.812091103668,0.055000000000));
#1523=VERTEX_POINT('',#1522);
#1524=CIRCLE('',#192,2.390000000000);
#1525=EDGE_CURVE('',#1523,#1518,#1524,.T.);
#1526=ORIENTED_EDGE('',*,*,#1525,.F.);
#1527=CARTESIAN_POINT('',(2.243917343781,-0.822760569229,0.055000000000));
#1528=VERTEX_POINT('',#1527);
#1529=CIRCLE('',#192,2.390000000000);
#1530=EDGE_CURVE('',#1528,#1523,#1529,.T.);
#1531=ORIENTED_EDGE('',*,*,#1530,.F.);
#1532=CARTESIAN_POINT('',(2.198352973411,-0.937733546534,0.055000000000));
#1533=VERTEX_POINT('',#1532);
#1534=CIRCLE('',#192,2.390000000000);
#1535=EDGE_CURVE('',#1533,#1528,#1534,.T.);
#1536=ORIENTED_EDGE('',*,*,#1535,.F.);
#1537=CARTESIAN_POINT('',(2.167857090873,-1.006228420168,0.055000000000));
#1538=VERTEX_POINT('',#1537);
#1539=CIRCLE('',#192,2.390000000000);
#1540=EDGE_CURVE('',#1538,#1533,#1539,.T.);
#1541=ORIENTED_EDGE('',*,*,#1540,.F.);
#1542=CARTESIAN_POINT('',(2.112904032493,-1.117021284254,0.055000000000));
#1543=VERTEX_POINT('',#1542);
#1544=CIRCLE('',#192,2.390000000000);
#1545=EDGE_CURVE('',#1543,#1538,#1544,.T.);
#1546=ORIENTED_EDGE('',*,*,#1545,.F.);
#1547=CARTESIAN_POINT('',(2.107573554675,-1.127046454959,0.055000000000));
#1548=VERTEX_POINT('',#1547);
#1549=CIRCLE('',#192,2.390000000000);
#1550=EDGE_CURVE('',#1548,#1543,#1549,.T.);
#1551=ORIENTED_EDGE('',*,*,#1550,.F.);
#1552=CARTESIAN_POINT('',(2.046451467846,-1.234559188435,0.055000000000));
#1553=VERTEX_POINT('',#1552);
#1554=CIRCLE('',#192,2.390000000000);
#1555=EDGE_CURVE('',#1553,#1548,#1554,.T.);
#1556=ORIENTED_EDGE('',*,*,#1555,.F.);
#1557=CARTESIAN_POINT('',(2.006719725177,-1.298143268127,0.055000000000));
#1558=VERTEX_POINT('',#1557);
#1559=CIRCLE('',#192,2.390000000000);
#1560=EDGE_CURVE('',#1558,#1553,#1559,.T.);
#1561=ORIENTED_EDGE('',*,*,#1560,.F.);
#1562=CARTESIAN_POINT('',(1.936882079725,-1.400209916134,0.055000000000));
#1563=VERTEX_POINT('',#1562);
#1564=CIRCLE('',#192,2.390000000000);
#1565=EDGE_CURVE('',#1563,#1558,#1564,.T.);
#1566=ORIENTED_EDGE('',*,*,#1565,.F.);
#1567=CARTESIAN_POINT('',(1.930208243656,-1.409395663440,0.055000000000));
#1568=VERTEX_POINT('',#1567);
#1569=CIRCLE('',#192,2.390000000000);
#1570=EDGE_CURVE('',#1568,#1563,#1569,.T.);
#1571=ORIENTED_EDGE('',*,*,#1570,.F.);
#1572=CARTESIAN_POINT('',(1.854718112264,-1.507355540023,0.055000000000));
#1573=VERTEX_POINT('',#1572);
#1574=CIRCLE('',#192,2.390000000000);
#1575=EDGE_CURVE('',#1573,#1568,#1574,.T.);
#1576=ORIENTED_EDGE('',*,*,#1575,.F.);
#1577=CARTESIAN_POINT('',(1.806523842641,-1.564791233989,0.055000000000));
#1578=VERTEX_POINT('',#1577);
#1579=CIRCLE('',#192,2.390000000000);
#1580=EDGE_CURVE('',#1578,#1573,#1579,.T.);
#1581=ORIENTED_EDGE('',*,*,#1580,.F.);
#1582=CARTESIAN_POINT('',(1.723160920446,-1.656145054713,0.055000000000));
#1583=VERTEX_POINT('',#1582);
#1584=CIRCLE('',#192,2.390000000000);
#1585=EDGE_CURVE('',#1583,#1578,#1584,.T.);
#1586=ORIENTED_EDGE('',*,*,#1585,.F.);
#1587=CARTESIAN_POINT('',(1.715273624754,-1.664312588495,0.055000000000));
#1588=VERTEX_POINT('',#1587);
#1589=CIRCLE('',#192,2.390000000000);
#1590=EDGE_CURVE('',#1588,#1583,#1589,.T.);
#1591=ORIENTED_EDGE('',*,*,#1590,.F.);
#1592=CARTESIAN_POINT('',(1.626884778338,-1.750812930616,0.055000000000));
#1593=VERTEX_POINT('',#1592);
#1594=CIRCLE('',#192,2.390000000000);
#1595=EDGE_CURVE('',#1593,#1588,#1594,.T.);
#1596=ORIENTED_EDGE('',*,*,#1595,.F.);
#1597=CARTESIAN_POINT('',(1.571166028399,-1.800982318405,0.055000000000));
#1598=VERTEX_POINT('',#1597);
#1599=CIRCLE('',#192,2.390000000000);
#1600=EDGE_CURVE('',#1598,#1593,#1599,.T.);
#1601=ORIENTED_EDGE('',*,*,#1600,.F.);
#1602=CARTESIAN_POINT('',(1.475900393917,-1.879845213638,0.055000000000));
#1603=VERTEX_POINT('',#1602);
#1604=CIRCLE('',#192,2.390000000000);
#1605=EDGE_CURVE('',#1603,#1598,#1604,.T.);
#1606=ORIENTED_EDGE('',*,*,#1605,.F.);
#1607=CARTESIAN_POINT('',(1.466953155840,-1.886835562144,0.055000000000));
#1608=VERTEX_POINT('',#1607);
#1609=CIRCLE('',#192,2.390000000000);
#1610=EDGE_CURVE('',#1608,#1603,#1609,.T.);
#1611=ORIENTED_EDGE('',*,*,#1610,.F.);
#1612=CARTESIAN_POINT('',(1.367385982755,-1.960192739035,0.055000000000));
#1613=VERTEX_POINT('',#1612);
#1614=CIRCLE('',#192,2.390000000000);
#1615=EDGE_CURVE('',#1613,#1608,#1614,.T.);
#1616=ORIENTED_EDGE('',*,*,#1615,.F.);
#1617=CARTESIAN_POINT('',(1.305227254588,-2.002119330580,0.055000000000));
#1618=VERTEX_POINT('',#1617);
#1619=CIRCLE('',#192,2.390000000000);
#1620=EDGE_CURVE('',#1618,#1613,#1619,.T.);
#1621=ORIENTED_EDGE('',*,*,#1620,.F.);
#1622=CARTESIAN_POINT('',(1.199913145032,-2.066956323772,0.055000000000));
#1623=VERTEX_POINT('',#1622);
#1624=CIRCLE('',#192,2.390000000000);
#1625=EDGE_CURVE('',#1623,#1618,#1624,.T.);
#1626=ORIENTED_EDGE('',*,*,#1625,.F.);
#1627=CARTESIAN_POINT('',(1.190080112383,-2.072633427818,0.055000000000));
#1628=VERTEX_POINT('',#1627);
#1629=CIRCLE('',#192,2.390000000000);
#1630=EDGE_CURVE('',#1628,#1623,#1629,.T.);
#1631=ORIENTED_EDGE('',*,*,#1630,.F.);
#1632=CARTESIAN_POINT('',(1.081272574396,-2.131419625475,0.055000000000));
#1633=VERTEX_POINT('',#1632);
#1634=CIRCLE('',#192,2.390000000000);
#1635=EDGE_CURVE('',#1633,#1628,#1634,.T.);
#1636=ORIENTED_EDGE('',*,*,#1635,.F.);
#1637=CARTESIAN_POINT('',(1.013883716941,-2.164287367362,0.055000000000));
#1638=VERTEX_POINT('',#1637);
#1639=CIRCLE('',#192,2.390000000000);
#1640=EDGE_CURVE('',#1638,#1633,#1639,.T.);
#1641=ORIENTED_EDGE('',*,*,#1640,.F.);
#1642=CARTESIAN_POINT('',(0.900570951660,-2.213836480191,0.055000000000));
#1643=VERTEX_POINT('',#1642);
#1644=CIRCLE('',#192,2.390000000000);
#1645=EDGE_CURVE('',#1643,#1638,#1644,.T.);
#1646=ORIENTED_EDGE('',*,*,#1645,.F.);
#1647=CARTESIAN_POINT('',(0.890043513235,-2.218089841406,0.055000000000));
#1648=VERTEX_POINT('',#1647);
#1649=CIRCLE('',#192,2.390000000000);
#1650=EDGE_CURVE('',#1648,#1643,#1649,.T.);
#1651=ORIENTED_EDGE('',*,*,#1650,.F.);
#1652=CARTESIAN_POINT('',(0.774113425306,-2.261160853359,0.055000000000));
#1653=VERTEX_POINT('',#1652);
#1654=CIRCLE('',#192,2.390000000000);
#1655=EDGE_CURVE('',#1653,#1648,#1654,.T.);
#1656=ORIENTED_EDGE('',*,*,#1655,.F.);
#1657=CARTESIAN_POINT('',(0.702806086019,-2.284330012379,0.055000000000));
#1658=VERTEX_POINT('',#1657);
#1659=CIRCLE('',#192,2.390000000000);
#1660=EDGE_CURVE('',#1658,#1653,#1659,.T.);
#1661=ORIENTED_EDGE('',*,*,#1660,.F.);
#1662=CARTESIAN_POINT('',(0.583700169098,-2.317626827726,0.055000000000));
#1663=VERTEX_POINT('',#1662);
#1664=CIRCLE('',#192,2.390000000000);
#1665=EDGE_CURVE('',#1663,#1658,#1664,.T.);
#1666=ORIENTED_EDGE('',*,*,#1665,.F.);
#1667=CARTESIAN_POINT('',(0.572683229510,-2.320373659271,0.055000000000));
#1668=VERTEX_POINT('',#1667);
#1669=CIRCLE('',#192,2.390000000000);
#1670=EDGE_CURVE('',#1668,#1663,#1669,.T.);
#1671=ORIENTED_EDGE('',*,*,#1670,.F.);
#1672=CARTESIAN_POINT('',(0.451887038933,-2.346891157264,0.055000000000));
#1673=VERTEX_POINT('',#1672);
#1674=CIRCLE('',#192,2.390000000000);
#1675=EDGE_CURVE('',#1673,#1668,#1674,.T.);
#1676=ORIENTED_EDGE('',*,*,#1675,.F.);
#1677=CARTESIAN_POINT('',(0.378049134063,-2.359910772092,0.055000000000));
#1678=VERTEX_POINT('',#1677);
#1679=CIRCLE('',#192,2.390000000000);
#1680=EDGE_CURVE('',#1678,#1673,#1679,.T.);
#1681=ORIENTED_EDGE('',*,*,#1680,.F.);
#1682=CARTESIAN_POINT('',(0.255468326694,-2.376307205320,0.055000000000));
#1683=VERTEX_POINT('',#1682);
#1684=CIRCLE('',#192,2.390000000000);
#1685=EDGE_CURVE('',#1683,#1678,#1684,.T.);
#1686=ORIENTED_EDGE('',*,*,#1685,.F.);
#1687=CARTESIAN_POINT('',(0.244176318141,-2.377494043244,0.055000000000));
#1688=VERTEX_POINT('',#1687);
#1689=CIRCLE('',#192,2.390000000000);
#1690=EDGE_CURVE('',#1688,#1683,#1689,.T.);
#1691=ORIENTED_EDGE('',*,*,#1690,.F.);
#1692=CARTESIAN_POINT('',(0.120865185361,-2.386941894343,0.055000000000));
#1693=VERTEX_POINT('',#1692);
#1694=CIRCLE('',#192,2.390000000000);
#1695=EDGE_CURVE('',#1693,#1688,#1694,.T.);
#1696=ORIENTED_EDGE('',*,*,#1695,.F.);
#1697=CARTESIAN_POINT('',(0.045933885737,-2.389558552984,0.055000000000));
#1698=VERTEX_POINT('',#1697);
#1699=CIRCLE('',#192,2.390000000000);
#1700=EDGE_CURVE('',#1698,#1693,#1699,.T.);
#1701=ORIENTED_EDGE('',*,*,#1700,.F.);
#1702=CARTESIAN_POINT('',(-0.077735916098,-2.388735466172,0.055000000000));
#1703=VERTEX_POINT('',#1702);
#1704=CIRCLE('',#192,2.390000000000);
#1705=EDGE_CURVE('',#1703,#1698,#1704,.T.);
#1706=ORIENTED_EDGE('',*,*,#1705,.F.);
#1707=CARTESIAN_POINT('',(-0.089083207514,-2.388339210024,0.055000000000));
#1708=VERTEX_POINT('',#1707);
#1709=CIRCLE('',#192,2.390000000000);
#1710=EDGE_CURVE('',#1708,#1703,#1709,.T.);
#1711=ORIENTED_EDGE('',*,*,#1710,.F.);
#1712=CARTESIAN_POINT('',(-0.212509171561,-2.380533522554,0.055000000000));
#1713=VERTEX_POINT('',#1712);
#1714=CIRCLE('',#192,2.390000000000);
#1715=EDGE_CURVE('',#1713,#1708,#1714,.T.);
#1716=ORIENTED_EDGE('',*,*,#1715,.F.);
#1717=CARTESIAN_POINT('',(-0.287075413426,-2.372696294726,0.055000000000));
#1718=VERTEX_POINT('',#1717);
#1719=CIRCLE('',#192,2.390000000000);
#1720=EDGE_CURVE('',#1718,#1713,#1719,.T.);
#1721=ORIENTED_EDGE('',*,*,#1720,.F.);
#1722=CARTESIAN_POINT('',(-0.409427117707,-2.354669708321,0.055000000000));
#1723=VERTEX_POINT('',#1722);
#1724=CIRCLE('',#192,2.390000000000);
#1725=EDGE_CURVE('',#1723,#1718,#1724,.T.);
#1726=ORIENTED_EDGE('',*,*,#1725,.F.);
#1727=CARTESIAN_POINT('',(-0.420608829866,-2.352698070777,0.055000000000));
#1728=VERTEX_POINT('',#1727);
#1729=CIRCLE('',#192,2.390000000000);
#1730=EDGE_CURVE('',#1728,#1723,#1729,.T.);
#1731=ORIENTED_EDGE('',*,*,#1730,.F.);
#1732=CARTESIAN_POINT('',(-0.541747279185,-2.327790773565,0.055000000000));
#1733=VERTEX_POINT('',#1732);
#1734=CIRCLE('',#192,2.390000000000);
#1735=EDGE_CURVE('',#1733,#1728,#1734,.T.);
#1736=ORIENTED_EDGE('',*,*,#1735,.F.);
#1737=CARTESIAN_POINT('',(-0.614497116210,-2.309652201993,0.055000000000));
#1738=VERTEX_POINT('',#1737);
#1739=CIRCLE('',#192,2.390000000000);
#1740=EDGE_CURVE('',#1738,#1733,#1739,.T.);
#1741=ORIENTED_EDGE('',*,*,#1740,.F.);
#1742=CARTESIAN_POINT('',(-0.733149286186,-2.274772982995,0.055000000000));
#1743=VERTEX_POINT('',#1742);
#1744=CIRCLE('',#192,2.390000000000);
#1745=EDGE_CURVE('',#1743,#1738,#1744,.T.);
#1746=ORIENTED_EDGE('',*,*,#1745,.F.);
#1747=CARTESIAN_POINT('',(-0.743947779780,-2.271264339737,0.055000000000));
#1748=VERTEX_POINT('',#1747);
#1749=CIRCLE('',#192,2.390000000000);
#1750=EDGE_CURVE('',#1748,#1743,#1749,.T.);
#1751=ORIENTED_EDGE('',*,*,#1750,.F.);
#1752=CARTESIAN_POINT('',(-0.860440892248,-2.229740224992,0.055000000000));
#1753=VERTEX_POINT('',#1752);
#1754=CIRCLE('',#192,2.390000000000);
#1755=EDGE_CURVE('',#1753,#1748,#1754,.T.);
#1756=ORIENTED_EDGE('',*,*,#1755,.F.);
#1757=CARTESIAN_POINT('',(-0.929958331607,-2.201653356338,0.055000000000));
#1758=VERTEX_POINT('',#1757);
#1759=CIRCLE('',#192,2.390000000000);
#1760=EDGE_CURVE('',#1758,#1753,#1759,.T.);
#1761=ORIENTED_EDGE('',*,*,#1760,.F.);
#1762=CARTESIAN_POINT('',(-1.042601537754,-2.150600389071,0.055000000000));
#1763=VERTEX_POINT('',#1762);
#1764=CIRCLE('',#192,2.390000000000);
#1765=EDGE_CURVE('',#1763,#1758,#1764,.T.);
#1766=ORIENTED_EDGE('',*,*,#1765,.F.);
#1767=CARTESIAN_POINT('',(-1.052806632389,-2.145623031848,0.055000000000));
#1768=VERTEX_POINT('',#1767);
#1769=CIRCLE('',#192,2.390000000000);
#1770=EDGE_CURVE('',#1768,#1763,#1769,.T.);
#1771=ORIENTED_EDGE('',*,*,#1770,.F.);
#1772=CARTESIAN_POINT('',(-1.162387002080,-2.088290319231,0.055000000000));
#1773=VERTEX_POINT('',#1772);
#1774=CIRCLE('',#192,2.390000000000);
#1775=EDGE_CURVE('',#1773,#1768,#1774,.T.);
#1776=ORIENTED_EDGE('',*,*,#1775,.F.);
#1777=CARTESIAN_POINT('',(-1.227318965891,-2.050801832446,0.055000000000));
#1778=VERTEX_POINT('',#1777);
#1779=CIRCLE('',#192,2.390000000000);
#1780=EDGE_CURVE('',#1778,#1773,#1779,.T.);
#1781=ORIENTED_EDGE('',*,*,#1780,.F.);
#1782=CARTESIAN_POINT('',(-1.331760736331,-1.984568804845,0.055000000000));
#1783=VERTEX_POINT('',#1782);
#1784=CIRCLE('',#192,2.390000000000);
#1785=EDGE_CURVE('',#1783,#1778,#1784,.T.);
#1786=ORIENTED_EDGE('',*,*,#1785,.F.);
#1787=CARTESIAN_POINT('',(-1.341173801447,-1.978219612255,0.055000000000));
#1788=VERTEX_POINT('',#1787);
#1789=CIRCLE('',#192,2.390000000000);
#1790=EDGE_CURVE('',#1788,#1783,#1789,.T.);
#1791=ORIENTED_EDGE('',*,*,#1790,.F.);
#1792=CARTESIAN_POINT('',(-1.441708571113,-1.906194217802,0.055000000000));
#1793=VERTEX_POINT('',#1792);
#1794=CIRCLE('',#192,2.390000000000);
#1795=EDGE_CURVE('',#1793,#1788,#1794,.T.);
#1796=ORIENTED_EDGE('',*,*,#1795,.F.);
#1797=CARTESIAN_POINT('',(-1.500791232559,-1.860033783638,0.055000000000));
#1798=VERTEX_POINT('',#1797);
#1799=CIRCLE('',#192,2.390000000000);
#1800=EDGE_CURVE('',#1798,#1793,#1799,.T.);
#1801=ORIENTED_EDGE('',*,*,#1800,.F.);
#1802=CARTESIAN_POINT('',(-1.594998727032,-1.779909846247,0.055000000000));
#1803=VERTEX_POINT('',#1802);
#1804=CIRCLE('',#192,2.390000000000);
#1805=EDGE_CURVE('',#1803,#1798,#1804,.T.);
#1806=ORIENTED_EDGE('',*,*,#1805,.F.);
#1807=CARTESIAN_POINT('',(-1.603436548024,-1.772312398101,0.055000000000));
#1808=VERTEX_POINT('',#1807);
#1809=CIRCLE('',#192,2.390000000000);
#1810=EDGE_CURVE('',#1808,#1803,#1809,.T.);
#1811=ORIENTED_EDGE('',*,*,#1810,.F.);
#1812=CARTESIAN_POINT('',(-1.692968922727,-1.686996214186,0.055000000000));
#1813=VERTEX_POINT('',#1812);
#1814=CIRCLE('',#192,2.390000000000);
#1815=EDGE_CURVE('',#1813,#1808,#1814,.T.);
#1816=ORIENTED_EDGE('',*,*,#1815,.F.);
#1817=CARTESIAN_POINT('',(-1.745052305010,-1.633062292988,0.055000000000));
#1818=VERTEX_POINT('',#1817);
#1819=CIRCLE('',#192,2.390000000000);
#1820=EDGE_CURVE('',#1818,#1813,#1819,.T.);
#1821=ORIENTED_EDGE('',*,*,#1820,.F.);
#1822=CARTESIAN_POINT('',(-1.827191881795,-1.540606967109,0.055000000000));
#1823=VERTEX_POINT('',#1822);
#1824=CIRCLE('',#192,2.390000000000);
#1825=EDGE_CURVE('',#1823,#1818,#1824,.T.);
#1826=ORIENTED_EDGE('',*,*,#1825,.F.);
#1827=CARTESIAN_POINT('',(-1.834490226075,-1.531909139093,0.055000000000));
#1828=VERTEX_POINT('',#1827);
#1829=CIRCLE('',#192,2.390000000000);
#1830=EDGE_CURVE('',#1828,#1823,#1829,.T.);
#1831=ORIENTED_EDGE('',*,*,#1830,.F.);
#1832=CARTESIAN_POINT('',(-1.911277559985,-1.434962748192,0.055000000000));
#1833=VERTEX_POINT('',#1832);
#1834=CIRCLE('',#192,2.390000000000);
#1835=EDGE_CURVE('',#1833,#1828,#1834,.T.);
#1836=ORIENTED_EDGE('',*,*,#1835,.F.);
#1837=CARTESIAN_POINT('',(-1.955347919311,-1.374305102386,0.055000000000));
#1838=VERTEX_POINT('',#1837);
#1839=CIRCLE('',#192,2.390000000000);
#1840=EDGE_CURVE('',#1838,#1833,#1839,.T.);
#1841=ORIENTED_EDGE('',*,*,#1840,.F.);
#1842=CARTESIAN_POINT('',(-2.023820824978,-1.271317925770,0.055000000000));
#1843=VERTEX_POINT('',#1842);
#1844=CIRCLE('',#192,2.390000000000);
#1845=EDGE_CURVE('',#1843,#1838,#1844,.T.);
#1846=ORIENTED_EDGE('',*,*,#1845,.F.);
#1847=CARTESIAN_POINT('',(-2.029837638577,-1.261689011213,0.055000000000));
#1848=VERTEX_POINT('',#1847);
#1849=CIRCLE('',#192,2.390000000000);
#1850=EDGE_CURVE('',#1848,#1843,#1849,.T.);
#1851=ORIENTED_EDGE('',*,*,#1850,.F.);
#1852=CARTESIAN_POINT('',(-2.092385353583,-1.154999364549,0.055000000000));
#1853=VERTEX_POINT('',#1852);
#1854=CIRCLE('',#192,2.390000000000);
#1855=EDGE_CURVE('',#1853,#1848,#1854,.T.);
#1856=ORIENTED_EDGE('',*,*,#1855,.F.);
#1857=CARTESIAN_POINT('',(-2.127584910539,-1.088798626215,0.055000000000));
#1858=VERTEX_POINT('',#1857);
#1859=CIRCLE('',#192,2.390000000000);
#1860=EDGE_CURVE('',#1858,#1853,#1859,.T.);
#1861=ORIENTED_EDGE('',*,*,#1860,.F.);
#1862=CARTESIAN_POINT('',(-2.181058397866,-0.977284127109,0.055000000000));
#1863=VERTEX_POINT('',#1862);
#1864=CIRCLE('',#192,2.390000000000);
#1865=EDGE_CURVE('',#1863,#1858,#1864,.T.);
#1866=ORIENTED_EDGE('',*,*,#1865,.F.);
#1867=CARTESIAN_POINT('',(-2.185676570350,-0.966911541880,0.055000000000));
#1868=VERTEX_POINT('',#1867);
#1869=CIRCLE('',#192,2.390000000000);
#1870=EDGE_CURVE('',#1868,#1863,#1869,.T.);
#1871=ORIENTED_EDGE('',*,*,#1870,.F.);
#1872=CARTESIAN_POINT('',(-2.232767246327,-0.852555232068,0.055000000000));
#1873=VERTEX_POINT('',#1872);
#1874=CIRCLE('',#192,2.390000000000);
#1875=EDGE_CURVE('',#1873,#1868,#1874,.T.);
#1876=ORIENTED_EDGE('',*,*,#1875,.F.);
#1877=CARTESIAN_POINT('',(-2.258410881574,-0.782099923275,0.055000000000));
#1878=VERTEX_POINT('',#1877);
#1879=CIRCLE('',#192,2.390000000000);
#1880=EDGE_CURVE('',#1878,#1873,#1879,.T.);
#1881=ORIENTED_EDGE('',*,*,#1880,.F.);
#1882=CARTESIAN_POINT('',(-2.295844149956,-0.664228604558,0.055000000000));
#1883=VERTEX_POINT('',#1882);
#1884=CIRCLE('',#192,2.390000000000);
#1885=EDGE_CURVE('',#1883,#1878,#1884,.T.);
#1886=ORIENTED_EDGE('',*,*,#1885,.F.);
#1887=CARTESIAN_POINT('',(-2.298973793852,-0.653314239230,0.055000000000));
#1888=VERTEX_POINT('',#1887);
#1889=CIRCLE('',#192,2.390000000000);
#1890=EDGE_CURVE('',#1888,#1883,#1889,.T.);
#1891=ORIENTED_EDGE('',*,*,#1890,.F.);
#1892=CARTESIAN_POINT('',(-2.329690864357,-0.533517081762,0.055000000000));
#1893=VERTEX_POINT('',#1892);
#1894=CIRCLE('',#192,2.390000000000);
#1895=EDGE_CURVE('',#1893,#1888,#1894,.T.);
#1896=ORIENTED_EDGE('',*,*,#1895,.F.);
#1897=CARTESIAN_POINT('',(-2.345279453704,-0.460178534954,0.055000000000));
#1898=VERTEX_POINT('',#1897);
#1899=CIRCLE('',#192,2.390000000000);
#1900=EDGE_CURVE('',#1898,#1893,#1899,.T.);
#1901=ORIENTED_EDGE('',*,*,#1900,.F.);
#1902=CARTESIAN_POINT('',(-2.365943907151,-0.338244627768,0.055000000000));
#1903=VERTEX_POINT('',#1902);
#1904=CIRCLE('',#192,2.390000000000);
#1905=EDGE_CURVE('',#1903,#1898,#1904,.T.);
#1906=ORIENTED_EDGE('',*,*,#1905,.F.);
#1907=CARTESIAN_POINT('',(-2.367524107500,-0.327000918048,0.055000000000));
#1908=VERTEX_POINT('',#1907);
#1909=CIRCLE('',#192,2.390000000000);
#1910=EDGE_CURVE('',#1908,#1903,#1909,.T.);
#1911=ORIENTED_EDGE('',*,*,#1910,.F.);
#1912=CARTESIAN_POINT('',(-2.381269699696,-0.204094628327,0.055000000000));
#1913=VERTEX_POINT('',#1912);
#1914=CIRCLE('',#192,2.390000000000);
#1915=EDGE_CURVE('',#1913,#1908,#1914,.T.);
#1916=ORIENTED_EDGE('',*,*,#1915,.F.);
#1917=CARTESIAN_POINT('',(-2.386499828984,-0.129300294895,0.055000000000));
#1918=VERTEX_POINT('',#1917);
#1919=CIRCLE('',#192,2.390000000000);
#1920=EDGE_CURVE('',#1918,#1913,#1919,.T.);
#1921=ORIENTED_EDGE('',*,*,#1920,.F.);
#1922=CARTESIAN_POINT('',(-2.389993257415,-0.005677104047,0.055000000000));
#1923=VERTEX_POINT('',#1922);
#1924=CIRCLE('',#192,2.390000000000);
#1925=EDGE_CURVE('',#1923,#1918,#1924,.T.);
#1926=ORIENTED_EDGE('',*,*,#1925,.F.);
#1927=CARTESIAN_POINT('',(-2.389993257415,0.005677104047,0.055000000000));
#1928=VERTEX_POINT('',#1927);
#1929=CIRCLE('',#192,2.390000000000);
#1930=EDGE_CURVE('',#1928,#1923,#1929,.T.);
#1931=ORIENTED_EDGE('',*,*,#1930,.F.);
#1932=CARTESIAN_POINT('',(-2.386499828984,0.129300294895,0.055000000000));
#1933=VERTEX_POINT('',#1932);
#1934=CIRCLE('',#192,2.390000000000);
#1935=EDGE_CURVE('',#1933,#1928,#1934,.T.);
#1936=ORIENTED_EDGE('',*,*,#1935,.F.);
#1937=CARTESIAN_POINT('',(-2.381269699696,0.204094628327,0.055000000000));
#1938=VERTEX_POINT('',#1937);
#1939=CIRCLE('',#192,2.390000000000);
#1940=EDGE_CURVE('',#1938,#1933,#1939,.T.);
#1941=ORIENTED_EDGE('',*,*,#1940,.F.);
#1942=CARTESIAN_POINT('',(-2.367524107500,0.327000918048,0.055000000000));
#1943=VERTEX_POINT('',#1942);
#1944=CIRCLE('',#192,2.390000000000);
#1945=EDGE_CURVE('',#1943,#1938,#1944,.T.);
#1946=ORIENTED_EDGE('',*,*,#1945,.F.);
#1947=CARTESIAN_POINT('',(-2.365943907151,0.338244627768,0.055000000000));
#1948=VERTEX_POINT('',#1947);
#1949=CIRCLE('',#192,2.390000000000);
#1950=EDGE_CURVE('',#1948,#1943,#1949,.T.);
#1951=ORIENTED_EDGE('',*,*,#1950,.F.);
#1952=CARTESIAN_POINT('',(-2.345279453704,0.460178534954,0.055000000000));
#1953=VERTEX_POINT('',#1952);
#1954=CIRCLE('',#192,2.390000000000);
#1955=EDGE_CURVE('',#1953,#1948,#1954,.T.);
#1956=ORIENTED_EDGE('',*,*,#1955,.F.);
#1957=CARTESIAN_POINT('',(-2.329690864357,0.533517081762,0.055000000000));
#1958=VERTEX_POINT('',#1957);
#1959=CIRCLE('',#192,2.390000000000);
#1960=EDGE_CURVE('',#1958,#1953,#1959,.T.);
#1961=ORIENTED_EDGE('',*,*,#1960,.F.);
#1962=CARTESIAN_POINT('',(-2.298973793852,0.653314239230,0.055000000000));
#1963=VERTEX_POINT('',#1962);
#1964=CIRCLE('',#192,2.390000000000);
#1965=EDGE_CURVE('',#1963,#1958,#1964,.T.);
#1966=ORIENTED_EDGE('',*,*,#1965,.F.);
#1967=CARTESIAN_POINT('',(-2.295844149956,0.664228604558,0.055000000000));
#1968=VERTEX_POINT('',#1967);
#1969=CIRCLE('',#192,2.390000000000);
#1970=EDGE_CURVE('',#1968,#1963,#1969,.T.);
#1971=ORIENTED_EDGE('',*,*,#1970,.F.);
#1972=CARTESIAN_POINT('',(-2.258410881574,0.782099923275,0.055000000000));
#1973=VERTEX_POINT('',#1972);
#1974=CIRCLE('',#192,2.390000000000);
#1975=EDGE_CURVE('',#1973,#1968,#1974,.T.);
#1976=ORIENTED_EDGE('',*,*,#1975,.F.);
#1977=CARTESIAN_POINT('',(-2.232767246327,0.852555232068,0.055000000000));
#1978=VERTEX_POINT('',#1977);
#1979=CIRCLE('',#192,2.390000000000);
#1980=EDGE_CURVE('',#1978,#1973,#1979,.T.);
#1981=ORIENTED_EDGE('',*,*,#1980,.F.);
#1982=CARTESIAN_POINT('',(-2.185676570350,0.966911541880,0.055000000000));
#1983=VERTEX_POINT('',#1982);
#1984=CIRCLE('',#192,2.390000000000);
#1985=EDGE_CURVE('',#1983,#1978,#1984,.T.);
#1986=ORIENTED_EDGE('',*,*,#1985,.F.);
#1987=CARTESIAN_POINT('',(-2.181058397866,0.977284127109,0.055000000000));
#1988=VERTEX_POINT('',#1987);
#1989=CIRCLE('',#192,2.390000000000);
#1990=EDGE_CURVE('',#1988,#1983,#1989,.T.);
#1991=ORIENTED_EDGE('',*,*,#1990,.F.);
#1992=CARTESIAN_POINT('',(-2.127584910539,1.088798626215,0.055000000000));
#1993=VERTEX_POINT('',#1992);
#1994=CIRCLE('',#192,2.390000000000);
#1995=EDGE_CURVE('',#1993,#1988,#1994,.T.);
#1996=ORIENTED_EDGE('',*,*,#1995,.F.);
#1997=CARTESIAN_POINT('',(-2.092385353583,1.154999364549,0.055000000000));
#1998=VERTEX_POINT('',#1997);
#1999=CIRCLE('',#192,2.390000000000);
#2000=EDGE_CURVE('',#1998,#1993,#1999,.T.);
#2001=ORIENTED_EDGE('',*,*,#2000,.F.);
#2002=CARTESIAN_POINT('',(-2.029837638577,1.261689011213,0.055000000000));
#2003=VERTEX_POINT('',#2002);
#2004=CIRCLE('',#192,2.390000000000);
#2005=EDGE_CURVE('',#2003,#1998,#2004,.T.);
#2006=ORIENTED_EDGE('',*,*,#2005,.F.);
#2007=CARTESIAN_POINT('',(-2.023820824978,1.271317925770,0.055000000000));
#2008=VERTEX_POINT('',#2007);
#2009=CIRCLE('',#192,2.390000000000);
#2010=EDGE_CURVE('',#2008,#2003,#2009,.T.);
#2011=ORIENTED_EDGE('',*,*,#2010,.F.);
#2012=CARTESIAN_POINT('',(-1.955347919311,1.374305102386,0.055000000000));
#2013=VERTEX_POINT('',#2012);
#2014=CIRCLE('',#192,2.390000000000);
#2015=EDGE_CURVE('',#2013,#2008,#2014,.T.);
#2016=ORIENTED_EDGE('',*,*,#2015,.F.);
#2017=CARTESIAN_POINT('',(-1.911277559985,1.434962748192,0.055000000000));
#2018=VERTEX_POINT('',#2017);
#2019=CIRCLE('',#192,2.390000000000);
#2020=EDGE_CURVE('',#2018,#2013,#2019,.T.);
#2021=ORIENTED_EDGE('',*,*,#2020,.F.);
#2022=CARTESIAN_POINT('',(-1.834490226075,1.531909139093,0.055000000000));
#2023=VERTEX_POINT('',#2022);
#2024=CIRCLE('',#192,2.390000000000);
#2025=EDGE_CURVE('',#2023,#2018,#2024,.T.);
#2026=ORIENTED_EDGE('',*,*,#2025,.F.);
#2027=CARTESIAN_POINT('',(-1.827191881795,1.540606967109,0.055000000000));
#2028=VERTEX_POINT('',#2027);
#2029=CIRCLE('',#192,2.390000000000);
#2030=EDGE_CURVE('',#2028,#2023,#2029,.T.);
#2031=ORIENTED_EDGE('',*,*,#2030,.F.);
#2032=CARTESIAN_POINT('',(-1.745052305010,1.633062292988,0.055000000000));
#2033=VERTEX_POINT('',#2032);
#2034=CIRCLE('',#192,2.390000000000);
#2035=EDGE_CURVE('',#2033,#2028,#2034,.T.);
#2036=ORIENTED_EDGE('',*,*,#2035,.F.);
#2037=CARTESIAN_POINT('',(-1.692968922727,1.686996214186,0.055000000000));
#2038=VERTEX_POINT('',#2037);
#2039=CIRCLE('',#192,2.390000000000);
#2040=EDGE_CURVE('',#2038,#2033,#2039,.T.);
#2041=ORIENTED_EDGE('',*,*,#2040,.F.);
#2042=CARTESIAN_POINT('',(-1.603436548024,1.772312398101,0.055000000000));
#2043=VERTEX_POINT('',#2042);
#2044=CIRCLE('',#192,2.390000000000);
#2045=EDGE_CURVE('',#2043,#2038,#2044,.T.);
#2046=ORIENTED_EDGE('',*,*,#2045,.F.);
#2047=CARTESIAN_POINT('',(-1.594998727032,1.779909846247,0.055000000000));
#2048=VERTEX_POINT('',#2047);
#2049=CIRCLE('',#192,2.390000000000);
#2050=EDGE_CURVE('',#2048,#2043,#2049,.T.);
#2051=ORIENTED_EDGE('',*,*,#2050,.F.);
#2052=CARTESIAN_POINT('',(-1.500791232559,1.860033783638,0.055000000000));
#2053=VERTEX_POINT('',#2052);
#2054=CIRCLE('',#192,2.390000000000);
#2055=EDGE_CURVE('',#2053,#2048,#2054,.T.);
#2056=ORIENTED_EDGE('',*,*,#2055,.F.);
#2057=CARTESIAN_POINT('',(-1.441708571113,1.906194217802,0.055000000000));
#2058=VERTEX_POINT('',#2057);
#2059=CIRCLE('',#192,2.390000000000);
#2060=EDGE_CURVE('',#2058,#2053,#2059,.T.);
#2061=ORIENTED_EDGE('',*,*,#2060,.F.);
#2062=CARTESIAN_POINT('',(-1.341173801447,1.978219612255,0.055000000000));
#2063=VERTEX_POINT('',#2062);
#2064=CIRCLE('',#192,2.390000000000);
#2065=EDGE_CURVE('',#2063,#2058,#2064,.T.);
#2066=ORIENTED_EDGE('',*,*,#2065,.F.);
#2067=CARTESIAN_POINT('',(-1.331760736331,1.984568804845,0.055000000000));
#2068=VERTEX_POINT('',#2067);
#2069=CIRCLE('',#192,2.390000000000);
#2070=EDGE_CURVE('',#2068,#2063,#2069,.T.);
#2071=ORIENTED_EDGE('',*,*,#2070,.F.);
#2072=CARTESIAN_POINT('',(-1.227318965891,2.050801832446,0.055000000000));
#2073=VERTEX_POINT('',#2072);
#2074=CIRCLE('',#192,2.390000000000);
#2075=EDGE_CURVE('',#2073,#2068,#2074,.T.);
#2076=ORIENTED_EDGE('',*,*,#2075,.F.);
#2077=CARTESIAN_POINT('',(-1.162387002080,2.088290319231,0.055000000000));
#2078=VERTEX_POINT('',#2077);
#2079=CIRCLE('',#192,2.390000000000);
#2080=EDGE_CURVE('',#2078,#2073,#2079,.T.);
#2081=ORIENTED_EDGE('',*,*,#2080,.F.);
#2082=CARTESIAN_POINT('',(-1.052806632389,2.145623031848,0.055000000000));
#2083=VERTEX_POINT('',#2082);
#2084=CIRCLE('',#192,2.390000000000);
#2085=EDGE_CURVE('',#2083,#2078,#2084,.T.);
#2086=ORIENTED_EDGE('',*,*,#2085,.F.);
#2087=CARTESIAN_POINT('',(-1.042601537754,2.150600389071,0.055000000000));
#2088=VERTEX_POINT('',#2087);
#2089=CIRCLE('',#192,2.390000000000);
#2090=EDGE_CURVE('',#2088,#2083,#2089,.T.);
#2091=ORIENTED_EDGE('',*,*,#2090,.F.);
#2092=CARTESIAN_POINT('',(-0.929958331607,2.201653356338,0.055000000000));
#2093=VERTEX_POINT('',#2092);
#2094=CIRCLE('',#192,2.390000000000);
#2095=EDGE_CURVE('',#2093,#2088,#2094,.T.);
#2096=ORIENTED_EDGE('',*,*,#2095,.F.);
#2097=CARTESIAN_POINT('',(-0.860440892248,2.229740224992,0.055000000000));
#2098=VERTEX_POINT('',#2097);
#2099=CIRCLE('',#192,2.390000000000);
#2100=EDGE_CURVE('',#2098,#2093,#2099,.T.);
#2101=ORIENTED_EDGE('',*,*,#2100,.F.);
#2102=CARTESIAN_POINT('',(-0.743947779780,2.271264339737,0.055000000000));
#2103=VERTEX_POINT('',#2102);
#2104=CIRCLE('',#192,2.390000000000);
#2105=EDGE_CURVE('',#2103,#2098,#2104,.T.);
#2106=ORIENTED_EDGE('',*,*,#2105,.F.);
#2107=CARTESIAN_POINT('',(-0.733149286186,2.274772982995,0.055000000000));
#2108=VERTEX_POINT('',#2107);
#2109=CIRCLE('',#192,2.390000000000);
#2110=EDGE_CURVE('',#2108,#2103,#2109,.T.);
#2111=ORIENTED_EDGE('',*,*,#2110,.F.);
#2112=CARTESIAN_POINT('',(-0.614497116210,2.309652201993,0.055000000000));
#2113=VERTEX_POINT('',#2112);
#2114=CIRCLE('',#192,2.390000000000);
#2115=EDGE_CURVE('',#2113,#2108,#2114,.T.);
#2116=ORIENTED_EDGE('',*,*,#2115,.F.);
#2117=CARTESIAN_POINT('',(-0.541747279185,2.327790773565,0.055000000000));
#2118=VERTEX_POINT('',#2117);
#2119=CIRCLE('',#192,2.390000000000);
#2120=EDGE_CURVE('',#2118,#2113,#2119,.T.);
#2121=ORIENTED_EDGE('',*,*,#2120,.F.);
#2122=CARTESIAN_POINT('',(-0.420608829866,2.352698070777,0.055000000000));
#2123=VERTEX_POINT('',#2122);
#2124=CIRCLE('',#192,2.390000000000);
#2125=EDGE_CURVE('',#2123,#2118,#2124,.T.);
#2126=ORIENTED_EDGE('',*,*,#2125,.F.);
#2127=CARTESIAN_POINT('',(-0.409427117707,2.354669708321,0.055000000000));
#2128=VERTEX_POINT('',#2127);
#2129=CIRCLE('',#192,2.390000000000);
#2130=EDGE_CURVE('',#2128,#2123,#2129,.T.);
#2131=ORIENTED_EDGE('',*,*,#2130,.F.);
#2132=CARTESIAN_POINT('',(-0.287075413426,2.372696294726,0.055000000000));
#2133=VERTEX_POINT('',#2132);
#2134=CIRCLE('',#192,2.390000000000);
#2135=EDGE_CURVE('',#2133,#2128,#2134,.T.);
#2136=ORIENTED_EDGE('',*,*,#2135,.F.);
#2137=CARTESIAN_POINT('',(-0.212509171561,2.380533522554,0.055000000000));
#2138=VERTEX_POINT('',#2137);
#2139=CIRCLE('',#192,2.390000000000);
#2140=EDGE_CURVE('',#2138,#2133,#2139,.T.);
#2141=ORIENTED_EDGE('',*,*,#2140,.F.);
#2142=CIRCLE('',#192,2.390000000000);
#2143=EDGE_CURVE('',#1248,#2138,#2142,.T.);
#2144=ORIENTED_EDGE('',*,*,#2143,.F.);
#2145=EDGE_LOOP('',(#1251,#1256,#1261,#1266,#1271,#1276,#1281,#1286,#1291,#1296,#1301,#1306,#1311,#1316,#1321,#1326,#1331,#1336,#1341,#1346,#1351,#1356,#1361,#1366,#1371,#1376,#1381,#1386,#1391,#1396,#1401,#1406,#1411,#1416,#1421,#1426,#1431,#1436,#1441,#1446,#1451,#1456,#1461,#1466,#1471,#1476,#1481,#1486,#1491,#1496,#1501,#1506,#1511,#1516,#1521,#1526,#1531,#1536,#1541,#1546,#1551,#1556,#1561,#1566,#1571,#1576,#1581,#1586,#1591,#1596,#1601,#1606,#1611,#1616,#1621,#1626,#1631,#1636,#1641,#1646,#1651,#1656,#1661,#1666,#1671,#1676,#1681,#1686,#1691,#1696,#1701,#1706,#1711,#1716,#1721,#1726,#1731,#1736,#1741,#1746,#1751,#1756,#1761,#1766,#1771,#1776,#1781,#1786,#1791,#1796,#1801,#1806,#1811,#1816,#1821,#1826,#1831,#1836,#1841,#1846,#1851,#1856,#1861,#1866,#1871,#1876,#1881,#1886,#1891,#1896,#1901,#1906,#1911,#1916,#1921,#1926,#1931,#1936,#1941,#1946,#1951,#1956,#1961,#1966,#1971,#1976,#1981,#1986,#1991,#1996,#2001,#2006,#2011,#2016,#2021,#2026,#2031,#2036,#2041,#2046,#2051,#2056,#2061,#2066,#2071,#2076,#2081,#2086,#2091,#2096,#2101,#2106,#2111,#2116,#2121,#2126,#2131,#2136,#2141,#2144));
#2146=ORIENTED_EDGE('',*,*,#40,.F.);
#2147=CARTESIAN_POINT('',(1.611796678649,-1.976008974346,0.055000000000));
#2148=VERTEX_POINT('',#2147);
#2149=CIRCLE('',#192,2.550000000000);
#2150=EDGE_CURVE('',#30,#2148,#2149,.T.);
#2151=ORIENTED_EDGE('',*,*,#2150,.T.);
#2152=CARTESIAN_POINT('',(1.756236273956,-2.064933707197,0.055000000000));
#2153=VERTEX_POINT('',#2152);
#2154=CARTESIAN_POINT('',(-0.439163148932,-0.713328513595,0.055000000000));
#2155=DIRECTION('',(0.851556124269,-0.524263452111,0.000000000000));
#2156=VECTOR('',#2155,1.0);
#2157=LINE('',#2154,#2156);
#2158=EDGE_CURVE('',#2148,#2153,#2157,.T.);
#2159=ORIENTED_EDGE('',*,*,#2158,.T.);
#2160=LINE('',#2154,#2156);
#2161=EDGE_CURVE('',#2153,#799,#2160,.T.);
#2162=ORIENTED_EDGE('',*,*,#2161,.T.);
#2163=ORIENTED_EDGE('',*,*,#803,.T.);
#2164=CARTESIAN_POINT('',(1.870045105439,-1.962459775052,0.055000000000));
#2165=VERTEX_POINT('',#2164);
#2166=CARTESIAN_POINT('',(0.755325874442,0.362194233921,0.055000000000));
#2167=DIRECTION('',(-0.432379629010,0.901691663717,0.000000000000));
#2168=VECTOR('',#2167,1.0);
#2169=LINE('',#2166,#2168);
#2170=EDGE_CURVE('',#801,#2165,#2169,.T.);
#2171=ORIENTED_EDGE('',*,*,#2170,.T.);
#2172=CARTESIAN_POINT('',(1.796705560513,-1.809516269289,0.055000000000));
#2173=VERTEX_POINT('',#2172);
#2174=LINE('',#2166,#2168);
#2175=EDGE_CURVE('',#2165,#2173,#2174,.T.);
#2176=ORIENTED_EDGE('',*,*,#2175,.T.);
#2177=CARTESIAN_POINT('',(1.871118080654,-1.732459848957,0.055000000000));
#2178=VERTEX_POINT('',#2177);
#2179=CIRCLE('',#192,2.550000000000);
#2180=EDGE_CURVE('',#2173,#2178,#2179,.T.);
#2181=ORIENTED_EDGE('',*,*,#2180,.T.);
#2182=CARTESIAN_POINT('',(2.026527930572,-1.800417066040,0.055000000000));
#2183=VERTEX_POINT('',#2182);
#2184=CARTESIAN_POINT('',(-0.335613102115,-0.767506146800,0.055000000000));
#2185=DIRECTION('',(0.916232208956,-0.400647649778,0.000000000000));
#2186=VECTOR('',#2185,1.0);
#2187=LINE('',#2184,#2186);
#2188=EDGE_CURVE('',#2178,#2183,#2187,.T.);
#2189=ORIENTED_EDGE('',*,*,#2188,.T.);
#2190=LINE('',#2184,#2186);
#2191=EDGE_CURVE('',#2183,#261,#2190,.T.);
#2192=ORIENTED_EDGE('',*,*,#2191,.T.);
#2193=ORIENTED_EDGE('',*,*,#265,.T.);
#2194=CARTESIAN_POINT('',(2.124967567427,-1.683101275165,0.055000000000));
#2195=VERTEX_POINT('',#2194);
#2196=CARTESIAN_POINT('',(0.697567400270,0.463790428715,0.055000000000));
#2197=DIRECTION('',(-0.553662965132,0.832740848669,0.000000000000));
#2198=VECTOR('',#2197,1.0);
#2199=LINE('',#2196,#2198);
#2200=EDGE_CURVE('',#263,#2195,#2199,.T.);
#2201=ORIENTED_EDGE('',*,*,#2200,.T.);
#2202=CARTESIAN_POINT('',(2.031056135941,-1.541853096977,0.055000000000));
#2203=VERTEX_POINT('',#2202);
#2204=LINE('',#2196,#2198);
#2205=EDGE_CURVE('',#2195,#2203,#2204,.T.);
#2206=ORIENTED_EDGE('',*,*,#2205,.T.);
#2207=CARTESIAN_POINT('',(2.094020297585,-1.455190363252,0.055000000000));
#2208=VERTEX_POINT('',#2207);
#2209=CIRCLE('',#192,2.550000000000);
#2210=EDGE_CURVE('',#2203,#2208,#2209,.T.);
#2211=ORIENTED_EDGE('',*,*,#2210,.T.);
#2212=CARTESIAN_POINT('',(2.257375526161,-1.500857354637,0.055000000000));
#2213=VERTEX_POINT('',#2212);
#2214=CARTESIAN_POINT('',(-0.225530728020,-0.806745145883,0.055000000000));
#2215=DIRECTION('',(0.963074875893,-0.269233696671,0.000000000000));
#2216=VECTOR('',#2215,1.0);
#2217=LINE('',#2214,#2216);
#2218=EDGE_CURVE('',#2208,#2213,#2217,.T.);
#2219=ORIENTED_EDGE('',*,*,#2218,.T.);
#2220=LINE('',#2214,#2216);
#2221=EDGE_CURVE('',#2213,#822,#2220,.T.);
#2222=ORIENTED_EDGE('',*,*,#2221,.T.);
#2223=ORIENTED_EDGE('',*,*,#826,.T.);
#2224=CARTESIAN_POINT('',(2.338529952829,-1.370983123456,0.055000000000));
#2225=VERTEX_POINT('',#2224);
#2226=CARTESIAN_POINT('',(0.626231570122,0.556359470369,0.055000000000));
#2227=DIRECTION('',(-0.664169881420,0.747581680229,0.000000000000));
#2228=VECTOR('',#2227,1.0);
#2229=LINE('',#2226,#2228);
#2230=EDGE_CURVE('',#824,#2225,#2229,.T.);
#2231=ORIENTED_EDGE('',*,*,#2230,.T.);
#2232=CARTESIAN_POINT('',(2.225874513975,-1.244179507964,0.055000000000));
#2233=VERTEX_POINT('',#2232);
#2234=LINE('',#2226,#2228);
#2235=EDGE_CURVE('',#2225,#2233,#2234,.T.);
#2236=ORIENTED_EDGE('',*,*,#2235,.T.);
#2237=CARTESIAN_POINT('',(2.276164791336,-1.149597252381,0.055000000000));
#2238=VERTEX_POINT('',#2237);
#2239=CIRCLE('',#192,2.550000000000);
#2240=EDGE_CURVE('',#2233,#2238,#2239,.T.);
#2241=ORIENTED_EDGE('',*,*,#2240,.T.);
#2242=CARTESIAN_POINT('',(2.444285874859,-1.172085162026,0.055000000000));
#2243=VERTEX_POINT('',#2242);
#2244=CARTESIAN_POINT('',(-0.111058654841,-0.830281768361,0.055000000000));
#2245=DIRECTION('',(0.991172385853,-0.132579415908,0.000000000000));
#2246=VECTOR('',#2245,1.0);
#2247=LINE('',#2244,#2246);
#2248=EDGE_CURVE('',#2238,#2243,#2247,.T.);
#2249=ORIENTED_EDGE('',*,*,#2248,.T.);
#2250=LINE('',#2244,#2246);
#2251=EDGE_CURVE('',#2243,#188,#2250,.T.);
#2252=ORIENTED_EDGE('',*,*,#2251,.T.);
#2253=ORIENTED_EDGE('',*,*,#194,.T.);
#2254=CARTESIAN_POINT('',(2.506575512737,-1.032180344719,0.055000000000));
#2255=VERTEX_POINT('',#2254);
#2256=CARTESIAN_POINT('',(0.542706854790,0.638099607781,0.055000000000));
#2257=DIRECTION('',(-0.761749486449,0.647871684745,0.000000000000));
#2258=VECTOR('',#2257,1.0);
#2259=LINE('',#2256,#2258);
#2260=EDGE_CURVE('',#190,#2255,#2259,.T.);
#2261=ORIENTED_EDGE('',*,*,#2260,.T.);
#2262=CARTESIAN_POINT('',(2.377368776489,-0.922289380061,0.055000000000));
#2263=VERTEX_POINT('',#2262);
#2264=LINE('',#2256,#2258);
#2265=EDGE_CURVE('',#2255,#2263,#2264,.T.);
#2266=ORIENTED_EDGE('',*,*,#2265,.T.);
#2267=CARTESIAN_POINT('',(2.414006326523,-0.821628538639,0.055000000000));
#2268=VERTEX_POINT('',#2267);
#2269=CIRCLE('',#192,2.550000000000);
#2270=EDGE_CURVE('',#2263,#2268,#2269,.T.);
#2271=ORIENTED_EDGE('',*,*,#2270,.T.);
#2272=CARTESIAN_POINT('',(2.583620979338,-0.820499664963,0.055000000000));
#2273=VERTEX_POINT('',#2272);
#2274=CARTESIAN_POINT('',(0.005575048727,-0.837657900648,0.055000000000));
#2275=DIRECTION('',(0.999977852764,0.006655372379,0.000000000000));
#2276=VECTOR('',#2275,1.0);
#2277=LINE('',#2274,#2276);
#2278=EDGE_CURVE('',#2268,#2273,#2277,.T.);
#2279=ORIENTED_EDGE('',*,*,#2278,.T.);
#2280=LINE('',#2274,#2276);
#2281=EDGE_CURVE('',#2273,#646,#2280,.T.);
#2282=ORIENTED_EDGE('',*,*,#2281,.T.);
#2283=ORIENTED_EDGE('',*,*,#648,.T.);
#2284=ORIENTED_EDGE('',*,*,#133,.F.);
#2285=ORIENTED_EDGE('',*,*,#130,.F.);
#2286=CARTESIAN_POINT('',(2.504861974456,-0.477667759982,0.055000000000));
#2287=VERTEX_POINT('',#2286);
#2288=CIRCLE('',#192,2.550000000000);
#2289=EDGE_CURVE('',#120,#2287,#2288,.T.);
#2290=ORIENTED_EDGE('',*,*,#2289,.T.);
#2291=CARTESIAN_POINT('',(2.672668840278,-0.452944075226,0.055000000000));
#2292=VERTEX_POINT('',#2291);
#2293=CARTESIAN_POINT('',(0.122100240313,-0.828729974722,0.055000000000));
#2294=DIRECTION('',(0.989319888229,0.145760621413,0.000000000000));
#2295=VECTOR('',#2294,1.0);
#2296=LINE('',#2293,#2295);
#2297=EDGE_CURVE('',#2287,#2292,#2296,.T.);
#2298=ORIENTED_EDGE('',*,*,#2297,.T.);
#2299=LINE('',#2293,#2295);
#2300=EDGE_CURVE('',#2292,#461,#2299,.T.);
#2301=ORIENTED_EDGE('',*,*,#2300,.T.);
#2302=ORIENTED_EDGE('',*,*,#465,.T.);
#2303=CARTESIAN_POINT('',(2.693982489316,-0.301289582192,0.055000000000));
#2304=VERTEX_POINT('',#2303);
#2305=CARTESIAN_POINT('',(0.345799222996,0.762970993592,0.055000000000));
#2306=DIRECTION('',(-0.910818241316,0.412807620189,0.000000000000));
#2307=VECTOR('',#2306,1.0);
#2308=LINE('',#2305,#2307);
#2309=EDGE_CURVE('',#463,#2304,#2308,.T.);
#2310=ORIENTED_EDGE('',*,*,#2309,.T.);
#2311=CARTESIAN_POINT('',(2.539490947977,-0.231269810270,0.055000000000));
#2312=VERTEX_POINT('',#2311);
#2313=LINE('',#2305,#2307);
#2314=EDGE_CURVE('',#2304,#2312,#2313,.T.);
#2315=ORIENTED_EDGE('',*,*,#2314,.T.);
#2316=CARTESIAN_POINT('',(2.546963333294,-0.124409721716,0.055000000000));
#2317=VERTEX_POINT('',#2316);
#2318=CIRCLE('',#192,2.550000000000);
#2319=EDGE_CURVE('',#2312,#2317,#2318,.T.);
#2320=ORIENTED_EDGE('',*,*,#2319,.T.);
#2321=CARTESIAN_POINT('',(2.709696242359,-0.076572444281,0.055000000000));
#2322=VERTEX_POINT('',#2321);
#2323=CARTESIAN_POINT('',(0.236248889608,-0.803671762504,0.055000000000));
#2324=DIRECTION('',(0.959405937404,0.282028805752,0.000000000000));
#2325=VECTOR('',#2324,1.0);
#2326=LINE('',#2323,#2325);
#2327=EDGE_CURVE('',#2317,#2322,#2326,.T.);
#2328=ORIENTED_EDGE('',*,*,#2327,.T.);
#2329=LINE('',#2323,#2325);
#2330=EDGE_CURVE('',#2322,#892,#2329,.T.);
#2331=ORIENTED_EDGE('',*,*,#2330,.T.);
#2332=ORIENTED_EDGE('',*,*,#894,.T.);
#2333=ORIENTED_EDGE('',*,*,#178,.F.);
#2334=ORIENTED_EDGE('',*,*,#175,.F.);
#2335=CARTESIAN_POINT('',(2.539490947977,0.231269810270,0.055000000000));
#2336=VERTEX_POINT('',#2335);
#2337=CIRCLE('',#192,2.550000000000);
#2338=EDGE_CURVE('',#165,#2336,#2337,.T.);
#2339=ORIENTED_EDGE('',*,*,#2338,.T.);
#2340=CARTESIAN_POINT('',(2.693982489316,0.301289582192,0.055000000000));
#2341=VERTEX_POINT('',#2340);
#2342=CARTESIAN_POINT('',(0.345799222996,-0.762970993592,0.055000000000));
#2343=DIRECTION('',(0.910818241316,0.412807620189,0.000000000000));
#2344=VECTOR('',#2343,1.0);
#2345=LINE('',#2342,#2344);
#2346=EDGE_CURVE('',#2336,#2341,#2345,.T.);
#2347=ORIENTED_EDGE('',*,*,#2346,.T.);
#2348=LINE('',#2342,#2344);
#2349=EDGE_CURVE('',#2341,#599,#2348,.T.);
#2350=ORIENTED_EDGE('',*,*,#2349,.T.);
#2351=ORIENTED_EDGE('',*,*,#603,.T.);
#2352=CARTESIAN_POINT('',(2.672668840278,0.452944075226,0.055000000000));
#2353=VERTEX_POINT('',#2352);
#2354=CARTESIAN_POINT('',(0.122100240313,0.828729974722,0.055000000000));
#2355=DIRECTION('',(-0.989319888229,0.145760621413,0.000000000000));
#2356=VECTOR('',#2355,1.0);
#2357=LINE('',#2354,#2356);
#2358=EDGE_CURVE('',#601,#2353,#2357,.T.);
#2359=ORIENTED_EDGE('',*,*,#2358,.T.);
#2360=CARTESIAN_POINT('',(2.504861974456,0.477667759982,0.055000000000));
#2361=VERTEX_POINT('',#2360);
#2362=LINE('',#2354,#2356);
#2363=EDGE_CURVE('',#2353,#2361,#2362,.T.);
#2364=ORIENTED_EDGE('',*,*,#2363,.T.);
#2365=CARTESIAN_POINT('',(2.482590259986,0.582447938464,0.055000000000));
#2366=VERTEX_POINT('',#2365);
#2367=CIRCLE('',#192,2.550000000000);
#2368=EDGE_CURVE('',#2361,#2366,#2367,.T.);
#2369=ORIENTED_EDGE('',*,*,#2368,.T.);
#2370=CARTESIAN_POINT('',(2.625833431478,0.673287349659,0.055000000000));
#2371=VERTEX_POINT('',#2370);
#2372=CARTESIAN_POINT('',(0.448618967850,-0.707419862156,0.055000000000));
#2373=DIRECTION('',(0.844502504201,0.535551603861,0.000000000000));
#2374=VECTOR('',#2373,1.0);
#2375=LINE('',#2372,#2374);
#2376=EDGE_CURVE('',#2366,#2371,#2375,.T.);
#2377=ORIENTED_EDGE('',*,*,#2376,.T.);
#2378=LINE('',#2372,#2374);
#2379=EDGE_CURVE('',#2371,#415,#2378,.T.);
#2380=ORIENTED_EDGE('',*,*,#2379,.T.);
#2381=ORIENTED_EDGE('',*,*,#419,.T.);
#2382=CARTESIAN_POINT('',(2.583620979338,0.820499664963,0.055000000000));
#2383=VERTEX_POINT('',#2382);
#2384=CARTESIAN_POINT('',(0.005575048727,0.837657900648,0.055000000000));
#2385=DIRECTION('',(-0.999977852764,0.006655372379,0.000000000000));
#2386=VECTOR('',#2385,1.0);
#2387=LINE('',#2384,#2386);
#2388=EDGE_CURVE('',#417,#2383,#2387,.T.);
#2389=ORIENTED_EDGE('',*,*,#2388,.T.);
#2390=CARTESIAN_POINT('',(2.414006326523,0.821628538639,0.055000000000));
#2391=VERTEX_POINT('',#2390);
#2392=LINE('',#2384,#2386);
#2393=EDGE_CURVE('',#2383,#2391,#2392,.T.);
#2394=ORIENTED_EDGE('',*,*,#2393,.T.);
#2395=CARTESIAN_POINT('',(2.377368776489,0.922289380061,0.055000000000));
#2396=VERTEX_POINT('',#2395);
#2397=CIRCLE('',#192,2.550000000000);
#2398=EDGE_CURVE('',#2391,#2396,#2397,.T.);
#2399=ORIENTED_EDGE('',*,*,#2398,.T.);
#2400=CARTESIAN_POINT('',(2.506575512737,1.032180344719,0.055000000000));
#2401=VERTEX_POINT('',#2400);
#2402=CARTESIAN_POINT('',(0.542706854790,-0.638099607781,0.055000000000));
#2403=DIRECTION('',(0.761749486449,0.647871684745,0.000000000000));
#2404=VECTOR('',#2403,1.0);
#2405=LINE('',#2402,#2404);
#2406=EDGE_CURVE('',#2396,#2401,#2405,.T.);
#2407=ORIENTED_EDGE('',*,*,#2406,.T.);
#2408=LINE('',#2402,#2404);
#2409=EDGE_CURVE('',#2401,#1114,#2408,.T.);
#2410=ORIENTED_EDGE('',*,*,#2409,.T.);
#2411=ORIENTED_EDGE('',*,*,#1118,.T.);
#2412=CARTESIAN_POINT('',(2.444285874859,1.172085162026,0.055000000000));
#2413=VERTEX_POINT('',#2412);
#2414=CARTESIAN_POINT('',(-0.111058654841,0.830281768361,0.055000000000));
#2415=DIRECTION('',(-0.991172385853,-0.132579415908,0.000000000000));
#2416=VECTOR('',#2415,1.0);
#2417=LINE('',#2414,#2416);
#2418=EDGE_CURVE('',#1116,#2413,#2417,.T.);
#2419=ORIENTED_EDGE('',*,*,#2418,.T.);
#2420=CARTESIAN_POINT('',(2.276164791336,1.149597252381,0.055000000000));
#2421=VERTEX_POINT('',#2420);
#2422=LINE('',#2414,#2416);
#2423=EDGE_CURVE('',#2413,#2421,#2422,.T.);
#2424=ORIENTED_EDGE('',*,*,#2423,.T.);
#2425=CARTESIAN_POINT('',(2.225874513975,1.244179507964,0.055000000000));
#2426=VERTEX_POINT('',#2425);
#2427=CIRCLE('',#192,2.550000000000);
#2428=EDGE_CURVE('',#2421,#2426,#2427,.T.);
#2429=ORIENTED_EDGE('',*,*,#2428,.T.);
#2430=CARTESIAN_POINT('',(2.338529952829,1.370983123456,0.055000000000));
#2431=VERTEX_POINT('',#2430);
#2432=CARTESIAN_POINT('',(0.626231570122,-0.556359470369,0.055000000000));
#2433=DIRECTION('',(0.664169881420,0.747581680229,0.000000000000));
#2434=VECTOR('',#2433,1.0);
#2435=LINE('',#2432,#2434);
#2436=EDGE_CURVE('',#2426,#2431,#2435,.T.);
#2437=ORIENTED_EDGE('',*,*,#2436,.T.);
#2438=LINE('',#2432,#2434);
#2439=EDGE_CURVE('',#2431,#307,#2438,.T.);
#2440=ORIENTED_EDGE('',*,*,#2439,.T.);
#2441=ORIENTED_EDGE('',*,*,#311,.T.);
#2442=CARTESIAN_POINT('',(2.257375526161,1.500857354637,0.055000000000));
#2443=VERTEX_POINT('',#2442);
#2444=CARTESIAN_POINT('',(-0.225530728020,0.806745145883,0.055000000000));
#2445=DIRECTION('',(-0.963074875893,-0.269233696671,0.000000000000));
#2446=VECTOR('',#2445,1.0);
#2447=LINE('',#2444,#2446);
#2448=EDGE_CURVE('',#309,#2443,#2447,.T.);
#2449=ORIENTED_EDGE('',*,*,#2448,.T.);
#2450=CARTESIAN_POINT('',(2.094020297585,1.455190363252,0.055000000000));
#2451=VERTEX_POINT('',#2450);
#2452=LINE('',#2444,#2446);
#2453=EDGE_CURVE('',#2443,#2451,#2452,.T.);
#2454=ORIENTED_EDGE('',*,*,#2453,.T.);
#2455=CARTESIAN_POINT('',(2.031056135941,1.541853096977,0.055000000000));
#2456=VERTEX_POINT('',#2455);
#2457=CIRCLE('',#192,2.550000000000);
#2458=EDGE_CURVE('',#2451,#2456,#2457,.T.);
#2459=ORIENTED_EDGE('',*,*,#2458,.T.);
#2460=CARTESIAN_POINT('',(2.124967567427,1.683101275165,0.055000000000));
#2461=VERTEX_POINT('',#2460);
#2462=CARTESIAN_POINT('',(0.697567400270,-0.463790428715,0.055000000000));
#2463=DIRECTION('',(0.553662965132,0.832740848669,0.000000000000));
#2464=VECTOR('',#2463,1.0);
#2465=LINE('',#2462,#2464);
#2466=EDGE_CURVE('',#2456,#2461,#2465,.T.);
#2467=ORIENTED_EDGE('',*,*,#2466,.T.);
#2468=LINE('',#2462,#2464);
#2469=EDGE_CURVE('',#2461,#392,#2468,.T.);
#2470=ORIENTED_EDGE('',*,*,#2469,.T.);
#2471=ORIENTED_EDGE('',*,*,#396,.T.);
#2472=CARTESIAN_POINT('',(2.026527930572,1.800417066040,0.055000000000));
#2473=VERTEX_POINT('',#2472);
#2474=CARTESIAN_POINT('',(-0.335613102115,0.767506146800,0.055000000000));
#2475=DIRECTION('',(-0.916232208956,-0.400647649778,0.000000000000));
#2476=VECTOR('',#2475,1.0);
#2477=LINE('',#2474,#2476);
#2478=EDGE_CURVE('',#394,#2473,#2477,.T.);
#2479=ORIENTED_EDGE('',*,*,#2478,.T.);
#2480=CARTESIAN_POINT('',(1.871118080654,1.732459848957,0.055000000000));
#2481=VERTEX_POINT('',#2480);
#2482=LINE('',#2474,#2476);
#2483=EDGE_CURVE('',#2473,#2481,#2482,.T.);
#2484=ORIENTED_EDGE('',*,*,#2483,.T.);
#2485=CARTESIAN_POINT('',(1.796705560513,1.809516269289,0.055000000000));
#2486=VERTEX_POINT('',#2485);
#2487=CIRCLE('',#192,2.550000000000);
#2488=EDGE_CURVE('',#2481,#2486,#2487,.T.);
#2489=ORIENTED_EDGE('',*,*,#2488,.T.);
#2490=CARTESIAN_POINT('',(1.870045105439,1.962459775052,0.055000000000));
#2491=VERTEX_POINT('',#2490);
#2492=CARTESIAN_POINT('',(0.755325874442,-0.362194233921,0.055000000000));
#2493=DIRECTION('',(0.432379629010,0.901691663717,0.000000000000));
#2494=VECTOR('',#2493,1.0);
#2495=LINE('',#2492,#2494);
#2496=EDGE_CURVE('',#2486,#2491,#2495,.T.);
#2497=ORIENTED_EDGE('',*,*,#2496,.T.);
#2498=LINE('',#2492,#2494);
#2499=EDGE_CURVE('',#2491,#215,#2498,.T.);
#2500=ORIENTED_EDGE('',*,*,#2499,.T.);
#2501=ORIENTED_EDGE('',*,*,#219,.T.);
#2502=CARTESIAN_POINT('',(1.756236273956,2.064933707197,0.055000000000));
#2503=VERTEX_POINT('',#2502);
#2504=CARTESIAN_POINT('',(-0.439163148932,0.713328513595,0.055000000000));
#2505=DIRECTION('',(-0.851556124269,-0.524263452111,0.000000000000));
#2506=VECTOR('',#2505,1.0);
#2507=LINE('',#2504,#2506);
#2508=EDGE_CURVE('',#217,#2503,#2507,.T.);
#2509=ORIENTED_EDGE('',*,*,#2508,.T.);
#2510=CARTESIAN_POINT('',(1.611796678649,1.976008974346,0.055000000000));
#2511=VERTEX_POINT('',#2510);
#2512=LINE('',#2504,#2506);
#2513=EDGE_CURVE('',#2503,#2511,#2512,.T.);
#2514=ORIENTED_EDGE('',*,*,#2513,.T.);
#2515=CARTESIAN_POINT('',(1.527384155071,2.041959265714,0.055000000000));
#2516=VERTEX_POINT('',#2515);
#2517=CIRCLE('',#192,2.550000000000);
#2518=EDGE_CURVE('',#2511,#2516,#2517,.T.);
#2519=ORIENTED_EDGE('',*,*,#2518,.T.);
#2520=CARTESIAN_POINT('',(1.578724342620,2.203621227683,0.055000000000));
#2521=VERTEX_POINT('',#2520);
#2522=CARTESIAN_POINT('',(0.798382789639,-0.253548340352,0.055000000000));
#2523=DIRECTION('',(0.302680515233,0.953092076191,0.000000000000));
#2524=VECTOR('',#2523,1.0);
#2525=LINE('',#2522,#2524);
#2526=EDGE_CURVE('',#2516,#2521,#2525,.T.);
#2527=ORIENTED_EDGE('',*,*,#2526,.T.);
#2528=LINE('',#2522,#2524);
#2529=EDGE_CURVE('',#2521,#1022,#2528,.T.);
#2530=ORIENTED_EDGE('',*,*,#2529,.T.);
#2531=ORIENTED_EDGE('',*,*,#1026,.T.);
#2532=CARTESIAN_POINT('',(1.451761475957,2.289258762570,0.055000000000));
#2533=VERTEX_POINT('',#2532);
#2534=CARTESIAN_POINT('',(-0.534165384595,0.645266752272,0.055000000000));
#2535=DIRECTION('',(-0.770305468255,-0.637675062690,0.000000000000));
#2536=VECTOR('',#2535,1.0);
#2537=LINE('',#2534,#2536);
#2538=EDGE_CURVE('',#1024,#2533,#2537,.T.);
#2539=ORIENTED_EDGE('',*,*,#2538,.T.);
#2540=CARTESIAN_POINT('',(1.321103487685,2.181097332727,0.055000000000));
#2541=VERTEX_POINT('',#2540);
#2542=LINE('',#2534,#2536);
#2543=EDGE_CURVE('',#2533,#2541,#2542,.T.);
#2544=ORIENTED_EDGE('',*,*,#2543,.T.);
#2545=CARTESIAN_POINT('',(1.228333954425,2.234657847726,0.055000000000));
#2546=VERTEX_POINT('',#2545);
#2547=CIRCLE('',#192,2.550000000000);
#2548=EDGE_CURVE('',#2541,#2546,#2547,.T.);
#2549=ORIENTED_EDGE('',*,*,#2548,.T.);
#2550=CARTESIAN_POINT('',(1.256675506243,2.401891699700,0.055000000000));
#2551=VERTEX_POINT('',#2550);
#2552=CARTESIAN_POINT('',(0.825900091982,-0.139967416746,0.055000000000));
#2553=DIRECTION('',(0.167090069522,0.985941635528,0.000000000000));
#2554=VECTOR('',#2553,1.0);
#2555=LINE('',#2552,#2554);
#2556=EDGE_CURVE('',#2546,#2551,#2555,.T.);
#2557=ORIENTED_EDGE('',*,*,#2556,.T.);
#2558=LINE('',#2552,#2554);
#2559=EDGE_CURVE('',#2551,#907,#2558,.T.);
#2560=ORIENTED_EDGE('',*,*,#2559,.T.);
#2561=ORIENTED_EDGE('',*,*,#911,.T.);
#2562=CARTESIAN_POINT('',(1.119029792183,2.469026000123,0.055000000000));
#2563=VERTEX_POINT('',#2562);
#2564=CARTESIAN_POINT('',(-0.618770698652,0.564645607595,0.055000000000));
#2565=DIRECTION('',(-0.674061692510,-0.738675053518,0.000000000000));
#2566=VECTOR('',#2565,1.0);
#2567=LINE('',#2564,#2566);
#2568=EDGE_CURVE('',#909,#2563,#2567,.T.);
#2569=ORIENTED_EDGE('',*,*,#2568,.T.);
#2570=CARTESIAN_POINT('',(1.004696520066,2.343733112487,0.055000000000));
#2571=VERTEX_POINT('',#2570);
#2572=LINE('',#2564,#2566);
#2573=EDGE_CURVE('',#2563,#2571,#2572,.T.);
#2574=ORIENTED_EDGE('',*,*,#2573,.T.);
#2575=CARTESIAN_POINT('',(0.905375630566,2.383861356618,0.055000000000));
#2576=VERTEX_POINT('',#2575);
#2577=CIRCLE('',#192,2.550000000000);
#2578=EDGE_CURVE('',#2571,#2576,#2577,.T.);
#2579=ORIENTED_EDGE('',*,*,#2578,.T.);
#2580=CARTESIAN_POINT('',(0.910166910585,2.553412081892,0.055000000000));
#2581=VERTEX_POINT('',#2580);
#2582=CARTESIAN_POINT('',(0.837342188483,-0.023662186584,0.055000000000));
#2583=DIRECTION('',(0.028247405669,0.999600962421,0.000000000000));
#2584=VECTOR('',#2583,1.0);
#2585=LINE('',#2582,#2584);
#2586=EDGE_CURVE('',#2576,#2581,#2585,.T.);
#2587=ORIENTED_EDGE('',*,*,#2586,.T.);
#2588=LINE('',#2582,#2584);
#2589=EDGE_CURVE('',#2581,#1068,#2588,.T.);
#2590=ORIENTED_EDGE('',*,*,#2589,.T.);
#2591=ORIENTED_EDGE('',*,*,#1072,.T.);
#2592=CARTESIAN_POINT('',(0.764517466381,2.600736455060,0.055000000000));
#2593=VERTEX_POINT('',#2592);
#2594=CARTESIAN_POINT('',(-0.691332344901,0.473034278442,0.055000000000));
#2595=DIRECTION('',(-0.564698072655,-0.825297574660,0.000000000000));
#2596=VECTOR('',#2595,1.0);
#2597=LINE('',#2594,#2596);
#2598=EDGE_CURVE('',#1070,#2593,#2597,.T.);
#2599=ORIENTED_EDGE('',*,*,#2598,.T.);
#2600=CARTESIAN_POINT('',(0.668734277510,2.460750793169,0.055000000000));
#2601=VERTEX_POINT('',#2600);
#2602=LINE('',#2594,#2596);
#2603=EDGE_CURVE('',#2593,#2601,#2602,.T.);
#2604=ORIENTED_EDGE('',*,*,#2603,.T.);
#2605=CARTESIAN_POINT('',(0.564795199907,2.486665715806,0.055000000000));
#2606=VERTEX_POINT('',#2605);
#2607=CIRCLE('',#192,2.550000000000);
#2608=EDGE_CURVE('',#2601,#2606,#2607,.T.);
#2609=ORIENTED_EDGE('',*,*,#2608,.T.);
#2610=CARTESIAN_POINT('',(0.545942951311,2.655233202374,0.055000000000));
#2611=VERTEX_POINT('',#2610);
#2612=CARTESIAN_POINT('',(0.832486371747,0.093103601125,0.055000000000));
#2613=DIRECTION('',(-0.111145061804,0.993804193610,0.000000000000));
#2614=VECTOR('',#2613,1.0);
#2615=LINE('',#2612,#2614);
#2616=EDGE_CURVE('',#2606,#2611,#2615,.T.);
#2617=ORIENTED_EDGE('',*,*,#2616,.T.);
#2618=LINE('',#2612,#2614);
#2619=EDGE_CURVE('',#2611,#238,#2618,.T.);
#2620=ORIENTED_EDGE('',*,*,#2619,.T.);
#2621=ORIENTED_EDGE('',*,*,#242,.T.);
#2622=CARTESIAN_POINT('',(0.395124677722,2.681826533192,0.055000000000));
#2623=VERTEX_POINT('',#2622);
#2624=CARTESIAN_POINT('',(-0.750437993434,0.372215875128,0.055000000000));
#2625=DIRECTION('',(-0.444343247150,-0.895856617273,0.000000000000));
#2626=VECTOR('',#2625,1.0);
#2627=LINE('',#2624,#2626);
#2628=EDGE_CURVE('',#240,#2623,#2627,.T.);
#2629=ORIENTED_EDGE('',*,*,#2628,.T.);
#2630=CARTESIAN_POINT('',(0.319755882915,2.529872758725,0.055000000000));
#2631=VERTEX_POINT('',#2630);
#2632=LINE('',#2624,#2626);
#2633=EDGE_CURVE('',#2623,#2631,#2632,.T.);
#2634=ORIENTED_EDGE('',*,*,#2633,.T.);
#2635=CARTESIAN_POINT('',(0.213221673126,2.541069955375,0.055000000000));
#2636=VERTEX_POINT('',#2635);
#2637=CIRCLE('',#192,2.550000000000);
#2638=EDGE_CURVE('',#2631,#2636,#2637,.T.);
#2639=ORIENTED_EDGE('',*,*,#2638,.T.);
#2640=CARTESIAN_POINT('',(0.171092833492,2.705373228855,0.055000000000));
#2641=VERTEX_POINT('',#2640);
#2642=CARTESIAN_POINT('',(0.811427154724,0.208057233142,0.055000000000));
#2643=DIRECTION('',(-0.248374217074,0.968664156606,0.000000000000));
#2644=VECTOR('',#2643,1.0);
#2645=LINE('',#2642,#2644);
#2646=EDGE_CURVE('',#2636,#2641,#2645,.T.);
#2647=ORIENTED_EDGE('',*,*,#2646,.T.);
#2648=LINE('',#2642,#2644);
#2649=EDGE_CURVE('',#2641,#622,#2648,.T.);
#2650=ORIENTED_EDGE('',*,*,#2649,.T.);
#2651=ORIENTED_EDGE('',*,*,#626,.T.);
#2652=CARTESIAN_POINT('',(0.018041236658,2.710717908388,0.055000000000));
#2653=VERTEX_POINT('',#2652);
#2654=CARTESIAN_POINT('',(-0.794937220037,0.264152713193,0.055000000000));
#2655=DIRECTION('',(-0.315339785772,-0.948978829853,0.000000000000));
#2656=VECTOR('',#2655,1.0);
#2657=LINE('',#2654,#2656);
#2658=EDGE_CURVE('',#624,#2653,#2657,.T.);
#2659=ORIENTED_EDGE('',*,*,#2658,.T.);
#2660=CARTESIAN_POINT('',(-0.035446196223,2.549753628720,0.055000000000));
#2661=VERTEX_POINT('',#2660);
#2662=LINE('',#2654,#2656);
#2663=EDGE_CURVE('',#2653,#2661,#2662,.T.);
#2664=ORIENTED_EDGE('',*,*,#2663,.T.);
#2665=CARTESIAN_POINT('',(-0.142501970985,2.546015158687,0.055000000000));
#2666=VERTEX_POINT('',#2665);
#2667=CIRCLE('',#192,2.550000000000);
#2668=EDGE_CURVE('',#2661,#2666,#2667,.T.);
#2669=ORIENTED_EDGE('',*,*,#2668,.T.);
#2670=CARTESIAN_POINT('',(-0.207087411717,2.702856242752,0.055000000000));
#2671=VERTEX_POINT('',#2670);
#2672=CARTESIAN_POINT('',(0.774574431120,0.318961267778,0.055000000000));
#2673=DIRECTION('',(-0.380769050731,0.924670173632,0.000000000000));
#2674=VECTOR('',#2673,1.0);
#2675=LINE('',#2672,#2674);
#2676=EDGE_CURVE('',#2666,#2671,#2675,.T.);
#2677=ORIENTED_EDGE('',*,*,#2676,.T.);
#2678=LINE('',#2672,#2674);
#2679=EDGE_CURVE('',#2671,#776,#2678,.T.);
#2680=ORIENTED_EDGE('',*,*,#2679,.T.);
#2681=ORIENTED_EDGE('',*,*,#780,.T.);
#2682=CARTESIAN_POINT('',(-0.359393356555,2.686848242894,0.055000000000));
#2683=VERTEX_POINT('',#2682);
#2684=CARTESIAN_POINT('',(-0.823963897879,0.150948119166,0.055000000000));
#2685=DIRECTION('',(-0.180198594158,-0.983630248957,0.000000000000));
#2686=VECTOR('',#2685,1.0);
#2687=LINE('',#2684,#2686);
#2688=EDGE_CURVE('',#778,#2683,#2687,.T.);
#2689=ORIENTED_EDGE('',*,*,#2688,.T.);
#2690=CARTESIAN_POINT('',(-0.389958355471,2.520006444634,0.055000000000));
#2691=VERTEX_POINT('',#2690);
#2692=LINE('',#2684,#2686);
#2693=EDGE_CURVE('',#2683,#2691,#2692,.T.);
#2694=ORIENTED_EDGE('',*,*,#2693,.T.);
#2695=CARTESIAN_POINT('',(-0.495451976325,2.501405072985,0.055000000000));
#2696=VERTEX_POINT('',#2695);
#2697=CIRCLE('',#192,2.550000000000);
#2698=EDGE_CURVE('',#2691,#2696,#2697,.T.);
#2699=ORIENTED_EDGE('',*,*,#2698,.T.);
#2700=CARTESIAN_POINT('',(-0.581236936014,2.647731234338,0.055000000000));
#2701=VERTEX_POINT('',#2700);
#2702=CARTESIAN_POINT('',(0.722645497279,0.423657084149,0.055000000000));
#2703=DIRECTION('',(-0.505752647934,0.862678537526,0.000000000000));
#2704=VECTOR('',#2703,1.0);
#2705=LINE('',#2702,#2704);
#2706=EDGE_CURVE('',#2696,#2701,#2705,.T.);
#2707=ORIENTED_EDGE('',*,*,#2706,.T.);
#2708=LINE('',#2702,#2704);
#2709=EDGE_CURVE('',#2701,#438,#2708,.T.);
#2710=ORIENTED_EDGE('',*,*,#2709,.T.);
#2711=ORIENTED_EDGE('',*,*,#442,.T.);
#2712=CARTESIAN_POINT('',(-0.729832766887,2.610682132596,0.055000000000));
#2713=VERTEX_POINT('',#2712);
#2714=CARTESIAN_POINT('',(-0.836953055693,0.034805491699,0.055000000000));
#2715=DIRECTION('',(-0.041550041881,-0.999136424128,0.000000000000));
#2716=VECTOR('',#2715,1.0);
#2717=LINE('',#2714,#2716);
#2718=EDGE_CURVE('',#440,#2713,#2717,.T.);
#2719=ORIENTED_EDGE('',*,*,#2718,.T.);
#2720=CARTESIAN_POINT('',(-0.736880418901,2.441210201568,0.055000000000));
#2721=VERTEX_POINT('',#2720);
#2722=LINE('',#2714,#2716);
#2723=EDGE_CURVE('',#2713,#2721,#2722,.T.);
#2724=ORIENTED_EDGE('',*,*,#2723,.T.);
#2725=CARTESIAN_POINT('',(-0.838758572515,2.408107982843,0.055000000000));
#2726=VERTEX_POINT('',#2725);
#2727=CIRCLE('',#192,2.550000000000);
#2728=EDGE_CURVE('',#2721,#2726,#2727,.T.);
#2729=ORIENTED_EDGE('',*,*,#2728,.T.);
#2730=CARTESIAN_POINT('',(-0.944073344500,2.541071149197,0.055000000000));
#2731=VERTEX_POINT('',#2730);
#2732=CARTESIAN_POINT('',(0.656651090830,0.520106897280,0.055000000000));
#2733=DIRECTION('',(-0.620892345130,0.783895844969,0.000000000000));
#2734=VECTOR('',#2733,1.0);
#2735=LINE('',#2732,#2734);
#2736=EDGE_CURVE('',#2726,#2731,#2735,.T.);
#2737=ORIENTED_EDGE('',*,*,#2736,.T.);
#2738=LINE('',#2732,#2734);
#2739=EDGE_CURVE('',#2731,#753,#2738,.T.);
#2740=ORIENTED_EDGE('',*,*,#2739,.T.);
#2741=ORIENTED_EDGE('',*,*,#757,.T.);
#2742=CARTESIAN_POINT('',(-1.086066812584,2.483702064194,0.055000000000));
#2743=VERTEX_POINT('',#2742);
#2744=CARTESIAN_POINT('',(-0.833651874299,-0.082014585072,0.055000000000));
#2745=DIRECTION('',(0.097907234698,-0.995195545304,0.000000000000));
#2746=VECTOR('',#2745,1.0);
#2747=LINE('',#2744,#2746);
#2748=EDGE_CURVE('',#755,#2743,#2747,.T.);
#2749=ORIENTED_EDGE('',*,*,#2748,.T.);
#2750=CARTESIAN_POINT('',(-1.069459943166,2.314898578764,0.055000000000));
#2751=VERTEX_POINT('',#2750);
#2752=LINE('',#2744,#2746);
#2753=EDGE_CURVE('',#2743,#2751,#2752,.T.);
#2754=ORIENTED_EDGE('',*,*,#2753,.T.);
#2755=CARTESIAN_POINT('',(-1.165739687163,2.267939809998,0.055000000000));
#2756=VERTEX_POINT('',#2755);
#2757=CIRCLE('',#192,2.550000000000);
#2758=EDGE_CURVE('',#2751,#2756,#2757,.T.);
#2759=ORIENTED_EDGE('',*,*,#2758,.T.);
#2760=CARTESIAN_POINT('',(-1.288534439202,2.384952004562,0.055000000000));
#2761=VERTEX_POINT('',#2760);
#2762=CARTESIAN_POINT('',(0.577875717828,0.606433421268,0.055000000000));
#2763=DIRECTION('',(-0.723947079082,0.689855511458,0.000000000000));
#2764=VECTOR('',#2763,1.0);
#2765=LINE('',#2762,#2764);
#2766=EDGE_CURVE('',#2756,#2761,#2765,.T.);
#2767=ORIENTED_EDGE('',*,*,#2766,.T.);
#2768=LINE('',#2762,#2764);
#2769=EDGE_CURVE('',#2761,#507,#2768,.T.);
#2770=ORIENTED_EDGE('',*,*,#2769,.T.);
#2771=ORIENTED_EDGE('',*,*,#511,.T.);
#2772=CARTESIAN_POINT('',(-1.421161803157,2.308379560282,0.055000000000));
#2773=VERTEX_POINT('',#2772);
#2774=CARTESIAN_POINT('',(-0.814124607437,-0.197238341235,0.055000000000));
#2775=DIRECTION('',(0.235458858322,-0.971884317209,0.000000000000));
#2776=VECTOR('',#2775,1.0);
#2777=LINE('',#2774,#2776);
#2778=EDGE_CURVE('',#509,#2773,#2777,.T.);
#2779=ORIENTED_EDGE('',*,*,#2778,.T.);
#2780=CARTESIAN_POINT('',(-1.381223646130,2.143530088282,0.055000000000));
#2781=VERTEX_POINT('',#2780);
#2782=LINE('',#2774,#2776);
#2783=EDGE_CURVE('',#2773,#2781,#2782,.T.);
#2784=ORIENTED_EDGE('',*,*,#2783,.T.);
#2785=CARTESIAN_POINT('',(-1.470031004811,2.083628768494,0.055000000000));
#2786=VERTEX_POINT('',#2785);
#2787=CIRCLE('',#192,2.550000000000);
#2788=EDGE_CURVE('',#2781,#2786,#2787,.T.);
#2789=ORIENTED_EDGE('',*,*,#2788,.T.);
#2790=CARTESIAN_POINT('',(-1.607915676732,2.182412482002,0.055000000000));
#2791=VERTEX_POINT('',#2790);
#2792=CARTESIAN_POINT('',(0.487852651303,0.680956408520,0.055000000000));
#2793=DIRECTION('',(-0.812911006618,0.582387925115,0.000000000000));
#2794=VECTOR('',#2793,1.0);
#2795=LINE('',#2792,#2794);
#2796=EDGE_CURVE('',#2786,#2791,#2795,.T.);
#2797=ORIENTED_EDGE('',*,*,#2796,.T.);
#2798=LINE('',#2792,#2794);
#2799=EDGE_CURVE('',#2791,#868,#2798,.T.);
#2800=ORIENTED_EDGE('',*,*,#2799,.T.);
#2801=ORIENTED_EDGE('',*,*,#872,.T.);
#2802=CARTESIAN_POINT('',(-1.728595495778,2.088127073971,0.055000000000));
#2803=VERTEX_POINT('',#2802);
#2804=CARTESIAN_POINT('',(-0.778751331143,-0.308623077442,0.055000000000));
#2805=DIRECTION('',(0.368427543099,-0.929656466382,0.000000000000));
#2806=VECTOR('',#2805,1.0);
#2807=LINE('',#2804,#2806);
#2808=EDGE_CURVE('',#870,#2803,#2807,.T.);
#2809=ORIENTED_EDGE('',*,*,#2808,.T.);
#2810=CARTESIAN_POINT('',(-1.666103401941,1.930440222861,0.055000000000));
#2811=VERTEX_POINT('',#2810);
#2812=LINE('',#2804,#2806);
#2813=EDGE_CURVE('',#2803,#2811,#2812,.T.);
#2814=ORIENTED_EDGE('',*,*,#2813,.T.);
#2815=CARTESIAN_POINT('',(-1.745709841085,1.858762263104,0.055000000000));
#2816=VERTEX_POINT('',#2815);
#2817=CIRCLE('',#192,2.550000000000);
#2818=EDGE_CURVE('',#2811,#2816,#2817,.T.);
#2819=ORIENTED_EDGE('',*,*,#2818,.T.);
#2820=CARTESIAN_POINT('',(-1.896000664591,1.937394782936,0.055000000000));
#2821=VERTEX_POINT('',#2820);
#2822=CARTESIAN_POINT('',(0.388334087844,0.742225353855,0.055000000000));
#2823=DIRECTION('',(-0.886052546082,0.463584820267,0.000000000000));
#2824=VECTOR('',#2823,1.0);
#2825=LINE('',#2822,#2824);
#2826=EDGE_CURVE('',#2816,#2821,#2825,.T.);
#2827=ORIENTED_EDGE('',*,*,#2826,.T.);
#2828=LINE('',#2822,#2824);
#2829=EDGE_CURVE('',#2821,#684,#2828,.T.);
#2830=ORIENTED_EDGE('',*,*,#2829,.T.);
#2831=ORIENTED_EDGE('',*,*,#688,.T.);
#2832=CARTESIAN_POINT('',(-2.002384043323,1.827231569375,0.055000000000));
#2833=VERTEX_POINT('',#2832);
#2834=CARTESIAN_POINT('',(-0.728220546006,-0.414000816499,0.055000000000));
#2835=DIRECTION('',(0.494225204830,-0.869333909905,0.000000000000));
#2836=VECTOR('',#2835,1.0);
#2837=LINE('',#2834,#2836);
#2838=EDGE_CURVE('',#686,#2833,#2837,.T.);
#2839=ORIENTED_EDGE('',*,*,#2838,.T.);
#2840=CARTESIAN_POINT('',(-1.918554350198,1.679776534346,0.055000000000));
#2841=VERTEX_POINT('',#2840);
#2842=LINE('',#2834,#2836);
#2843=EDGE_CURVE('',#2833,#2841,#2842,.T.);
#2844=ORIENTED_EDGE('',*,*,#2843,.T.);
#2845=CARTESIAN_POINT('',(-1.987410421018,1.597717064573,0.055000000000));
#2846=VERTEX_POINT('',#2845);
#2847=CIRCLE('',#192,2.550000000000);
#2848=EDGE_CURVE('',#2841,#2846,#2847,.T.);
#2849=ORIENTED_EDGE('',*,*,#2848,.T.);
#2850=CARTESIAN_POINT('',(-2.147182156182,1.654667898175,0.055000000000));
#2851=VERTEX_POINT('',#2850);
#2852=CARTESIAN_POINT('',(0.281257043088,0.789047726947,0.055000000000));
#2853=DIRECTION('',(-0.941948080607,0.335758564212,0.000000000000));
#2854=VECTOR('',#2853,1.0);
#2855=LINE('',#2852,#2854);
#2856=EDGE_CURVE('',#2846,#2851,#2855,.T.);
#2857=ORIENTED_EDGE('',*,*,#2856,.T.);
#2858=LINE('',#2852,#2854);
#2859=EDGE_CURVE('',#2851,#369,#2858,.T.);
#2860=ORIENTED_EDGE('',*,*,#2859,.T.);
#2861=ORIENTED_EDGE('',*,*,#373,.T.);
#2862=CARTESIAN_POINT('',(-2.237198463143,1.530771080727,0.055000000000));
#2863=VERTEX_POINT('',#2862);
#2864=CARTESIAN_POINT('',(-0.663515776279,-0.511320500583,0.055000000000));
#2865=DIRECTION('',(0.610403335122,-0.792090757724,0.000000000000));
#2866=VECTOR('',#2865,1.0);
#2867=LINE('',#2864,#2866);
#2868=EDGE_CURVE('',#371,#2863,#2867,.T.);
#2869=ORIENTED_EDGE('',*,*,#2868,.T.);
#2870=CARTESIAN_POINT('',(-2.133662820351,1.396417906306,0.055000000000));
#2871=VERTEX_POINT('',#2870);
#2872=LINE('',#2864,#2866);
#2873=EDGE_CURVE('',#2863,#2871,#2872,.T.);
#2874=ORIENTED_EDGE('',*,*,#2873,.T.);
#2875=CARTESIAN_POINT('',(-2.190428317752,1.305574120757,0.055000000000));
#2876=VERTEX_POINT('',#2875);
#2877=CIRCLE('',#192,2.550000000000);
#2878=EDGE_CURVE('',#2871,#2876,#2877,.T.);
#2879=ORIENTED_EDGE('',*,*,#2878,.T.);
#2880=CARTESIAN_POINT('',(-2.356571189487,1.339734784932,0.055000000000));
#2881=VERTEX_POINT('',#2880);
#2882=CARTESIAN_POINT('',(0.168705649914,0.820512183562,0.055000000000));
#2883=DIRECTION('',(-0.979509667192,0.201397149624,0.000000000000));
#2884=VECTOR('',#2883,1.0);
#2885=LINE('',#2882,#2884);
#2886=EDGE_CURVE('',#2876,#2881,#2885,.T.);
#2887=ORIENTED_EDGE('',*,*,#2886,.T.);
#2888=LINE('',#2882,#2884);
#2889=EDGE_CURVE('',#2881,#346,#2888,.T.);
#2890=ORIENTED_EDGE('',*,*,#2889,.T.);
#2891=ORIENTED_EDGE('',*,*,#350,.T.);
#2892=CARTESIAN_POINT('',(-2.428468359653,1.204515874218,0.055000000000));
#2893=VERTEX_POINT('',#2892);
#2894=CARTESIAN_POINT('',(-0.585896426705,-0.598687912741,0.055000000000));
#2895=DIRECTION('',(0.714700658819,-0.699430459934,0.000000000000));
#2896=VECTOR('',#2895,1.0);
#2897=LINE('',#2894,#2896);
#2898=EDGE_CURVE('',#348,#2893,#2897,.T.);
#2899=ORIENTED_EDGE('',*,*,#2898,.T.);
#2900=CARTESIAN_POINT('',(-2.307241970711,1.085879592123,0.055000000000));
#2901=VERTEX_POINT('',#2900);
#2902=LINE('',#2894,#2896);
#2903=EDGE_CURVE('',#2893,#2901,#2902,.T.);
#2904=ORIENTED_EDGE('',*,*,#2903,.T.);
#2905=CARTESIAN_POINT('',(-2.350812018856,0.988019661749,0.055000000000));
#2906=VERTEX_POINT('',#2905);
#2907=CIRCLE('',#192,2.550000000000);
#2908=EDGE_CURVE('',#2901,#2906,#2907,.T.);
#2909=ORIENTED_EDGE('',*,*,#2908,.T.);
#2910=CARTESIAN_POINT('',(-2.520092245148,0.998725258027,0.055000000000));
#2911=VERTEX_POINT('',#2910);
#2912=CARTESIAN_POINT('',(0.052870593165,0.836006303843,0.055000000000));
#2913=DIRECTION('',(-0.998006212282,0.063115768605,0.000000000000));
#2914=VECTOR('',#2913,1.0);
#2915=LINE('',#2912,#2914);
#2916=EDGE_CURVE('',#2906,#2911,#2915,.T.);
#2917=ORIENTED_EDGE('',*,*,#2916,.T.);
#2918=LINE('',#2912,#2914);
#2919=EDGE_CURVE('',#2911,#530,#2918,.T.);
#2920=ORIENTED_EDGE('',*,*,#2919,.T.);
#2921=ORIENTED_EDGE('',*,*,#534,.T.);
#2922=CARTESIAN_POINT('',(-2.572470881884,0.854816136334,0.055000000000));
#2923=VERTEX_POINT('',#2922);
#2924=CARTESIAN_POINT('',(-0.496873269632,-0.674402545675,0.055000000000));
#2925=DIRECTION('',(0.805087147152,-0.593156543832,0.000000000000));
#2926=VECTOR('',#2925,1.0);
#2927=LINE('',#2924,#2926);
#2928=EDGE_CURVE('',#532,#2923,#2927,.T.);
#2929=ORIENTED_EDGE('',*,*,#2928,.T.);
#2930=CARTESIAN_POINT('',(-2.435913280561,0.754205866848,0.055000000000));
#2931=VERTEX_POINT('',#2930);
#2932=LINE('',#2924,#2926);
#2933=EDGE_CURVE('',#2923,#2931,#2932,.T.);
#2934=ORIENTED_EDGE('',*,*,#2933,.T.);
#2935=CARTESIAN_POINT('',(-2.465439838022,0.651234523880,0.055000000000));
#2936=VERTEX_POINT('',#2935);
#2937=CIRCLE('',#192,2.550000000000);
#2938=EDGE_CURVE('',#2931,#2936,#2937,.T.);
#2939=ORIENTED_EDGE('',*,*,#2938,.T.);
#2940=CARTESIAN_POINT('',(-2.634562571820,0.638276680007,0.055000000000));
#2941=VERTEX_POINT('',#2940);
#2942=CARTESIAN_POINT('',(-0.063993529542,0.835228512363,0.055000000000));
#2943=DIRECTION('',(-0.997077701665,-0.076394089057,0.000000000000));
#2944=VECTOR('',#2943,1.0);
#2945=LINE('',#2942,#2944);
#2946=EDGE_CURVE('',#2936,#2941,#2945,.T.);
#2947=ORIENTED_EDGE('',*,*,#2946,.T.);
#2948=LINE('',#2942,#2944);
#2949=EDGE_CURVE('',#2941,#930,#2948,.T.);
#2950=ORIENTED_EDGE('',*,*,#2949,.T.);
#2951=ORIENTED_EDGE('',*,*,#934,.T.);
#2952=CARTESIAN_POINT('',(-2.666403184541,0.488478374696,0.055000000000));
#2953=VERTEX_POINT('',#2952);
#2954=CARTESIAN_POINT('',(-0.398179039551,-0.736990700178,0.055000000000));
#2955=DIRECTION('',(0.879803529939,-0.475337510310,0.000000000000));
#2956=VECTOR('',#2955,1.0);
#2957=LINE('',#2954,#2956);
#2958=EDGE_CURVE('',#932,#2953,#2957,.T.);
#2959=ORIENTED_EDGE('',*,*,#2958,.T.);
#2960=CARTESIAN_POINT('',(-2.517172309214,0.407852382272,0.055000000000));
#2961=VERTEX_POINT('',#2960);
#2962=LINE('',#2954,#2956);
#2963=EDGE_CURVE('',#2953,#2961,#2962,.T.);
#2964=ORIENTED_EDGE('',*,*,#2963,.T.);
#2965=CARTESIAN_POINT('',(-2.532080675137,0.301773846772,0.055000000000));
#2966=VERTEX_POINT('',#2965);
#2967=CIRCLE('',#192,2.550000000000);
#2968=EDGE_CURVE('',#2961,#2966,#2967,.T.);
#2969=ORIENTED_EDGE('',*,*,#2968,.T.);
#2970=CARTESIAN_POINT('',(-2.697754134802,0.265404772440,0.055000000000));
#2971=VERTEX_POINT('',#2970);
#2972=CARTESIAN_POINT('',(-0.179612090987,0.818193947948,0.055000000000));
#2973=DIRECTION('',(-0.976742207744,-0.214417022673,0.000000000000));
#2974=VECTOR('',#2973,1.0);
#2975=LINE('',#2972,#2974);
#2976=EDGE_CURVE('',#2966,#2971,#2975,.T.);
#2977=ORIENTED_EDGE('',*,*,#2976,.T.);
#2978=LINE('',#2972,#2974);
#2979=EDGE_CURVE('',#2971,#661,#2978,.T.);
#2980=ORIENTED_EDGE('',*,*,#2979,.T.);
#2981=ORIENTED_EDGE('',*,*,#665,.T.);
#2982=CARTESIAN_POINT('',(-2.708436982200,0.112632937130,0.055000000000));
#2983=VERTEX_POINT('',#2982);
#2984=CARTESIAN_POINT('',(-0.291734707387,-0.785234169018,0.055000000000));
#2985=DIRECTION('',(0.937395537777,-0.348266572838,0.000000000000));
#2986=VECTOR('',#2985,1.0);
#2987=LINE('',#2984,#2986);
#2988=EDGE_CURVE('',#663,#2983,#2987,.T.);
#2989=ORIENTED_EDGE('',*,*,#2988,.T.);
#2990=CARTESIAN_POINT('',(-2.549437442110,0.053560515000,0.055000000000));
#2991=VERTEX_POINT('',#2990);
#2992=LINE('',#2984,#2986);
#2993=EDGE_CURVE('',#2983,#2991,#2992,.T.);
#2994=ORIENTED_EDGE('',*,*,#2993,.T.);
#2995=CARTESIAN_POINT('',(-2.549437442110,-0.053560515000,0.055000000000));
#2996=VERTEX_POINT('',#2995);
#2997=CIRCLE('',#192,2.550000000000);
#2998=EDGE_CURVE('',#2991,#2996,#2997,.T.);
#2999=ORIENTED_EDGE('',*,*,#2998,.T.);
#3000=CARTESIAN_POINT('',(-2.708436982200,-0.112632937130,0.055000000000));
#3001=VERTEX_POINT('',#3000);
#3002=CARTESIAN_POINT('',(-0.291734707387,0.785234169018,0.055000000000));
#3003=DIRECTION('',(-0.937395537777,-0.348266572838,0.000000000000));
#3004=VECTOR('',#3003,1.0);
#3005=LINE('',#3002,#3004);
#3006=EDGE_CURVE('',#2996,#3001,#3005,.T.);
#3007=ORIENTED_EDGE('',*,*,#3006,.T.);
#3008=LINE('',#3002,#3004);
#3009=EDGE_CURVE('',#3001,#845,#3008,.T.);
#3010=ORIENTED_EDGE('',*,*,#3009,.T.);
#3011=ORIENTED_EDGE('',*,*,#849,.T.);
#3012=CARTESIAN_POINT('',(-2.697754134802,-0.265404772440,0.055000000000));
#3013=VERTEX_POINT('',#3012);
#3014=CARTESIAN_POINT('',(-0.179612090987,-0.818193947948,0.055000000000));
#3015=DIRECTION('',(0.976742207744,-0.214417022673,0.000000000000));
#3016=VECTOR('',#3015,1.0);
#3017=LINE('',#3014,#3016);
#3018=EDGE_CURVE('',#847,#3013,#3017,.T.);
#3019=ORIENTED_EDGE('',*,*,#3018,.T.);
#3020=CARTESIAN_POINT('',(-2.532080675137,-0.301773846772,0.055000000000));
#3021=VERTEX_POINT('',#3020);
#3022=LINE('',#3014,#3016);
#3023=EDGE_CURVE('',#3013,#3021,#3022,.T.);
#3024=ORIENTED_EDGE('',*,*,#3023,.T.);
#3025=CARTESIAN_POINT('',(-2.517172309214,-0.407852382272,0.055000000000));
#3026=VERTEX_POINT('',#3025);
#3027=CIRCLE('',#192,2.550000000000);
#3028=EDGE_CURVE('',#3021,#3026,#3027,.T.);
#3029=ORIENTED_EDGE('',*,*,#3028,.T.);
#3030=CARTESIAN_POINT('',(-2.666403184541,-0.488478374696,0.055000000000));
#3031=VERTEX_POINT('',#3030);
#3032=CARTESIAN_POINT('',(-0.398179039551,0.736990700178,0.055000000000));
#3033=DIRECTION('',(-0.879803529939,-0.475337510310,0.000000000000));
#3034=VECTOR('',#3033,1.0);
#3035=LINE('',#3032,#3034);
#3036=EDGE_CURVE('',#3026,#3031,#3035,.T.);
#3037=ORIENTED_EDGE('',*,*,#3036,.T.);
#3038=LINE('',#3032,#3034);
#3039=EDGE_CURVE('',#3031,#1176,#3038,.T.);
#3040=ORIENTED_EDGE('',*,*,#3039,.T.);
#3041=ORIENTED_EDGE('',*,*,#1180,.T.);
#3042=CARTESIAN_POINT('',(-2.634562571820,-0.638276680007,0.055000000000));
#3043=VERTEX_POINT('',#3042);
#3044=CARTESIAN_POINT('',(-0.063993529542,-0.835228512363,0.055000000000));
#3045=DIRECTION('',(0.997077701665,-0.076394089057,0.000000000000));
#3046=VECTOR('',#3045,1.0);
#3047=LINE('',#3044,#3046);
#3048=EDGE_CURVE('',#1178,#3043,#3047,.T.);
#3049=ORIENTED_EDGE('',*,*,#3048,.T.);
#3050=CARTESIAN_POINT('',(-2.465439838022,-0.651234523880,0.055000000000));
#3051=VERTEX_POINT('',#3050);
#3052=LINE('',#3044,#3046);
#3053=EDGE_CURVE('',#3043,#3051,#3052,.T.);
#3054=ORIENTED_EDGE('',*,*,#3053,.T.);
#3055=CARTESIAN_POINT('',(-2.435913280561,-0.754205866848,0.055000000000));
#3056=VERTEX_POINT('',#3055);
#3057=CIRCLE('',#192,2.550000000000);
#3058=EDGE_CURVE('',#3051,#3056,#3057,.T.);
#3059=ORIENTED_EDGE('',*,*,#3058,.T.);
#3060=CARTESIAN_POINT('',(-2.572470881884,-0.854816136334,0.055000000000));
#3061=VERTEX_POINT('',#3060);
#3062=CARTESIAN_POINT('',(-0.496873269632,0.674402545675,0.055000000000));
#3063=DIRECTION('',(-0.805087147152,-0.593156543832,0.000000000000));
#3064=VECTOR('',#3063,1.0);
#3065=LINE('',#3062,#3064);
#3066=EDGE_CURVE('',#3056,#3061,#3065,.T.);
#3067=ORIENTED_EDGE('',*,*,#3066,.T.);
#3068=LINE('',#3062,#3064);
#3069=EDGE_CURVE('',#3061,#976,#3068,.T.);
#3070=ORIENTED_EDGE('',*,*,#3069,.T.);
#3071=ORIENTED_EDGE('',*,*,#980,.T.);
#3072=CARTESIAN_POINT('',(-2.520092245148,-0.998725258027,0.055000000000));
#3073=VERTEX_POINT('',#3072);
#3074=CARTESIAN_POINT('',(0.052870593165,-0.836006303843,0.055000000000));
#3075=DIRECTION('',(0.998006212282,0.063115768605,0.000000000000));
#3076=VECTOR('',#3075,1.0);
#3077=LINE('',#3074,#3076);
#3078=EDGE_CURVE('',#978,#3073,#3077,.T.);
#3079=ORIENTED_EDGE('',*,*,#3078,.T.);
#3080=CARTESIAN_POINT('',(-2.350812018856,-0.988019661749,0.055000000000));
#3081=VERTEX_POINT('',#3080);
#3082=LINE('',#3074,#3076);
#3083=EDGE_CURVE('',#3073,#3081,#3082,.T.);
#3084=ORIENTED_EDGE('',*,*,#3083,.T.);
#3085=CARTESIAN_POINT('',(-2.307241970711,-1.085879592123,0.055000000000));
#3086=VERTEX_POINT('',#3085);
#3087=CIRCLE('',#192,2.550000000000);
#3088=EDGE_CURVE('',#3081,#3086,#3087,.T.);
#3089=ORIENTED_EDGE('',*,*,#3088,.T.);
#3090=CARTESIAN_POINT('',(-2.428468359653,-1.204515874218,0.055000000000));
#3091=VERTEX_POINT('',#3090);
#3092=CARTESIAN_POINT('',(-0.585896426705,0.598687912741,0.055000000000));
#3093=DIRECTION('',(-0.714700658819,-0.699430459934,0.000000000000));
#3094=VECTOR('',#3093,1.0);
#3095=LINE('',#3092,#3094);
#3096=EDGE_CURVE('',#3086,#3091,#3095,.T.);
#3097=ORIENTED_EDGE('',*,*,#3096,.T.);
#3098=LINE('',#3092,#3094);
#3099=EDGE_CURVE('',#3091,#730,#3098,.T.);
#3100=ORIENTED_EDGE('',*,*,#3099,.T.);
#3101=ORIENTED_EDGE('',*,*,#734,.T.);
#3102=CARTESIAN_POINT('',(-2.356571189487,-1.339734784932,0.055000000000));
#3103=VERTEX_POINT('',#3102);
#3104=CARTESIAN_POINT('',(0.168705649914,-0.820512183562,0.055000000000));
#3105=DIRECTION('',(0.979509667192,0.201397149624,0.000000000000));
#3106=VECTOR('',#3105,1.0);
#3107=LINE('',#3104,#3106);
#3108=EDGE_CURVE('',#732,#3103,#3107,.T.);
#3109=ORIENTED_EDGE('',*,*,#3108,.T.);
#3110=CARTESIAN_POINT('',(-2.190428317752,-1.305574120757,0.055000000000));
#3111=VERTEX_POINT('',#3110);
#3112=LINE('',#3104,#3106);
#3113=EDGE_CURVE('',#3103,#3111,#3112,.T.);
#3114=ORIENTED_EDGE('',*,*,#3113,.T.);
#3115=CARTESIAN_POINT('',(-2.133662820351,-1.396417906306,0.055000000000));
#3116=VERTEX_POINT('',#3115);
#3117=CIRCLE('',#192,2.550000000000);
#3118=EDGE_CURVE('',#3111,#3116,#3117,.T.);
#3119=ORIENTED_EDGE('',*,*,#3118,.T.);
#3120=CARTESIAN_POINT('',(-2.237198463143,-1.530771080727,0.055000000000));
#3121=VERTEX_POINT('',#3120);
#3122=CARTESIAN_POINT('',(-0.663515776279,0.511320500583,0.055000000000));
#3123=DIRECTION('',(-0.610403335122,-0.792090757724,0.000000000000));
#3124=VECTOR('',#3123,1.0);
#3125=LINE('',#3122,#3124);
#3126=EDGE_CURVE('',#3116,#3121,#3125,.T.);
#3127=ORIENTED_EDGE('',*,*,#3126,.T.);
#3128=LINE('',#3122,#3124);
#3129=EDGE_CURVE('',#3121,#1153,#3128,.T.);
#3130=ORIENTED_EDGE('',*,*,#3129,.T.);
#3131=ORIENTED_EDGE('',*,*,#1157,.T.);
#3132=CARTESIAN_POINT('',(-2.147182156182,-1.654667898175,0.055000000000));
#3133=VERTEX_POINT('',#3132);
#3134=CARTESIAN_POINT('',(0.281257043088,-0.789047726947,0.055000000000));
#3135=DIRECTION('',(0.941948080607,0.335758564212,0.000000000000));
#3136=VECTOR('',#3135,1.0);
#3137=LINE('',#3134,#3136);
#3138=EDGE_CURVE('',#1155,#3133,#3137,.T.);
#3139=ORIENTED_EDGE('',*,*,#3138,.T.);
#3140=CARTESIAN_POINT('',(-1.987410421018,-1.597717064573,0.055000000000));
#3141=VERTEX_POINT('',#3140);
#3142=LINE('',#3134,#3136);
#3143=EDGE_CURVE('',#3133,#3141,#3142,.T.);
#3144=ORIENTED_EDGE('',*,*,#3143,.T.);
#3145=CARTESIAN_POINT('',(-1.918554350198,-1.679776534346,0.055000000000));
#3146=VERTEX_POINT('',#3145);
#3147=CIRCLE('',#192,2.550000000000);
#3148=EDGE_CURVE('',#3141,#3146,#3147,.T.);
#3149=ORIENTED_EDGE('',*,*,#3148,.T.);
#3150=CARTESIAN_POINT('',(-2.002384043323,-1.827231569375,0.055000000000));
#3151=VERTEX_POINT('',#3150);
#3152=CARTESIAN_POINT('',(-0.728220546006,0.414000816499,0.055000000000));
#3153=DIRECTION('',(-0.494225204830,-0.869333909905,0.000000000000));
#3154=VECTOR('',#3153,1.0);
#3155=LINE('',#3152,#3154);
#3156=EDGE_CURVE('',#3146,#3151,#3155,.T.);
#3157=ORIENTED_EDGE('',*,*,#3156,.T.);
#3158=LINE('',#3152,#3154);
#3159=EDGE_CURVE('',#3151,#284,#3158,.T.);
#3160=ORIENTED_EDGE('',*,*,#3159,.T.);
#3161=ORIENTED_EDGE('',*,*,#288,.T.);
#3162=CARTESIAN_POINT('',(-1.896000664591,-1.937394782936,0.055000000000));
#3163=VERTEX_POINT('',#3162);
#3164=CARTESIAN_POINT('',(0.388334087844,-0.742225353855,0.055000000000));
#3165=DIRECTION('',(0.886052546082,0.463584820267,0.000000000000));
#3166=VECTOR('',#3165,1.0);
#3167=LINE('',#3164,#3166);
#3168=EDGE_CURVE('',#286,#3163,#3167,.T.);
#3169=ORIENTED_EDGE('',*,*,#3168,.T.);
#3170=CARTESIAN_POINT('',(-1.745709841085,-1.858762263104,0.055000000000));
#3171=VERTEX_POINT('',#3170);
#3172=LINE('',#3164,#3166);
#3173=EDGE_CURVE('',#3163,#3171,#3172,.T.);
#3174=ORIENTED_EDGE('',*,*,#3173,.T.);
#3175=CARTESIAN_POINT('',(-1.666103401941,-1.930440222861,0.055000000000));
#3176=VERTEX_POINT('',#3175);
#3177=CIRCLE('',#192,2.550000000000);
#3178=EDGE_CURVE('',#3171,#3176,#3177,.T.);
#3179=ORIENTED_EDGE('',*,*,#3178,.T.);
#3180=CARTESIAN_POINT('',(-1.728595495778,-2.088127073971,0.055000000000));
#3181=VERTEX_POINT('',#3180);
#3182=CARTESIAN_POINT('',(-0.778751331143,0.308623077442,0.055000000000));
#3183=DIRECTION('',(-0.368427543099,-0.929656466382,0.000000000000));
#3184=VECTOR('',#3183,1.0);
#3185=LINE('',#3182,#3184);
#3186=EDGE_CURVE('',#3176,#3181,#3185,.T.);
#3187=ORIENTED_EDGE('',*,*,#3186,.T.);
#3188=LINE('',#3182,#3184);
#3189=EDGE_CURVE('',#3181,#576,#3188,.T.);
#3190=ORIENTED_EDGE('',*,*,#3189,.T.);
#3191=ORIENTED_EDGE('',*,*,#580,.T.);
#3192=CARTESIAN_POINT('',(-1.607915676732,-2.182412482002,0.055000000000));
#3193=VERTEX_POINT('',#3192);
#3194=CARTESIAN_POINT('',(0.487852651303,-0.680956408520,0.055000000000));
#3195=DIRECTION('',(0.812911006618,0.582387925115,0.000000000000));
#3196=VECTOR('',#3195,1.0);
#3197=LINE('',#3194,#3196);
#3198=EDGE_CURVE('',#578,#3193,#3197,.T.);
#3199=ORIENTED_EDGE('',*,*,#3198,.T.);
#3200=CARTESIAN_POINT('',(-1.470031004811,-2.083628768494,0.055000000000));
#3201=VERTEX_POINT('',#3200);
#3202=LINE('',#3194,#3196);
#3203=EDGE_CURVE('',#3193,#3201,#3202,.T.);
#3204=ORIENTED_EDGE('',*,*,#3203,.T.);
#3205=CARTESIAN_POINT('',(-1.381223646130,-2.143530088282,0.055000000000));
#3206=VERTEX_POINT('',#3205);
#3207=CIRCLE('',#192,2.550000000000);
#3208=EDGE_CURVE('',#3201,#3206,#3207,.T.);
#3209=ORIENTED_EDGE('',*,*,#3208,.T.);
#3210=CARTESIAN_POINT('',(-1.421161803157,-2.308379560282,0.055000000000));
#3211=VERTEX_POINT('',#3210);
#3212=CARTESIAN_POINT('',(-0.814124607437,0.197238341235,0.055000000000));
#3213=DIRECTION('',(-0.235458858322,-0.971884317209,0.000000000000));
#3214=VECTOR('',#3213,1.0);
#3215=LINE('',#3212,#3214);
#3216=EDGE_CURVE('',#3206,#3211,#3215,.T.);
#3217=ORIENTED_EDGE('',*,*,#3216,.T.);
#3218=LINE('',#3212,#3214);
#3219=EDGE_CURVE('',#3211,#1045,#3218,.T.);
#3220=ORIENTED_EDGE('',*,*,#3219,.T.);
#3221=ORIENTED_EDGE('',*,*,#1049,.T.);
#3222=CARTESIAN_POINT('',(-1.288534439202,-2.384952004562,0.055000000000));
#3223=VERTEX_POINT('',#3222);
#3224=CARTESIAN_POINT('',(0.577875717828,-0.606433421268,0.055000000000));
#3225=DIRECTION('',(0.723947079082,0.689855511458,0.000000000000));
#3226=VECTOR('',#3225,1.0);
#3227=LINE('',#3224,#3226);
#3228=EDGE_CURVE('',#1047,#3223,#3227,.T.);
#3229=ORIENTED_EDGE('',*,*,#3228,.T.);
#3230=CARTESIAN_POINT('',(-1.165739687163,-2.267939809998,0.055000000000));
#3231=VERTEX_POINT('',#3230);
#3232=LINE('',#3224,#3226);
#3233=EDGE_CURVE('',#3223,#3231,#3232,.T.);
#3234=ORIENTED_EDGE('',*,*,#3233,.T.);
#3235=CARTESIAN_POINT('',(-1.069459943166,-2.314898578764,0.055000000000));
#3236=VERTEX_POINT('',#3235);
#3237=CIRCLE('',#192,2.550000000000);
#3238=EDGE_CURVE('',#3231,#3236,#3237,.T.);
#3239=ORIENTED_EDGE('',*,*,#3238,.T.);
#3240=CARTESIAN_POINT('',(-1.086066812584,-2.483702064194,0.055000000000));
#3241=VERTEX_POINT('',#3240);
#3242=CARTESIAN_POINT('',(-0.833651874299,0.082014585072,0.055000000000));
#3243=DIRECTION('',(-0.097907234698,-0.995195545304,0.000000000000));
#3244=VECTOR('',#3243,1.0);
#3245=LINE('',#3242,#3244);
#3246=EDGE_CURVE('',#3236,#3241,#3245,.T.);
#3247=ORIENTED_EDGE('',*,*,#3246,.T.);
#3248=LINE('',#3242,#3244);
#3249=EDGE_CURVE('',#3241,#553,#3248,.T.);
#3250=ORIENTED_EDGE('',*,*,#3249,.T.);
#3251=ORIENTED_EDGE('',*,*,#557,.T.);
#3252=CARTESIAN_POINT('',(-0.944073344500,-2.541071149197,0.055000000000));
#3253=VERTEX_POINT('',#3252);
#3254=CARTESIAN_POINT('',(0.656651090830,-0.520106897280,0.055000000000));
#3255=DIRECTION('',(0.620892345130,0.783895844969,0.000000000000));
#3256=VECTOR('',#3255,1.0);
#3257=LINE('',#3254,#3256);
#3258=EDGE_CURVE('',#555,#3253,#3257,.T.);
#3259=ORIENTED_EDGE('',*,*,#3258,.T.);
#3260=CARTESIAN_POINT('',(-0.838758572515,-2.408107982843,0.055000000000));
#3261=VERTEX_POINT('',#3260);
#3262=LINE('',#3254,#3256);
#3263=EDGE_CURVE('',#3253,#3261,#3262,.T.);
#3264=ORIENTED_EDGE('',*,*,#3263,.T.);
#3265=CARTESIAN_POINT('',(-0.736880418901,-2.441210201568,0.055000000000));
#3266=VERTEX_POINT('',#3265);
#3267=CIRCLE('',#192,2.550000000000);
#3268=EDGE_CURVE('',#3261,#3266,#3267,.T.);
#3269=ORIENTED_EDGE('',*,*,#3268,.T.);
#3270=CARTESIAN_POINT('',(-0.729832766887,-2.610682132596,0.055000000000));
#3271=VERTEX_POINT('',#3270);
#3272=CARTESIAN_POINT('',(-0.836953055693,-0.034805491699,0.055000000000));
#3273=DIRECTION('',(0.041550041881,-0.999136424128,0.000000000000));
#3274=VECTOR('',#3273,1.0);
#3275=LINE('',#3272,#3274);
#3276=EDGE_CURVE('',#3266,#3271,#3275,.T.);
#3277=ORIENTED_EDGE('',*,*,#3276,.T.);
#3278=LINE('',#3272,#3274);
#3279=EDGE_CURVE('',#3271,#331,#3278,.T.);
#3280=ORIENTED_EDGE('',*,*,#3279,.T.);
#3281=ORIENTED_EDGE('',*,*,#333,.T.);
#3282=ORIENTED_EDGE('',*,*,#88,.F.);
#3283=ORIENTED_EDGE('',*,*,#85,.F.);
#3284=CARTESIAN_POINT('',(-0.389958355471,-2.520006444634,0.055000000000));
#3285=VERTEX_POINT('',#3284);
#3286=CIRCLE('',#192,2.550000000000);
#3287=EDGE_CURVE('',#75,#3285,#3286,.T.);
#3288=ORIENTED_EDGE('',*,*,#3287,.T.);
#3289=CARTESIAN_POINT('',(-0.359393356555,-2.686848242894,0.055000000000));
#3290=VERTEX_POINT('',#3289);
#3291=CARTESIAN_POINT('',(-0.823963897879,-0.150948119166,0.055000000000));
#3292=DIRECTION('',(0.180198594158,-0.983630248957,0.000000000000));
#3293=VECTOR('',#3292,1.0);
#3294=LINE('',#3291,#3293);
#3295=EDGE_CURVE('',#3285,#3290,#3294,.T.);
#3296=ORIENTED_EDGE('',*,*,#3295,.T.);
#3297=LINE('',#3291,#3293);
#3298=EDGE_CURVE('',#3290,#953,#3297,.T.);
#3299=ORIENTED_EDGE('',*,*,#3298,.T.);
#3300=ORIENTED_EDGE('',*,*,#957,.T.);
#3301=CARTESIAN_POINT('',(-0.207087411717,-2.702856242752,0.055000000000));
#3302=VERTEX_POINT('',#3301);
#3303=CARTESIAN_POINT('',(0.774574431120,-0.318961267778,0.055000000000));
#3304=DIRECTION('',(0.380769050731,0.924670173632,0.000000000000));
#3305=VECTOR('',#3304,1.0);
#3306=LINE('',#3303,#3305);
#3307=EDGE_CURVE('',#955,#3302,#3306,.T.);
#3308=ORIENTED_EDGE('',*,*,#3307,.T.);
#3309=CARTESIAN_POINT('',(-0.142501970985,-2.546015158687,0.055000000000));
#3310=VERTEX_POINT('',#3309);
#3311=LINE('',#3303,#3305);
#3312=EDGE_CURVE('',#3302,#3310,#3311,.T.);
#3313=ORIENTED_EDGE('',*,*,#3312,.T.);
#3314=CARTESIAN_POINT('',(-0.035446196223,-2.549753628720,0.055000000000));
#3315=VERTEX_POINT('',#3314);
#3316=CIRCLE('',#192,2.550000000000);
#3317=EDGE_CURVE('',#3310,#3315,#3316,.T.);
#3318=ORIENTED_EDGE('',*,*,#3317,.T.);
#3319=CARTESIAN_POINT('',(0.018041236658,-2.710717908388,0.055000000000));
#3320=VERTEX_POINT('',#3319);
#3321=CARTESIAN_POINT('',(-0.794937220037,-0.264152713193,0.055000000000));
#3322=DIRECTION('',(0.315339785772,-0.948978829853,0.000000000000));
#3323=VECTOR('',#3322,1.0);
#3324=LINE('',#3321,#3323);
#3325=EDGE_CURVE('',#3315,#3320,#3324,.T.);
#3326=ORIENTED_EDGE('',*,*,#3325,.T.);
#3327=LINE('',#3321,#3323);
#3328=EDGE_CURVE('',#3320,#484,#3327,.T.);
#3329=ORIENTED_EDGE('',*,*,#3328,.T.);
#3330=ORIENTED_EDGE('',*,*,#488,.T.);
#3331=CARTESIAN_POINT('',(0.171092833492,-2.705373228855,0.055000000000));
#3332=VERTEX_POINT('',#3331);
#3333=CARTESIAN_POINT('',(0.811427154724,-0.208057233142,0.055000000000));
#3334=DIRECTION('',(0.248374217074,0.968664156606,0.000000000000));
#3335=VECTOR('',#3334,1.0);
#3336=LINE('',#3333,#3335);
#3337=EDGE_CURVE('',#486,#3332,#3336,.T.);
#3338=ORIENTED_EDGE('',*,*,#3337,.T.);
#3339=CARTESIAN_POINT('',(0.213221673126,-2.541069955375,0.055000000000));
#3340=VERTEX_POINT('',#3339);
#3341=LINE('',#3333,#3335);
#3342=EDGE_CURVE('',#3332,#3340,#3341,.T.);
#3343=ORIENTED_EDGE('',*,*,#3342,.T.);
#3344=CARTESIAN_POINT('',(0.319755882915,-2.529872758725,0.055000000000));
#3345=VERTEX_POINT('',#3344);
#3346=CIRCLE('',#192,2.550000000000);
#3347=EDGE_CURVE('',#3340,#3345,#3346,.T.);
#3348=ORIENTED_EDGE('',*,*,#3347,.T.);
#3349=CARTESIAN_POINT('',(0.395124677722,-2.681826533192,0.055000000000));
#3350=VERTEX_POINT('',#3349);
#3351=CARTESIAN_POINT('',(-0.750437993434,-0.372215875128,0.055000000000));
#3352=DIRECTION('',(0.444343247150,-0.895856617273,0.000000000000));
#3353=VECTOR('',#3352,1.0);
#3354=LINE('',#3351,#3353);
#3355=EDGE_CURVE('',#3345,#3350,#3354,.T.);
#3356=ORIENTED_EDGE('',*,*,#3355,.T.);
#3357=LINE('',#3351,#3353);
#3358=EDGE_CURVE('',#3350,#1091,#3357,.T.);
#3359=ORIENTED_EDGE('',*,*,#3358,.T.);
#3360=ORIENTED_EDGE('',*,*,#1095,.T.);
#3361=CARTESIAN_POINT('',(0.545942951311,-2.655233202374,0.055000000000));
#3362=VERTEX_POINT('',#3361);
#3363=CARTESIAN_POINT('',(0.832486371747,-0.093103601125,0.055000000000));
#3364=DIRECTION('',(0.111145061804,0.993804193610,0.000000000000));
#3365=VECTOR('',#3364,1.0);
#3366=LINE('',#3363,#3365);
#3367=EDGE_CURVE('',#1093,#3362,#3366,.T.);
#3368=ORIENTED_EDGE('',*,*,#3367,.T.);
#3369=CARTESIAN_POINT('',(0.564795199907,-2.486665715806,0.055000000000));
#3370=VERTEX_POINT('',#3369);
#3371=LINE('',#3363,#3365);
#3372=EDGE_CURVE('',#3362,#3370,#3371,.T.);
#3373=ORIENTED_EDGE('',*,*,#3372,.T.);
#3374=CARTESIAN_POINT('',(0.668734277510,-2.460750793169,0.055000000000));
#3375=VERTEX_POINT('',#3374);
#3376=CIRCLE('',#192,2.550000000000);
#3377=EDGE_CURVE('',#3370,#3375,#3376,.T.);
#3378=ORIENTED_EDGE('',*,*,#3377,.T.);
#3379=CARTESIAN_POINT('',(0.764517466381,-2.600736455060,0.055000000000));
#3380=VERTEX_POINT('',#3379);
#3381=CARTESIAN_POINT('',(-0.691332344901,-0.473034278442,0.055000000000));
#3382=DIRECTION('',(0.564698072655,-0.825297574660,0.000000000000));
#3383=VECTOR('',#3382,1.0);
#3384=LINE('',#3381,#3383);
#3385=EDGE_CURVE('',#3375,#3380,#3384,.T.);
#3386=ORIENTED_EDGE('',*,*,#3385,.T.);
#3387=LINE('',#3381,#3383);
#3388=EDGE_CURVE('',#3380,#999,#3387,.T.);
#3389=ORIENTED_EDGE('',*,*,#3388,.T.);
#3390=ORIENTED_EDGE('',*,*,#1003,.T.);
#3391=CARTESIAN_POINT('',(0.910166910585,-2.553412081892,0.055000000000));
#3392=VERTEX_POINT('',#3391);
#3393=CARTESIAN_POINT('',(0.837342188483,0.023662186584,0.055000000000));
#3394=DIRECTION('',(-0.028247405669,0.999600962421,0.000000000000));
#3395=VECTOR('',#3394,1.0);
#3396=LINE('',#3393,#3395);
#3397=EDGE_CURVE('',#1001,#3392,#3396,.T.);
#3398=ORIENTED_EDGE('',*,*,#3397,.T.);
#3399=CARTESIAN_POINT('',(0.905375630566,-2.383861356618,0.055000000000));
#3400=VERTEX_POINT('',#3399);
#3401=LINE('',#3393,#3395);
#3402=EDGE_CURVE('',#3392,#3400,#3401,.T.);
#3403=ORIENTED_EDGE('',*,*,#3402,.T.);
#3404=CARTESIAN_POINT('',(1.004696520066,-2.343733112487,0.055000000000));
#3405=VERTEX_POINT('',#3404);
#3406=CIRCLE('',#192,2.550000000000);
#3407=EDGE_CURVE('',#3400,#3405,#3406,.T.);
#3408=ORIENTED_EDGE('',*,*,#3407,.T.);
#3409=CARTESIAN_POINT('',(1.119029792183,-2.469026000123,0.055000000000));
#3410=VERTEX_POINT('',#3409);
#3411=CARTESIAN_POINT('',(-0.618770698652,-0.564645607595,0.055000000000));
#3412=DIRECTION('',(0.674061692510,-0.738675053518,0.000000000000));
#3413=VECTOR('',#3412,1.0);
#3414=LINE('',#3411,#3413);
#3415=EDGE_CURVE('',#3405,#3410,#3414,.T.);
#3416=ORIENTED_EDGE('',*,*,#3415,.T.);
#3417=LINE('',#3411,#3413);
#3418=EDGE_CURVE('',#3410,#707,#3417,.T.);
#3419=ORIENTED_EDGE('',*,*,#3418,.T.);
#3420=ORIENTED_EDGE('',*,*,#711,.T.);
#3421=CARTESIAN_POINT('',(1.256675506243,-2.401891699700,0.055000000000));
#3422=VERTEX_POINT('',#3421);
#3423=CARTESIAN_POINT('',(0.825900091982,0.139967416746,0.055000000000));
#3424=DIRECTION('',(-0.167090069522,0.985941635528,0.000000000000));
#3425=VECTOR('',#3424,1.0);
#3426=LINE('',#3423,#3425);
#3427=EDGE_CURVE('',#709,#3422,#3426,.T.);
#3428=ORIENTED_EDGE('',*,*,#3427,.T.);
#3429=CARTESIAN_POINT('',(1.228333954425,-2.234657847726,0.055000000000));
#3430=VERTEX_POINT('',#3429);
#3431=LINE('',#3423,#3425);
#3432=EDGE_CURVE('',#3422,#3430,#3431,.T.);
#3433=ORIENTED_EDGE('',*,*,#3432,.T.);
#3434=CARTESIAN_POINT('',(1.321103487685,-2.181097332727,0.055000000000));
#3435=VERTEX_POINT('',#3434);
#3436=CIRCLE('',#192,2.550000000000);
#3437=EDGE_CURVE('',#3430,#3435,#3436,.T.);
#3438=ORIENTED_EDGE('',*,*,#3437,.T.);
#3439=CARTESIAN_POINT('',(1.451761475957,-2.289258762570,0.055000000000));
#3440=VERTEX_POINT('',#3439);
#3441=CARTESIAN_POINT('',(-0.534165384595,-0.645266752272,0.055000000000));
#3442=DIRECTION('',(0.770305468255,-0.637675062690,0.000000000000));
#3443=VECTOR('',#3442,1.0);
#3444=LINE('',#3441,#3443);
#3445=EDGE_CURVE('',#3435,#3440,#3444,.T.);
#3446=ORIENTED_EDGE('',*,*,#3445,.T.);
#3447=LINE('',#3441,#3443);
#3448=EDGE_CURVE('',#3440,#1138,#3447,.T.);
#3449=ORIENTED_EDGE('',*,*,#3448,.T.);
#3450=ORIENTED_EDGE('',*,*,#1140,.T.);
#3451=ORIENTED_EDGE('',*,*,#43,.F.);
#3452=EDGE_LOOP('',(#2146,#2151,#2159,#2162,#2163,#2171,#2176,#2181,#2189,#2192,#2193,#2201,#2206,#2211,#2219,#2222,#2223,#2231,#2236,#2241,#2249,#2252,#2253,#2261,#2266,#2271,#2279,#2282,#2283,#2284,#2285,#2290,#2298,#2301,#2302,#2310,#2315,#2320,#2328,#2331,#2332,#2333,#2334,#2339,#2347,#2350,#2351,#2359,#2364,#2369,#2377,#2380,#2381,#2389,#2394,#2399,#2407,#2410,#2411,#2419,#2424,#2429,#2437,#2440,#2441,#2449,#2454,#2459,#2467,#2470,#2471,#2479,#2484,#2489,#2497,#2500,#2501,#2509,#2514,#2519,#2527,#2530,#2531,#2539,#2544,#2549,#2557,#2560,#2561,#2569,#2574,#2579,#2587,#2590,#2591,#2599,#2604,#2609,#2617,#2620,#2621,#2629,#2634,#2639,#2647,#2650,#2651,#2659,#2664,#2669,#2677,#2680,#2681,#2689,#2694,#2699,#2707,#2710,#2711,#2719,#2724,#2729,#2737,#2740,#2741,#2749,#2754,#2759,#2767,#2770,#2771,#2779,#2784,#2789,#2797,#2800,#2801,#2809,#2814,#2819,#2827,#2830,#2831,#2839,#2844,#2849,#2857,#2860,#2861,#2869,#2874,#2879,#2887,#2890,#2891,#2899,#2904,#2909,#2917,#2920,#2921,#2929,#2934,#2939,#2947,#2950,#2951,#2959,#2964,#2969,#2977,#2980,#2981,#2989,#2994,#2999,#3007,#3010,#3011,#3019,#3024,#3029,#3037,#3040,#3041,#3049,#3054,#3059,#3067,#3070,#3071,#3079,#3084,#3089,#3097,#3100,#3101,#3109,#3114,#3119,#3127,#3130,#3131,#3139,#3144,#3149,#3157,#3160,#3161,#3169,#3174,#3179,#3187,#3190,#3191,#3199,#3204,#3209,#3217,#3220,#3221,#3229,#3234,#3239,#3247,#3250,#3251,#3259,#3264,#3269,#3277,#3280,#3281,#3282,#3283,#3288,#3296,#3299,#3300,#3308,#3313,#3318,#3326,#3329,#3330,#3338,#3343,#3348,#3356,#3359,#3360,#3368,#3373,#3378,#3386,#3389,#3390,#3398,#3403,#3408,#3416,#3419,#3420,#3428,#3433,#3438,#3446,#3449,#3450,#3451));
#3453=FACE_BOUND('',#2145,.T.);
#3454=FACE_OUTER_BOUND('',#3452,.T.);
#3455=ADVANCED_FACE('',(#3453,#3454),#1244,.T.);
#3456=DIRECTION('',(0.000000000000,0.000000000000,-1.000000000000));
#3457=DIRECTION('',(0.000000000000,-1.000000000000,0.000000000000));
#3458=AXIS2_PLACEMENT_3D('',#204,#3456,#3457);
#3459=PLANE('',#3458);
#3460=CARTESIAN_POINT('',(-0.077735916098,2.388735466172,-0.055000000000));
#3461=VERTEX_POINT('',#3460);
#3462=CARTESIAN_POINT('',(-0.089083207514,2.388339210024,-0.055000000000));
#3463=VERTEX_POINT('',#3462);
#3464=CIRCLE('',#205,2.390000000000);
#3465=EDGE_CURVE('',#3461,#3463,#3464,.T.);
#3466=ORIENTED_EDGE('',*,*,#3465,.T.);
#3467=CARTESIAN_POINT('',(-0.212509171561,2.380533522554,-0.055000000000));
#3468=VERTEX_POINT('',#3467);
#3469=CIRCLE('',#205,2.390000000000);
#3470=EDGE_CURVE('',#3463,#3468,#3469,.T.);
#3471=ORIENTED_EDGE('',*,*,#3470,.T.);
#3472=CARTESIAN_POINT('',(-0.287075413426,2.372696294726,-0.055000000000));
#3473=VERTEX_POINT('',#3472);
#3474=CIRCLE('',#205,2.390000000000);
#3475=EDGE_CURVE('',#3468,#3473,#3474,.T.);
#3476=ORIENTED_EDGE('',*,*,#3475,.T.);
#3477=CARTESIAN_POINT('',(-0.409427117707,2.354669708321,-0.055000000000));
#3478=VERTEX_POINT('',#3477);
#3479=CIRCLE('',#205,2.390000000000);
#3480=EDGE_CURVE('',#3473,#3478,#3479,.T.);
#3481=ORIENTED_EDGE('',*,*,#3480,.T.);
#3482=CARTESIAN_POINT('',(-0.420608829866,2.352698070777,-0.055000000000));
#3483=VERTEX_POINT('',#3482);
#3484=CIRCLE('',#205,2.390000000000);
#3485=EDGE_CURVE('',#3478,#3483,#3484,.T.);
#3486=ORIENTED_EDGE('',*,*,#3485,.T.);
#3487=CARTESIAN_POINT('',(-0.541747279185,2.327790773565,-0.055000000000));
#3488=VERTEX_POINT('',#3487);
#3489=CIRCLE('',#205,2.390000000000);
#3490=EDGE_CURVE('',#3483,#3488,#3489,.T.);
#3491=ORIENTED_EDGE('',*,*,#3490,.T.);
#3492=CARTESIAN_POINT('',(-0.614497116210,2.309652201993,-0.055000000000));
#3493=VERTEX_POINT('',#3492);
#3494=CIRCLE('',#205,2.390000000000);
#3495=EDGE_CURVE('',#3488,#3493,#3494,.T.);
#3496=ORIENTED_EDGE('',*,*,#3495,.T.);
#3497=CARTESIAN_POINT('',(-0.733149286186,2.274772982995,-0.055000000000));
#3498=VERTEX_POINT('',#3497);
#3499=CIRCLE('',#205,2.390000000000);
#3500=EDGE_CURVE('',#3493,#3498,#3499,.T.);
#3501=ORIENTED_EDGE('',*,*,#3500,.T.);
#3502=CARTESIAN_POINT('',(-0.743947779780,2.271264339737,-0.055000000000));
#3503=VERTEX_POINT('',#3502);
#3504=CIRCLE('',#205,2.390000000000);
#3505=EDGE_CURVE('',#3498,#3503,#3504,.T.);
#3506=ORIENTED_EDGE('',*,*,#3505,.T.);
#3507=CARTESIAN_POINT('',(-0.860440892248,2.229740224992,-0.055000000000));
#3508=VERTEX_POINT('',#3507);
#3509=CIRCLE('',#205,2.390000000000);
#3510=EDGE_CURVE('',#3503,#3508,#3509,.T.);
#3511=ORIENTED_EDGE('',*,*,#3510,.T.);
#3512=CARTESIAN_POINT('',(-0.929958331607,2.201653356338,-0.055000000000));
#3513=VERTEX_POINT('',#3512);
#3514=CIRCLE('',#205,2.390000000000);
#3515=EDGE_CURVE('',#3508,#3513,#3514,.T.);
#3516=ORIENTED_EDGE('',*,*,#3515,.T.);
#3517=CARTESIAN_POINT('',(-1.042601537754,2.150600389071,-0.055000000000));
#3518=VERTEX_POINT('',#3517);
#3519=CIRCLE('',#205,2.390000000000);
#3520=EDGE_CURVE('',#3513,#3518,#3519,.T.);
#3521=ORIENTED_EDGE('',*,*,#3520,.T.);
#3522=CARTESIAN_POINT('',(-1.052806632389,2.145623031848,-0.055000000000));
#3523=VERTEX_POINT('',#3522);
#3524=CIRCLE('',#205,2.390000000000);
#3525=EDGE_CURVE('',#3518,#3523,#3524,.T.);
#3526=ORIENTED_EDGE('',*,*,#3525,.T.);
#3527=CARTESIAN_POINT('',(-1.162387002080,2.088290319231,-0.055000000000));
#3528=VERTEX_POINT('',#3527);
#3529=CIRCLE('',#205,2.390000000000);
#3530=EDGE_CURVE('',#3523,#3528,#3529,.T.);
#3531=ORIENTED_EDGE('',*,*,#3530,.T.);
#3532=CARTESIAN_POINT('',(-1.227318965891,2.050801832446,-0.055000000000));
#3533=VERTEX_POINT('',#3532);
#3534=CIRCLE('',#205,2.390000000000);
#3535=EDGE_CURVE('',#3528,#3533,#3534,.T.);
#3536=ORIENTED_EDGE('',*,*,#3535,.T.);
#3537=CARTESIAN_POINT('',(-1.331760736331,1.984568804845,-0.055000000000));
#3538=VERTEX_POINT('',#3537);
#3539=CIRCLE('',#205,2.390000000000);
#3540=EDGE_CURVE('',#3533,#3538,#3539,.T.);
#3541=ORIENTED_EDGE('',*,*,#3540,.T.);
#3542=CARTESIAN_POINT('',(-1.341173801447,1.978219612255,-0.055000000000));
#3543=VERTEX_POINT('',#3542);
#3544=CIRCLE('',#205,2.390000000000);
#3545=EDGE_CURVE('',#3538,#3543,#3544,.T.);
#3546=ORIENTED_EDGE('',*,*,#3545,.T.);
#3547=CARTESIAN_POINT('',(-1.441708571113,1.906194217802,-0.055000000000));
#3548=VERTEX_POINT('',#3547);
#3549=CIRCLE('',#205,2.390000000000);
#3550=EDGE_CURVE('',#3543,#3548,#3549,.T.);
#3551=ORIENTED_EDGE('',*,*,#3550,.T.);
#3552=CARTESIAN_POINT('',(-1.500791232559,1.860033783638,-0.055000000000));
#3553=VERTEX_POINT('',#3552);
#3554=CIRCLE('',#205,2.390000000000);
#3555=EDGE_CURVE('',#3548,#3553,#3554,.T.);
#3556=ORIENTED_EDGE('',*,*,#3555,.T.);
#3557=CARTESIAN_POINT('',(-1.594998727032,1.779909846247,-0.055000000000));
#3558=VERTEX_POINT('',#3557);
#3559=CIRCLE('',#205,2.390000000000);
#3560=EDGE_CURVE('',#3553,#3558,#3559,.T.);
#3561=ORIENTED_EDGE('',*,*,#3560,.T.);
#3562=CARTESIAN_POINT('',(-1.603436548024,1.772312398101,-0.055000000000));
#3563=VERTEX_POINT('',#3562);
#3564=CIRCLE('',#205,2.390000000000);
#3565=EDGE_CURVE('',#3558,#3563,#3564,.T.);
#3566=ORIENTED_EDGE('',*,*,#3565,.T.);
#3567=CARTESIAN_POINT('',(-1.692968922727,1.686996214186,-0.055000000000));
#3568=VERTEX_POINT('',#3567);
#3569=CIRCLE('',#205,2.390000000000);
#3570=EDGE_CURVE('',#3563,#3568,#3569,.T.);
#3571=ORIENTED_EDGE('',*,*,#3570,.T.);
#3572=CARTESIAN_POINT('',(-1.745052305010,1.633062292988,-0.055000000000));
#3573=VERTEX_POINT('',#3572);
#3574=CIRCLE('',#205,2.390000000000);
#3575=EDGE_CURVE('',#3568,#3573,#3574,.T.);
#3576=ORIENTED_EDGE('',*,*,#3575,.T.);
#3577=CARTESIAN_POINT('',(-1.827191881795,1.540606967109,-0.055000000000));
#3578=VERTEX_POINT('',#3577);
#3579=CIRCLE('',#205,2.390000000000);
#3580=EDGE_CURVE('',#3573,#3578,#3579,.T.);
#3581=ORIENTED_EDGE('',*,*,#3580,.T.);
#3582=CARTESIAN_POINT('',(-1.834490226075,1.531909139093,-0.055000000000));
#3583=VERTEX_POINT('',#3582);
#3584=CIRCLE('',#205,2.390000000000);
#3585=EDGE_CURVE('',#3578,#3583,#3584,.T.);
#3586=ORIENTED_EDGE('',*,*,#3585,.T.);
#3587=CARTESIAN_POINT('',(-1.911277559985,1.434962748192,-0.055000000000));
#3588=VERTEX_POINT('',#3587);
#3589=CIRCLE('',#205,2.390000000000);
#3590=EDGE_CURVE('',#3583,#3588,#3589,.T.);
#3591=ORIENTED_EDGE('',*,*,#3590,.T.);
#3592=CARTESIAN_POINT('',(-1.955347919311,1.374305102386,-0.055000000000));
#3593=VERTEX_POINT('',#3592);
#3594=CIRCLE('',#205,2.390000000000);
#3595=EDGE_CURVE('',#3588,#3593,#3594,.T.);
#3596=ORIENTED_EDGE('',*,*,#3595,.T.);
#3597=CARTESIAN_POINT('',(-2.023820824978,1.271317925770,-0.055000000000));
#3598=VERTEX_POINT('',#3597);
#3599=CIRCLE('',#205,2.390000000000);
#3600=EDGE_CURVE('',#3593,#3598,#3599,.T.);
#3601=ORIENTED_EDGE('',*,*,#3600,.T.);
#3602=CARTESIAN_POINT('',(-2.029837638577,1.261689011213,-0.055000000000));
#3603=VERTEX_POINT('',#3602);
#3604=CIRCLE('',#205,2.390000000000);
#3605=EDGE_CURVE('',#3598,#3603,#3604,.T.);
#3606=ORIENTED_EDGE('',*,*,#3605,.T.);
#3607=CARTESIAN_POINT('',(-2.092385353583,1.154999364549,-0.055000000000));
#3608=VERTEX_POINT('',#3607);
#3609=CIRCLE('',#205,2.390000000000);
#3610=EDGE_CURVE('',#3603,#3608,#3609,.T.);
#3611=ORIENTED_EDGE('',*,*,#3610,.T.);
#3612=CARTESIAN_POINT('',(-2.127584910539,1.088798626215,-0.055000000000));
#3613=VERTEX_POINT('',#3612);
#3614=CIRCLE('',#205,2.390000000000);
#3615=EDGE_CURVE('',#3608,#3613,#3614,.T.);
#3616=ORIENTED_EDGE('',*,*,#3615,.T.);
#3617=CARTESIAN_POINT('',(-2.181058397866,0.977284127109,-0.055000000000));
#3618=VERTEX_POINT('',#3617);
#3619=CIRCLE('',#205,2.390000000000);
#3620=EDGE_CURVE('',#3613,#3618,#3619,.T.);
#3621=ORIENTED_EDGE('',*,*,#3620,.T.);
#3622=CARTESIAN_POINT('',(-2.185676570350,0.966911541880,-0.055000000000));
#3623=VERTEX_POINT('',#3622);
#3624=CIRCLE('',#205,2.390000000000);
#3625=EDGE_CURVE('',#3618,#3623,#3624,.T.);
#3626=ORIENTED_EDGE('',*,*,#3625,.T.);
#3627=CARTESIAN_POINT('',(-2.232767246327,0.852555232068,-0.055000000000));
#3628=VERTEX_POINT('',#3627);
#3629=CIRCLE('',#205,2.390000000000);
#3630=EDGE_CURVE('',#3623,#3628,#3629,.T.);
#3631=ORIENTED_EDGE('',*,*,#3630,.T.);
#3632=CARTESIAN_POINT('',(-2.258410881574,0.782099923275,-0.055000000000));
#3633=VERTEX_POINT('',#3632);
#3634=CIRCLE('',#205,2.390000000000);
#3635=EDGE_CURVE('',#3628,#3633,#3634,.T.);
#3636=ORIENTED_EDGE('',*,*,#3635,.T.);
#3637=CARTESIAN_POINT('',(-2.295844149956,0.664228604558,-0.055000000000));
#3638=VERTEX_POINT('',#3637);
#3639=CIRCLE('',#205,2.390000000000);
#3640=EDGE_CURVE('',#3633,#3638,#3639,.T.);
#3641=ORIENTED_EDGE('',*,*,#3640,.T.);
#3642=CARTESIAN_POINT('',(-2.298973793852,0.653314239230,-0.055000000000));
#3643=VERTEX_POINT('',#3642);
#3644=CIRCLE('',#205,2.390000000000);
#3645=EDGE_CURVE('',#3638,#3643,#3644,.T.);
#3646=ORIENTED_EDGE('',*,*,#3645,.T.);
#3647=CARTESIAN_POINT('',(-2.329690864357,0.533517081762,-0.055000000000));
#3648=VERTEX_POINT('',#3647);
#3649=CIRCLE('',#205,2.390000000000);
#3650=EDGE_CURVE('',#3643,#3648,#3649,.T.);
#3651=ORIENTED_EDGE('',*,*,#3650,.T.);
#3652=CARTESIAN_POINT('',(-2.345279453704,0.460178534954,-0.055000000000));
#3653=VERTEX_POINT('',#3652);
#3654=CIRCLE('',#205,2.390000000000);
#3655=EDGE_CURVE('',#3648,#3653,#3654,.T.);
#3656=ORIENTED_EDGE('',*,*,#3655,.T.);
#3657=CARTESIAN_POINT('',(-2.365943907151,0.338244627768,-0.055000000000));
#3658=VERTEX_POINT('',#3657);
#3659=CIRCLE('',#205,2.390000000000);
#3660=EDGE_CURVE('',#3653,#3658,#3659,.T.);
#3661=ORIENTED_EDGE('',*,*,#3660,.T.);
#3662=CARTESIAN_POINT('',(-2.367524107500,0.327000918048,-0.055000000000));
#3663=VERTEX_POINT('',#3662);
#3664=CIRCLE('',#205,2.390000000000);
#3665=EDGE_CURVE('',#3658,#3663,#3664,.T.);
#3666=ORIENTED_EDGE('',*,*,#3665,.T.);
#3667=CARTESIAN_POINT('',(-2.381269699696,0.204094628327,-0.055000000000));
#3668=VERTEX_POINT('',#3667);
#3669=CIRCLE('',#205,2.390000000000);
#3670=EDGE_CURVE('',#3663,#3668,#3669,.T.);
#3671=ORIENTED_EDGE('',*,*,#3670,.T.);
#3672=CARTESIAN_POINT('',(-2.386499828984,0.129300294895,-0.055000000000));
#3673=VERTEX_POINT('',#3672);
#3674=CIRCLE('',#205,2.390000000000);
#3675=EDGE_CURVE('',#3668,#3673,#3674,.T.);
#3676=ORIENTED_EDGE('',*,*,#3675,.T.);
#3677=CARTESIAN_POINT('',(-2.389993257415,0.005677104047,-0.055000000000));
#3678=VERTEX_POINT('',#3677);
#3679=CIRCLE('',#205,2.390000000000);
#3680=EDGE_CURVE('',#3673,#3678,#3679,.T.);
#3681=ORIENTED_EDGE('',*,*,#3680,.T.);
#3682=CARTESIAN_POINT('',(-2.389993257415,-0.005677104047,-0.055000000000));
#3683=VERTEX_POINT('',#3682);
#3684=CIRCLE('',#205,2.390000000000);
#3685=EDGE_CURVE('',#3678,#3683,#3684,.T.);
#3686=ORIENTED_EDGE('',*,*,#3685,.T.);
#3687=CARTESIAN_POINT('',(-2.386499828984,-0.129300294895,-0.055000000000));
#3688=VERTEX_POINT('',#3687);
#3689=CIRCLE('',#205,2.390000000000);
#3690=EDGE_CURVE('',#3683,#3688,#3689,.T.);
#3691=ORIENTED_EDGE('',*,*,#3690,.T.);
#3692=CARTESIAN_POINT('',(-2.381269699696,-0.204094628327,-0.055000000000));
#3693=VERTEX_POINT('',#3692);
#3694=CIRCLE('',#205,2.390000000000);
#3695=EDGE_CURVE('',#3688,#3693,#3694,.T.);
#3696=ORIENTED_EDGE('',*,*,#3695,.T.);
#3697=CARTESIAN_POINT('',(-2.367524107500,-0.327000918048,-0.055000000000));
#3698=VERTEX_POINT('',#3697);
#3699=CIRCLE('',#205,2.390000000000);
#3700=EDGE_CURVE('',#3693,#3698,#3699,.T.);
#3701=ORIENTED_EDGE('',*,*,#3700,.T.);
#3702=CARTESIAN_POINT('',(-2.365943907151,-0.338244627768,-0.055000000000));
#3703=VERTEX_POINT('',#3702);
#3704=CIRCLE('',#205,2.390000000000);
#3705=EDGE_CURVE('',#3698,#3703,#3704,.T.);
#3706=ORIENTED_EDGE('',*,*,#3705,.T.);
#3707=CARTESIAN_POINT('',(-2.345279453704,-0.460178534954,-0.055000000000));
#3708=VERTEX_POINT('',#3707);
#3709=CIRCLE('',#205,2.390000000000);
#3710=EDGE_CURVE('',#3703,#3708,#3709,.T.);
#3711=ORIENTED_EDGE('',*,*,#3710,.T.);
#3712=CARTESIAN_POINT('',(-2.329690864357,-0.533517081762,-0.055000000000));
#3713=VERTEX_POINT('',#3712);
#3714=CIRCLE('',#205,2.390000000000);
#3715=EDGE_CURVE('',#3708,#3713,#3714,.T.);
#3716=ORIENTED_EDGE('',*,*,#3715,.T.);
#3717=CARTESIAN_POINT('',(-2.298973793852,-0.653314239230,-0.055000000000));
#3718=VERTEX_POINT('',#3717);
#3719=CIRCLE('',#205,2.390000000000);
#3720=EDGE_CURVE('',#3713,#3718,#3719,.T.);
#3721=ORIENTED_EDGE('',*,*,#3720,.T.);
#3722=CARTESIAN_POINT('',(-2.295844149956,-0.664228604558,-0.055000000000));
#3723=VERTEX_POINT('',#3722);
#3724=CIRCLE('',#205,2.390000000000);
#3725=EDGE_CURVE('',#3718,#3723,#3724,.T.);
#3726=ORIENTED_EDGE('',*,*,#3725,.T.);
#3727=CARTESIAN_POINT('',(-2.258410881574,-0.782099923275,-0.055000000000));
#3728=VERTEX_POINT('',#3727);
#3729=CIRCLE('',#205,2.390000000000);
#3730=EDGE_CURVE('',#3723,#3728,#3729,.T.);
#3731=ORIENTED_EDGE('',*,*,#3730,.T.);
#3732=CARTESIAN_POINT('',(-2.232767246327,-0.852555232068,-0.055000000000));
#3733=VERTEX_POINT('',#3732);
#3734=CIRCLE('',#205,2.390000000000);
#3735=EDGE_CURVE('',#3728,#3733,#3734,.T.);
#3736=ORIENTED_EDGE('',*,*,#3735,.T.);
#3737=CARTESIAN_POINT('',(-2.185676570350,-0.966911541880,-0.055000000000));
#3738=VERTEX_POINT('',#3737);
#3739=CIRCLE('',#205,2.390000000000);
#3740=EDGE_CURVE('',#3733,#3738,#3739,.T.);
#3741=ORIENTED_EDGE('',*,*,#3740,.T.);
#3742=CARTESIAN_POINT('',(-2.181058397866,-0.977284127109,-0.055000000000));
#3743=VERTEX_POINT('',#3742);
#3744=CIRCLE('',#205,2.390000000000);
#3745=EDGE_CURVE('',#3738,#3743,#3744,.T.);
#3746=ORIENTED_EDGE('',*,*,#3745,.T.);
#3747=CARTESIAN_POINT('',(-2.127584910539,-1.088798626215,-0.055000000000));
#3748=VERTEX_POINT('',#3747);
#3749=CIRCLE('',#205,2.390000000000);
#3750=EDGE_CURVE('',#3743,#3748,#3749,.T.);
#3751=ORIENTED_EDGE('',*,*,#3750,.T.);
#3752=CARTESIAN_POINT('',(-2.092385353583,-1.154999364549,-0.055000000000));
#3753=VERTEX_POINT('',#3752);
#3754=CIRCLE('',#205,2.390000000000);
#3755=EDGE_CURVE('',#3748,#3753,#3754,.T.);
#3756=ORIENTED_EDGE('',*,*,#3755,.T.);
#3757=CARTESIAN_POINT('',(-2.029837638577,-1.261689011213,-0.055000000000));
#3758=VERTEX_POINT('',#3757);
#3759=CIRCLE('',#205,2.390000000000);
#3760=EDGE_CURVE('',#3753,#3758,#3759,.T.);
#3761=ORIENTED_EDGE('',*,*,#3760,.T.);
#3762=CARTESIAN_POINT('',(-2.023820824978,-1.271317925770,-0.055000000000));
#3763=VERTEX_POINT('',#3762);
#3764=CIRCLE('',#205,2.390000000000);
#3765=EDGE_CURVE('',#3758,#3763,#3764,.T.);
#3766=ORIENTED_EDGE('',*,*,#3765,.T.);
#3767=CARTESIAN_POINT('',(-1.955347919311,-1.374305102386,-0.055000000000));
#3768=VERTEX_POINT('',#3767);
#3769=CIRCLE('',#205,2.390000000000);
#3770=EDGE_CURVE('',#3763,#3768,#3769,.T.);
#3771=ORIENTED_EDGE('',*,*,#3770,.T.);
#3772=CARTESIAN_POINT('',(-1.911277559985,-1.434962748192,-0.055000000000));
#3773=VERTEX_POINT('',#3772);
#3774=CIRCLE('',#205,2.390000000000);
#3775=EDGE_CURVE('',#3768,#3773,#3774,.T.);
#3776=ORIENTED_EDGE('',*,*,#3775,.T.);
#3777=CARTESIAN_POINT('',(-1.834490226075,-1.531909139093,-0.055000000000));
#3778=VERTEX_POINT('',#3777);
#3779=CIRCLE('',#205,2.390000000000);
#3780=EDGE_CURVE('',#3773,#3778,#3779,.T.);
#3781=ORIENTED_EDGE('',*,*,#3780,.T.);
#3782=CARTESIAN_POINT('',(-1.827191881795,-1.540606967109,-0.055000000000));
#3783=VERTEX_POINT('',#3782);
#3784=CIRCLE('',#205,2.390000000000);
#3785=EDGE_CURVE('',#3778,#3783,#3784,.T.);
#3786=ORIENTED_EDGE('',*,*,#3785,.T.);
#3787=CARTESIAN_POINT('',(-1.745052305010,-1.633062292988,-0.055000000000));
#3788=VERTEX_POINT('',#3787);
#3789=CIRCLE('',#205,2.390000000000);
#3790=EDGE_CURVE('',#3783,#3788,#3789,.T.);
#3791=ORIENTED_EDGE('',*,*,#3790,.T.);
#3792=CARTESIAN_POINT('',(-1.692968922727,-1.686996214186,-0.055000000000));
#3793=VERTEX_POINT('',#3792);
#3794=CIRCLE('',#205,2.390000000000);
#3795=EDGE_CURVE('',#3788,#3793,#3794,.T.);
#3796=ORIENTED_EDGE('',*,*,#3795,.T.);
#3797=CARTESIAN_POINT('',(-1.603436548024,-1.772312398101,-0.055000000000));
#3798=VERTEX_POINT('',#3797);
#3799=CIRCLE('',#205,2.390000000000);
#3800=EDGE_CURVE('',#3793,#3798,#3799,.T.);
#3801=ORIENTED_EDGE('',*,*,#3800,.T.);
#3802=CARTESIAN_POINT('',(-1.594998727032,-1.779909846247,-0.055000000000));
#3803=VERTEX_POINT('',#3802);
#3804=CIRCLE('',#205,2.390000000000);
#3805=EDGE_CURVE('',#3798,#3803,#3804,.T.);
#3806=ORIENTED_EDGE('',*,*,#3805,.T.);
#3807=CARTESIAN_POINT('',(-1.500791232559,-1.860033783638,-0.055000000000));
#3808=VERTEX_POINT('',#3807);
#3809=CIRCLE('',#205,2.390000000000);
#3810=EDGE_CURVE('',#3803,#3808,#3809,.T.);
#3811=ORIENTED_EDGE('',*,*,#3810,.T.);
#3812=CARTESIAN_POINT('',(-1.441708571113,-1.906194217802,-0.055000000000));
#3813=VERTEX_POINT('',#3812);
#3814=CIRCLE('',#205,2.390000000000);
#3815=EDGE_CURVE('',#3808,#3813,#3814,.T.);
#3816=ORIENTED_EDGE('',*,*,#3815,.T.);
#3817=CARTESIAN_POINT('',(-1.341173801447,-1.978219612255,-0.055000000000));
#3818=VERTEX_POINT('',#3817);
#3819=CIRCLE('',#205,2.390000000000);
#3820=EDGE_CURVE('',#3813,#3818,#3819,.T.);
#3821=ORIENTED_EDGE('',*,*,#3820,.T.);
#3822=CARTESIAN_POINT('',(-1.331760736331,-1.984568804845,-0.055000000000));
#3823=VERTEX_POINT('',#3822);
#3824=CIRCLE('',#205,2.390000000000);
#3825=EDGE_CURVE('',#3818,#3823,#3824,.T.);
#3826=ORIENTED_EDGE('',*,*,#3825,.T.);
#3827=CARTESIAN_POINT('',(-1.227318965891,-2.050801832446,-0.055000000000));
#3828=VERTEX_POINT('',#3827);
#3829=CIRCLE('',#205,2.390000000000);
#3830=EDGE_CURVE('',#3823,#3828,#3829,.T.);
#3831=ORIENTED_EDGE('',*,*,#3830,.T.);
#3832=CARTESIAN_POINT('',(-1.162387002080,-2.088290319231,-0.055000000000));
#3833=VERTEX_POINT('',#3832);
#3834=CIRCLE('',#205,2.390000000000);
#3835=EDGE_CURVE('',#3828,#3833,#3834,.T.);
#3836=ORIENTED_EDGE('',*,*,#3835,.T.);
#3837=CARTESIAN_POINT('',(-1.052806632389,-2.145623031848,-0.055000000000));
#3838=VERTEX_POINT('',#3837);
#3839=CIRCLE('',#205,2.390000000000);
#3840=EDGE_CURVE('',#3833,#3838,#3839,.T.);
#3841=ORIENTED_EDGE('',*,*,#3840,.T.);
#3842=CARTESIAN_POINT('',(-1.042601537754,-2.150600389071,-0.055000000000));
#3843=VERTEX_POINT('',#3842);
#3844=CIRCLE('',#205,2.390000000000);
#3845=EDGE_CURVE('',#3838,#3843,#3844,.T.);
#3846=ORIENTED_EDGE('',*,*,#3845,.T.);
#3847=CARTESIAN_POINT('',(-0.929958331607,-2.201653356338,-0.055000000000));
#3848=VERTEX_POINT('',#3847);
#3849=CIRCLE('',#205,2.390000000000);
#3850=EDGE_CURVE('',#3843,#3848,#3849,.T.);
#3851=ORIENTED_EDGE('',*,*,#3850,.T.);
#3852=CARTESIAN_POINT('',(-0.860440892248,-2.229740224992,-0.055000000000));
#3853=VERTEX_POINT('',#3852);
#3854=CIRCLE('',#205,2.390000000000);
#3855=EDGE_CURVE('',#3848,#3853,#3854,.T.);
#3856=ORIENTED_EDGE('',*,*,#3855,.T.);
#3857=CARTESIAN_POINT('',(-0.743947779780,-2.271264339737,-0.055000000000));
#3858=VERTEX_POINT('',#3857);
#3859=CIRCLE('',#205,2.390000000000);
#3860=EDGE_CURVE('',#3853,#3858,#3859,.T.);
#3861=ORIENTED_EDGE('',*,*,#3860,.T.);
#3862=CARTESIAN_POINT('',(-0.733149286186,-2.274772982995,-0.055000000000));
#3863=VERTEX_POINT('',#3862);
#3864=CIRCLE('',#205,2.390000000000);
#3865=EDGE_CURVE('',#3858,#3863,#3864,.T.);
#3866=ORIENTED_EDGE('',*,*,#3865,.T.);
#3867=CARTESIAN_POINT('',(-0.614497116210,-2.309652201993,-0.055000000000));
#3868=VERTEX_POINT('',#3867);
#3869=CIRCLE('',#205,2.390000000000);
#3870=EDGE_CURVE('',#3863,#3868,#3869,.T.);
#3871=ORIENTED_EDGE('',*,*,#3870,.T.);
#3872=CARTESIAN_POINT('',(-0.541747279185,-2.327790773565,-0.055000000000));
#3873=VERTEX_POINT('',#3872);
#3874=CIRCLE('',#205,2.390000000000);
#3875=EDGE_CURVE('',#3868,#3873,#3874,.T.);
#3876=ORIENTED_EDGE('',*,*,#3875,.T.);
#3877=CARTESIAN_POINT('',(-0.420608829866,-2.352698070777,-0.055000000000));
#3878=VERTEX_POINT('',#3877);
#3879=CIRCLE('',#205,2.390000000000);
#3880=EDGE_CURVE('',#3873,#3878,#3879,.T.);
#3881=ORIENTED_EDGE('',*,*,#3880,.T.);
#3882=CARTESIAN_POINT('',(-0.409427117707,-2.354669708321,-0.055000000000));
#3883=VERTEX_POINT('',#3882);
#3884=CIRCLE('',#205,2.390000000000);
#3885=EDGE_CURVE('',#3878,#3883,#3884,.T.);
#3886=ORIENTED_EDGE('',*,*,#3885,.T.);
#3887=CARTESIAN_POINT('',(-0.287075413426,-2.372696294726,-0.055000000000));
#3888=VERTEX_POINT('',#3887);
#3889=CIRCLE('',#205,2.390000000000);
#3890=EDGE_CURVE('',#3883,#3888,#3889,.T.);
#3891=ORIENTED_EDGE('',*,*,#3890,.T.);
#3892=CARTESIAN_POINT('',(-0.212509171561,-2.380533522554,-0.055000000000));
#3893=VERTEX_POINT('',#3892);
#3894=CIRCLE('',#205,2.390000000000);
#3895=EDGE_CURVE('',#3888,#3893,#3894,.T.);
#3896=ORIENTED_EDGE('',*,*,#3895,.T.);
#3897=CARTESIAN_POINT('',(-0.089083207514,-2.388339210024,-0.055000000000));
#3898=VERTEX_POINT('',#3897);
#3899=CIRCLE('',#205,2.390000000000);
#3900=EDGE_CURVE('',#3893,#3898,#3899,.T.);
#3901=ORIENTED_EDGE('',*,*,#3900,.T.);
#3902=CARTESIAN_POINT('',(-0.077735916098,-2.388735466172,-0.055000000000));
#3903=VERTEX_POINT('',#3902);
#3904=CIRCLE('',#205,2.390000000000);
#3905=EDGE_CURVE('',#3898,#3903,#3904,.T.);
#3906=ORIENTED_EDGE('',*,*,#3905,.T.);
#3907=CARTESIAN_POINT('',(0.045933885737,-2.389558552984,-0.055000000000));
#3908=VERTEX_POINT('',#3907);
#3909=CIRCLE('',#205,2.390000000000);
#3910=EDGE_CURVE('',#3903,#3908,#3909,.T.);
#3911=ORIENTED_EDGE('',*,*,#3910,.T.);
#3912=CARTESIAN_POINT('',(0.120865185361,-2.386941894343,-0.055000000000));
#3913=VERTEX_POINT('',#3912);
#3914=CIRCLE('',#205,2.390000000000);
#3915=EDGE_CURVE('',#3908,#3913,#3914,.T.);
#3916=ORIENTED_EDGE('',*,*,#3915,.T.);
#3917=CARTESIAN_POINT('',(0.244176318141,-2.377494043244,-0.055000000000));
#3918=VERTEX_POINT('',#3917);
#3919=CIRCLE('',#205,2.390000000000);
#3920=EDGE_CURVE('',#3913,#3918,#3919,.T.);
#3921=ORIENTED_EDGE('',*,*,#3920,.T.);
#3922=CARTESIAN_POINT('',(0.255468326694,-2.376307205320,-0.055000000000));
#3923=VERTEX_POINT('',#3922);
#3924=CIRCLE('',#205,2.390000000000);
#3925=EDGE_CURVE('',#3918,#3923,#3924,.T.);
#3926=ORIENTED_EDGE('',*,*,#3925,.T.);
#3927=CARTESIAN_POINT('',(0.378049134063,-2.359910772092,-0.055000000000));
#3928=VERTEX_POINT('',#3927);
#3929=CIRCLE('',#205,2.390000000000);
#3930=EDGE_CURVE('',#3923,#3928,#3929,.T.);
#3931=ORIENTED_EDGE('',*,*,#3930,.T.);
#3932=CARTESIAN_POINT('',(0.451887038933,-2.346891157264,-0.055000000000));
#3933=VERTEX_POINT('',#3932);
#3934=CIRCLE('',#205,2.390000000000);
#3935=EDGE_CURVE('',#3928,#3933,#3934,.T.);
#3936=ORIENTED_EDGE('',*,*,#3935,.T.);
#3937=CARTESIAN_POINT('',(0.572683229510,-2.320373659271,-0.055000000000));
#3938=VERTEX_POINT('',#3937);
#3939=CIRCLE('',#205,2.390000000000);
#3940=EDGE_CURVE('',#3933,#3938,#3939,.T.);
#3941=ORIENTED_EDGE('',*,*,#3940,.T.);
#3942=CARTESIAN_POINT('',(0.583700169098,-2.317626827726,-0.055000000000));
#3943=VERTEX_POINT('',#3942);
#3944=CIRCLE('',#205,2.390000000000);
#3945=EDGE_CURVE('',#3938,#3943,#3944,.T.);
#3946=ORIENTED_EDGE('',*,*,#3945,.T.);
#3947=CARTESIAN_POINT('',(0.702806086019,-2.284330012379,-0.055000000000));
#3948=VERTEX_POINT('',#3947);
#3949=CIRCLE('',#205,2.390000000000);
#3950=EDGE_CURVE('',#3943,#3948,#3949,.T.);
#3951=ORIENTED_EDGE('',*,*,#3950,.T.);
#3952=CARTESIAN_POINT('',(0.774113425306,-2.261160853359,-0.055000000000));
#3953=VERTEX_POINT('',#3952);
#3954=CIRCLE('',#205,2.390000000000);
#3955=EDGE_CURVE('',#3948,#3953,#3954,.T.);
#3956=ORIENTED_EDGE('',*,*,#3955,.T.);
#3957=CARTESIAN_POINT('',(0.890043513235,-2.218089841406,-0.055000000000));
#3958=VERTEX_POINT('',#3957);
#3959=CIRCLE('',#205,2.390000000000);
#3960=EDGE_CURVE('',#3953,#3958,#3959,.T.);
#3961=ORIENTED_EDGE('',*,*,#3960,.T.);
#3962=CARTESIAN_POINT('',(0.900570951660,-2.213836480191,-0.055000000000));
#3963=VERTEX_POINT('',#3962);
#3964=CIRCLE('',#205,2.390000000000);
#3965=EDGE_CURVE('',#3958,#3963,#3964,.T.);
#3966=ORIENTED_EDGE('',*,*,#3965,.T.);
#3967=CARTESIAN_POINT('',(1.013883716941,-2.164287367362,-0.055000000000));
#3968=VERTEX_POINT('',#3967);
#3969=CIRCLE('',#205,2.390000000000);
#3970=EDGE_CURVE('',#3963,#3968,#3969,.T.);
#3971=ORIENTED_EDGE('',*,*,#3970,.T.);
#3972=CARTESIAN_POINT('',(1.081272574396,-2.131419625475,-0.055000000000));
#3973=VERTEX_POINT('',#3972);
#3974=CIRCLE('',#205,2.390000000000);
#3975=EDGE_CURVE('',#3968,#3973,#3974,.T.);
#3976=ORIENTED_EDGE('',*,*,#3975,.T.);
#3977=CARTESIAN_POINT('',(1.190080112383,-2.072633427818,-0.055000000000));
#3978=VERTEX_POINT('',#3977);
#3979=CIRCLE('',#205,2.390000000000);
#3980=EDGE_CURVE('',#3973,#3978,#3979,.T.);
#3981=ORIENTED_EDGE('',*,*,#3980,.T.);
#3982=CARTESIAN_POINT('',(1.199913145032,-2.066956323772,-0.055000000000));
#3983=VERTEX_POINT('',#3982);
#3984=CIRCLE('',#205,2.390000000000);
#3985=EDGE_CURVE('',#3978,#3983,#3984,.T.);
#3986=ORIENTED_EDGE('',*,*,#3985,.T.);
#3987=CARTESIAN_POINT('',(1.305227254588,-2.002119330580,-0.055000000000));
#3988=VERTEX_POINT('',#3987);
#3989=CIRCLE('',#205,2.390000000000);
#3990=EDGE_CURVE('',#3983,#3988,#3989,.T.);
#3991=ORIENTED_EDGE('',*,*,#3990,.T.);
#3992=CARTESIAN_POINT('',(1.367385982755,-1.960192739035,-0.055000000000));
#3993=VERTEX_POINT('',#3992);
#3994=CIRCLE('',#205,2.390000000000);
#3995=EDGE_CURVE('',#3988,#3993,#3994,.T.);
#3996=ORIENTED_EDGE('',*,*,#3995,.T.);
#3997=CARTESIAN_POINT('',(1.466953155840,-1.886835562144,-0.055000000000));
#3998=VERTEX_POINT('',#3997);
#3999=CIRCLE('',#205,2.390000000000);
#4000=EDGE_CURVE('',#3993,#3998,#3999,.T.);
#4001=ORIENTED_EDGE('',*,*,#4000,.T.);
#4002=CARTESIAN_POINT('',(1.475900393917,-1.879845213638,-0.055000000000));
#4003=VERTEX_POINT('',#4002);
#4004=CIRCLE('',#205,2.390000000000);
#4005=EDGE_CURVE('',#3998,#4003,#4004,.T.);
#4006=ORIENTED_EDGE('',*,*,#4005,.T.);
#4007=CARTESIAN_POINT('',(1.571166028399,-1.800982318405,-0.055000000000));
#4008=VERTEX_POINT('',#4007);
#4009=CIRCLE('',#205,2.390000000000);
#4010=EDGE_CURVE('',#4003,#4008,#4009,.T.);
#4011=ORIENTED_EDGE('',*,*,#4010,.T.);
#4012=CARTESIAN_POINT('',(1.626884778338,-1.750812930616,-0.055000000000));
#4013=VERTEX_POINT('',#4012);
#4014=CIRCLE('',#205,2.390000000000);
#4015=EDGE_CURVE('',#4008,#4013,#4014,.T.);
#4016=ORIENTED_EDGE('',*,*,#4015,.T.);
#4017=CARTESIAN_POINT('',(1.715273624754,-1.664312588495,-0.055000000000));
#4018=VERTEX_POINT('',#4017);
#4019=CIRCLE('',#205,2.390000000000);
#4020=EDGE_CURVE('',#4013,#4018,#4019,.T.);
#4021=ORIENTED_EDGE('',*,*,#4020,.T.);
#4022=CARTESIAN_POINT('',(1.723160920446,-1.656145054713,-0.055000000000));
#4023=VERTEX_POINT('',#4022);
#4024=CIRCLE('',#205,2.390000000000);
#4025=EDGE_CURVE('',#4018,#4023,#4024,.T.);
#4026=ORIENTED_EDGE('',*,*,#4025,.T.);
#4027=CARTESIAN_POINT('',(1.806523842641,-1.564791233989,-0.055000000000));
#4028=VERTEX_POINT('',#4027);
#4029=CIRCLE('',#205,2.390000000000);
#4030=EDGE_CURVE('',#4023,#4028,#4029,.T.);
#4031=ORIENTED_EDGE('',*,*,#4030,.T.);
#4032=CARTESIAN_POINT('',(1.854718112264,-1.507355540023,-0.055000000000));
#4033=VERTEX_POINT('',#4032);
#4034=CIRCLE('',#205,2.390000000000);
#4035=EDGE_CURVE('',#4028,#4033,#4034,.T.);
#4036=ORIENTED_EDGE('',*,*,#4035,.T.);
#4037=CARTESIAN_POINT('',(1.930208243656,-1.409395663440,-0.055000000000));
#4038=VERTEX_POINT('',#4037);
#4039=CIRCLE('',#205,2.390000000000);
#4040=EDGE_CURVE('',#4033,#4038,#4039,.T.);
#4041=ORIENTED_EDGE('',*,*,#4040,.T.);
#4042=CARTESIAN_POINT('',(1.936882079725,-1.400209916134,-0.055000000000));
#4043=VERTEX_POINT('',#4042);
#4044=CIRCLE('',#205,2.390000000000);
#4045=EDGE_CURVE('',#4038,#4043,#4044,.T.);
#4046=ORIENTED_EDGE('',*,*,#4045,.T.);
#4047=CARTESIAN_POINT('',(2.006719725177,-1.298143268127,-0.055000000000));
#4048=VERTEX_POINT('',#4047);
#4049=CIRCLE('',#205,2.390000000000);
#4050=EDGE_CURVE('',#4043,#4048,#4049,.T.);
#4051=ORIENTED_EDGE('',*,*,#4050,.T.);
#4052=CARTESIAN_POINT('',(2.046451467846,-1.234559188435,-0.055000000000));
#4053=VERTEX_POINT('',#4052);
#4054=CIRCLE('',#205,2.390000000000);
#4055=EDGE_CURVE('',#4048,#4053,#4054,.T.);
#4056=ORIENTED_EDGE('',*,*,#4055,.T.);
#4057=CARTESIAN_POINT('',(2.107573554675,-1.127046454959,-0.055000000000));
#4058=VERTEX_POINT('',#4057);
#4059=CIRCLE('',#205,2.390000000000);
#4060=EDGE_CURVE('',#4053,#4058,#4059,.T.);
#4061=ORIENTED_EDGE('',*,*,#4060,.T.);
#4062=CARTESIAN_POINT('',(2.112904032493,-1.117021284254,-0.055000000000));
#4063=VERTEX_POINT('',#4062);
#4064=CIRCLE('',#205,2.390000000000);
#4065=EDGE_CURVE('',#4058,#4063,#4064,.T.);
#4066=ORIENTED_EDGE('',*,*,#4065,.T.);
#4067=CARTESIAN_POINT('',(2.167857090873,-1.006228420168,-0.055000000000));
#4068=VERTEX_POINT('',#4067);
#4069=CIRCLE('',#205,2.390000000000);
#4070=EDGE_CURVE('',#4063,#4068,#4069,.T.);
#4071=ORIENTED_EDGE('',*,*,#4070,.T.);
#4072=CARTESIAN_POINT('',(2.198352973411,-0.937733546534,-0.055000000000));
#4073=VERTEX_POINT('',#4072);
#4074=CIRCLE('',#205,2.390000000000);
#4075=EDGE_CURVE('',#4068,#4073,#4074,.T.);
#4076=ORIENTED_EDGE('',*,*,#4075,.T.);
#4077=CARTESIAN_POINT('',(2.243917343781,-0.822760569229,-0.055000000000));
#4078=VERTEX_POINT('',#4077);
#4079=CIRCLE('',#205,2.390000000000);
#4080=EDGE_CURVE('',#4073,#4078,#4079,.T.);
#4081=ORIENTED_EDGE('',*,*,#4080,.T.);
#4082=CARTESIAN_POINT('',(2.247800711661,-0.812091103668,-0.055000000000));
#4083=VERTEX_POINT('',#4082);
#4084=CIRCLE('',#205,2.390000000000);
#4085=EDGE_CURVE('',#4078,#4083,#4084,.T.);
#4086=ORIENTED_EDGE('',*,*,#4085,.T.);
#4087=CARTESIAN_POINT('',(2.286799584195,-0.694728480577,-0.055000000000));
#4088=VERTEX_POINT('',#4087);
#4089=CIRCLE('',#205,2.390000000000);
#4090=EDGE_CURVE('',#4083,#4088,#4089,.T.);
#4091=ORIENTED_EDGE('',*,*,#4090,.T.);
#4092=CARTESIAN_POINT('',(2.307466038937,-0.622655987806,-0.055000000000));
#4093=VERTEX_POINT('',#4092);
#4094=CIRCLE('',#205,2.390000000000);
#4095=EDGE_CURVE('',#4088,#4093,#4094,.T.);
#4096=ORIENTED_EDGE('',*,*,#4095,.T.);
#4097=CARTESIAN_POINT('',(2.336585834209,-0.502460584895,-0.055000000000));
#4098=VERTEX_POINT('',#4097);
#4099=CIRCLE('',#205,2.390000000000);
#4100=EDGE_CURVE('',#4093,#4098,#4099,.T.);
#4101=ORIENTED_EDGE('',*,*,#4100,.T.);
#4102=CARTESIAN_POINT('',(2.338946506812,-0.491354493490,-0.055000000000));
#4103=VERTEX_POINT('',#4102);
#4104=CIRCLE('',#205,2.390000000000);
#4105=EDGE_CURVE('',#4098,#4103,#4104,.T.);
#4106=ORIENTED_EDGE('',*,*,#4105,.T.);
#4107=CARTESIAN_POINT('',(2.361232124807,-0.369706441354,-0.055000000000));
#4108=VERTEX_POINT('',#4107);
#4109=CIRCLE('',#205,2.390000000000);
#4110=EDGE_CURVE('',#4103,#4108,#4109,.T.);
#4111=ORIENTED_EDGE('',*,*,#4110,.T.);
#4112=CARTESIAN_POINT('',(2.371666902720,-0.295459138536,-0.055000000000));
#4113=VERTEX_POINT('',#4112);
#4114=CIRCLE('',#205,2.390000000000);
#4115=EDGE_CURVE('',#4108,#4113,#4114,.T.);
#4116=ORIENTED_EDGE('',*,*,#4115,.T.);
#4117=CARTESIAN_POINT('',(2.383775339201,-0.172380776816,-0.055000000000));
#4118=VERTEX_POINT('',#4117);
#4119=CIRCLE('',#205,2.390000000000);
#4120=EDGE_CURVE('',#4113,#4118,#4119,.T.);
#4121=ORIENTED_EDGE('',*,*,#4120,.T.);
#4122=CARTESIAN_POINT('',(2.384567368720,-0.161054227003,-0.055000000000));
#4123=VERTEX_POINT('',#4122);
#4124=CIRCLE('',#205,2.390000000000);
#4125=EDGE_CURVE('',#4118,#4123,#4124,.T.);
#4126=ORIENTED_EDGE('',*,*,#4125,.T.);
#4127=CARTESIAN_POINT('',(2.389705967971,-0.037488486785,-0.055000000000));
#4128=VERTEX_POINT('',#4127);
#4129=CIRCLE('',#205,2.390000000000);
#4130=EDGE_CURVE('',#4123,#4128,#4129,.T.);
#4131=ORIENTED_EDGE('',*,*,#4130,.T.);
#4132=CARTESIAN_POINT('',(2.389705967971,0.037488486785,-0.055000000000));
#4133=VERTEX_POINT('',#4132);
#4134=CIRCLE('',#205,2.390000000000);
#4135=EDGE_CURVE('',#4128,#4133,#4134,.T.);
#4136=ORIENTED_EDGE('',*,*,#4135,.T.);
#4137=CARTESIAN_POINT('',(2.384567368720,0.161054227003,-0.055000000000));
#4138=VERTEX_POINT('',#4137);
#4139=CIRCLE('',#205,2.390000000000);
#4140=EDGE_CURVE('',#4133,#4138,#4139,.T.);
#4141=ORIENTED_EDGE('',*,*,#4140,.T.);
#4142=CARTESIAN_POINT('',(2.383775339201,0.172380776816,-0.055000000000));
#4143=VERTEX_POINT('',#4142);
#4144=CIRCLE('',#205,2.390000000000);
#4145=EDGE_CURVE('',#4138,#4143,#4144,.T.);
#4146=ORIENTED_EDGE('',*,*,#4145,.T.);
#4147=CARTESIAN_POINT('',(2.371666902720,0.295459138536,-0.055000000000));
#4148=VERTEX_POINT('',#4147);
#4149=CIRCLE('',#205,2.390000000000);
#4150=EDGE_CURVE('',#4143,#4148,#4149,.T.);
#4151=ORIENTED_EDGE('',*,*,#4150,.T.);
#4152=CARTESIAN_POINT('',(2.361232124807,0.369706441354,-0.055000000000));
#4153=VERTEX_POINT('',#4152);
#4154=CIRCLE('',#205,2.390000000000);
#4155=EDGE_CURVE('',#4148,#4153,#4154,.T.);
#4156=ORIENTED_EDGE('',*,*,#4155,.T.);
#4157=CARTESIAN_POINT('',(2.338946506812,0.491354493490,-0.055000000000));
#4158=VERTEX_POINT('',#4157);
#4159=CIRCLE('',#205,2.390000000000);
#4160=EDGE_CURVE('',#4153,#4158,#4159,.T.);
#4161=ORIENTED_EDGE('',*,*,#4160,.T.);
#4162=CARTESIAN_POINT('',(2.336585834209,0.502460584895,-0.055000000000));
#4163=VERTEX_POINT('',#4162);
#4164=CIRCLE('',#205,2.390000000000);
#4165=EDGE_CURVE('',#4158,#4163,#4164,.T.);
#4166=ORIENTED_EDGE('',*,*,#4165,.T.);
#4167=CARTESIAN_POINT('',(2.307466038937,0.622655987806,-0.055000000000));
#4168=VERTEX_POINT('',#4167);
#4169=CIRCLE('',#205,2.390000000000);
#4170=EDGE_CURVE('',#4163,#4168,#4169,.T.);
#4171=ORIENTED_EDGE('',*,*,#4170,.T.);
#4172=CARTESIAN_POINT('',(2.286799584195,0.694728480577,-0.055000000000));
#4173=VERTEX_POINT('',#4172);
#4174=CIRCLE('',#205,2.390000000000);
#4175=EDGE_CURVE('',#4168,#4173,#4174,.T.);
#4176=ORIENTED_EDGE('',*,*,#4175,.T.);
#4177=CARTESIAN_POINT('',(2.247800711661,0.812091103668,-0.055000000000));
#4178=VERTEX_POINT('',#4177);
#4179=CIRCLE('',#205,2.390000000000);
#4180=EDGE_CURVE('',#4173,#4178,#4179,.T.);
#4181=ORIENTED_EDGE('',*,*,#4180,.T.);
#4182=CARTESIAN_POINT('',(2.243917343781,0.822760569229,-0.055000000000));
#4183=VERTEX_POINT('',#4182);
#4184=CIRCLE('',#205,2.390000000000);
#4185=EDGE_CURVE('',#4178,#4183,#4184,.T.);
#4186=ORIENTED_EDGE('',*,*,#4185,.T.);
#4187=CARTESIAN_POINT('',(2.198352973411,0.937733546534,-0.055000000000));
#4188=VERTEX_POINT('',#4187);
#4189=CIRCLE('',#205,2.390000000000);
#4190=EDGE_CURVE('',#4183,#4188,#4189,.T.);
#4191=ORIENTED_EDGE('',*,*,#4190,.T.);
#4192=CARTESIAN_POINT('',(2.167857090873,1.006228420168,-0.055000000000));
#4193=VERTEX_POINT('',#4192);
#4194=CIRCLE('',#205,2.390000000000);
#4195=EDGE_CURVE('',#4188,#4193,#4194,.T.);
#4196=ORIENTED_EDGE('',*,*,#4195,.T.);
#4197=CARTESIAN_POINT('',(2.112904032493,1.117021284254,-0.055000000000));
#4198=VERTEX_POINT('',#4197);
#4199=CIRCLE('',#205,2.390000000000);
#4200=EDGE_CURVE('',#4193,#4198,#4199,.T.);
#4201=ORIENTED_EDGE('',*,*,#4200,.T.);
#4202=CARTESIAN_POINT('',(2.107573554675,1.127046454959,-0.055000000000));
#4203=VERTEX_POINT('',#4202);
#4204=CIRCLE('',#205,2.390000000000);
#4205=EDGE_CURVE('',#4198,#4203,#4204,.T.);
#4206=ORIENTED_EDGE('',*,*,#4205,.T.);
#4207=CARTESIAN_POINT('',(2.046451467846,1.234559188435,-0.055000000000));
#4208=VERTEX_POINT('',#4207);
#4209=CIRCLE('',#205,2.390000000000);
#4210=EDGE_CURVE('',#4203,#4208,#4209,.T.);
#4211=ORIENTED_EDGE('',*,*,#4210,.T.);
#4212=CARTESIAN_POINT('',(2.006719725177,1.298143268127,-0.055000000000));
#4213=VERTEX_POINT('',#4212);
#4214=CIRCLE('',#205,2.390000000000);
#4215=EDGE_CURVE('',#4208,#4213,#4214,.T.);
#4216=ORIENTED_EDGE('',*,*,#4215,.T.);
#4217=CARTESIAN_POINT('',(1.936882079725,1.400209916134,-0.055000000000));
#4218=VERTEX_POINT('',#4217);
#4219=CIRCLE('',#205,2.390000000000);
#4220=EDGE_CURVE('',#4213,#4218,#4219,.T.);
#4221=ORIENTED_EDGE('',*,*,#4220,.T.);
#4222=CARTESIAN_POINT('',(1.930208243656,1.409395663440,-0.055000000000));
#4223=VERTEX_POINT('',#4222);
#4224=CIRCLE('',#205,2.390000000000);
#4225=EDGE_CURVE('',#4218,#4223,#4224,.T.);
#4226=ORIENTED_EDGE('',*,*,#4225,.T.);
#4227=CARTESIAN_POINT('',(1.854718112264,1.507355540023,-0.055000000000));
#4228=VERTEX_POINT('',#4227);
#4229=CIRCLE('',#205,2.390000000000);
#4230=EDGE_CURVE('',#4223,#4228,#4229,.T.);
#4231=ORIENTED_EDGE('',*,*,#4230,.T.);
#4232=CARTESIAN_POINT('',(1.806523842641,1.564791233989,-0.055000000000));
#4233=VERTEX_POINT('',#4232);
#4234=CIRCLE('',#205,2.390000000000);
#4235=EDGE_CURVE('',#4228,#4233,#4234,.T.);
#4236=ORIENTED_EDGE('',*,*,#4235,.T.);
#4237=CARTESIAN_POINT('',(1.723160920446,1.656145054713,-0.055000000000));
#4238=VERTEX_POINT('',#4237);
#4239=CIRCLE('',#205,2.390000000000);
#4240=EDGE_CURVE('',#4233,#4238,#4239,.T.);
#4241=ORIENTED_EDGE('',*,*,#4240,.T.);
#4242=CARTESIAN_POINT('',(1.715273624754,1.664312588495,-0.055000000000));
#4243=VERTEX_POINT('',#4242);
#4244=CIRCLE('',#205,2.390000000000);
#4245=EDGE_CURVE('',#4238,#4243,#4244,.T.);
#4246=ORIENTED_EDGE('',*,*,#4245,.T.);
#4247=CARTESIAN_POINT('',(1.626884778338,1.750812930616,-0.055000000000));
#4248=VERTEX_POINT('',#4247);
#4249=CIRCLE('',#205,2.390000000000);
#4250=EDGE_CURVE('',#4243,#4248,#4249,.T.);
#4251=ORIENTED_EDGE('',*,*,#4250,.T.);
#4252=CARTESIAN_POINT('',(1.571166028399,1.800982318405,-0.055000000000));
#4253=VERTEX_POINT('',#4252);
#4254=CIRCLE('',#205,2.390000000000);
#4255=EDGE_CURVE('',#4248,#4253,#4254,.T.);
#4256=ORIENTED_EDGE('',*,*,#4255,.T.);
#4257=CARTESIAN_POINT('',(1.475900393917,1.879845213638,-0.055000000000));
#4258=VERTEX_POINT('',#4257);
#4259=CIRCLE('',#205,2.390000000000);
#4260=EDGE_CURVE('',#4253,#4258,#4259,.T.);
#4261=ORIENTED_EDGE('',*,*,#4260,.T.);
#4262=CARTESIAN_POINT('',(1.466953155840,1.886835562144,-0.055000000000));
#4263=VERTEX_POINT('',#4262);
#4264=CIRCLE('',#205,2.390000000000);
#4265=EDGE_CURVE('',#4258,#4263,#4264,.T.);
#4266=ORIENTED_EDGE('',*,*,#4265,.T.);
#4267=CARTESIAN_POINT('',(1.367385982755,1.960192739035,-0.055000000000));
#4268=VERTEX_POINT('',#4267);
#4269=CIRCLE('',#205,2.390000000000);
#4270=EDGE_CURVE('',#4263,#4268,#4269,.T.);
#4271=ORIENTED_EDGE('',*,*,#4270,.T.);
#4272=CARTESIAN_POINT('',(1.305227254588,2.002119330580,-0.055000000000));
#4273=VERTEX_POINT('',#4272);
#4274=CIRCLE('',#205,2.390000000000);
#4275=EDGE_CURVE('',#4268,#4273,#4274,.T.);
#4276=ORIENTED_EDGE('',*,*,#4275,.T.);
#4277=CARTESIAN_POINT('',(1.199913145032,2.066956323772,-0.055000000000));
#4278=VERTEX_POINT('',#4277);
#4279=CIRCLE('',#205,2.390000000000);
#4280=EDGE_CURVE('',#4273,#4278,#4279,.T.);
#4281=ORIENTED_EDGE('',*,*,#4280,.T.);
#4282=CARTESIAN_POINT('',(1.190080112383,2.072633427818,-0.055000000000));
#4283=VERTEX_POINT('',#4282);
#4284=CIRCLE('',#205,2.390000000000);
#4285=EDGE_CURVE('',#4278,#4283,#4284,.T.);
#4286=ORIENTED_EDGE('',*,*,#4285,.T.);
#4287=CARTESIAN_POINT('',(1.081272574396,2.131419625475,-0.055000000000));
#4288=VERTEX_POINT('',#4287);
#4289=CIRCLE('',#205,2.390000000000);
#4290=EDGE_CURVE('',#4283,#4288,#4289,.T.);
#4291=ORIENTED_EDGE('',*,*,#4290,.T.);
#4292=CARTESIAN_POINT('',(1.013883716941,2.164287367362,-0.055000000000));
#4293=VERTEX_POINT('',#4292);
#4294=CIRCLE('',#205,2.390000000000);
#4295=EDGE_CURVE('',#4288,#4293,#4294,.T.);
#4296=ORIENTED_EDGE('',*,*,#4295,.T.);
#4297=CARTESIAN_POINT('',(0.900570951660,2.213836480191,-0.055000000000));
#4298=VERTEX_POINT('',#4297);
#4299=CIRCLE('',#205,2.390000000000);
#4300=EDGE_CURVE('',#4293,#4298,#4299,.T.);
#4301=ORIENTED_EDGE('',*,*,#4300,.T.);
#4302=CARTESIAN_POINT('',(0.890043513235,2.218089841406,-0.055000000000));
#4303=VERTEX_POINT('',#4302);
#4304=CIRCLE('',#205,2.390000000000);
#4305=EDGE_CURVE('',#4298,#4303,#4304,.T.);
#4306=ORIENTED_EDGE('',*,*,#4305,.T.);
#4307=CARTESIAN_POINT('',(0.774113425306,2.261160853359,-0.055000000000));
#4308=VERTEX_POINT('',#4307);
#4309=CIRCLE('',#205,2.390000000000);
#4310=EDGE_CURVE('',#4303,#4308,#4309,.T.);
#4311=ORIENTED_EDGE('',*,*,#4310,.T.);
#4312=CARTESIAN_POINT('',(0.702806086019,2.284330012379,-0.055000000000));
#4313=VERTEX_POINT('',#4312);
#4314=CIRCLE('',#205,2.390000000000);
#4315=EDGE_CURVE('',#4308,#4313,#4314,.T.);
#4316=ORIENTED_EDGE('',*,*,#4315,.T.);
#4317=CARTESIAN_POINT('',(0.583700169098,2.317626827726,-0.055000000000));
#4318=VERTEX_POINT('',#4317);
#4319=CIRCLE('',#205,2.390000000000);
#4320=EDGE_CURVE('',#4313,#4318,#4319,.T.);
#4321=ORIENTED_EDGE('',*,*,#4320,.T.);
#4322=CARTESIAN_POINT('',(0.572683229510,2.320373659271,-0.055000000000));
#4323=VERTEX_POINT('',#4322);
#4324=CIRCLE('',#205,2.390000000000);
#4325=EDGE_CURVE('',#4318,#4323,#4324,.T.);
#4326=ORIENTED_EDGE('',*,*,#4325,.T.);
#4327=CARTESIAN_POINT('',(0.451887038933,2.346891157264,-0.055000000000));
#4328=VERTEX_POINT('',#4327);
#4329=CIRCLE('',#205,2.390000000000);
#4330=EDGE_CURVE('',#4323,#4328,#4329,.T.);
#4331=ORIENTED_EDGE('',*,*,#4330,.T.);
#4332=CARTESIAN_POINT('',(0.378049134063,2.359910772092,-0.055000000000));
#4333=VERTEX_POINT('',#4332);
#4334=CIRCLE('',#205,2.390000000000);
#4335=EDGE_CURVE('',#4328,#4333,#4334,.T.);
#4336=ORIENTED_EDGE('',*,*,#4335,.T.);
#4337=CARTESIAN_POINT('',(0.255468326694,2.376307205320,-0.055000000000));
#4338=VERTEX_POINT('',#4337);
#4339=CIRCLE('',#205,2.390000000000);
#4340=EDGE_CURVE('',#4333,#4338,#4339,.T.);
#4341=ORIENTED_EDGE('',*,*,#4340,.T.);
#4342=CARTESIAN_POINT('',(0.244176318141,2.377494043244,-0.055000000000));
#4343=VERTEX_POINT('',#4342);
#4344=CIRCLE('',#205,2.390000000000);
#4345=EDGE_CURVE('',#4338,#4343,#4344,.T.);
#4346=ORIENTED_EDGE('',*,*,#4345,.T.);
#4347=CARTESIAN_POINT('',(0.120865185361,2.386941894343,-0.055000000000));
#4348=VERTEX_POINT('',#4347);
#4349=CIRCLE('',#205,2.390000000000);
#4350=EDGE_CURVE('',#4343,#4348,#4349,.T.);
#4351=ORIENTED_EDGE('',*,*,#4350,.T.);
#4352=CARTESIAN_POINT('',(0.045933885737,2.389558552984,-0.055000000000));
#4353=VERTEX_POINT('',#4352);
#4354=CIRCLE('',#205,2.390000000000);
#4355=EDGE_CURVE('',#4348,#4353,#4354,.T.);
#4356=ORIENTED_EDGE('',*,*,#4355,.T.);
#4357=CIRCLE('',#205,2.390000000000);
#4358=EDGE_CURVE('',#4353,#3461,#4357,.T.);
#4359=ORIENTED_EDGE('',*,*,#4358,.T.);
#4360=EDGE_LOOP('',(#3466,#3471,#3476,#3481,#3486,#3491,#3496,#3501,#3506,#3511,#3516,#3521,#3526,#3531,#3536,#3541,#3546,#3551,#3556,#3561,#3566,#3571,#3576,#3581,#3586,#3591,#3596,#3601,#3606,#3611,#3616,#3621,#3626,#3631,#3636,#3641,#3646,#3651,#3656,#3661,#3666,#3671,#3676,#3681,#3686,#3691,#3696,#3701,#3706,#3711,#3716,#3721,#3726,#3731,#3736,#3741,#3746,#3751,#3756,#3761,#3766,#3771,#3776,#3781,#3786,#3791,#3796,#3801,#3806,#3811,#3816,#3821,#3826,#3831,#3836,#3841,#3846,#3851,#3856,#3861,#3866,#3871,#3876,#3881,#3886,#3891,#3896,#3901,#3906,#3911,#3916,#3921,#3926,#3931,#3936,#3941,#3946,#3951,#3956,#3961,#3966,#3971,#3976,#3981,#3986,#3991,#3996,#4001,#4006,#4011,#4016,#4021,#4026,#4031,#4036,#4041,#4046,#4051,#4056,#4061,#4066,#4071,#4076,#4081,#4086,#4091,#4096,#4101,#4106,#4111,#4116,#4121,#4126,#4131,#4136,#4141,#4146,#4151,#4156,#4161,#4166,#4171,#4176,#4181,#4186,#4191,#4196,#4201,#4206,#4211,#4216,#4221,#4226,#4231,#4236,#4241,#4246,#4251,#4256,#4261,#4266,#4271,#4276,#4281,#4286,#4291,#4296,#4301,#4306,#4311,#4316,#4321,#4326,#4331,#4336,#4341,#4346,#4351,#4356,#4359));
#4361=ORIENTED_EDGE('',*,*,#22,.F.);
#4362=ORIENTED_EDGE('',*,*,#1149,.F.);
#4363=CARTESIAN_POINT('',(1.451761475957,-2.289258762570,-0.055000000000));
#4364=VERTEX_POINT('',#4363);
#4365=CARTESIAN_POINT('',(-0.534165384595,-0.645266752272,-0.055000000000));
#4366=DIRECTION('',(-0.770305468255,0.637675062690,0.000000000000));
#4367=VECTOR('',#4366,1.0);
#4368=LINE('',#4365,#4367);
#4369=EDGE_CURVE('',#1143,#4364,#4368,.T.);
#4370=ORIENTED_EDGE('',*,*,#4369,.T.);
#4371=CARTESIAN_POINT('',(1.321103487685,-2.181097332727,-0.055000000000));
#4372=VERTEX_POINT('',#4371);
#4373=LINE('',#4365,#4367);
#4374=EDGE_CURVE('',#4364,#4372,#4373,.T.);
#4375=ORIENTED_EDGE('',*,*,#4374,.T.);
#4376=CARTESIAN_POINT('',(1.228333954425,-2.234657847726,-0.055000000000));
#4377=VERTEX_POINT('',#4376);
#4378=CIRCLE('',#205,2.550000000000);
#4379=EDGE_CURVE('',#4377,#4372,#4378,.T.);
#4380=ORIENTED_EDGE('',*,*,#4379,.F.);
#4381=CARTESIAN_POINT('',(1.256675506243,-2.401891699700,-0.055000000000));
#4382=VERTEX_POINT('',#4381);
#4383=CARTESIAN_POINT('',(0.825900091982,0.139967416746,-0.055000000000));
#4384=DIRECTION('',(0.167090069522,-0.985941635528,0.000000000000));
#4385=VECTOR('',#4384,1.0);
#4386=LINE('',#4383,#4385);
#4387=EDGE_CURVE('',#4377,#4382,#4386,.T.);
#4388=ORIENTED_EDGE('',*,*,#4387,.T.);
#4389=LINE('',#4383,#4385);
#4390=EDGE_CURVE('',#4382,#720,#4389,.T.);
#4391=ORIENTED_EDGE('',*,*,#4390,.T.);
#4392=ORIENTED_EDGE('',*,*,#722,.F.);
#4393=CARTESIAN_POINT('',(1.119029792183,-2.469026000123,-0.055000000000));
#4394=VERTEX_POINT('',#4393);
#4395=CARTESIAN_POINT('',(-0.618770698652,-0.564645607595,-0.055000000000));
#4396=DIRECTION('',(-0.674061692510,0.738675053518,0.000000000000));
#4397=VECTOR('',#4396,1.0);
#4398=LINE('',#4395,#4397);
#4399=EDGE_CURVE('',#714,#4394,#4398,.T.);
#4400=ORIENTED_EDGE('',*,*,#4399,.T.);
#4401=CARTESIAN_POINT('',(1.004696520066,-2.343733112487,-0.055000000000));
#4402=VERTEX_POINT('',#4401);
#4403=LINE('',#4395,#4397);
#4404=EDGE_CURVE('',#4394,#4402,#4403,.T.);
#4405=ORIENTED_EDGE('',*,*,#4404,.T.);
#4406=CARTESIAN_POINT('',(0.905375630566,-2.383861356618,-0.055000000000));
#4407=VERTEX_POINT('',#4406);
#4408=CIRCLE('',#205,2.550000000000);
#4409=EDGE_CURVE('',#4407,#4402,#4408,.T.);
#4410=ORIENTED_EDGE('',*,*,#4409,.F.);
#4411=CARTESIAN_POINT('',(0.910166910585,-2.553412081892,-0.055000000000));
#4412=VERTEX_POINT('',#4411);
#4413=CARTESIAN_POINT('',(0.837342188483,0.023662186584,-0.055000000000));
#4414=DIRECTION('',(0.028247405669,-0.999600962421,0.000000000000));
#4415=VECTOR('',#4414,1.0);
#4416=LINE('',#4413,#4415);
#4417=EDGE_CURVE('',#4407,#4412,#4416,.T.);
#4418=ORIENTED_EDGE('',*,*,#4417,.T.);
#4419=LINE('',#4413,#4415);
#4420=EDGE_CURVE('',#4412,#1012,#4419,.T.);
#4421=ORIENTED_EDGE('',*,*,#4420,.T.);
#4422=ORIENTED_EDGE('',*,*,#1014,.F.);
#4423=CARTESIAN_POINT('',(0.764517466381,-2.600736455060,-0.055000000000));
#4424=VERTEX_POINT('',#4423);
#4425=CARTESIAN_POINT('',(-0.691332344901,-0.473034278442,-0.055000000000));
#4426=DIRECTION('',(-0.564698072655,0.825297574660,0.000000000000));
#4427=VECTOR('',#4426,1.0);
#4428=LINE('',#4425,#4427);
#4429=EDGE_CURVE('',#1006,#4424,#4428,.T.);
#4430=ORIENTED_EDGE('',*,*,#4429,.T.);
#4431=CARTESIAN_POINT('',(0.668734277510,-2.460750793169,-0.055000000000));
#4432=VERTEX_POINT('',#4431);
#4433=LINE('',#4425,#4427);
#4434=EDGE_CURVE('',#4424,#4432,#4433,.T.);
#4435=ORIENTED_EDGE('',*,*,#4434,.T.);
#4436=CARTESIAN_POINT('',(0.564795199907,-2.486665715806,-0.055000000000));
#4437=VERTEX_POINT('',#4436);
#4438=CIRCLE('',#205,2.550000000000);
#4439=EDGE_CURVE('',#4437,#4432,#4438,.T.);
#4440=ORIENTED_EDGE('',*,*,#4439,.F.);
#4441=CARTESIAN_POINT('',(0.545942951311,-2.655233202374,-0.055000000000));
#4442=VERTEX_POINT('',#4441);
#4443=CARTESIAN_POINT('',(0.832486371747,-0.093103601125,-0.055000000000));
#4444=DIRECTION('',(-0.111145061804,-0.993804193610,0.000000000000));
#4445=VECTOR('',#4444,1.0);
#4446=LINE('',#4443,#4445);
#4447=EDGE_CURVE('',#4437,#4442,#4446,.T.);
#4448=ORIENTED_EDGE('',*,*,#4447,.T.);
#4449=LINE('',#4443,#4445);
#4450=EDGE_CURVE('',#4442,#1104,#4449,.T.);
#4451=ORIENTED_EDGE('',*,*,#4450,.T.);
#4452=ORIENTED_EDGE('',*,*,#1106,.F.);
#4453=CARTESIAN_POINT('',(0.395124677722,-2.681826533192,-0.055000000000));
#4454=VERTEX_POINT('',#4453);
#4455=CARTESIAN_POINT('',(-0.750437993434,-0.372215875128,-0.055000000000));
#4456=DIRECTION('',(-0.444343247150,0.895856617273,0.000000000000));
#4457=VECTOR('',#4456,1.0);
#4458=LINE('',#4455,#4457);
#4459=EDGE_CURVE('',#1098,#4454,#4458,.T.);
#4460=ORIENTED_EDGE('',*,*,#4459,.T.);
#4461=CARTESIAN_POINT('',(0.319755882915,-2.529872758725,-0.055000000000));
#4462=VERTEX_POINT('',#4461);
#4463=LINE('',#4455,#4457);
#4464=EDGE_CURVE('',#4454,#4462,#4463,.T.);
#4465=ORIENTED_EDGE('',*,*,#4464,.T.);
#4466=CARTESIAN_POINT('',(0.213221673126,-2.541069955375,-0.055000000000));
#4467=VERTEX_POINT('',#4466);
#4468=CIRCLE('',#205,2.550000000000);
#4469=EDGE_CURVE('',#4467,#4462,#4468,.T.);
#4470=ORIENTED_EDGE('',*,*,#4469,.F.);
#4471=CARTESIAN_POINT('',(0.171092833492,-2.705373228855,-0.055000000000));
#4472=VERTEX_POINT('',#4471);
#4473=CARTESIAN_POINT('',(0.811427154724,-0.208057233142,-0.055000000000));
#4474=DIRECTION('',(-0.248374217074,-0.968664156606,0.000000000000));
#4475=VECTOR('',#4474,1.0);
#4476=LINE('',#4473,#4475);
#4477=EDGE_CURVE('',#4467,#4472,#4476,.T.);
#4478=ORIENTED_EDGE('',*,*,#4477,.T.);
#4479=LINE('',#4473,#4475);
#4480=EDGE_CURVE('',#4472,#497,#4479,.T.);
#4481=ORIENTED_EDGE('',*,*,#4480,.T.);
#4482=ORIENTED_EDGE('',*,*,#499,.F.);
#4483=CARTESIAN_POINT('',(0.018041236658,-2.710717908388,-0.055000000000));
#4484=VERTEX_POINT('',#4483);
#4485=CARTESIAN_POINT('',(-0.794937220037,-0.264152713193,-0.055000000000));
#4486=DIRECTION('',(-0.315339785772,0.948978829853,0.000000000000));
#4487=VECTOR('',#4486,1.0);
#4488=LINE('',#4485,#4487);
#4489=EDGE_CURVE('',#491,#4484,#4488,.T.);
#4490=ORIENTED_EDGE('',*,*,#4489,.T.);
#4491=CARTESIAN_POINT('',(-0.035446196223,-2.549753628720,-0.055000000000));
#4492=VERTEX_POINT('',#4491);
#4493=LINE('',#4485,#4487);
#4494=EDGE_CURVE('',#4484,#4492,#4493,.T.);
#4495=ORIENTED_EDGE('',*,*,#4494,.T.);
#4496=CARTESIAN_POINT('',(-0.142501970985,-2.546015158687,-0.055000000000));
#4497=VERTEX_POINT('',#4496);
#4498=CIRCLE('',#205,2.550000000000);
#4499=EDGE_CURVE('',#4497,#4492,#4498,.T.);
#4500=ORIENTED_EDGE('',*,*,#4499,.F.);
#4501=CARTESIAN_POINT('',(-0.207087411717,-2.702856242752,-0.055000000000));
#4502=VERTEX_POINT('',#4501);
#4503=CARTESIAN_POINT('',(0.774574431120,-0.318961267778,-0.055000000000));
#4504=DIRECTION('',(-0.380769050731,-0.924670173632,0.000000000000));
#4505=VECTOR('',#4504,1.0);
#4506=LINE('',#4503,#4505);
#4507=EDGE_CURVE('',#4497,#4502,#4506,.T.);
#4508=ORIENTED_EDGE('',*,*,#4507,.T.);
#4509=LINE('',#4503,#4505);
#4510=EDGE_CURVE('',#4502,#966,#4509,.T.);
#4511=ORIENTED_EDGE('',*,*,#4510,.T.);
#4512=ORIENTED_EDGE('',*,*,#968,.F.);
#4513=CARTESIAN_POINT('',(-0.359393356555,-2.686848242894,-0.055000000000));
#4514=VERTEX_POINT('',#4513);
#4515=CARTESIAN_POINT('',(-0.823963897879,-0.150948119166,-0.055000000000));
#4516=DIRECTION('',(-0.180198594158,0.983630248957,0.000000000000));
#4517=VECTOR('',#4516,1.0);
#4518=LINE('',#4515,#4517);
#4519=EDGE_CURVE('',#960,#4514,#4518,.T.);
#4520=ORIENTED_EDGE('',*,*,#4519,.T.);
#4521=CARTESIAN_POINT('',(-0.389958355471,-2.520006444634,-0.055000000000));
#4522=VERTEX_POINT('',#4521);
#4523=LINE('',#4515,#4517);
#4524=EDGE_CURVE('',#4514,#4522,#4523,.T.);
#4525=ORIENTED_EDGE('',*,*,#4524,.T.);
#4526=CIRCLE('',#205,2.550000000000);
#4527=EDGE_CURVE('',#70,#4522,#4526,.T.);
#4528=ORIENTED_EDGE('',*,*,#4527,.F.);
#4529=ORIENTED_EDGE('',*,*,#72,.F.);
#4530=ORIENTED_EDGE('',*,*,#67,.F.);
#4531=ORIENTED_EDGE('',*,*,#342,.F.);
#4532=CARTESIAN_POINT('',(-0.729832766887,-2.610682132596,-0.055000000000));
#4533=VERTEX_POINT('',#4532);
#4534=CARTESIAN_POINT('',(-0.836953055693,-0.034805491699,-0.055000000000));
#4535=DIRECTION('',(-0.041550041881,0.999136424128,0.000000000000));
#4536=VECTOR('',#4535,1.0);
#4537=LINE('',#4534,#4536);
#4538=EDGE_CURVE('',#336,#4533,#4537,.T.);
#4539=ORIENTED_EDGE('',*,*,#4538,.T.);
#4540=CARTESIAN_POINT('',(-0.736880418901,-2.441210201568,-0.055000000000));
#4541=VERTEX_POINT('',#4540);
#4542=LINE('',#4534,#4536);
#4543=EDGE_CURVE('',#4533,#4541,#4542,.T.);
#4544=ORIENTED_EDGE('',*,*,#4543,.T.);
#4545=CARTESIAN_POINT('',(-0.838758572515,-2.408107982843,-0.055000000000));
#4546=VERTEX_POINT('',#4545);
#4547=CIRCLE('',#205,2.550000000000);
#4548=EDGE_CURVE('',#4546,#4541,#4547,.T.);
#4549=ORIENTED_EDGE('',*,*,#4548,.F.);
#4550=CARTESIAN_POINT('',(-0.944073344500,-2.541071149197,-0.055000000000));
#4551=VERTEX_POINT('',#4550);
#4552=CARTESIAN_POINT('',(0.656651090830,-0.520106897280,-0.055000000000));
#4553=DIRECTION('',(-0.620892345130,-0.783895844969,0.000000000000));
#4554=VECTOR('',#4553,1.0);
#4555=LINE('',#4552,#4554);
#4556=EDGE_CURVE('',#4546,#4551,#4555,.T.);
#4557=ORIENTED_EDGE('',*,*,#4556,.T.);
#4558=LINE('',#4552,#4554);
#4559=EDGE_CURVE('',#4551,#566,#4558,.T.);
#4560=ORIENTED_EDGE('',*,*,#4559,.T.);
#4561=ORIENTED_EDGE('',*,*,#568,.F.);
#4562=CARTESIAN_POINT('',(-1.086066812584,-2.483702064194,-0.055000000000));
#4563=VERTEX_POINT('',#4562);
#4564=CARTESIAN_POINT('',(-0.833651874299,0.082014585072,-0.055000000000));
#4565=DIRECTION('',(0.097907234698,0.995195545304,0.000000000000));
#4566=VECTOR('',#4565,1.0);
#4567=LINE('',#4564,#4566);
#4568=EDGE_CURVE('',#560,#4563,#4567,.T.);
#4569=ORIENTED_EDGE('',*,*,#4568,.T.);
#4570=CARTESIAN_POINT('',(-1.069459943166,-2.314898578764,-0.055000000000));
#4571=VERTEX_POINT('',#4570);
#4572=LINE('',#4564,#4566);
#4573=EDGE_CURVE('',#4563,#4571,#4572,.T.);
#4574=ORIENTED_EDGE('',*,*,#4573,.T.);
#4575=CARTESIAN_POINT('',(-1.165739687163,-2.267939809998,-0.055000000000));
#4576=VERTEX_POINT('',#4575);
#4577=CIRCLE('',#205,2.550000000000);
#4578=EDGE_CURVE('',#4576,#4571,#4577,.T.);
#4579=ORIENTED_EDGE('',*,*,#4578,.F.);
#4580=CARTESIAN_POINT('',(-1.288534439202,-2.384952004562,-0.055000000000));
#4581=VERTEX_POINT('',#4580);
#4582=CARTESIAN_POINT('',(0.577875717828,-0.606433421268,-0.055000000000));
#4583=DIRECTION('',(-0.723947079082,-0.689855511458,0.000000000000));
#4584=VECTOR('',#4583,1.0);
#4585=LINE('',#4582,#4584);
#4586=EDGE_CURVE('',#4576,#4581,#4585,.T.);
#4587=ORIENTED_EDGE('',*,*,#4586,.T.);
#4588=LINE('',#4582,#4584);
#4589=EDGE_CURVE('',#4581,#1058,#4588,.T.);
#4590=ORIENTED_EDGE('',*,*,#4589,.T.);
#4591=ORIENTED_EDGE('',*,*,#1060,.F.);
#4592=CARTESIAN_POINT('',(-1.421161803157,-2.308379560282,-0.055000000000));
#4593=VERTEX_POINT('',#4592);
#4594=CARTESIAN_POINT('',(-0.814124607437,0.197238341235,-0.055000000000));
#4595=DIRECTION('',(0.235458858322,0.971884317209,0.000000000000));
#4596=VECTOR('',#4595,1.0);
#4597=LINE('',#4594,#4596);
#4598=EDGE_CURVE('',#1052,#4593,#4597,.T.);
#4599=ORIENTED_EDGE('',*,*,#4598,.T.);
#4600=CARTESIAN_POINT('',(-1.381223646130,-2.143530088282,-0.055000000000));
#4601=VERTEX_POINT('',#4600);
#4602=LINE('',#4594,#4596);
#4603=EDGE_CURVE('',#4593,#4601,#4602,.T.);
#4604=ORIENTED_EDGE('',*,*,#4603,.T.);
#4605=CARTESIAN_POINT('',(-1.470031004811,-2.083628768494,-0.055000000000));
#4606=VERTEX_POINT('',#4605);
#4607=CIRCLE('',#205,2.550000000000);
#4608=EDGE_CURVE('',#4606,#4601,#4607,.T.);
#4609=ORIENTED_EDGE('',*,*,#4608,.F.);
#4610=CARTESIAN_POINT('',(-1.607915676732,-2.182412482002,-0.055000000000));
#4611=VERTEX_POINT('',#4610);
#4612=CARTESIAN_POINT('',(0.487852651303,-0.680956408520,-0.055000000000));
#4613=DIRECTION('',(-0.812911006618,-0.582387925115,0.000000000000));
#4614=VECTOR('',#4613,1.0);
#4615=LINE('',#4612,#4614);
#4616=EDGE_CURVE('',#4606,#4611,#4615,.T.);
#4617=ORIENTED_EDGE('',*,*,#4616,.T.);
#4618=LINE('',#4612,#4614);
#4619=EDGE_CURVE('',#4611,#589,#4618,.T.);
#4620=ORIENTED_EDGE('',*,*,#4619,.T.);
#4621=ORIENTED_EDGE('',*,*,#591,.F.);
#4622=CARTESIAN_POINT('',(-1.728595495778,-2.088127073971,-0.055000000000));
#4623=VERTEX_POINT('',#4622);
#4624=CARTESIAN_POINT('',(-0.778751331143,0.308623077442,-0.055000000000));
#4625=DIRECTION('',(0.368427543099,0.929656466382,0.000000000000));
#4626=VECTOR('',#4625,1.0);
#4627=LINE('',#4624,#4626);
#4628=EDGE_CURVE('',#583,#4623,#4627,.T.);
#4629=ORIENTED_EDGE('',*,*,#4628,.T.);
#4630=CARTESIAN_POINT('',(-1.666103401941,-1.930440222861,-0.055000000000));
#4631=VERTEX_POINT('',#4630);
#4632=LINE('',#4624,#4626);
#4633=EDGE_CURVE('',#4623,#4631,#4632,.T.);
#4634=ORIENTED_EDGE('',*,*,#4633,.T.);
#4635=CARTESIAN_POINT('',(-1.745709841085,-1.858762263104,-0.055000000000));
#4636=VERTEX_POINT('',#4635);
#4637=CIRCLE('',#205,2.550000000000);
#4638=EDGE_CURVE('',#4636,#4631,#4637,.T.);
#4639=ORIENTED_EDGE('',*,*,#4638,.F.);
#4640=CARTESIAN_POINT('',(-1.896000664591,-1.937394782936,-0.055000000000));
#4641=VERTEX_POINT('',#4640);
#4642=CARTESIAN_POINT('',(0.388334087844,-0.742225353855,-0.055000000000));
#4643=DIRECTION('',(-0.886052546082,-0.463584820267,0.000000000000));
#4644=VECTOR('',#4643,1.0);
#4645=LINE('',#4642,#4644);
#4646=EDGE_CURVE('',#4636,#4641,#4645,.T.);
#4647=ORIENTED_EDGE('',*,*,#4646,.T.);
#4648=LINE('',#4642,#4644);
#4649=EDGE_CURVE('',#4641,#297,#4648,.T.);
#4650=ORIENTED_EDGE('',*,*,#4649,.T.);
#4651=ORIENTED_EDGE('',*,*,#299,.F.);
#4652=CARTESIAN_POINT('',(-2.002384043323,-1.827231569375,-0.055000000000));
#4653=VERTEX_POINT('',#4652);
#4654=CARTESIAN_POINT('',(-0.728220546006,0.414000816499,-0.055000000000));
#4655=DIRECTION('',(0.494225204830,0.869333909905,0.000000000000));
#4656=VECTOR('',#4655,1.0);
#4657=LINE('',#4654,#4656);
#4658=EDGE_CURVE('',#291,#4653,#4657,.T.);
#4659=ORIENTED_EDGE('',*,*,#4658,.T.);
#4660=CARTESIAN_POINT('',(-1.918554350198,-1.679776534346,-0.055000000000));
#4661=VERTEX_POINT('',#4660);
#4662=LINE('',#4654,#4656);
#4663=EDGE_CURVE('',#4653,#4661,#4662,.T.);
#4664=ORIENTED_EDGE('',*,*,#4663,.T.);
#4665=CARTESIAN_POINT('',(-1.987410421018,-1.597717064573,-0.055000000000));
#4666=VERTEX_POINT('',#4665);
#4667=CIRCLE('',#205,2.550000000000);
#4668=EDGE_CURVE('',#4666,#4661,#4667,.T.);
#4669=ORIENTED_EDGE('',*,*,#4668,.F.);
#4670=CARTESIAN_POINT('',(-2.147182156182,-1.654667898175,-0.055000000000));
#4671=VERTEX_POINT('',#4670);
#4672=CARTESIAN_POINT('',(0.281257043088,-0.789047726947,-0.055000000000));
#4673=DIRECTION('',(-0.941948080607,-0.335758564212,0.000000000000));
#4674=VECTOR('',#4673,1.0);
#4675=LINE('',#4672,#4674);
#4676=EDGE_CURVE('',#4666,#4671,#4675,.T.);
#4677=ORIENTED_EDGE('',*,*,#4676,.T.);
#4678=LINE('',#4672,#4674);
#4679=EDGE_CURVE('',#4671,#1166,#4678,.T.);
#4680=ORIENTED_EDGE('',*,*,#4679,.T.);
#4681=ORIENTED_EDGE('',*,*,#1168,.F.);
#4682=CARTESIAN_POINT('',(-2.237198463143,-1.530771080727,-0.055000000000));
#4683=VERTEX_POINT('',#4682);
#4684=CARTESIAN_POINT('',(-0.663515776279,0.511320500583,-0.055000000000));
#4685=DIRECTION('',(0.610403335122,0.792090757724,0.000000000000));
#4686=VECTOR('',#4685,1.0);
#4687=LINE('',#4684,#4686);
#4688=EDGE_CURVE('',#1160,#4683,#4687,.T.);
#4689=ORIENTED_EDGE('',*,*,#4688,.T.);
#4690=CARTESIAN_POINT('',(-2.133662820351,-1.396417906306,-0.055000000000));
#4691=VERTEX_POINT('',#4690);
#4692=LINE('',#4684,#4686);
#4693=EDGE_CURVE('',#4683,#4691,#4692,.T.);
#4694=ORIENTED_EDGE('',*,*,#4693,.T.);
#4695=CARTESIAN_POINT('',(-2.190428317752,-1.305574120757,-0.055000000000));
#4696=VERTEX_POINT('',#4695);
#4697=CIRCLE('',#205,2.550000000000);
#4698=EDGE_CURVE('',#4696,#4691,#4697,.T.);
#4699=ORIENTED_EDGE('',*,*,#4698,.F.);
#4700=CARTESIAN_POINT('',(-2.356571189487,-1.339734784932,-0.055000000000));
#4701=VERTEX_POINT('',#4700);
#4702=CARTESIAN_POINT('',(0.168705649914,-0.820512183562,-0.055000000000));
#4703=DIRECTION('',(-0.979509667192,-0.201397149624,0.000000000000));
#4704=VECTOR('',#4703,1.0);
#4705=LINE('',#4702,#4704);
#4706=EDGE_CURVE('',#4696,#4701,#4705,.T.);
#4707=ORIENTED_EDGE('',*,*,#4706,.T.);
#4708=LINE('',#4702,#4704);
#4709=EDGE_CURVE('',#4701,#743,#4708,.T.);
#4710=ORIENTED_EDGE('',*,*,#4709,.T.);
#4711=ORIENTED_EDGE('',*,*,#745,.F.);
#4712=CARTESIAN_POINT('',(-2.428468359653,-1.204515874218,-0.055000000000));
#4713=VERTEX_POINT('',#4712);
#4714=CARTESIAN_POINT('',(-0.585896426705,0.598687912741,-0.055000000000));
#4715=DIRECTION('',(0.714700658819,0.699430459934,0.000000000000));
#4716=VECTOR('',#4715,1.0);
#4717=LINE('',#4714,#4716);
#4718=EDGE_CURVE('',#737,#4713,#4717,.T.);
#4719=ORIENTED_EDGE('',*,*,#4718,.T.);
#4720=CARTESIAN_POINT('',(-2.307241970711,-1.085879592123,-0.055000000000));
#4721=VERTEX_POINT('',#4720);
#4722=LINE('',#4714,#4716);
#4723=EDGE_CURVE('',#4713,#4721,#4722,.T.);
#4724=ORIENTED_EDGE('',*,*,#4723,.T.);
#4725=CARTESIAN_POINT('',(-2.350812018856,-0.988019661749,-0.055000000000));
#4726=VERTEX_POINT('',#4725);
#4727=CIRCLE('',#205,2.550000000000);
#4728=EDGE_CURVE('',#4726,#4721,#4727,.T.);
#4729=ORIENTED_EDGE('',*,*,#4728,.F.);
#4730=CARTESIAN_POINT('',(-2.520092245148,-0.998725258027,-0.055000000000));
#4731=VERTEX_POINT('',#4730);
#4732=CARTESIAN_POINT('',(0.052870593165,-0.836006303843,-0.055000000000));
#4733=DIRECTION('',(-0.998006212282,-0.063115768605,0.000000000000));
#4734=VECTOR('',#4733,1.0);
#4735=LINE('',#4732,#4734);
#4736=EDGE_CURVE('',#4726,#4731,#4735,.T.);
#4737=ORIENTED_EDGE('',*,*,#4736,.T.);
#4738=LINE('',#4732,#4734);
#4739=EDGE_CURVE('',#4731,#989,#4738,.T.);
#4740=ORIENTED_EDGE('',*,*,#4739,.T.);
#4741=ORIENTED_EDGE('',*,*,#991,.F.);
#4742=CARTESIAN_POINT('',(-2.572470881884,-0.854816136334,-0.055000000000));
#4743=VERTEX_POINT('',#4742);
#4744=CARTESIAN_POINT('',(-0.496873269632,0.674402545675,-0.055000000000));
#4745=DIRECTION('',(0.805087147152,0.593156543832,0.000000000000));
#4746=VECTOR('',#4745,1.0);
#4747=LINE('',#4744,#4746);
#4748=EDGE_CURVE('',#983,#4743,#4747,.T.);
#4749=ORIENTED_EDGE('',*,*,#4748,.T.);
#4750=CARTESIAN_POINT('',(-2.435913280561,-0.754205866848,-0.055000000000));
#4751=VERTEX_POINT('',#4750);
#4752=LINE('',#4744,#4746);
#4753=EDGE_CURVE('',#4743,#4751,#4752,.T.);
#4754=ORIENTED_EDGE('',*,*,#4753,.T.);
#4755=CARTESIAN_POINT('',(-2.465439838022,-0.651234523880,-0.055000000000));
#4756=VERTEX_POINT('',#4755);
#4757=CIRCLE('',#205,2.550000000000);
#4758=EDGE_CURVE('',#4756,#4751,#4757,.T.);
#4759=ORIENTED_EDGE('',*,*,#4758,.F.);
#4760=CARTESIAN_POINT('',(-2.634562571820,-0.638276680007,-0.055000000000));
#4761=VERTEX_POINT('',#4760);
#4762=CARTESIAN_POINT('',(-0.063993529542,-0.835228512363,-0.055000000000));
#4763=DIRECTION('',(-0.997077701665,0.076394089057,0.000000000000));
#4764=VECTOR('',#4763,1.0);
#4765=LINE('',#4762,#4764);
#4766=EDGE_CURVE('',#4756,#4761,#4765,.T.);
#4767=ORIENTED_EDGE('',*,*,#4766,.T.);
#4768=LINE('',#4762,#4764);
#4769=EDGE_CURVE('',#4761,#1189,#4768,.T.);
#4770=ORIENTED_EDGE('',*,*,#4769,.T.);
#4771=ORIENTED_EDGE('',*,*,#1191,.F.);
#4772=CARTESIAN_POINT('',(-2.666403184541,-0.488478374696,-0.055000000000));
#4773=VERTEX_POINT('',#4772);
#4774=CARTESIAN_POINT('',(-0.398179039551,0.736990700178,-0.055000000000));
#4775=DIRECTION('',(0.879803529939,0.475337510310,0.000000000000));
#4776=VECTOR('',#4775,1.0);
#4777=LINE('',#4774,#4776);
#4778=EDGE_CURVE('',#1183,#4773,#4777,.T.);
#4779=ORIENTED_EDGE('',*,*,#4778,.T.);
#4780=CARTESIAN_POINT('',(-2.517172309214,-0.407852382272,-0.055000000000));
#4781=VERTEX_POINT('',#4780);
#4782=LINE('',#4774,#4776);
#4783=EDGE_CURVE('',#4773,#4781,#4782,.T.);
#4784=ORIENTED_EDGE('',*,*,#4783,.T.);
#4785=CARTESIAN_POINT('',(-2.532080675137,-0.301773846772,-0.055000000000));
#4786=VERTEX_POINT('',#4785);
#4787=CIRCLE('',#205,2.550000000000);
#4788=EDGE_CURVE('',#4786,#4781,#4787,.T.);
#4789=ORIENTED_EDGE('',*,*,#4788,.F.);
#4790=CARTESIAN_POINT('',(-2.697754134802,-0.265404772440,-0.055000000000));
#4791=VERTEX_POINT('',#4790);
#4792=CARTESIAN_POINT('',(-0.179612090987,-0.818193947948,-0.055000000000));
#4793=DIRECTION('',(-0.976742207744,0.214417022673,0.000000000000));
#4794=VECTOR('',#4793,1.0);
#4795=LINE('',#4792,#4794);
#4796=EDGE_CURVE('',#4786,#4791,#4795,.T.);
#4797=ORIENTED_EDGE('',*,*,#4796,.T.);
#4798=LINE('',#4792,#4794);
#4799=EDGE_CURVE('',#4791,#858,#4798,.T.);
#4800=ORIENTED_EDGE('',*,*,#4799,.T.);
#4801=ORIENTED_EDGE('',*,*,#860,.F.);
#4802=CARTESIAN_POINT('',(-2.708436982200,-0.112632937130,-0.055000000000));
#4803=VERTEX_POINT('',#4802);
#4804=CARTESIAN_POINT('',(-0.291734707387,0.785234169018,-0.055000000000));
#4805=DIRECTION('',(0.937395537777,0.348266572838,0.000000000000));
#4806=VECTOR('',#4805,1.0);
#4807=LINE('',#4804,#4806);
#4808=EDGE_CURVE('',#852,#4803,#4807,.T.);
#4809=ORIENTED_EDGE('',*,*,#4808,.T.);
#4810=CARTESIAN_POINT('',(-2.549437442110,-0.053560515000,-0.055000000000));
#4811=VERTEX_POINT('',#4810);
#4812=LINE('',#4804,#4806);
#4813=EDGE_CURVE('',#4803,#4811,#4812,.T.);
#4814=ORIENTED_EDGE('',*,*,#4813,.T.);
#4815=CARTESIAN_POINT('',(-2.549437442110,0.053560515000,-0.055000000000));
#4816=VERTEX_POINT('',#4815);
#4817=CIRCLE('',#205,2.550000000000);
#4818=EDGE_CURVE('',#4816,#4811,#4817,.T.);
#4819=ORIENTED_EDGE('',*,*,#4818,.F.);
#4820=CARTESIAN_POINT('',(-2.708436982200,0.112632937130,-0.055000000000));
#4821=VERTEX_POINT('',#4820);
#4822=CARTESIAN_POINT('',(-0.291734707387,-0.785234169018,-0.055000000000));
#4823=DIRECTION('',(-0.937395537777,0.348266572838,0.000000000000));
#4824=VECTOR('',#4823,1.0);
#4825=LINE('',#4822,#4824);
#4826=EDGE_CURVE('',#4816,#4821,#4825,.T.);
#4827=ORIENTED_EDGE('',*,*,#4826,.T.);
#4828=LINE('',#4822,#4824);
#4829=EDGE_CURVE('',#4821,#674,#4828,.T.);
#4830=ORIENTED_EDGE('',*,*,#4829,.T.);
#4831=ORIENTED_EDGE('',*,*,#676,.F.);
#4832=CARTESIAN_POINT('',(-2.697754134802,0.265404772440,-0.055000000000));
#4833=VERTEX_POINT('',#4832);
#4834=CARTESIAN_POINT('',(-0.179612090987,0.818193947948,-0.055000000000));
#4835=DIRECTION('',(0.976742207744,0.214417022673,0.000000000000));
#4836=VECTOR('',#4835,1.0);
#4837=LINE('',#4834,#4836);
#4838=EDGE_CURVE('',#668,#4833,#4837,.T.);
#4839=ORIENTED_EDGE('',*,*,#4838,.T.);
#4840=CARTESIAN_POINT('',(-2.532080675137,0.301773846772,-0.055000000000));
#4841=VERTEX_POINT('',#4840);
#4842=LINE('',#4834,#4836);
#4843=EDGE_CURVE('',#4833,#4841,#4842,.T.);
#4844=ORIENTED_EDGE('',*,*,#4843,.T.);
#4845=CARTESIAN_POINT('',(-2.517172309214,0.407852382272,-0.055000000000));
#4846=VERTEX_POINT('',#4845);
#4847=CIRCLE('',#205,2.550000000000);
#4848=EDGE_CURVE('',#4846,#4841,#4847,.T.);
#4849=ORIENTED_EDGE('',*,*,#4848,.F.);
#4850=CARTESIAN_POINT('',(-2.666403184541,0.488478374696,-0.055000000000));
#4851=VERTEX_POINT('',#4850);
#4852=CARTESIAN_POINT('',(-0.398179039551,-0.736990700178,-0.055000000000));
#4853=DIRECTION('',(-0.879803529939,0.475337510310,0.000000000000));
#4854=VECTOR('',#4853,1.0);
#4855=LINE('',#4852,#4854);
#4856=EDGE_CURVE('',#4846,#4851,#4855,.T.);
#4857=ORIENTED_EDGE('',*,*,#4856,.T.);
#4858=LINE('',#4852,#4854);
#4859=EDGE_CURVE('',#4851,#943,#4858,.T.);
#4860=ORIENTED_EDGE('',*,*,#4859,.T.);
#4861=ORIENTED_EDGE('',*,*,#945,.F.);
#4862=CARTESIAN_POINT('',(-2.634562571820,0.638276680007,-0.055000000000));
#4863=VERTEX_POINT('',#4862);
#4864=CARTESIAN_POINT('',(-0.063993529542,0.835228512363,-0.055000000000));
#4865=DIRECTION('',(0.997077701665,0.076394089057,0.000000000000));
#4866=VECTOR('',#4865,1.0);
#4867=LINE('',#4864,#4866);
#4868=EDGE_CURVE('',#937,#4863,#4867,.T.);
#4869=ORIENTED_EDGE('',*,*,#4868,.T.);
#4870=CARTESIAN_POINT('',(-2.465439838022,0.651234523880,-0.055000000000));
#4871=VERTEX_POINT('',#4870);
#4872=LINE('',#4864,#4866);
#4873=EDGE_CURVE('',#4863,#4871,#4872,.T.);
#4874=ORIENTED_EDGE('',*,*,#4873,.T.);
#4875=CARTESIAN_POINT('',(-2.435913280561,0.754205866848,-0.055000000000));
#4876=VERTEX_POINT('',#4875);
#4877=CIRCLE('',#205,2.550000000000);
#4878=EDGE_CURVE('',#4876,#4871,#4877,.T.);
#4879=ORIENTED_EDGE('',*,*,#4878,.F.);
#4880=CARTESIAN_POINT('',(-2.572470881884,0.854816136334,-0.055000000000));
#4881=VERTEX_POINT('',#4880);
#4882=CARTESIAN_POINT('',(-0.496873269632,-0.674402545675,-0.055000000000));
#4883=DIRECTION('',(-0.805087147152,0.593156543832,0.000000000000));
#4884=VECTOR('',#4883,1.0);
#4885=LINE('',#4882,#4884);
#4886=EDGE_CURVE('',#4876,#4881,#4885,.T.);
#4887=ORIENTED_EDGE('',*,*,#4886,.T.);
#4888=LINE('',#4882,#4884);
#4889=EDGE_CURVE('',#4881,#543,#4888,.T.);
#4890=ORIENTED_EDGE('',*,*,#4889,.T.);
#4891=ORIENTED_EDGE('',*,*,#545,.F.);
#4892=CARTESIAN_POINT('',(-2.520092245148,0.998725258027,-0.055000000000));
#4893=VERTEX_POINT('',#4892);
#4894=CARTESIAN_POINT('',(0.052870593165,0.836006303843,-0.055000000000));
#4895=DIRECTION('',(0.998006212282,-0.063115768605,0.000000000000));
#4896=VECTOR('',#4895,1.0);
#4897=LINE('',#4894,#4896);
#4898=EDGE_CURVE('',#537,#4893,#4897,.T.);
#4899=ORIENTED_EDGE('',*,*,#4898,.T.);
#4900=CARTESIAN_POINT('',(-2.350812018856,0.988019661749,-0.055000000000));
#4901=VERTEX_POINT('',#4900);
#4902=LINE('',#4894,#4896);
#4903=EDGE_CURVE('',#4893,#4901,#4902,.T.);
#4904=ORIENTED_EDGE('',*,*,#4903,.T.);
#4905=CARTESIAN_POINT('',(-2.307241970711,1.085879592123,-0.055000000000));
#4906=VERTEX_POINT('',#4905);
#4907=CIRCLE('',#205,2.550000000000);
#4908=EDGE_CURVE('',#4906,#4901,#4907,.T.);
#4909=ORIENTED_EDGE('',*,*,#4908,.F.);
#4910=CARTESIAN_POINT('',(-2.428468359653,1.204515874218,-0.055000000000));
#4911=VERTEX_POINT('',#4910);
#4912=CARTESIAN_POINT('',(-0.585896426705,-0.598687912741,-0.055000000000));
#4913=DIRECTION('',(-0.714700658819,0.699430459934,0.000000000000));
#4914=VECTOR('',#4913,1.0);
#4915=LINE('',#4912,#4914);
#4916=EDGE_CURVE('',#4906,#4911,#4915,.T.);
#4917=ORIENTED_EDGE('',*,*,#4916,.T.);
#4918=LINE('',#4912,#4914);
#4919=EDGE_CURVE('',#4911,#359,#4918,.T.);
#4920=ORIENTED_EDGE('',*,*,#4919,.T.);
#4921=ORIENTED_EDGE('',*,*,#361,.F.);
#4922=CARTESIAN_POINT('',(-2.356571189487,1.339734784932,-0.055000000000));
#4923=VERTEX_POINT('',#4922);
#4924=CARTESIAN_POINT('',(0.168705649914,0.820512183562,-0.055000000000));
#4925=DIRECTION('',(0.979509667192,-0.201397149624,0.000000000000));
#4926=VECTOR('',#4925,1.0);
#4927=LINE('',#4924,#4926);
#4928=EDGE_CURVE('',#353,#4923,#4927,.T.);
#4929=ORIENTED_EDGE('',*,*,#4928,.T.);
#4930=CARTESIAN_POINT('',(-2.190428317752,1.305574120757,-0.055000000000));
#4931=VERTEX_POINT('',#4930);
#4932=LINE('',#4924,#4926);
#4933=EDGE_CURVE('',#4923,#4931,#4932,.T.);
#4934=ORIENTED_EDGE('',*,*,#4933,.T.);
#4935=CARTESIAN_POINT('',(-2.133662820351,1.396417906306,-0.055000000000));
#4936=VERTEX_POINT('',#4935);
#4937=CIRCLE('',#205,2.550000000000);
#4938=EDGE_CURVE('',#4936,#4931,#4937,.T.);
#4939=ORIENTED_EDGE('',*,*,#4938,.F.);
#4940=CARTESIAN_POINT('',(-2.237198463143,1.530771080727,-0.055000000000));
#4941=VERTEX_POINT('',#4940);
#4942=CARTESIAN_POINT('',(-0.663515776279,-0.511320500583,-0.055000000000));
#4943=DIRECTION('',(-0.610403335122,0.792090757724,0.000000000000));
#4944=VECTOR('',#4943,1.0);
#4945=LINE('',#4942,#4944);
#4946=EDGE_CURVE('',#4936,#4941,#4945,.T.);
#4947=ORIENTED_EDGE('',*,*,#4946,.T.);
#4948=LINE('',#4942,#4944);
#4949=EDGE_CURVE('',#4941,#382,#4948,.T.);
#4950=ORIENTED_EDGE('',*,*,#4949,.T.);
#4951=ORIENTED_EDGE('',*,*,#384,.F.);
#4952=CARTESIAN_POINT('',(-2.147182156182,1.654667898175,-0.055000000000));
#4953=VERTEX_POINT('',#4952);
#4954=CARTESIAN_POINT('',(0.281257043088,0.789047726947,-0.055000000000));
#4955=DIRECTION('',(0.941948080607,-0.335758564212,0.000000000000));
#4956=VECTOR('',#4955,1.0);
#4957=LINE('',#4954,#4956);
#4958=EDGE_CURVE('',#376,#4953,#4957,.T.);
#4959=ORIENTED_EDGE('',*,*,#4958,.T.);
#4960=CARTESIAN_POINT('',(-1.987410421018,1.597717064573,-0.055000000000));
#4961=VERTEX_POINT('',#4960);
#4962=LINE('',#4954,#4956);
#4963=EDGE_CURVE('',#4953,#4961,#4962,.T.);
#4964=ORIENTED_EDGE('',*,*,#4963,.T.);
#4965=CARTESIAN_POINT('',(-1.918554350198,1.679776534346,-0.055000000000));
#4966=VERTEX_POINT('',#4965);
#4967=CIRCLE('',#205,2.550000000000);
#4968=EDGE_CURVE('',#4966,#4961,#4967,.T.);
#4969=ORIENTED_EDGE('',*,*,#4968,.F.);
#4970=CARTESIAN_POINT('',(-2.002384043323,1.827231569375,-0.055000000000));
#4971=VERTEX_POINT('',#4970);
#4972=CARTESIAN_POINT('',(-0.728220546006,-0.414000816499,-0.055000000000));
#4973=DIRECTION('',(-0.494225204830,0.869333909905,0.000000000000));
#4974=VECTOR('',#4973,1.0);
#4975=LINE('',#4972,#4974);
#4976=EDGE_CURVE('',#4966,#4971,#4975,.T.);
#4977=ORIENTED_EDGE('',*,*,#4976,.T.);
#4978=LINE('',#4972,#4974);
#4979=EDGE_CURVE('',#4971,#697,#4978,.T.);
#4980=ORIENTED_EDGE('',*,*,#4979,.T.);
#4981=ORIENTED_EDGE('',*,*,#699,.F.);
#4982=CARTESIAN_POINT('',(-1.896000664591,1.937394782936,-0.055000000000));
#4983=VERTEX_POINT('',#4982);
#4984=CARTESIAN_POINT('',(0.388334087844,0.742225353855,-0.055000000000));
#4985=DIRECTION('',(0.886052546082,-0.463584820267,0.000000000000));
#4986=VECTOR('',#4985,1.0);
#4987=LINE('',#4984,#4986);
#4988=EDGE_CURVE('',#691,#4983,#4987,.T.);
#4989=ORIENTED_EDGE('',*,*,#4988,.T.);
#4990=CARTESIAN_POINT('',(-1.745709841085,1.858762263104,-0.055000000000));
#4991=VERTEX_POINT('',#4990);
#4992=LINE('',#4984,#4986);
#4993=EDGE_CURVE('',#4983,#4991,#4992,.T.);
#4994=ORIENTED_EDGE('',*,*,#4993,.T.);
#4995=CARTESIAN_POINT('',(-1.666103401941,1.930440222861,-0.055000000000));
#4996=VERTEX_POINT('',#4995);
#4997=CIRCLE('',#205,2.550000000000);
#4998=EDGE_CURVE('',#4996,#4991,#4997,.T.);
#4999=ORIENTED_EDGE('',*,*,#4998,.F.);
#5000=CARTESIAN_POINT('',(-1.728595495778,2.088127073971,-0.055000000000));
#5001=VERTEX_POINT('',#5000);
#5002=CARTESIAN_POINT('',(-0.778751331143,-0.308623077442,-0.055000000000));
#5003=DIRECTION('',(-0.368427543099,0.929656466382,0.000000000000));
#5004=VECTOR('',#5003,1.0);
#5005=LINE('',#5002,#5004);
#5006=EDGE_CURVE('',#4996,#5001,#5005,.T.);
#5007=ORIENTED_EDGE('',*,*,#5006,.T.);
#5008=LINE('',#5002,#5004);
#5009=EDGE_CURVE('',#5001,#881,#5008,.T.);
#5010=ORIENTED_EDGE('',*,*,#5009,.T.);
#5011=ORIENTED_EDGE('',*,*,#883,.F.);
#5012=CARTESIAN_POINT('',(-1.607915676732,2.182412482002,-0.055000000000));
#5013=VERTEX_POINT('',#5012);
#5014=CARTESIAN_POINT('',(0.487852651303,0.680956408520,-0.055000000000));
#5015=DIRECTION('',(0.812911006618,-0.582387925115,0.000000000000));
#5016=VECTOR('',#5015,1.0);
#5017=LINE('',#5014,#5016);
#5018=EDGE_CURVE('',#875,#5013,#5017,.T.);
#5019=ORIENTED_EDGE('',*,*,#5018,.T.);
#5020=CARTESIAN_POINT('',(-1.470031004811,2.083628768494,-0.055000000000));
#5021=VERTEX_POINT('',#5020);
#5022=LINE('',#5014,#5016);
#5023=EDGE_CURVE('',#5013,#5021,#5022,.T.);
#5024=ORIENTED_EDGE('',*,*,#5023,.T.);
#5025=CARTESIAN_POINT('',(-1.381223646130,2.143530088282,-0.055000000000));
#5026=VERTEX_POINT('',#5025);
#5027=CIRCLE('',#205,2.550000000000);
#5028=EDGE_CURVE('',#5026,#5021,#5027,.T.);
#5029=ORIENTED_EDGE('',*,*,#5028,.F.);
#5030=CARTESIAN_POINT('',(-1.421161803157,2.308379560282,-0.055000000000));
#5031=VERTEX_POINT('',#5030);
#5032=CARTESIAN_POINT('',(-0.814124607437,-0.197238341235,-0.055000000000));
#5033=DIRECTION('',(-0.235458858322,0.971884317209,0.000000000000));
#5034=VECTOR('',#5033,1.0);
#5035=LINE('',#5032,#5034);
#5036=EDGE_CURVE('',#5026,#5031,#5035,.T.);
#5037=ORIENTED_EDGE('',*,*,#5036,.T.);
#5038=LINE('',#5032,#5034);
#5039=EDGE_CURVE('',#5031,#520,#5038,.T.);
#5040=ORIENTED_EDGE('',*,*,#5039,.T.);
#5041=ORIENTED_EDGE('',*,*,#522,.F.);
#5042=CARTESIAN_POINT('',(-1.288534439202,2.384952004562,-0.055000000000));
#5043=VERTEX_POINT('',#5042);
#5044=CARTESIAN_POINT('',(0.577875717828,0.606433421268,-0.055000000000));
#5045=DIRECTION('',(0.723947079082,-0.689855511458,0.000000000000));
#5046=VECTOR('',#5045,1.0);
#5047=LINE('',#5044,#5046);
#5048=EDGE_CURVE('',#514,#5043,#5047,.T.);
#5049=ORIENTED_EDGE('',*,*,#5048,.T.);
#5050=CARTESIAN_POINT('',(-1.165739687163,2.267939809998,-0.055000000000));
#5051=VERTEX_POINT('',#5050);
#5052=LINE('',#5044,#5046);
#5053=EDGE_CURVE('',#5043,#5051,#5052,.T.);
#5054=ORIENTED_EDGE('',*,*,#5053,.T.);
#5055=CARTESIAN_POINT('',(-1.069459943166,2.314898578764,-0.055000000000));
#5056=VERTEX_POINT('',#5055);
#5057=CIRCLE('',#205,2.550000000000);
#5058=EDGE_CURVE('',#5056,#5051,#5057,.T.);
#5059=ORIENTED_EDGE('',*,*,#5058,.F.);
#5060=CARTESIAN_POINT('',(-1.086066812584,2.483702064194,-0.055000000000));
#5061=VERTEX_POINT('',#5060);
#5062=CARTESIAN_POINT('',(-0.833651874299,-0.082014585072,-0.055000000000));
#5063=DIRECTION('',(-0.097907234698,0.995195545304,0.000000000000));
#5064=VECTOR('',#5063,1.0);
#5065=LINE('',#5062,#5064);
#5066=EDGE_CURVE('',#5056,#5061,#5065,.T.);
#5067=ORIENTED_EDGE('',*,*,#5066,.T.);
#5068=LINE('',#5062,#5064);
#5069=EDGE_CURVE('',#5061,#766,#5068,.T.);
#5070=ORIENTED_EDGE('',*,*,#5069,.T.);
#5071=ORIENTED_EDGE('',*,*,#768,.F.);
#5072=CARTESIAN_POINT('',(-0.944073344500,2.541071149197,-0.055000000000));
#5073=VERTEX_POINT('',#5072);
#5074=CARTESIAN_POINT('',(0.656651090830,0.520106897280,-0.055000000000));
#5075=DIRECTION('',(0.620892345130,-0.783895844969,0.000000000000));
#5076=VECTOR('',#5075,1.0);
#5077=LINE('',#5074,#5076);
#5078=EDGE_CURVE('',#760,#5073,#5077,.T.);
#5079=ORIENTED_EDGE('',*,*,#5078,.T.);
#5080=CARTESIAN_POINT('',(-0.838758572515,2.408107982843,-0.055000000000));
#5081=VERTEX_POINT('',#5080);
#5082=LINE('',#5074,#5076);
#5083=EDGE_CURVE('',#5073,#5081,#5082,.T.);
#5084=ORIENTED_EDGE('',*,*,#5083,.T.);
#5085=CARTESIAN_POINT('',(-0.736880418901,2.441210201568,-0.055000000000));
#5086=VERTEX_POINT('',#5085);
#5087=CIRCLE('',#205,2.550000000000);
#5088=EDGE_CURVE('',#5086,#5081,#5087,.T.);
#5089=ORIENTED_EDGE('',*,*,#5088,.F.);
#5090=CARTESIAN_POINT('',(-0.729832766887,2.610682132596,-0.055000000000));
#5091=VERTEX_POINT('',#5090);
#5092=CARTESIAN_POINT('',(-0.836953055693,0.034805491699,-0.055000000000));
#5093=DIRECTION('',(0.041550041881,0.999136424128,0.000000000000));
#5094=VECTOR('',#5093,1.0);
#5095=LINE('',#5092,#5094);
#5096=EDGE_CURVE('',#5086,#5091,#5095,.T.);
#5097=ORIENTED_EDGE('',*,*,#5096,.T.);
#5098=LINE('',#5092,#5094);
#5099=EDGE_CURVE('',#5091,#451,#5098,.T.);
#5100=ORIENTED_EDGE('',*,*,#5099,.T.);
#5101=ORIENTED_EDGE('',*,*,#453,.F.);
#5102=CARTESIAN_POINT('',(-0.581236936014,2.647731234338,-0.055000000000));
#5103=VERTEX_POINT('',#5102);
#5104=CARTESIAN_POINT('',(0.722645497279,0.423657084149,-0.055000000000));
#5105=DIRECTION('',(0.505752647934,-0.862678537526,0.000000000000));
#5106=VECTOR('',#5105,1.0);
#5107=LINE('',#5104,#5106);
#5108=EDGE_CURVE('',#445,#5103,#5107,.T.);
#5109=ORIENTED_EDGE('',*,*,#5108,.T.);
#5110=CARTESIAN_POINT('',(-0.495451976325,2.501405072985,-0.055000000000));
#5111=VERTEX_POINT('',#5110);
#5112=LINE('',#5104,#5106);
#5113=EDGE_CURVE('',#5103,#5111,#5112,.T.);
#5114=ORIENTED_EDGE('',*,*,#5113,.T.);
#5115=CARTESIAN_POINT('',(-0.389958355471,2.520006444634,-0.055000000000));
#5116=VERTEX_POINT('',#5115);
#5117=CIRCLE('',#205,2.550000000000);
#5118=EDGE_CURVE('',#5116,#5111,#5117,.T.);
#5119=ORIENTED_EDGE('',*,*,#5118,.F.);
#5120=CARTESIAN_POINT('',(-0.359393356555,2.686848242894,-0.055000000000));
#5121=VERTEX_POINT('',#5120);
#5122=CARTESIAN_POINT('',(-0.823963897879,0.150948119166,-0.055000000000));
#5123=DIRECTION('',(0.180198594158,0.983630248957,0.000000000000));
#5124=VECTOR('',#5123,1.0);
#5125=LINE('',#5122,#5124);
#5126=EDGE_CURVE('',#5116,#5121,#5125,.T.);
#5127=ORIENTED_EDGE('',*,*,#5126,.T.);
#5128=LINE('',#5122,#5124);
#5129=EDGE_CURVE('',#5121,#789,#5128,.T.);
#5130=ORIENTED_EDGE('',*,*,#5129,.T.);
#5131=ORIENTED_EDGE('',*,*,#791,.F.);
#5132=CARTESIAN_POINT('',(-0.207087411717,2.702856242752,-0.055000000000));
#5133=VERTEX_POINT('',#5132);
#5134=CARTESIAN_POINT('',(0.774574431120,0.318961267778,-0.055000000000));
#5135=DIRECTION('',(0.380769050731,-0.924670173632,0.000000000000));
#5136=VECTOR('',#5135,1.0);
#5137=LINE('',#5134,#5136);
#5138=EDGE_CURVE('',#783,#5133,#5137,.T.);
#5139=ORIENTED_EDGE('',*,*,#5138,.T.);
#5140=CARTESIAN_POINT('',(-0.142501970985,2.546015158687,-0.055000000000));
#5141=VERTEX_POINT('',#5140);
#5142=LINE('',#5134,#5136);
#5143=EDGE_CURVE('',#5133,#5141,#5142,.T.);
#5144=ORIENTED_EDGE('',*,*,#5143,.T.);
#5145=CARTESIAN_POINT('',(-0.035446196223,2.549753628720,-0.055000000000));
#5146=VERTEX_POINT('',#5145);
#5147=CIRCLE('',#205,2.550000000000);
#5148=EDGE_CURVE('',#5146,#5141,#5147,.T.);
#5149=ORIENTED_EDGE('',*,*,#5148,.F.);
#5150=CARTESIAN_POINT('',(0.018041236658,2.710717908388,-0.055000000000));
#5151=VERTEX_POINT('',#5150);
#5152=CARTESIAN_POINT('',(-0.794937220037,0.264152713193,-0.055000000000));
#5153=DIRECTION('',(0.315339785772,0.948978829853,0.000000000000));
#5154=VECTOR('',#5153,1.0);
#5155=LINE('',#5152,#5154);
#5156=EDGE_CURVE('',#5146,#5151,#5155,.T.);
#5157=ORIENTED_EDGE('',*,*,#5156,.T.);
#5158=LINE('',#5152,#5154);
#5159=EDGE_CURVE('',#5151,#635,#5158,.T.);
#5160=ORIENTED_EDGE('',*,*,#5159,.T.);
#5161=ORIENTED_EDGE('',*,*,#637,.F.);
#5162=CARTESIAN_POINT('',(0.171092833492,2.705373228855,-0.055000000000));
#5163=VERTEX_POINT('',#5162);
#5164=CARTESIAN_POINT('',(0.811427154724,0.208057233142,-0.055000000000));
#5165=DIRECTION('',(0.248374217074,-0.968664156606,0.000000000000));
#5166=VECTOR('',#5165,1.0);
#5167=LINE('',#5164,#5166);
#5168=EDGE_CURVE('',#629,#5163,#5167,.T.);
#5169=ORIENTED_EDGE('',*,*,#5168,.T.);
#5170=CARTESIAN_POINT('',(0.213221673126,2.541069955375,-0.055000000000));
#5171=VERTEX_POINT('',#5170);
#5172=LINE('',#5164,#5166);
#5173=EDGE_CURVE('',#5163,#5171,#5172,.T.);
#5174=ORIENTED_EDGE('',*,*,#5173,.T.);
#5175=CARTESIAN_POINT('',(0.319755882915,2.529872758725,-0.055000000000));
#5176=VERTEX_POINT('',#5175);
#5177=CIRCLE('',#205,2.550000000000);
#5178=EDGE_CURVE('',#5176,#5171,#5177,.T.);
#5179=ORIENTED_EDGE('',*,*,#5178,.F.);
#5180=CARTESIAN_POINT('',(0.395124677722,2.681826533192,-0.055000000000));
#5181=VERTEX_POINT('',#5180);
#5182=CARTESIAN_POINT('',(-0.750437993434,0.372215875128,-0.055000000000));
#5183=DIRECTION('',(0.444343247150,0.895856617273,0.000000000000));
#5184=VECTOR('',#5183,1.0);
#5185=LINE('',#5182,#5184);
#5186=EDGE_CURVE('',#5176,#5181,#5185,.T.);
#5187=ORIENTED_EDGE('',*,*,#5186,.T.);
#5188=LINE('',#5182,#5184);
#5189=EDGE_CURVE('',#5181,#251,#5188,.T.);
#5190=ORIENTED_EDGE('',*,*,#5189,.T.);
#5191=ORIENTED_EDGE('',*,*,#253,.F.);
#5192=CARTESIAN_POINT('',(0.545942951311,2.655233202374,-0.055000000000));
#5193=VERTEX_POINT('',#5192);
#5194=CARTESIAN_POINT('',(0.832486371747,0.093103601125,-0.055000000000));
#5195=DIRECTION('',(0.111145061804,-0.993804193610,0.000000000000));
#5196=VECTOR('',#5195,1.0);
#5197=LINE('',#5194,#5196);
#5198=EDGE_CURVE('',#245,#5193,#5197,.T.);
#5199=ORIENTED_EDGE('',*,*,#5198,.T.);
#5200=CARTESIAN_POINT('',(0.564795199907,2.486665715806,-0.055000000000));
#5201=VERTEX_POINT('',#5200);
#5202=LINE('',#5194,#5196);
#5203=EDGE_CURVE('',#5193,#5201,#5202,.T.);
#5204=ORIENTED_EDGE('',*,*,#5203,.T.);
#5205=CARTESIAN_POINT('',(0.668734277510,2.460750793169,-0.055000000000));
#5206=VERTEX_POINT('',#5205);
#5207=CIRCLE('',#205,2.550000000000);
#5208=EDGE_CURVE('',#5206,#5201,#5207,.T.);
#5209=ORIENTED_EDGE('',*,*,#5208,.F.);
#5210=CARTESIAN_POINT('',(0.764517466381,2.600736455060,-0.055000000000));
#5211=VERTEX_POINT('',#5210);
#5212=CARTESIAN_POINT('',(-0.691332344901,0.473034278442,-0.055000000000));
#5213=DIRECTION('',(0.564698072655,0.825297574660,0.000000000000));
#5214=VECTOR('',#5213,1.0);
#5215=LINE('',#5212,#5214);
#5216=EDGE_CURVE('',#5206,#5211,#5215,.T.);
#5217=ORIENTED_EDGE('',*,*,#5216,.T.);
#5218=LINE('',#5212,#5214);
#5219=EDGE_CURVE('',#5211,#1081,#5218,.T.);
#5220=ORIENTED_EDGE('',*,*,#5219,.T.);
#5221=ORIENTED_EDGE('',*,*,#1083,.F.);
#5222=CARTESIAN_POINT('',(0.910166910585,2.553412081892,-0.055000000000));
#5223=VERTEX_POINT('',#5222);
#5224=CARTESIAN_POINT('',(0.837342188483,-0.023662186584,-0.055000000000));
#5225=DIRECTION('',(-0.028247405669,-0.999600962421,0.000000000000));
#5226=VECTOR('',#5225,1.0);
#5227=LINE('',#5224,#5226);
#5228=EDGE_CURVE('',#1075,#5223,#5227,.T.);
#5229=ORIENTED_EDGE('',*,*,#5228,.T.);
#5230=CARTESIAN_POINT('',(0.905375630566,2.383861356618,-0.055000000000));
#5231=VERTEX_POINT('',#5230);
#5232=LINE('',#5224,#5226);
#5233=EDGE_CURVE('',#5223,#5231,#5232,.T.);
#5234=ORIENTED_EDGE('',*,*,#5233,.T.);
#5235=CARTESIAN_POINT('',(1.004696520066,2.343733112487,-0.055000000000));
#5236=VERTEX_POINT('',#5235);
#5237=CIRCLE('',#205,2.550000000000);
#5238=EDGE_CURVE('',#5236,#5231,#5237,.T.);
#5239=ORIENTED_EDGE('',*,*,#5238,.F.);
#5240=CARTESIAN_POINT('',(1.119029792183,2.469026000123,-0.055000000000));
#5241=VERTEX_POINT('',#5240);
#5242=CARTESIAN_POINT('',(-0.618770698652,0.564645607595,-0.055000000000));
#5243=DIRECTION('',(0.674061692510,0.738675053518,0.000000000000));
#5244=VECTOR('',#5243,1.0);
#5245=LINE('',#5242,#5244);
#5246=EDGE_CURVE('',#5236,#5241,#5245,.T.);
#5247=ORIENTED_EDGE('',*,*,#5246,.T.);
#5248=LINE('',#5242,#5244);
#5249=EDGE_CURVE('',#5241,#920,#5248,.T.);
#5250=ORIENTED_EDGE('',*,*,#5249,.T.);
#5251=ORIENTED_EDGE('',*,*,#922,.F.);
#5252=CARTESIAN_POINT('',(1.256675506243,2.401891699700,-0.055000000000));
#5253=VERTEX_POINT('',#5252);
#5254=CARTESIAN_POINT('',(0.825900091982,-0.139967416746,-0.055000000000));
#5255=DIRECTION('',(-0.167090069522,-0.985941635528,0.000000000000));
#5256=VECTOR('',#5255,1.0);
#5257=LINE('',#5254,#5256);
#5258=EDGE_CURVE('',#914,#5253,#5257,.T.);
#5259=ORIENTED_EDGE('',*,*,#5258,.T.);
#5260=CARTESIAN_POINT('',(1.228333954425,2.234657847726,-0.055000000000));
#5261=VERTEX_POINT('',#5260);
#5262=LINE('',#5254,#5256);
#5263=EDGE_CURVE('',#5253,#5261,#5262,.T.);
#5264=ORIENTED_EDGE('',*,*,#5263,.T.);
#5265=CARTESIAN_POINT('',(1.321103487685,2.181097332727,-0.055000000000));
#5266=VERTEX_POINT('',#5265);
#5267=CIRCLE('',#205,2.550000000000);
#5268=EDGE_CURVE('',#5266,#5261,#5267,.T.);
#5269=ORIENTED_EDGE('',*,*,#5268,.F.);
#5270=CARTESIAN_POINT('',(1.451761475957,2.289258762570,-0.055000000000));
#5271=VERTEX_POINT('',#5270);
#5272=CARTESIAN_POINT('',(-0.534165384595,0.645266752272,-0.055000000000));
#5273=DIRECTION('',(0.770305468255,0.637675062690,0.000000000000));
#5274=VECTOR('',#5273,1.0);
#5275=LINE('',#5272,#5274);
#5276=EDGE_CURVE('',#5266,#5271,#5275,.T.);
#5277=ORIENTED_EDGE('',*,*,#5276,.T.);
#5278=LINE('',#5272,#5274);
#5279=EDGE_CURVE('',#5271,#1035,#5278,.T.);
#5280=ORIENTED_EDGE('',*,*,#5279,.T.);
#5281=ORIENTED_EDGE('',*,*,#1037,.F.);
#5282=CARTESIAN_POINT('',(1.578724342620,2.203621227683,-0.055000000000));
#5283=VERTEX_POINT('',#5282);
#5284=CARTESIAN_POINT('',(0.798382789639,-0.253548340352,-0.055000000000));
#5285=DIRECTION('',(-0.302680515233,-0.953092076191,0.000000000000));
#5286=VECTOR('',#5285,1.0);
#5287=LINE('',#5284,#5286);
#5288=EDGE_CURVE('',#1029,#5283,#5287,.T.);
#5289=ORIENTED_EDGE('',*,*,#5288,.T.);
#5290=CARTESIAN_POINT('',(1.527384155071,2.041959265714,-0.055000000000));
#5291=VERTEX_POINT('',#5290);
#5292=LINE('',#5284,#5286);
#5293=EDGE_CURVE('',#5283,#5291,#5292,.T.);
#5294=ORIENTED_EDGE('',*,*,#5293,.T.);
#5295=CARTESIAN_POINT('',(1.611796678649,1.976008974346,-0.055000000000));
#5296=VERTEX_POINT('',#5295);
#5297=CIRCLE('',#205,2.550000000000);
#5298=EDGE_CURVE('',#5296,#5291,#5297,.T.);
#5299=ORIENTED_EDGE('',*,*,#5298,.F.);
#5300=CARTESIAN_POINT('',(1.756236273956,2.064933707197,-0.055000000000));
#5301=VERTEX_POINT('',#5300);
#5302=CARTESIAN_POINT('',(-0.439163148932,0.713328513595,-0.055000000000));
#5303=DIRECTION('',(0.851556124269,0.524263452111,0.000000000000));
#5304=VECTOR('',#5303,1.0);
#5305=LINE('',#5302,#5304);
#5306=EDGE_CURVE('',#5296,#5301,#5305,.T.);
#5307=ORIENTED_EDGE('',*,*,#5306,.T.);
#5308=LINE('',#5302,#5304);
#5309=EDGE_CURVE('',#5301,#228,#5308,.T.);
#5310=ORIENTED_EDGE('',*,*,#5309,.T.);
#5311=ORIENTED_EDGE('',*,*,#230,.F.);
#5312=CARTESIAN_POINT('',(1.870045105439,1.962459775052,-0.055000000000));
#5313=VERTEX_POINT('',#5312);
#5314=CARTESIAN_POINT('',(0.755325874442,-0.362194233921,-0.055000000000));
#5315=DIRECTION('',(-0.432379629010,-0.901691663717,0.000000000000));
#5316=VECTOR('',#5315,1.0);
#5317=LINE('',#5314,#5316);
#5318=EDGE_CURVE('',#222,#5313,#5317,.T.);
#5319=ORIENTED_EDGE('',*,*,#5318,.T.);
#5320=CARTESIAN_POINT('',(1.796705560513,1.809516269289,-0.055000000000));
#5321=VERTEX_POINT('',#5320);
#5322=LINE('',#5314,#5316);
#5323=EDGE_CURVE('',#5313,#5321,#5322,.T.);
#5324=ORIENTED_EDGE('',*,*,#5323,.T.);
#5325=CARTESIAN_POINT('',(1.871118080654,1.732459848957,-0.055000000000));
#5326=VERTEX_POINT('',#5325);
#5327=CIRCLE('',#205,2.550000000000);
#5328=EDGE_CURVE('',#5326,#5321,#5327,.T.);
#5329=ORIENTED_EDGE('',*,*,#5328,.F.);
#5330=CARTESIAN_POINT('',(2.026527930572,1.800417066040,-0.055000000000));
#5331=VERTEX_POINT('',#5330);
#5332=CARTESIAN_POINT('',(-0.335613102115,0.767506146800,-0.055000000000));
#5333=DIRECTION('',(0.916232208956,0.400647649778,0.000000000000));
#5334=VECTOR('',#5333,1.0);
#5335=LINE('',#5332,#5334);
#5336=EDGE_CURVE('',#5326,#5331,#5335,.T.);
#5337=ORIENTED_EDGE('',*,*,#5336,.T.);
#5338=LINE('',#5332,#5334);
#5339=EDGE_CURVE('',#5331,#405,#5338,.T.);
#5340=ORIENTED_EDGE('',*,*,#5339,.T.);
#5341=ORIENTED_EDGE('',*,*,#407,.F.);
#5342=CARTESIAN_POINT('',(2.124967567427,1.683101275165,-0.055000000000));
#5343=VERTEX_POINT('',#5342);
#5344=CARTESIAN_POINT('',(0.697567400270,-0.463790428715,-0.055000000000));
#5345=DIRECTION('',(-0.553662965132,-0.832740848669,0.000000000000));
#5346=VECTOR('',#5345,1.0);
#5347=LINE('',#5344,#5346);
#5348=EDGE_CURVE('',#399,#5343,#5347,.T.);
#5349=ORIENTED_EDGE('',*,*,#5348,.T.);
#5350=CARTESIAN_POINT('',(2.031056135941,1.541853096977,-0.055000000000));
#5351=VERTEX_POINT('',#5350);
#5352=LINE('',#5344,#5346);
#5353=EDGE_CURVE('',#5343,#5351,#5352,.T.);
#5354=ORIENTED_EDGE('',*,*,#5353,.T.);
#5355=CARTESIAN_POINT('',(2.094020297585,1.455190363252,-0.055000000000));
#5356=VERTEX_POINT('',#5355);
#5357=CIRCLE('',#205,2.550000000000);
#5358=EDGE_CURVE('',#5356,#5351,#5357,.T.);
#5359=ORIENTED_EDGE('',*,*,#5358,.F.);
#5360=CARTESIAN_POINT('',(2.257375526161,1.500857354637,-0.055000000000));
#5361=VERTEX_POINT('',#5360);
#5362=CARTESIAN_POINT('',(-0.225530728020,0.806745145883,-0.055000000000));
#5363=DIRECTION('',(0.963074875893,0.269233696671,0.000000000000));
#5364=VECTOR('',#5363,1.0);
#5365=LINE('',#5362,#5364);
#5366=EDGE_CURVE('',#5356,#5361,#5365,.T.);
#5367=ORIENTED_EDGE('',*,*,#5366,.T.);
#5368=LINE('',#5362,#5364);
#5369=EDGE_CURVE('',#5361,#320,#5368,.T.);
#5370=ORIENTED_EDGE('',*,*,#5369,.T.);
#5371=ORIENTED_EDGE('',*,*,#322,.F.);
#5372=CARTESIAN_POINT('',(2.338529952829,1.370983123456,-0.055000000000));
#5373=VERTEX_POINT('',#5372);
#5374=CARTESIAN_POINT('',(0.626231570122,-0.556359470369,-0.055000000000));
#5375=DIRECTION('',(-0.664169881420,-0.747581680229,0.000000000000));
#5376=VECTOR('',#5375,1.0);
#5377=LINE('',#5374,#5376);
#5378=EDGE_CURVE('',#314,#5373,#5377,.T.);
#5379=ORIENTED_EDGE('',*,*,#5378,.T.);
#5380=CARTESIAN_POINT('',(2.225874513975,1.244179507964,-0.055000000000));
#5381=VERTEX_POINT('',#5380);
#5382=LINE('',#5374,#5376);
#5383=EDGE_CURVE('',#5373,#5381,#5382,.T.);
#5384=ORIENTED_EDGE('',*,*,#5383,.T.);
#5385=CARTESIAN_POINT('',(2.276164791336,1.149597252381,-0.055000000000));
#5386=VERTEX_POINT('',#5385);
#5387=CIRCLE('',#205,2.550000000000);
#5388=EDGE_CURVE('',#5386,#5381,#5387,.T.);
#5389=ORIENTED_EDGE('',*,*,#5388,.F.);
#5390=CARTESIAN_POINT('',(2.444285874859,1.172085162026,-0.055000000000));
#5391=VERTEX_POINT('',#5390);
#5392=CARTESIAN_POINT('',(-0.111058654841,0.830281768361,-0.055000000000));
#5393=DIRECTION('',(0.991172385853,0.132579415908,0.000000000000));
#5394=VECTOR('',#5393,1.0);
#5395=LINE('',#5392,#5394);
#5396=EDGE_CURVE('',#5386,#5391,#5395,.T.);
#5397=ORIENTED_EDGE('',*,*,#5396,.T.);
#5398=LINE('',#5392,#5394);
#5399=EDGE_CURVE('',#5391,#1127,#5398,.T.);
#5400=ORIENTED_EDGE('',*,*,#5399,.T.);
#5401=ORIENTED_EDGE('',*,*,#1129,.F.);
#5402=CARTESIAN_POINT('',(2.506575512737,1.032180344719,-0.055000000000));
#5403=VERTEX_POINT('',#5402);
#5404=CARTESIAN_POINT('',(0.542706854790,-0.638099607781,-0.055000000000));
#5405=DIRECTION('',(-0.761749486449,-0.647871684745,0.000000000000));
#5406=VECTOR('',#5405,1.0);
#5407=LINE('',#5404,#5406);
#5408=EDGE_CURVE('',#1121,#5403,#5407,.T.);
#5409=ORIENTED_EDGE('',*,*,#5408,.T.);
#5410=CARTESIAN_POINT('',(2.377368776489,0.922289380061,-0.055000000000));
#5411=VERTEX_POINT('',#5410);
#5412=LINE('',#5404,#5406);
#5413=EDGE_CURVE('',#5403,#5411,#5412,.T.);
#5414=ORIENTED_EDGE('',*,*,#5413,.T.);
#5415=CARTESIAN_POINT('',(2.414006326523,0.821628538639,-0.055000000000));
#5416=VERTEX_POINT('',#5415);
#5417=CIRCLE('',#205,2.550000000000);
#5418=EDGE_CURVE('',#5416,#5411,#5417,.T.);
#5419=ORIENTED_EDGE('',*,*,#5418,.F.);
#5420=CARTESIAN_POINT('',(2.583620979338,0.820499664963,-0.055000000000));
#5421=VERTEX_POINT('',#5420);
#5422=CARTESIAN_POINT('',(0.005575048727,0.837657900648,-0.055000000000));
#5423=DIRECTION('',(0.999977852764,-0.006655372379,0.000000000000));
#5424=VECTOR('',#5423,1.0);
#5425=LINE('',#5422,#5424);
#5426=EDGE_CURVE('',#5416,#5421,#5425,.T.);
#5427=ORIENTED_EDGE('',*,*,#5426,.T.);
#5428=LINE('',#5422,#5424);
#5429=EDGE_CURVE('',#5421,#428,#5428,.T.);
#5430=ORIENTED_EDGE('',*,*,#5429,.T.);
#5431=ORIENTED_EDGE('',*,*,#430,.F.);
#5432=CARTESIAN_POINT('',(2.625833431478,0.673287349659,-0.055000000000));
#5433=VERTEX_POINT('',#5432);
#5434=CARTESIAN_POINT('',(0.448618967850,-0.707419862156,-0.055000000000));
#5435=DIRECTION('',(-0.844502504201,-0.535551603861,0.000000000000));
#5436=VECTOR('',#5435,1.0);
#5437=LINE('',#5434,#5436);
#5438=EDGE_CURVE('',#422,#5433,#5437,.T.);
#5439=ORIENTED_EDGE('',*,*,#5438,.T.);
#5440=CARTESIAN_POINT('',(2.482590259986,0.582447938464,-0.055000000000));
#5441=VERTEX_POINT('',#5440);
#5442=LINE('',#5434,#5436);
#5443=EDGE_CURVE('',#5433,#5441,#5442,.T.);
#5444=ORIENTED_EDGE('',*,*,#5443,.T.);
#5445=CARTESIAN_POINT('',(2.504861974456,0.477667759982,-0.055000000000));
#5446=VERTEX_POINT('',#5445);
#5447=CIRCLE('',#205,2.550000000000);
#5448=EDGE_CURVE('',#5446,#5441,#5447,.T.);
#5449=ORIENTED_EDGE('',*,*,#5448,.F.);
#5450=CARTESIAN_POINT('',(2.672668840278,0.452944075226,-0.055000000000));
#5451=VERTEX_POINT('',#5450);
#5452=CARTESIAN_POINT('',(0.122100240313,0.828729974722,-0.055000000000));
#5453=DIRECTION('',(0.989319888229,-0.145760621413,0.000000000000));
#5454=VECTOR('',#5453,1.0);
#5455=LINE('',#5452,#5454);
#5456=EDGE_CURVE('',#5446,#5451,#5455,.T.);
#5457=ORIENTED_EDGE('',*,*,#5456,.T.);
#5458=LINE('',#5452,#5454);
#5459=EDGE_CURVE('',#5451,#612,#5458,.T.);
#5460=ORIENTED_EDGE('',*,*,#5459,.T.);
#5461=ORIENTED_EDGE('',*,*,#614,.F.);
#5462=CARTESIAN_POINT('',(2.693982489316,0.301289582192,-0.055000000000));
#5463=VERTEX_POINT('',#5462);
#5464=CARTESIAN_POINT('',(0.345799222996,-0.762970993592,-0.055000000000));
#5465=DIRECTION('',(-0.910818241316,-0.412807620189,0.000000000000));
#5466=VECTOR('',#5465,1.0);
#5467=LINE('',#5464,#5466);
#5468=EDGE_CURVE('',#606,#5463,#5467,.T.);
#5469=ORIENTED_EDGE('',*,*,#5468,.T.);
#5470=CARTESIAN_POINT('',(2.539490947977,0.231269810270,-0.055000000000));
#5471=VERTEX_POINT('',#5470);
#5472=LINE('',#5464,#5466);
#5473=EDGE_CURVE('',#5463,#5471,#5472,.T.);
#5474=ORIENTED_EDGE('',*,*,#5473,.T.);
#5475=CIRCLE('',#205,2.550000000000);
#5476=EDGE_CURVE('',#160,#5471,#5475,.T.);
#5477=ORIENTED_EDGE('',*,*,#5476,.F.);
#5478=ORIENTED_EDGE('',*,*,#162,.F.);
#5479=ORIENTED_EDGE('',*,*,#157,.F.);
#5480=ORIENTED_EDGE('',*,*,#903,.F.);
#5481=CARTESIAN_POINT('',(2.709696242359,-0.076572444281,-0.055000000000));
#5482=VERTEX_POINT('',#5481);
#5483=CARTESIAN_POINT('',(0.236248889608,-0.803671762504,-0.055000000000));
#5484=DIRECTION('',(-0.959405937404,-0.282028805752,0.000000000000));
#5485=VECTOR('',#5484,1.0);
#5486=LINE('',#5483,#5485);
#5487=EDGE_CURVE('',#897,#5482,#5486,.T.);
#5488=ORIENTED_EDGE('',*,*,#5487,.T.);
#5489=CARTESIAN_POINT('',(2.546963333294,-0.124409721716,-0.055000000000));
#5490=VERTEX_POINT('',#5489);
#5491=LINE('',#5483,#5485);
#5492=EDGE_CURVE('',#5482,#5490,#5491,.T.);
#5493=ORIENTED_EDGE('',*,*,#5492,.T.);
#5494=CARTESIAN_POINT('',(2.539490947977,-0.231269810270,-0.055000000000));
#5495=VERTEX_POINT('',#5494);
#5496=CIRCLE('',#205,2.550000000000);
#5497=EDGE_CURVE('',#5495,#5490,#5496,.T.);
#5498=ORIENTED_EDGE('',*,*,#5497,.F.);
#5499=CARTESIAN_POINT('',(2.693982489316,-0.301289582192,-0.055000000000));
#5500=VERTEX_POINT('',#5499);
#5501=CARTESIAN_POINT('',(0.345799222996,0.762970993592,-0.055000000000));
#5502=DIRECTION('',(0.910818241316,-0.412807620189,0.000000000000));
#5503=VECTOR('',#5502,1.0);
#5504=LINE('',#5501,#5503);
#5505=EDGE_CURVE('',#5495,#5500,#5504,.T.);
#5506=ORIENTED_EDGE('',*,*,#5505,.T.);
#5507=LINE('',#5501,#5503);
#5508=EDGE_CURVE('',#5500,#474,#5507,.T.);
#5509=ORIENTED_EDGE('',*,*,#5508,.T.);
#5510=ORIENTED_EDGE('',*,*,#476,.F.);
#5511=CARTESIAN_POINT('',(2.672668840278,-0.452944075226,-0.055000000000));
#5512=VERTEX_POINT('',#5511);
#5513=CARTESIAN_POINT('',(0.122100240313,-0.828729974722,-0.055000000000));
#5514=DIRECTION('',(-0.989319888229,-0.145760621413,0.000000000000));
#5515=VECTOR('',#5514,1.0);
#5516=LINE('',#5513,#5515);
#5517=EDGE_CURVE('',#468,#5512,#5516,.T.);
#5518=ORIENTED_EDGE('',*,*,#5517,.T.);
#5519=CARTESIAN_POINT('',(2.504861974456,-0.477667759982,-0.055000000000));
#5520=VERTEX_POINT('',#5519);
#5521=LINE('',#5513,#5515);
#5522=EDGE_CURVE('',#5512,#5520,#5521,.T.);
#5523=ORIENTED_EDGE('',*,*,#5522,.T.);
#5524=CIRCLE('',#205,2.550000000000);
#5525=EDGE_CURVE('',#115,#5520,#5524,.T.);
#5526=ORIENTED_EDGE('',*,*,#5525,.F.);
#5527=ORIENTED_EDGE('',*,*,#117,.F.);
#5528=ORIENTED_EDGE('',*,*,#112,.F.);
#5529=ORIENTED_EDGE('',*,*,#657,.F.);
#5530=CARTESIAN_POINT('',(2.583620979338,-0.820499664963,-0.055000000000));
#5531=VERTEX_POINT('',#5530);
#5532=CARTESIAN_POINT('',(0.005575048727,-0.837657900648,-0.055000000000));
#5533=DIRECTION('',(-0.999977852764,-0.006655372379,0.000000000000));
#5534=VECTOR('',#5533,1.0);
#5535=LINE('',#5532,#5534);
#5536=EDGE_CURVE('',#651,#5531,#5535,.T.);
#5537=ORIENTED_EDGE('',*,*,#5536,.T.);
#5538=CARTESIAN_POINT('',(2.414006326523,-0.821628538639,-0.055000000000));
#5539=VERTEX_POINT('',#5538);
#5540=LINE('',#5532,#5534);
#5541=EDGE_CURVE('',#5531,#5539,#5540,.T.);
#5542=ORIENTED_EDGE('',*,*,#5541,.T.);
#5543=CARTESIAN_POINT('',(2.377368776489,-0.922289380061,-0.055000000000));
#5544=VERTEX_POINT('',#5543);
#5545=CIRCLE('',#205,2.550000000000);
#5546=EDGE_CURVE('',#5544,#5539,#5545,.T.);
#5547=ORIENTED_EDGE('',*,*,#5546,.F.);
#5548=CARTESIAN_POINT('',(2.506575512737,-1.032180344719,-0.055000000000));
#5549=VERTEX_POINT('',#5548);
#5550=CARTESIAN_POINT('',(0.542706854790,0.638099607781,-0.055000000000));
#5551=DIRECTION('',(0.761749486449,-0.647871684745,0.000000000000));
#5552=VECTOR('',#5551,1.0);
#5553=LINE('',#5550,#5552);
#5554=EDGE_CURVE('',#5544,#5549,#5553,.T.);
#5555=ORIENTED_EDGE('',*,*,#5554,.T.);
#5556=LINE('',#5550,#5552);
#5557=EDGE_CURVE('',#5549,#203,#5556,.T.);
#5558=ORIENTED_EDGE('',*,*,#5557,.T.);
#5559=ORIENTED_EDGE('',*,*,#207,.F.);
#5560=CARTESIAN_POINT('',(2.444285874859,-1.172085162026,-0.055000000000));
#5561=VERTEX_POINT('',#5560);
#5562=CARTESIAN_POINT('',(-0.111058654841,-0.830281768361,-0.055000000000));
#5563=DIRECTION('',(-0.991172385853,0.132579415908,0.000000000000));
#5564=VECTOR('',#5563,1.0);
#5565=LINE('',#5562,#5564);
#5566=EDGE_CURVE('',#197,#5561,#5565,.T.);
#5567=ORIENTED_EDGE('',*,*,#5566,.T.);
#5568=CARTESIAN_POINT('',(2.276164791336,-1.149597252381,-0.055000000000));
#5569=VERTEX_POINT('',#5568);
#5570=LINE('',#5562,#5564);
#5571=EDGE_CURVE('',#5561,#5569,#5570,.T.);
#5572=ORIENTED_EDGE('',*,*,#5571,.T.);
#5573=CARTESIAN_POINT('',(2.225874513975,-1.244179507964,-0.055000000000));
#5574=VERTEX_POINT('',#5573);
#5575=CIRCLE('',#205,2.550000000000);
#5576=EDGE_CURVE('',#5574,#5569,#5575,.T.);
#5577=ORIENTED_EDGE('',*,*,#5576,.F.);
#5578=CARTESIAN_POINT('',(2.338529952829,-1.370983123456,-0.055000000000));
#5579=VERTEX_POINT('',#5578);
#5580=CARTESIAN_POINT('',(0.626231570122,0.556359470369,-0.055000000000));
#5581=DIRECTION('',(0.664169881420,-0.747581680229,0.000000000000));
#5582=VECTOR('',#5581,1.0);
#5583=LINE('',#5580,#5582);
#5584=EDGE_CURVE('',#5574,#5579,#5583,.T.);
#5585=ORIENTED_EDGE('',*,*,#5584,.T.);
#5586=LINE('',#5580,#5582);
#5587=EDGE_CURVE('',#5579,#835,#5586,.T.);
#5588=ORIENTED_EDGE('',*,*,#5587,.T.);
#5589=ORIENTED_EDGE('',*,*,#837,.F.);
#5590=CARTESIAN_POINT('',(2.257375526161,-1.500857354637,-0.055000000000));
#5591=VERTEX_POINT('',#5590);
#5592=CARTESIAN_POINT('',(-0.225530728020,-0.806745145883,-0.055000000000));
#5593=DIRECTION('',(-0.963074875893,0.269233696671,0.000000000000));
#5594=VECTOR('',#5593,1.0);
#5595=LINE('',#5592,#5594);
#5596=EDGE_CURVE('',#829,#5591,#5595,.T.);
#5597=ORIENTED_EDGE('',*,*,#5596,.T.);
#5598=CARTESIAN_POINT('',(2.094020297585,-1.455190363252,-0.055000000000));
#5599=VERTEX_POINT('',#5598);
#5600=LINE('',#5592,#5594);
#5601=EDGE_CURVE('',#5591,#5599,#5600,.T.);
#5602=ORIENTED_EDGE('',*,*,#5601,.T.);
#5603=CARTESIAN_POINT('',(2.031056135941,-1.541853096977,-0.055000000000));
#5604=VERTEX_POINT('',#5603);
#5605=CIRCLE('',#205,2.550000000000);
#5606=EDGE_CURVE('',#5604,#5599,#5605,.T.);
#5607=ORIENTED_EDGE('',*,*,#5606,.F.);
#5608=CARTESIAN_POINT('',(2.124967567427,-1.683101275165,-0.055000000000));
#5609=VERTEX_POINT('',#5608);
#5610=CARTESIAN_POINT('',(0.697567400270,0.463790428715,-0.055000000000));
#5611=DIRECTION('',(0.553662965132,-0.832740848669,0.000000000000));
#5612=VECTOR('',#5611,1.0);
#5613=LINE('',#5610,#5612);
#5614=EDGE_CURVE('',#5604,#5609,#5613,.T.);
#5615=ORIENTED_EDGE('',*,*,#5614,.T.);
#5616=LINE('',#5610,#5612);
#5617=EDGE_CURVE('',#5609,#274,#5616,.T.);
#5618=ORIENTED_EDGE('',*,*,#5617,.T.);
#5619=ORIENTED_EDGE('',*,*,#276,.F.);
#5620=CARTESIAN_POINT('',(2.026527930572,-1.800417066040,-0.055000000000));
#5621=VERTEX_POINT('',#5620);
#5622=CARTESIAN_POINT('',(-0.335613102115,-0.767506146800,-0.055000000000));
#5623=DIRECTION('',(-0.916232208956,0.400647649778,0.000000000000));
#5624=VECTOR('',#5623,1.0);
#5625=LINE('',#5622,#5624);
#5626=EDGE_CURVE('',#268,#5621,#5625,.T.);
#5627=ORIENTED_EDGE('',*,*,#5626,.T.);
#5628=CARTESIAN_POINT('',(1.871118080654,-1.732459848957,-0.055000000000));
#5629=VERTEX_POINT('',#5628);
#5630=LINE('',#5622,#5624);
#5631=EDGE_CURVE('',#5621,#5629,#5630,.T.);
#5632=ORIENTED_EDGE('',*,*,#5631,.T.);
#5633=CARTESIAN_POINT('',(1.796705560513,-1.809516269289,-0.055000000000));
#5634=VERTEX_POINT('',#5633);
#5635=CIRCLE('',#205,2.550000000000);
#5636=EDGE_CURVE('',#5634,#5629,#5635,.T.);
#5637=ORIENTED_EDGE('',*,*,#5636,.F.);
#5638=CARTESIAN_POINT('',(1.870045105439,-1.962459775052,-0.055000000000));
#5639=VERTEX_POINT('',#5638);
#5640=CARTESIAN_POINT('',(0.755325874442,0.362194233921,-0.055000000000));
#5641=DIRECTION('',(0.432379629010,-0.901691663717,0.000000000000));
#5642=VECTOR('',#5641,1.0);
#5643=LINE('',#5640,#5642);
#5644=EDGE_CURVE('',#5634,#5639,#5643,.T.);
#5645=ORIENTED_EDGE('',*,*,#5644,.T.);
#5646=LINE('',#5640,#5642);
#5647=EDGE_CURVE('',#5639,#812,#5646,.T.);
#5648=ORIENTED_EDGE('',*,*,#5647,.T.);
#5649=ORIENTED_EDGE('',*,*,#814,.F.);
#5650=CARTESIAN_POINT('',(1.756236273956,-2.064933707197,-0.055000000000));
#5651=VERTEX_POINT('',#5650);
#5652=CARTESIAN_POINT('',(-0.439163148932,-0.713328513595,-0.055000000000));
#5653=DIRECTION('',(-0.851556124269,0.524263452111,0.000000000000));
#5654=VECTOR('',#5653,1.0);
#5655=LINE('',#5652,#5654);
#5656=EDGE_CURVE('',#806,#5651,#5655,.T.);
#5657=ORIENTED_EDGE('',*,*,#5656,.T.);
#5658=CARTESIAN_POINT('',(1.611796678649,-1.976008974346,-0.055000000000));
#5659=VERTEX_POINT('',#5658);
#5660=LINE('',#5652,#5654);
#5661=EDGE_CURVE('',#5651,#5659,#5660,.T.);
#5662=ORIENTED_EDGE('',*,*,#5661,.T.);
#5663=CIRCLE('',#205,2.550000000000);
#5664=EDGE_CURVE('',#25,#5659,#5663,.T.);
#5665=ORIENTED_EDGE('',*,*,#5664,.F.);
#5666=ORIENTED_EDGE('',*,*,#27,.F.);
#5667=EDGE_LOOP('',(#4361,#4362,#4370,#4375,#4380,#4388,#4391,#4392,#4400,#4405,#4410,#4418,#4421,#4422,#4430,#4435,#4440,#4448,#4451,#4452,#4460,#4465,#4470,#4478,#4481,#4482,#4490,#4495,#4500,#4508,#4511,#4512,#4520,#4525,#4528,#4529,#4530,#4531,#4539,#4544,#4549,#4557,#4560,#4561,#4569,#4574,#4579,#4587,#4590,#4591,#4599,#4604,#4609,#4617,#4620,#4621,#4629,#4634,#4639,#4647,#4650,#4651,#4659,#4664,#4669,#4677,#4680,#4681,#4689,#4694,#4699,#4707,#4710,#4711,#4719,#4724,#4729,#4737,#4740,#4741,#4749,#4754,#4759,#4767,#4770,#4771,#4779,#4784,#4789,#4797,#4800,#4801,#4809,#4814,#4819,#4827,#4830,#4831,#4839,#4844,#4849,#4857,#4860,#4861,#4869,#4874,#4879,#4887,#4890,#4891,#4899,#4904,#4909,#4917,#4920,#4921,#4929,#4934,#4939,#4947,#4950,#4951,#4959,#4964,#4969,#4977,#4980,#4981,#4989,#4994,#4999,#5007,#5010,#5011,#5019,#5024,#5029,#5037,#5040,#5041,#5049,#5054,#5059,#5067,#5070,#5071,#5079,#5084,#5089,#5097,#5100,#5101,#5109,#5114,#5119,#5127,#5130,#5131,#5139,#5144,#5149,#5157,#5160,#5161,#5169,#5174,#5179,#5187,#5190,#5191,#5199,#5204,#5209,#5217,#5220,#5221,#5229,#5234,#5239,#5247,#5250,#5251,#5259,#5264,#5269,#5277,#5280,#5281,#5289,#5294,#5299,#5307,#5310,#5311,#5319,#5324,#5329,#5337,#5340,#5341,#5349,#5354,#5359,#5367,#5370,#5371,#5379,#5384,#5389,#5397,#5400,#5401,#5409,#5414,#5419,#5427,#5430,#5431,#5439,#5444,#5449,#5457,#5460,#5461,#5469,#5474,#5477,#5478,#5479,#5480,#5488,#5493,#5498,#5506,#5509,#5510,#5518,#5523,#5526,#5527,#5528,#5529,#5537,#5542,#5547,#5555,#5558,#5559,#5567,#5572,#5577,#5585,#5588,#5589,#5597,#5602,#5607,#5615,#5618,#5619,#5627,#5632,#5637,#5645,#5648,#5649,#5657,#5662,#5665,#5666));
#5668=FACE_BOUND('',#4360,.T.);
#5669=FACE_OUTER_BOUND('',#5667,.T.);
#5670=ADVANCED_FACE('',(#5668,#5669),#3459,.T.);
#5671=CARTESIAN_POINT('',(0.811427154724,0.208057233142,0.000000000000));
#5672=DIRECTION('',(0.968664156606,0.248374217074,0.000000000000));
#5673=AXIS2_PLACEMENT_3D('',#5671,#5672,#5165);
#5674=PLANE('',#5673);
#5675=ORIENTED_EDGE('',*,*,#632,.T.);
#5676=ORIENTED_EDGE('',*,*,#2649,.F.);
#5677=ORIENTED_EDGE('',*,*,#2646,.F.);
#5678=CARTESIAN_POINT('',(0.213221673126,2.541069955375,0.000000000000));
#5679=LINE('',#5678,#12);
#5680=EDGE_CURVE('',#5171,#2636,#5679,.T.);
#5681=ORIENTED_EDGE('',*,*,#5680,.F.);
#5682=ORIENTED_EDGE('',*,*,#5173,.F.);
#5683=ORIENTED_EDGE('',*,*,#5168,.F.);
#5684=EDGE_LOOP('',(#5675,#5676,#5677,#5681,#5682,#5683));
#5685=FACE_OUTER_BOUND('',#5684,.T.);
#5686=ADVANCED_FACE('',(#5685),#5674,.T.);
#5687=CARTESIAN_POINT('',(0.122100240313,0.828729974722,0.000000000000));
#5688=DIRECTION('',(0.145760621413,0.989319888229,0.000000000000));
#5689=AXIS2_PLACEMENT_3D('',#5687,#5688,#5453);
#5690=PLANE('',#5689);
#5691=ORIENTED_EDGE('',*,*,#618,.F.);
#5692=ORIENTED_EDGE('',*,*,#5459,.F.);
#5693=ORIENTED_EDGE('',*,*,#5456,.F.);
#5694=CARTESIAN_POINT('',(2.504861974456,0.477667759982,0.000000000000));
#5695=LINE('',#5694,#12);
#5696=EDGE_CURVE('',#5446,#2361,#5695,.T.);
#5697=ORIENTED_EDGE('',*,*,#5696,.T.);
#5698=ORIENTED_EDGE('',*,*,#2363,.F.);
#5699=ORIENTED_EDGE('',*,*,#2358,.F.);
#5700=EDGE_LOOP('',(#5691,#5692,#5693,#5697,#5698,#5699));
#5701=FACE_OUTER_BOUND('',#5700,.T.);
#5702=ADVANCED_FACE('',(#5701),#5690,.T.);
#5703=CARTESIAN_POINT('',(-0.585896426705,-0.598687912741,0.000000000000));
#5704=DIRECTION('',(-0.699430459934,-0.714700658819,0.000000000000));
#5705=AXIS2_PLACEMENT_3D('',#5703,#5704,#4913);
#5706=PLANE('',#5705);
#5707=ORIENTED_EDGE('',*,*,#365,.F.);
#5708=ORIENTED_EDGE('',*,*,#4919,.F.);
#5709=ORIENTED_EDGE('',*,*,#4916,.F.);
#5710=CARTESIAN_POINT('',(-2.307241970711,1.085879592123,0.000000000000));
#5711=LINE('',#5710,#12);
#5712=EDGE_CURVE('',#4906,#2901,#5711,.T.);
#5713=ORIENTED_EDGE('',*,*,#5712,.T.);
#5714=ORIENTED_EDGE('',*,*,#2903,.F.);
#5715=ORIENTED_EDGE('',*,*,#2898,.F.);
#5716=EDGE_LOOP('',(#5707,#5708,#5709,#5713,#5714,#5715));
#5717=FACE_OUTER_BOUND('',#5716,.T.);
#5718=ADVANCED_FACE('',(#5717),#5706,.T.);
#5719=CARTESIAN_POINT('',(0.825900091982,0.139967416746,0.000000000000));
#5720=DIRECTION('',(0.985941635528,0.167090069522,0.000000000000));
#5721=AXIS2_PLACEMENT_3D('',#5719,#5720,#4384);
#5722=PLANE('',#5721);
#5723=ORIENTED_EDGE('',*,*,#726,.F.);
#5724=ORIENTED_EDGE('',*,*,#4390,.F.);
#5725=ORIENTED_EDGE('',*,*,#4387,.F.);
#5726=CARTESIAN_POINT('',(1.228333954425,-2.234657847726,0.000000000000));
#5727=LINE('',#5726,#12);
#5728=EDGE_CURVE('',#4377,#3430,#5727,.T.);
#5729=ORIENTED_EDGE('',*,*,#5728,.T.);
#5730=ORIENTED_EDGE('',*,*,#3432,.F.);
#5731=ORIENTED_EDGE('',*,*,#3427,.F.);
#5732=EDGE_LOOP('',(#5723,#5724,#5725,#5729,#5730,#5731));
#5733=FACE_OUTER_BOUND('',#5732,.T.);
#5734=ADVANCED_FACE('',(#5733),#5722,.T.);
#5735=CARTESIAN_POINT('',(-0.823963897879,0.150948119166,0.000000000000));
#5736=DIRECTION('',(-0.983630248957,0.180198594158,0.000000000000));
#5737=AXIS2_PLACEMENT_3D('',#5735,#5736,#5123);
#5738=PLANE('',#5737);
#5739=ORIENTED_EDGE('',*,*,#795,.F.);
#5740=ORIENTED_EDGE('',*,*,#5129,.F.);
#5741=ORIENTED_EDGE('',*,*,#5126,.F.);
#5742=CARTESIAN_POINT('',(-0.389958355471,2.520006444634,0.000000000000));
#5743=LINE('',#5742,#12);
#5744=EDGE_CURVE('',#5116,#2691,#5743,.T.);
#5745=ORIENTED_EDGE('',*,*,#5744,.T.);
#5746=ORIENTED_EDGE('',*,*,#2693,.F.);
#5747=ORIENTED_EDGE('',*,*,#2688,.F.);
#5748=EDGE_LOOP('',(#5739,#5740,#5741,#5745,#5746,#5747));
#5749=FACE_OUTER_BOUND('',#5748,.T.);
#5750=ADVANCED_FACE('',(#5749),#5738,.T.);
#5751=CARTESIAN_POINT('',(-0.496873269632,0.674402545675,0.000000000000));
#5752=DIRECTION('',(-0.593156543832,0.805087147152,0.000000000000));
#5753=AXIS2_PLACEMENT_3D('',#5751,#5752,#4745);
#5754=PLANE('',#5753);
#5755=ORIENTED_EDGE('',*,*,#986,.T.);
#5756=ORIENTED_EDGE('',*,*,#3069,.F.);
#5757=ORIENTED_EDGE('',*,*,#3066,.F.);
#5758=CARTESIAN_POINT('',(-2.435913280561,-0.754205866848,0.000000000000));
#5759=LINE('',#5758,#12);
#5760=EDGE_CURVE('',#4751,#3056,#5759,.T.);
#5761=ORIENTED_EDGE('',*,*,#5760,.F.);
#5762=ORIENTED_EDGE('',*,*,#4753,.F.);
#5763=ORIENTED_EDGE('',*,*,#4748,.F.);
#5764=EDGE_LOOP('',(#5755,#5756,#5757,#5761,#5762,#5763));
#5765=FACE_OUTER_BOUND('',#5764,.T.);
#5766=ADVANCED_FACE('',(#5765),#5754,.T.);
#5767=CARTESIAN_POINT('',(0.798382789639,-0.253548340352,0.000000000000));
#5768=DIRECTION('',(0.953092076191,-0.302680515233,0.000000000000));
#5769=AXIS2_PLACEMENT_3D('',#5767,#5768,#5285);
#5770=PLANE('',#5769);
#5771=ORIENTED_EDGE('',*,*,#1032,.T.);
#5772=ORIENTED_EDGE('',*,*,#2529,.F.);
#5773=ORIENTED_EDGE('',*,*,#2526,.F.);
#5774=CARTESIAN_POINT('',(1.527384155071,2.041959265714,0.000000000000));
#5775=LINE('',#5774,#12);
#5776=EDGE_CURVE('',#5291,#2516,#5775,.T.);
#5777=ORIENTED_EDGE('',*,*,#5776,.F.);
#5778=ORIENTED_EDGE('',*,*,#5293,.F.);
#5779=ORIENTED_EDGE('',*,*,#5288,.F.);
#5780=EDGE_LOOP('',(#5771,#5772,#5773,#5777,#5778,#5779));
#5781=FACE_OUTER_BOUND('',#5780,.T.);
#5782=ADVANCED_FACE('',(#5781),#5770,.T.);
#5783=CARTESIAN_POINT('',(-0.833651874299,-0.082014585072,0.000000000000));
#5784=DIRECTION('',(-0.995195545304,-0.097907234698,0.000000000000));
#5785=AXIS2_PLACEMENT_3D('',#5783,#5784,#5063);
#5786=PLANE('',#5785);
#5787=ORIENTED_EDGE('',*,*,#772,.F.);
#5788=ORIENTED_EDGE('',*,*,#5069,.F.);
#5789=ORIENTED_EDGE('',*,*,#5066,.F.);
#5790=CARTESIAN_POINT('',(-1.069459943166,2.314898578764,0.000000000000));
#5791=LINE('',#5790,#12);
#5792=EDGE_CURVE('',#5056,#2751,#5791,.T.);
#5793=ORIENTED_EDGE('',*,*,#5792,.T.);
#5794=ORIENTED_EDGE('',*,*,#2753,.F.);
#5795=ORIENTED_EDGE('',*,*,#2748,.F.);
#5796=EDGE_LOOP('',(#5787,#5788,#5789,#5793,#5794,#5795));
#5797=FACE_OUTER_BOUND('',#5796,.T.);
#5798=ADVANCED_FACE('',(#5797),#5786,.T.);
#5799=CARTESIAN_POINT('',(0.542706854790,-0.638099607781,0.000000000000));
#5800=DIRECTION('',(0.647871684745,-0.761749486449,0.000000000000));
#5801=AXIS2_PLACEMENT_3D('',#5799,#5800,#5405);
#5802=PLANE('',#5801);
#5803=ORIENTED_EDGE('',*,*,#1124,.T.);
#5804=ORIENTED_EDGE('',*,*,#2409,.F.);
#5805=ORIENTED_EDGE('',*,*,#2406,.F.);
#5806=CARTESIAN_POINT('',(2.377368776489,0.922289380061,0.000000000000));
#5807=LINE('',#5806,#12);
#5808=EDGE_CURVE('',#5411,#2396,#5807,.T.);
#5809=ORIENTED_EDGE('',*,*,#5808,.F.);
#5810=ORIENTED_EDGE('',*,*,#5413,.F.);
#5811=ORIENTED_EDGE('',*,*,#5408,.F.);
#5812=EDGE_LOOP('',(#5803,#5804,#5805,#5809,#5810,#5811));
#5813=FACE_OUTER_BOUND('',#5812,.T.);
#5814=ADVANCED_FACE('',(#5813),#5802,.T.);
#5815=CARTESIAN_POINT('',(-0.663515776279,0.511320500583,0.000000000000));
#5816=DIRECTION('',(-0.792090757724,0.610403335122,0.000000000000));
#5817=AXIS2_PLACEMENT_3D('',#5815,#5816,#4685);
#5818=PLANE('',#5817);
#5819=ORIENTED_EDGE('',*,*,#1163,.T.);
#5820=ORIENTED_EDGE('',*,*,#3129,.F.);
#5821=ORIENTED_EDGE('',*,*,#3126,.F.);
#5822=CARTESIAN_POINT('',(-2.133662820351,-1.396417906306,0.000000000000));
#5823=LINE('',#5822,#12);
#5824=EDGE_CURVE('',#4691,#3116,#5823,.T.);
#5825=ORIENTED_EDGE('',*,*,#5824,.F.);
#5826=ORIENTED_EDGE('',*,*,#4693,.F.);
#5827=ORIENTED_EDGE('',*,*,#4688,.F.);
#5828=EDGE_LOOP('',(#5819,#5820,#5821,#5825,#5826,#5827));
#5829=FACE_OUTER_BOUND('',#5828,.T.);
#5830=ADVANCED_FACE('',(#5829),#5818,.T.);
#5831=CARTESIAN_POINT('',(0.626231570122,0.556359470369,0.000000000000));
#5832=DIRECTION('',(0.747581680229,0.664169881420,0.000000000000));
#5833=AXIS2_PLACEMENT_3D('',#5831,#5832,#5581);
#5834=PLANE('',#5833);
#5835=ORIENTED_EDGE('',*,*,#841,.F.);
#5836=ORIENTED_EDGE('',*,*,#5587,.F.);
#5837=ORIENTED_EDGE('',*,*,#5584,.F.);
#5838=CARTESIAN_POINT('',(2.225874513975,-1.244179507964,0.000000000000));
#5839=LINE('',#5838,#12);
#5840=EDGE_CURVE('',#5574,#2233,#5839,.T.);
#5841=ORIENTED_EDGE('',*,*,#5840,.T.);
#5842=ORIENTED_EDGE('',*,*,#2235,.F.);
#5843=ORIENTED_EDGE('',*,*,#2230,.F.);
#5844=EDGE_LOOP('',(#5835,#5836,#5837,#5841,#5842,#5843));
#5845=FACE_OUTER_BOUND('',#5844,.T.);
#5846=ADVANCED_FACE('',(#5845),#5834,.T.);
#5847=CARTESIAN_POINT('',(-0.439163148932,0.713328513595,0.000000000000));
#5848=DIRECTION('',(-0.524263452111,0.851556124269,0.000000000000));
#5849=AXIS2_PLACEMENT_3D('',#5847,#5848,#5303);
#5850=PLANE('',#5849);
#5851=ORIENTED_EDGE('',*,*,#234,.F.);
#5852=ORIENTED_EDGE('',*,*,#5309,.F.);
#5853=ORIENTED_EDGE('',*,*,#5306,.F.);
#5854=CARTESIAN_POINT('',(1.611796678649,1.976008974346,0.000000000000));
#5855=LINE('',#5854,#12);
#5856=EDGE_CURVE('',#5296,#2511,#5855,.T.);
#5857=ORIENTED_EDGE('',*,*,#5856,.T.);
#5858=ORIENTED_EDGE('',*,*,#2513,.F.);
#5859=ORIENTED_EDGE('',*,*,#2508,.F.);
#5860=EDGE_LOOP('',(#5851,#5852,#5853,#5857,#5858,#5859));
#5861=FACE_OUTER_BOUND('',#5860,.T.);
#5862=ADVANCED_FACE('',(#5861),#5850,.T.);
#5863=CARTESIAN_POINT('',(0.825900091982,-0.139967416746,0.000000000000));
#5864=DIRECTION('',(0.985941635528,-0.167090069522,0.000000000000));
#5865=AXIS2_PLACEMENT_3D('',#5863,#5864,#5255);
#5866=PLANE('',#5865);
#5867=ORIENTED_EDGE('',*,*,#917,.T.);
#5868=ORIENTED_EDGE('',*,*,#2559,.F.);
#5869=ORIENTED_EDGE('',*,*,#2556,.F.);
#5870=CARTESIAN_POINT('',(1.228333954425,2.234657847726,0.000000000000));
#5871=LINE('',#5870,#12);
#5872=EDGE_CURVE('',#5261,#2546,#5871,.T.);
#5873=ORIENTED_EDGE('',*,*,#5872,.F.);
#5874=ORIENTED_EDGE('',*,*,#5263,.F.);
#5875=ORIENTED_EDGE('',*,*,#5258,.F.);
#5876=EDGE_LOOP('',(#5867,#5868,#5869,#5873,#5874,#5875));
#5877=FACE_OUTER_BOUND('',#5876,.T.);
#5878=ADVANCED_FACE('',(#5877),#5866,.T.);
#5879=CARTESIAN_POINT('',(0.542706854790,0.638099607781,0.000000000000));
#5880=DIRECTION('',(0.647871684745,0.761749486449,0.000000000000));
#5881=AXIS2_PLACEMENT_3D('',#5879,#5880,#5551);
#5882=PLANE('',#5881);
#5883=ORIENTED_EDGE('',*,*,#211,.F.);
#5884=ORIENTED_EDGE('',*,*,#5557,.F.);
#5885=ORIENTED_EDGE('',*,*,#5554,.F.);
#5886=CARTESIAN_POINT('',(2.377368776489,-0.922289380061,0.000000000000));
#5887=LINE('',#5886,#12);
#5888=EDGE_CURVE('',#5544,#2263,#5887,.T.);
#5889=ORIENTED_EDGE('',*,*,#5888,.T.);
#5890=ORIENTED_EDGE('',*,*,#2265,.F.);
#5891=ORIENTED_EDGE('',*,*,#2260,.F.);
#5892=EDGE_LOOP('',(#5883,#5884,#5885,#5889,#5890,#5891));
#5893=FACE_OUTER_BOUND('',#5892,.T.);
#5894=ADVANCED_FACE('',(#5893),#5882,.T.);
#5895=CARTESIAN_POINT('',(-0.618770698652,-0.564645607595,0.000000000000));
#5896=DIRECTION('',(-0.738675053518,-0.674061692510,0.000000000000));
#5897=AXIS2_PLACEMENT_3D('',#5895,#5896,#4396);
#5898=PLANE('',#5897);
#5899=ORIENTED_EDGE('',*,*,#717,.T.);
#5900=ORIENTED_EDGE('',*,*,#3418,.F.);
#5901=ORIENTED_EDGE('',*,*,#3415,.F.);
#5902=CARTESIAN_POINT('',(1.004696520066,-2.343733112487,0.000000000000));
#5903=LINE('',#5902,#12);
#5904=EDGE_CURVE('',#4402,#3405,#5903,.T.);
#5905=ORIENTED_EDGE('',*,*,#5904,.F.);
#5906=ORIENTED_EDGE('',*,*,#4404,.F.);
#5907=ORIENTED_EDGE('',*,*,#4399,.F.);
#5908=EDGE_LOOP('',(#5899,#5900,#5901,#5905,#5906,#5907));
#5909=FACE_OUTER_BOUND('',#5908,.T.);
#5910=ADVANCED_FACE('',(#5909),#5898,.T.);
#5911=CARTESIAN_POINT('',(-0.111058654841,-0.830281768361,0.000000000000));
#5912=DIRECTION('',(-0.132579415908,-0.991172385853,0.000000000000));
#5913=AXIS2_PLACEMENT_3D('',#5911,#5912,#5563);
#5914=PLANE('',#5913);
#5915=ORIENTED_EDGE('',*,*,#200,.T.);
#5916=ORIENTED_EDGE('',*,*,#2251,.F.);
#5917=ORIENTED_EDGE('',*,*,#2248,.F.);
#5918=CARTESIAN_POINT('',(2.276164791336,-1.149597252381,0.000000000000));
#5919=LINE('',#5918,#12);
#5920=EDGE_CURVE('',#5569,#2238,#5919,.T.);
#5921=ORIENTED_EDGE('',*,*,#5920,.F.);
#5922=ORIENTED_EDGE('',*,*,#5571,.F.);
#5923=ORIENTED_EDGE('',*,*,#5566,.F.);
#5924=EDGE_LOOP('',(#5915,#5916,#5917,#5921,#5922,#5923));
#5925=FACE_OUTER_BOUND('',#5924,.T.);
#5926=ADVANCED_FACE('',(#5925),#5914,.T.);
#5927=CARTESIAN_POINT('',(-0.691332344901,0.473034278442,0.000000000000));
#5928=DIRECTION('',(-0.825297574660,0.564698072655,0.000000000000));
#5929=AXIS2_PLACEMENT_3D('',#5927,#5928,#5213);
#5930=PLANE('',#5929);
#5931=ORIENTED_EDGE('',*,*,#1087,.F.);
#5932=ORIENTED_EDGE('',*,*,#5219,.F.);
#5933=ORIENTED_EDGE('',*,*,#5216,.F.);
#5934=CARTESIAN_POINT('',(0.668734277510,2.460750793169,0.000000000000));
#5935=LINE('',#5934,#12);
#5936=EDGE_CURVE('',#5206,#2601,#5935,.T.);
#5937=ORIENTED_EDGE('',*,*,#5936,.T.);
#5938=ORIENTED_EDGE('',*,*,#2603,.F.);
#5939=ORIENTED_EDGE('',*,*,#2598,.F.);
#5940=EDGE_LOOP('',(#5931,#5932,#5933,#5937,#5938,#5939));
#5941=FACE_OUTER_BOUND('',#5940,.T.);
#5942=ADVANCED_FACE('',(#5941),#5930,.T.);
#5943=CARTESIAN_POINT('',(0.626231570122,-0.556359470369,0.000000000000));
#5944=DIRECTION('',(0.747581680229,-0.664169881420,0.000000000000));
#5945=AXIS2_PLACEMENT_3D('',#5943,#5944,#5375);
#5946=PLANE('',#5945);
#5947=ORIENTED_EDGE('',*,*,#317,.T.);
#5948=ORIENTED_EDGE('',*,*,#2439,.F.);
#5949=ORIENTED_EDGE('',*,*,#2436,.F.);
#5950=CARTESIAN_POINT('',(2.225874513975,1.244179507964,0.000000000000));
#5951=LINE('',#5950,#12);
#5952=EDGE_CURVE('',#5381,#2426,#5951,.T.);
#5953=ORIENTED_EDGE('',*,*,#5952,.F.);
#5954=ORIENTED_EDGE('',*,*,#5383,.F.);
#5955=ORIENTED_EDGE('',*,*,#5378,.F.);
#5956=EDGE_LOOP('',(#5947,#5948,#5949,#5953,#5954,#5955));
#5957=FACE_OUTER_BOUND('',#5956,.T.);
#5958=ADVANCED_FACE('',(#5957),#5946,.T.);
#5959=CARTESIAN_POINT('',(0.577875717828,-0.606433421268,0.000000000000));
#5960=DIRECTION('',(0.689855511458,-0.723947079082,0.000000000000));
#5961=AXIS2_PLACEMENT_3D('',#5959,#5960,#4583);
#5962=PLANE('',#5961);
#5963=ORIENTED_EDGE('',*,*,#1064,.F.);
#5964=ORIENTED_EDGE('',*,*,#4589,.F.);
#5965=ORIENTED_EDGE('',*,*,#4586,.F.);
#5966=CARTESIAN_POINT('',(-1.165739687163,-2.267939809998,0.000000000000));
#5967=LINE('',#5966,#12);
#5968=EDGE_CURVE('',#4576,#3231,#5967,.T.);
#5969=ORIENTED_EDGE('',*,*,#5968,.T.);
#5970=ORIENTED_EDGE('',*,*,#3233,.F.);
#5971=ORIENTED_EDGE('',*,*,#3228,.F.);
#5972=EDGE_LOOP('',(#5963,#5964,#5965,#5969,#5970,#5971));
#5973=FACE_OUTER_BOUND('',#5972,.T.);
#5974=ADVANCED_FACE('',(#5973),#5962,.T.);
#5975=CARTESIAN_POINT('',(-0.814124607437,-0.197238341235,0.000000000000));
#5976=DIRECTION('',(-0.971884317209,-0.235458858322,0.000000000000));
#5977=AXIS2_PLACEMENT_3D('',#5975,#5976,#5033);
#5978=PLANE('',#5977);
#5979=ORIENTED_EDGE('',*,*,#526,.F.);
#5980=ORIENTED_EDGE('',*,*,#5039,.F.);
#5981=ORIENTED_EDGE('',*,*,#5036,.F.);
#5982=CARTESIAN_POINT('',(-1.381223646130,2.143530088282,0.000000000000));
#5983=LINE('',#5982,#12);
#5984=EDGE_CURVE('',#5026,#2781,#5983,.T.);
#5985=ORIENTED_EDGE('',*,*,#5984,.T.);
#5986=ORIENTED_EDGE('',*,*,#2783,.F.);
#5987=ORIENTED_EDGE('',*,*,#2778,.F.);
#5988=EDGE_LOOP('',(#5979,#5980,#5981,#5985,#5986,#5987));
#5989=FACE_OUTER_BOUND('',#5988,.T.);
#5990=ADVANCED_FACE('',(#5989),#5978,.T.);
#5991=CARTESIAN_POINT('',(0.168705649914,0.820512183562,0.000000000000));
#5992=DIRECTION('',(0.201397149624,0.979509667192,0.000000000000));
#5993=AXIS2_PLACEMENT_3D('',#5991,#5992,#4925);
#5994=PLANE('',#5993);
#5995=ORIENTED_EDGE('',*,*,#356,.T.);
#5996=ORIENTED_EDGE('',*,*,#2889,.F.);
#5997=ORIENTED_EDGE('',*,*,#2886,.F.);
#5998=CARTESIAN_POINT('',(-2.190428317752,1.305574120757,0.000000000000));
#5999=LINE('',#5998,#12);
#6000=EDGE_CURVE('',#4931,#2876,#5999,.T.);
#6001=ORIENTED_EDGE('',*,*,#6000,.F.);
#6002=ORIENTED_EDGE('',*,*,#4933,.F.);
#6003=ORIENTED_EDGE('',*,*,#4928,.F.);
#6004=EDGE_LOOP('',(#5995,#5996,#5997,#6001,#6002,#6003));
#6005=FACE_OUTER_BOUND('',#6004,.T.);
#6006=ADVANCED_FACE('',(#6005),#5994,.T.);
#6007=CARTESIAN_POINT('',(0.281257043088,0.789047726947,0.000000000000));
#6008=DIRECTION('',(0.335758564212,0.941948080607,0.000000000000));
#6009=AXIS2_PLACEMENT_3D('',#6007,#6008,#4955);
#6010=PLANE('',#6009);
#6011=ORIENTED_EDGE('',*,*,#379,.T.);
#6012=ORIENTED_EDGE('',*,*,#2859,.F.);
#6013=ORIENTED_EDGE('',*,*,#2856,.F.);
#6014=CARTESIAN_POINT('',(-1.987410421018,1.597717064573,0.000000000000));
#6015=LINE('',#6014,#12);
#6016=EDGE_CURVE('',#4961,#2846,#6015,.T.);
#6017=ORIENTED_EDGE('',*,*,#6016,.F.);
#6018=ORIENTED_EDGE('',*,*,#4963,.F.);
#6019=ORIENTED_EDGE('',*,*,#4958,.F.);
#6020=EDGE_LOOP('',(#6011,#6012,#6013,#6017,#6018,#6019));
#6021=FACE_OUTER_BOUND('',#6020,.T.);
#6022=ADVANCED_FACE('',(#6021),#6010,.T.);
#6023=CARTESIAN_POINT('',(0.281257043088,-0.789047726947,0.000000000000));
#6024=DIRECTION('',(0.335758564212,-0.941948080607,0.000000000000));
#6025=AXIS2_PLACEMENT_3D('',#6023,#6024,#4673);
#6026=PLANE('',#6025);
#6027=ORIENTED_EDGE('',*,*,#1172,.F.);
#6028=ORIENTED_EDGE('',*,*,#4679,.F.);
#6029=ORIENTED_EDGE('',*,*,#4676,.F.);
#6030=CARTESIAN_POINT('',(-1.987410421018,-1.597717064573,0.000000000000));
#6031=LINE('',#6030,#12);
#6032=EDGE_CURVE('',#4666,#3141,#6031,.T.);
#6033=ORIENTED_EDGE('',*,*,#6032,.T.);
#6034=ORIENTED_EDGE('',*,*,#3143,.F.);
#6035=ORIENTED_EDGE('',*,*,#3138,.F.);
#6036=EDGE_LOOP('',(#6027,#6028,#6029,#6033,#6034,#6035));
#6037=FACE_OUTER_BOUND('',#6036,.T.);
#6038=ADVANCED_FACE('',(#6037),#6026,.T.);
#6039=CARTESIAN_POINT('',(-0.691332344901,-0.473034278442,0.000000000000));
#6040=DIRECTION('',(-0.825297574660,-0.564698072655,0.000000000000));
#6041=AXIS2_PLACEMENT_3D('',#6039,#6040,#4426);
#6042=PLANE('',#6041);
#6043=ORIENTED_EDGE('',*,*,#1009,.T.);
#6044=ORIENTED_EDGE('',*,*,#3388,.F.);
#6045=ORIENTED_EDGE('',*,*,#3385,.F.);
#6046=CARTESIAN_POINT('',(0.668734277510,-2.460750793169,0.000000000000));
#6047=LINE('',#6046,#12);
#6048=EDGE_CURVE('',#4432,#3375,#6047,.T.);
#6049=ORIENTED_EDGE('',*,*,#6048,.F.);
#6050=ORIENTED_EDGE('',*,*,#4434,.F.);
#6051=ORIENTED_EDGE('',*,*,#4429,.F.);
#6052=EDGE_LOOP('',(#6043,#6044,#6045,#6049,#6050,#6051));
#6053=FACE_OUTER_BOUND('',#6052,.T.);
#6054=ADVANCED_FACE('',(#6053),#6042,.T.);
#6055=CARTESIAN_POINT('',(-0.836953055693,-0.034805491699,0.000000000000));
#6056=DIRECTION('',(-0.999136424128,-0.041550041881,0.000000000000));
#6057=AXIS2_PLACEMENT_3D('',#6055,#6056,#4535);
#6058=PLANE('',#6057);
#6059=ORIENTED_EDGE('',*,*,#339,.T.);
#6060=ORIENTED_EDGE('',*,*,#3279,.F.);
#6061=ORIENTED_EDGE('',*,*,#3276,.F.);
#6062=CARTESIAN_POINT('',(-0.736880418901,-2.441210201568,0.000000000000));
#6063=LINE('',#6062,#12);
#6064=EDGE_CURVE('',#4541,#3266,#6063,.T.);
#6065=ORIENTED_EDGE('',*,*,#6064,.F.);
#6066=ORIENTED_EDGE('',*,*,#4543,.F.);
#6067=ORIENTED_EDGE('',*,*,#4538,.F.);
#6068=EDGE_LOOP('',(#6059,#6060,#6061,#6065,#6066,#6067));
#6069=FACE_OUTER_BOUND('',#6068,.T.);
#6070=ADVANCED_FACE('',(#6069),#6058,.T.);
#6071=CARTESIAN_POINT('',(-0.291734707387,-0.785234169018,0.000000000000));
#6072=DIRECTION('',(-0.348266572838,-0.937395537777,0.000000000000));
#6073=AXIS2_PLACEMENT_3D('',#6071,#6072,#4823);
#6074=PLANE('',#6073);
#6075=ORIENTED_EDGE('',*,*,#680,.F.);
#6076=ORIENTED_EDGE('',*,*,#4829,.F.);
#6077=ORIENTED_EDGE('',*,*,#4826,.F.);
#6078=CARTESIAN_POINT('',(-2.549437442110,0.053560515000,0.000000000000));
#6079=LINE('',#6078,#12);
#6080=EDGE_CURVE('',#4816,#2991,#6079,.T.);
#6081=ORIENTED_EDGE('',*,*,#6080,.T.);
#6082=ORIENTED_EDGE('',*,*,#2993,.F.);
#6083=ORIENTED_EDGE('',*,*,#2988,.F.);
#6084=EDGE_LOOP('',(#6075,#6076,#6077,#6081,#6082,#6083));
#6085=FACE_OUTER_BOUND('',#6084,.T.);
#6086=ADVANCED_FACE('',(#6085),#6074,.T.);
#6087=CARTESIAN_POINT('',(0.236248889608,-0.803671762504,0.000000000000));
#6088=DIRECTION('',(0.282028805752,-0.959405937404,0.000000000000));
#6089=AXIS2_PLACEMENT_3D('',#6087,#6088,#5484);
#6090=PLANE('',#6089);
#6091=ORIENTED_EDGE('',*,*,#900,.T.);
#6092=ORIENTED_EDGE('',*,*,#2330,.F.);
#6093=ORIENTED_EDGE('',*,*,#2327,.F.);
#6094=CARTESIAN_POINT('',(2.546963333294,-0.124409721716,0.000000000000));
#6095=LINE('',#6094,#12);
#6096=EDGE_CURVE('',#5490,#2317,#6095,.T.);
#6097=ORIENTED_EDGE('',*,*,#6096,.F.);
#6098=ORIENTED_EDGE('',*,*,#5492,.F.);
#6099=ORIENTED_EDGE('',*,*,#5487,.F.);
#6100=EDGE_LOOP('',(#6091,#6092,#6093,#6097,#6098,#6099));
#6101=FACE_OUTER_BOUND('',#6100,.T.);
#6102=ADVANCED_FACE('',(#6101),#6090,.T.);
#6103=CARTESIAN_POINT('',(-0.836953055693,0.034805491699,0.000000000000));
#6104=DIRECTION('',(-0.999136424128,0.041550041881,0.000000000000));
#6105=AXIS2_PLACEMENT_3D('',#6103,#6104,#5093);
#6106=PLANE('',#6105);
#6107=ORIENTED_EDGE('',*,*,#457,.F.);
#6108=ORIENTED_EDGE('',*,*,#5099,.F.);
#6109=ORIENTED_EDGE('',*,*,#5096,.F.);
#6110=CARTESIAN_POINT('',(-0.736880418901,2.441210201568,0.000000000000));
#6111=LINE('',#6110,#12);
#6112=EDGE_CURVE('',#5086,#2721,#6111,.T.);
#6113=ORIENTED_EDGE('',*,*,#6112,.T.);
#6114=ORIENTED_EDGE('',*,*,#2723,.F.);
#6115=ORIENTED_EDGE('',*,*,#2718,.F.);
#6116=EDGE_LOOP('',(#6107,#6108,#6109,#6113,#6114,#6115));
#6117=FACE_OUTER_BOUND('',#6116,.T.);
#6118=ADVANCED_FACE('',(#6117),#6106,.T.);
#6119=CARTESIAN_POINT('',(-0.439163148932,-0.713328513595,0.000000000000));
#6120=DIRECTION('',(-0.524263452111,-0.851556124269,0.000000000000));
#6121=AXIS2_PLACEMENT_3D('',#6119,#6120,#5653);
#6122=PLANE('',#6121);
#6123=ORIENTED_EDGE('',*,*,#809,.T.);
#6124=ORIENTED_EDGE('',*,*,#2161,.F.);
#6125=ORIENTED_EDGE('',*,*,#2158,.F.);
#6126=CARTESIAN_POINT('',(1.611796678649,-1.976008974346,0.000000000000));
#6127=LINE('',#6126,#12);
#6128=EDGE_CURVE('',#5659,#2148,#6127,.T.);
#6129=ORIENTED_EDGE('',*,*,#6128,.F.);
#6130=ORIENTED_EDGE('',*,*,#5661,.F.);
#6131=ORIENTED_EDGE('',*,*,#5656,.F.);
#6132=EDGE_LOOP('',(#6123,#6124,#6125,#6129,#6130,#6131));
#6133=FACE_OUTER_BOUND('',#6132,.T.);
#6134=ADVANCED_FACE('',(#6133),#6122,.T.);
#6135=CARTESIAN_POINT('',(0.005575048727,0.837657900648,0.000000000000));
#6136=DIRECTION('',(0.006655372379,0.999977852764,0.000000000000));
#6137=AXIS2_PLACEMENT_3D('',#6135,#6136,#5423);
#6138=PLANE('',#6137);
#6139=ORIENTED_EDGE('',*,*,#434,.F.);
#6140=ORIENTED_EDGE('',*,*,#5429,.F.);
#6141=ORIENTED_EDGE('',*,*,#5426,.F.);
#6142=CARTESIAN_POINT('',(2.414006326523,0.821628538639,0.000000000000));
#6143=LINE('',#6142,#12);
#6144=EDGE_CURVE('',#5416,#2391,#6143,.T.);
#6145=ORIENTED_EDGE('',*,*,#6144,.T.);
#6146=ORIENTED_EDGE('',*,*,#2393,.F.);
#6147=ORIENTED_EDGE('',*,*,#2388,.F.);
#6148=EDGE_LOOP('',(#6139,#6140,#6141,#6145,#6146,#6147));
#6149=FACE_OUTER_BOUND('',#6148,.T.);
#6150=ADVANCED_FACE('',(#6149),#6138,.T.);
#6151=CARTESIAN_POINT('',(-0.833651874299,0.082014585072,0.000000000000));
#6152=DIRECTION('',(-0.995195545304,0.097907234698,0.000000000000));
#6153=AXIS2_PLACEMENT_3D('',#6151,#6152,#4565);
#6154=PLANE('',#6153);
#6155=ORIENTED_EDGE('',*,*,#563,.T.);
#6156=ORIENTED_EDGE('',*,*,#3249,.F.);
#6157=ORIENTED_EDGE('',*,*,#3246,.F.);
#6158=CARTESIAN_POINT('',(-1.069459943166,-2.314898578764,0.000000000000));
#6159=LINE('',#6158,#12);
#6160=EDGE_CURVE('',#4571,#3236,#6159,.T.);
#6161=ORIENTED_EDGE('',*,*,#6160,.F.);
#6162=ORIENTED_EDGE('',*,*,#4573,.F.);
#6163=ORIENTED_EDGE('',*,*,#4568,.F.);
#6164=EDGE_LOOP('',(#6155,#6156,#6157,#6161,#6162,#6163));
#6165=FACE_OUTER_BOUND('',#6164,.T.);
#6166=ADVANCED_FACE('',(#6165),#6154,.T.);
#6167=CARTESIAN_POINT('',(-0.335613102115,0.767506146800,0.000000000000));
#6168=DIRECTION('',(-0.400647649778,0.916232208956,0.000000000000));
#6169=AXIS2_PLACEMENT_3D('',#6167,#6168,#5333);
#6170=PLANE('',#6169);
#6171=ORIENTED_EDGE('',*,*,#411,.F.);
#6172=ORIENTED_EDGE('',*,*,#5339,.F.);
#6173=ORIENTED_EDGE('',*,*,#5336,.F.);
#6174=CARTESIAN_POINT('',(1.871118080654,1.732459848957,0.000000000000));
#6175=LINE('',#6174,#12);
#6176=EDGE_CURVE('',#5326,#2481,#6175,.T.);
#6177=ORIENTED_EDGE('',*,*,#6176,.T.);
#6178=ORIENTED_EDGE('',*,*,#2483,.F.);
#6179=ORIENTED_EDGE('',*,*,#2478,.F.);
#6180=EDGE_LOOP('',(#6171,#6172,#6173,#6177,#6178,#6179));
#6181=FACE_OUTER_BOUND('',#6180,.T.);
#6182=ADVANCED_FACE('',(#6181),#6170,.T.);
#6183=CARTESIAN_POINT('',(0.755325874442,0.362194233921,0.000000000000));
#6184=DIRECTION('',(0.901691663717,0.432379629010,0.000000000000));
#6185=AXIS2_PLACEMENT_3D('',#6183,#6184,#5641);
#6186=PLANE('',#6185);
#6187=ORIENTED_EDGE('',*,*,#818,.F.);
#6188=ORIENTED_EDGE('',*,*,#5647,.F.);
#6189=ORIENTED_EDGE('',*,*,#5644,.F.);
#6190=CARTESIAN_POINT('',(1.796705560513,-1.809516269289,0.000000000000));
#6191=LINE('',#6190,#12);
#6192=EDGE_CURVE('',#5634,#2173,#6191,.T.);
#6193=ORIENTED_EDGE('',*,*,#6192,.T.);
#6194=ORIENTED_EDGE('',*,*,#2175,.F.);
#6195=ORIENTED_EDGE('',*,*,#2170,.F.);
#6196=EDGE_LOOP('',(#6187,#6188,#6189,#6193,#6194,#6195));
#6197=FACE_OUTER_BOUND('',#6196,.T.);
#6198=ADVANCED_FACE('',(#6197),#6186,.T.);
#6199=CARTESIAN_POINT('',(-0.534165384595,-0.645266752272,0.000000000000));
#6200=DIRECTION('',(-0.637675062690,-0.770305468255,0.000000000000));
#6201=AXIS2_PLACEMENT_3D('',#6199,#6200,#4366);
#6202=PLANE('',#6201);
#6203=ORIENTED_EDGE('',*,*,#1146,.T.);
#6204=ORIENTED_EDGE('',*,*,#3448,.F.);
#6205=ORIENTED_EDGE('',*,*,#3445,.F.);
#6206=CARTESIAN_POINT('',(1.321103487685,-2.181097332727,0.000000000000));
#6207=LINE('',#6206,#12);
#6208=EDGE_CURVE('',#4372,#3435,#6207,.T.);
#6209=ORIENTED_EDGE('',*,*,#6208,.F.);
#6210=ORIENTED_EDGE('',*,*,#4374,.F.);
#6211=ORIENTED_EDGE('',*,*,#4369,.F.);
#6212=EDGE_LOOP('',(#6203,#6204,#6205,#6209,#6210,#6211));
#6213=FACE_OUTER_BOUND('',#6212,.T.);
#6214=ADVANCED_FACE('',(#6213),#6202,.T.);
#6215=CARTESIAN_POINT('',(-0.778751331143,-0.308623077442,0.000000000000));
#6216=DIRECTION('',(-0.929656466382,-0.368427543099,0.000000000000));
#6217=AXIS2_PLACEMENT_3D('',#6215,#6216,#5003);
#6218=PLANE('',#6217);
#6219=ORIENTED_EDGE('',*,*,#887,.F.);
#6220=ORIENTED_EDGE('',*,*,#5009,.F.);
#6221=ORIENTED_EDGE('',*,*,#5006,.F.);
#6222=CARTESIAN_POINT('',(-1.666103401941,1.930440222861,0.000000000000));
#6223=LINE('',#6222,#12);
#6224=EDGE_CURVE('',#4996,#2811,#6223,.T.);
#6225=ORIENTED_EDGE('',*,*,#6224,.T.);
#6226=ORIENTED_EDGE('',*,*,#2813,.F.);
#6227=ORIENTED_EDGE('',*,*,#2808,.F.);
#6228=EDGE_LOOP('',(#6219,#6220,#6221,#6225,#6226,#6227));
#6229=FACE_OUTER_BOUND('',#6228,.T.);
#6230=ADVANCED_FACE('',(#6229),#6218,.T.);
#6231=CARTESIAN_POINT('',(0.577875717828,0.606433421268,0.000000000000));
#6232=DIRECTION('',(0.689855511458,0.723947079082,0.000000000000));
#6233=AXIS2_PLACEMENT_3D('',#6231,#6232,#5045);
#6234=PLANE('',#6233);
#6235=ORIENTED_EDGE('',*,*,#517,.T.);
#6236=ORIENTED_EDGE('',*,*,#2769,.F.);
#6237=ORIENTED_EDGE('',*,*,#2766,.F.);
#6238=CARTESIAN_POINT('',(-1.165739687163,2.267939809998,0.000000000000));
#6239=LINE('',#6238,#12);
#6240=EDGE_CURVE('',#5051,#2756,#6239,.T.);
#6241=ORIENTED_EDGE('',*,*,#6240,.F.);
#6242=ORIENTED_EDGE('',*,*,#5053,.F.);
#6243=ORIENTED_EDGE('',*,*,#5048,.F.);
#6244=EDGE_LOOP('',(#6235,#6236,#6237,#6241,#6242,#6243));
#6245=FACE_OUTER_BOUND('',#6244,.T.);
#6246=ADVANCED_FACE('',(#6245),#6234,.T.);
#6247=CARTESIAN_POINT('',(0.388334087844,0.742225353855,0.000000000000));
#6248=DIRECTION('',(0.463584820267,0.886052546082,0.000000000000));
#6249=AXIS2_PLACEMENT_3D('',#6247,#6248,#4985);
#6250=PLANE('',#6249);
#6251=ORIENTED_EDGE('',*,*,#694,.T.);
#6252=ORIENTED_EDGE('',*,*,#2829,.F.);
#6253=ORIENTED_EDGE('',*,*,#2826,.F.);
#6254=CARTESIAN_POINT('',(-1.745709841085,1.858762263104,0.000000000000));
#6255=LINE('',#6254,#12);
#6256=EDGE_CURVE('',#4991,#2816,#6255,.T.);
#6257=ORIENTED_EDGE('',*,*,#6256,.F.);
#6258=ORIENTED_EDGE('',*,*,#4993,.F.);
#6259=ORIENTED_EDGE('',*,*,#4988,.F.);
#6260=EDGE_LOOP('',(#6251,#6252,#6253,#6257,#6258,#6259));
#6261=FACE_OUTER_BOUND('',#6260,.T.);
#6262=ADVANCED_FACE('',(#6261),#6250,.T.);
#6263=CARTESIAN_POINT('',(-0.111058654841,0.830281768361,0.000000000000));
#6264=DIRECTION('',(-0.132579415908,0.991172385853,0.000000000000));
#6265=AXIS2_PLACEMENT_3D('',#6263,#6264,#5393);
#6266=PLANE('',#6265);
#6267=ORIENTED_EDGE('',*,*,#1133,.F.);
#6268=ORIENTED_EDGE('',*,*,#5399,.F.);
#6269=ORIENTED_EDGE('',*,*,#5396,.F.);
#6270=CARTESIAN_POINT('',(2.276164791336,1.149597252381,0.000000000000));
#6271=LINE('',#6270,#12);
#6272=EDGE_CURVE('',#5386,#2421,#6271,.T.);
#6273=ORIENTED_EDGE('',*,*,#6272,.T.);
#6274=ORIENTED_EDGE('',*,*,#2423,.F.);
#6275=ORIENTED_EDGE('',*,*,#2418,.F.);
#6276=EDGE_LOOP('',(#6267,#6268,#6269,#6273,#6274,#6275));
#6277=FACE_OUTER_BOUND('',#6276,.T.);
#6278=ADVANCED_FACE('',(#6277),#6266,.T.);
#6279=CARTESIAN_POINT('',(0.005575048727,-0.837657900648,0.000000000000));
#6280=DIRECTION('',(0.006655372379,-0.999977852764,0.000000000000));
#6281=AXIS2_PLACEMENT_3D('',#6279,#6280,#5533);
#6282=PLANE('',#6281);
#6283=ORIENTED_EDGE('',*,*,#654,.T.);
#6284=ORIENTED_EDGE('',*,*,#2281,.F.);
#6285=ORIENTED_EDGE('',*,*,#2278,.F.);
#6286=CARTESIAN_POINT('',(2.414006326523,-0.821628538639,0.000000000000));
#6287=LINE('',#6286,#12);
#6288=EDGE_CURVE('',#5539,#2268,#6287,.T.);
#6289=ORIENTED_EDGE('',*,*,#6288,.F.);
#6290=ORIENTED_EDGE('',*,*,#5541,.F.);
#6291=ORIENTED_EDGE('',*,*,#5536,.F.);
#6292=EDGE_LOOP('',(#6283,#6284,#6285,#6289,#6290,#6291));
#6293=FACE_OUTER_BOUND('',#6292,.T.);
#6294=ADVANCED_FACE('',(#6293),#6282,.T.);
#6295=CARTESIAN_POINT('',(-0.335613102115,-0.767506146800,0.000000000000));
#6296=DIRECTION('',(-0.400647649778,-0.916232208956,0.000000000000));
#6297=AXIS2_PLACEMENT_3D('',#6295,#6296,#5623);
#6298=PLANE('',#6297);
#6299=ORIENTED_EDGE('',*,*,#271,.T.);
#6300=ORIENTED_EDGE('',*,*,#2191,.F.);
#6301=ORIENTED_EDGE('',*,*,#2188,.F.);
#6302=CARTESIAN_POINT('',(1.871118080654,-1.732459848957,0.000000000000));
#6303=LINE('',#6302,#12);
#6304=EDGE_CURVE('',#5629,#2178,#6303,.T.);
#6305=ORIENTED_EDGE('',*,*,#6304,.F.);
#6306=ORIENTED_EDGE('',*,*,#5631,.F.);
#6307=ORIENTED_EDGE('',*,*,#5626,.F.);
#6308=EDGE_LOOP('',(#6299,#6300,#6301,#6305,#6306,#6307));
#6309=FACE_OUTER_BOUND('',#6308,.T.);
#6310=ADVANCED_FACE('',(#6309),#6298,.T.);
#6311=CARTESIAN_POINT('',(0.487852651303,0.680956408520,0.000000000000));
#6312=DIRECTION('',(0.582387925115,0.812911006618,0.000000000000));
#6313=AXIS2_PLACEMENT_3D('',#6311,#6312,#5015);
#6314=PLANE('',#6313);
#6315=ORIENTED_EDGE('',*,*,#878,.T.);
#6316=ORIENTED_EDGE('',*,*,#2799,.F.);
#6317=ORIENTED_EDGE('',*,*,#2796,.F.);
#6318=CARTESIAN_POINT('',(-1.470031004811,2.083628768494,0.000000000000));
#6319=LINE('',#6318,#12);
#6320=EDGE_CURVE('',#5021,#2786,#6319,.T.);
#6321=ORIENTED_EDGE('',*,*,#6320,.F.);
#6322=ORIENTED_EDGE('',*,*,#5023,.F.);
#6323=ORIENTED_EDGE('',*,*,#5018,.F.);
#6324=EDGE_LOOP('',(#6315,#6316,#6317,#6321,#6322,#6323));
#6325=FACE_OUTER_BOUND('',#6324,.T.);
#6326=ADVANCED_FACE('',(#6325),#6314,.T.);
#6327=CARTESIAN_POINT('',(-0.814124607437,0.197238341235,0.000000000000));
#6328=DIRECTION('',(-0.971884317209,0.235458858322,0.000000000000));
#6329=AXIS2_PLACEMENT_3D('',#6327,#6328,#4595);
#6330=PLANE('',#6329);
#6331=ORIENTED_EDGE('',*,*,#1055,.T.);
#6332=ORIENTED_EDGE('',*,*,#3219,.F.);
#6333=ORIENTED_EDGE('',*,*,#3216,.F.);
#6334=CARTESIAN_POINT('',(-1.381223646130,-2.143530088282,0.000000000000));
#6335=LINE('',#6334,#12);
#6336=EDGE_CURVE('',#4601,#3206,#6335,.T.);
#6337=ORIENTED_EDGE('',*,*,#6336,.F.);
#6338=ORIENTED_EDGE('',*,*,#4603,.F.);
#6339=ORIENTED_EDGE('',*,*,#4598,.F.);
#6340=EDGE_LOOP('',(#6331,#6332,#6333,#6337,#6338,#6339));
#6341=FACE_OUTER_BOUND('',#6340,.T.);
#6342=ADVANCED_FACE('',(#6341),#6330,.T.);
#6343=CARTESIAN_POINT('',(0.774574431120,0.318961267778,0.000000000000));
#6344=DIRECTION('',(0.924670173632,0.380769050731,0.000000000000));
#6345=AXIS2_PLACEMENT_3D('',#6343,#6344,#5135);
#6346=PLANE('',#6345);
#6347=ORIENTED_EDGE('',*,*,#786,.T.);
#6348=ORIENTED_EDGE('',*,*,#2679,.F.);
#6349=ORIENTED_EDGE('',*,*,#2676,.F.);
#6350=CARTESIAN_POINT('',(-0.142501970985,2.546015158687,0.000000000000));
#6351=LINE('',#6350,#12);
#6352=EDGE_CURVE('',#5141,#2666,#6351,.T.);
#6353=ORIENTED_EDGE('',*,*,#6352,.F.);
#6354=ORIENTED_EDGE('',*,*,#5143,.F.);
#6355=ORIENTED_EDGE('',*,*,#5138,.F.);
#6356=EDGE_LOOP('',(#6347,#6348,#6349,#6353,#6354,#6355));
#6357=FACE_OUTER_BOUND('',#6356,.T.);
#6358=ADVANCED_FACE('',(#6357),#6346,.T.);
#6359=CARTESIAN_POINT('',(-0.534165384595,0.645266752272,0.000000000000));
#6360=DIRECTION('',(-0.637675062690,0.770305468255,0.000000000000));
#6361=AXIS2_PLACEMENT_3D('',#6359,#6360,#5273);
#6362=PLANE('',#6361);
#6363=ORIENTED_EDGE('',*,*,#1041,.F.);
#6364=ORIENTED_EDGE('',*,*,#5279,.F.);
#6365=ORIENTED_EDGE('',*,*,#5276,.F.);
#6366=CARTESIAN_POINT('',(1.321103487685,2.181097332727,0.000000000000));
#6367=LINE('',#6366,#12);
#6368=EDGE_CURVE('',#5266,#2541,#6367,.T.);
#6369=ORIENTED_EDGE('',*,*,#6368,.T.);
#6370=ORIENTED_EDGE('',*,*,#2543,.F.);
#6371=ORIENTED_EDGE('',*,*,#2538,.F.);
#6372=EDGE_LOOP('',(#6363,#6364,#6365,#6369,#6370,#6371));
#6373=FACE_OUTER_BOUND('',#6372,.T.);
#6374=ADVANCED_FACE('',(#6373),#6362,.T.);
#6375=CARTESIAN_POINT('',(-0.496873269632,-0.674402545675,0.000000000000));
#6376=DIRECTION('',(-0.593156543832,-0.805087147152,0.000000000000));
#6377=AXIS2_PLACEMENT_3D('',#6375,#6376,#4883);
#6378=PLANE('',#6377);
#6379=ORIENTED_EDGE('',*,*,#549,.F.);
#6380=ORIENTED_EDGE('',*,*,#4889,.F.);
#6381=ORIENTED_EDGE('',*,*,#4886,.F.);
#6382=CARTESIAN_POINT('',(-2.435913280561,0.754205866848,0.000000000000));
#6383=LINE('',#6382,#12);
#6384=EDGE_CURVE('',#4876,#2931,#6383,.T.);
#6385=ORIENTED_EDGE('',*,*,#6384,.T.);
#6386=ORIENTED_EDGE('',*,*,#2933,.F.);
#6387=ORIENTED_EDGE('',*,*,#2928,.F.);
#6388=EDGE_LOOP('',(#6379,#6380,#6381,#6385,#6386,#6387));
#6389=FACE_OUTER_BOUND('',#6388,.T.);
#6390=ADVANCED_FACE('',(#6389),#6378,.T.);
#6391=CARTESIAN_POINT('',(-0.794937220037,-0.264152713193,0.000000000000));
#6392=DIRECTION('',(-0.948978829853,-0.315339785772,0.000000000000));
#6393=AXIS2_PLACEMENT_3D('',#6391,#6392,#4486);
#6394=PLANE('',#6393);
#6395=ORIENTED_EDGE('',*,*,#494,.T.);
#6396=ORIENTED_EDGE('',*,*,#3328,.F.);
#6397=ORIENTED_EDGE('',*,*,#3325,.F.);
#6398=CARTESIAN_POINT('',(-0.035446196223,-2.549753628720,0.000000000000));
#6399=LINE('',#6398,#12);
#6400=EDGE_CURVE('',#4492,#3315,#6399,.T.);
#6401=ORIENTED_EDGE('',*,*,#6400,.F.);
#6402=ORIENTED_EDGE('',*,*,#4494,.F.);
#6403=ORIENTED_EDGE('',*,*,#4489,.F.);
#6404=EDGE_LOOP('',(#6395,#6396,#6397,#6401,#6402,#6403));
#6405=FACE_OUTER_BOUND('',#6404,.T.);
#6406=ADVANCED_FACE('',(#6405),#6394,.T.);
#6407=CARTESIAN_POINT('',(0.448618967850,-0.707419862156,0.000000000000));
#6408=DIRECTION('',(0.535551603861,-0.844502504201,0.000000000000));
#6409=AXIS2_PLACEMENT_3D('',#6407,#6408,#5435);
#6410=PLANE('',#6409);
#6411=ORIENTED_EDGE('',*,*,#425,.T.);
#6412=ORIENTED_EDGE('',*,*,#2379,.F.);
#6413=ORIENTED_EDGE('',*,*,#2376,.F.);
#6414=CARTESIAN_POINT('',(2.482590259986,0.582447938464,0.000000000000));
#6415=LINE('',#6414,#12);
#6416=EDGE_CURVE('',#5441,#2366,#6415,.T.);
#6417=ORIENTED_EDGE('',*,*,#6416,.F.);
#6418=ORIENTED_EDGE('',*,*,#5443,.F.);
#6419=ORIENTED_EDGE('',*,*,#5438,.F.);
#6420=EDGE_LOOP('',(#6411,#6412,#6413,#6417,#6418,#6419));
#6421=FACE_OUTER_BOUND('',#6420,.T.);
#6422=ADVANCED_FACE('',(#6421),#6410,.T.);
#6423=CARTESIAN_POINT('',(-0.585896426705,0.598687912741,0.000000000000));
#6424=DIRECTION('',(-0.699430459934,0.714700658819,0.000000000000));
#6425=AXIS2_PLACEMENT_3D('',#6423,#6424,#4715);
#6426=PLANE('',#6425);
#6427=ORIENTED_EDGE('',*,*,#740,.T.);
#6428=ORIENTED_EDGE('',*,*,#3099,.F.);
#6429=ORIENTED_EDGE('',*,*,#3096,.F.);
#6430=CARTESIAN_POINT('',(-2.307241970711,-1.085879592123,0.000000000000));
#6431=LINE('',#6430,#12);
#6432=EDGE_CURVE('',#4721,#3086,#6431,.T.);
#6433=ORIENTED_EDGE('',*,*,#6432,.F.);
#6434=ORIENTED_EDGE('',*,*,#4723,.F.);
#6435=ORIENTED_EDGE('',*,*,#4718,.F.);
#6436=EDGE_LOOP('',(#6427,#6428,#6429,#6433,#6434,#6435));
#6437=FACE_OUTER_BOUND('',#6436,.T.);
#6438=ADVANCED_FACE('',(#6437),#6426,.T.);
#6439=CARTESIAN_POINT('',(-0.750437993434,0.372215875128,0.000000000000));
#6440=DIRECTION('',(-0.895856617273,0.444343247150,0.000000000000));
#6441=AXIS2_PLACEMENT_3D('',#6439,#6440,#5183);
#6442=PLANE('',#6441);
#6443=ORIENTED_EDGE('',*,*,#257,.F.);
#6444=ORIENTED_EDGE('',*,*,#5189,.F.);
#6445=ORIENTED_EDGE('',*,*,#5186,.F.);
#6446=CARTESIAN_POINT('',(0.319755882915,2.529872758725,0.000000000000));
#6447=LINE('',#6446,#12);
#6448=EDGE_CURVE('',#5176,#2631,#6447,.T.);
#6449=ORIENTED_EDGE('',*,*,#6448,.T.);
#6450=ORIENTED_EDGE('',*,*,#2633,.F.);
#6451=ORIENTED_EDGE('',*,*,#2628,.F.);
#6452=EDGE_LOOP('',(#6443,#6444,#6445,#6449,#6450,#6451));
#6453=FACE_OUTER_BOUND('',#6452,.T.);
#6454=ADVANCED_FACE('',(#6453),#6442,.T.);
#6455=CARTESIAN_POINT('',(0.052870593165,0.836006303843,0.000000000000));
#6456=DIRECTION('',(0.063115768605,0.998006212282,0.000000000000));
#6457=AXIS2_PLACEMENT_3D('',#6455,#6456,#4895);
#6458=PLANE('',#6457);
#6459=ORIENTED_EDGE('',*,*,#540,.T.);
#6460=ORIENTED_EDGE('',*,*,#2919,.F.);
#6461=ORIENTED_EDGE('',*,*,#2916,.F.);
#6462=CARTESIAN_POINT('',(-2.350812018856,0.988019661749,0.000000000000));
#6463=LINE('',#6462,#12);
#6464=EDGE_CURVE('',#4901,#2906,#6463,.T.);
#6465=ORIENTED_EDGE('',*,*,#6464,.F.);
#6466=ORIENTED_EDGE('',*,*,#4903,.F.);
#6467=ORIENTED_EDGE('',*,*,#4898,.F.);
#6468=EDGE_LOOP('',(#6459,#6460,#6461,#6465,#6466,#6467));
#6469=FACE_OUTER_BOUND('',#6468,.T.);
#6470=ADVANCED_FACE('',(#6469),#6458,.T.);
#6471=CARTESIAN_POINT('',(0.832486371747,-0.093103601125,0.000000000000));
#6472=DIRECTION('',(0.993804193610,-0.111145061804,0.000000000000));
#6473=AXIS2_PLACEMENT_3D('',#6471,#6472,#4444);
#6474=PLANE('',#6473);
#6475=ORIENTED_EDGE('',*,*,#1110,.F.);
#6476=ORIENTED_EDGE('',*,*,#4450,.F.);
#6477=ORIENTED_EDGE('',*,*,#4447,.F.);
#6478=CARTESIAN_POINT('',(0.564795199907,-2.486665715806,0.000000000000));
#6479=LINE('',#6478,#12);
#6480=EDGE_CURVE('',#4437,#3370,#6479,.T.);
#6481=ORIENTED_EDGE('',*,*,#6480,.T.);
#6482=ORIENTED_EDGE('',*,*,#3372,.F.);
#6483=ORIENTED_EDGE('',*,*,#3367,.F.);
#6484=EDGE_LOOP('',(#6475,#6476,#6477,#6481,#6482,#6483));
#6485=FACE_OUTER_BOUND('',#6484,.T.);
#6486=ADVANCED_FACE('',(#6485),#6474,.T.);
#6487=CARTESIAN_POINT('',(-0.179612090987,-0.818193947948,0.000000000000));
#6488=DIRECTION('',(-0.214417022673,-0.976742207744,0.000000000000));
#6489=AXIS2_PLACEMENT_3D('',#6487,#6488,#4793);
#6490=PLANE('',#6489);
#6491=ORIENTED_EDGE('',*,*,#864,.F.);
#6492=ORIENTED_EDGE('',*,*,#4799,.F.);
#6493=ORIENTED_EDGE('',*,*,#4796,.F.);
#6494=CARTESIAN_POINT('',(-2.532080675137,-0.301773846772,0.000000000000));
#6495=LINE('',#6494,#12);
#6496=EDGE_CURVE('',#4786,#3021,#6495,.T.);
#6497=ORIENTED_EDGE('',*,*,#6496,.T.);
#6498=ORIENTED_EDGE('',*,*,#3023,.F.);
#6499=ORIENTED_EDGE('',*,*,#3018,.F.);
#6500=EDGE_LOOP('',(#6491,#6492,#6493,#6497,#6498,#6499));
#6501=FACE_OUTER_BOUND('',#6500,.T.);
#6502=ADVANCED_FACE('',(#6501),#6490,.T.);
#6503=CARTESIAN_POINT('',(0.837342188483,0.023662186584,0.000000000000));
#6504=DIRECTION('',(0.999600962421,0.028247405669,0.000000000000));
#6505=AXIS2_PLACEMENT_3D('',#6503,#6504,#4414);
#6506=PLANE('',#6505);
#6507=ORIENTED_EDGE('',*,*,#1018,.F.);
#6508=ORIENTED_EDGE('',*,*,#4420,.F.);
#6509=ORIENTED_EDGE('',*,*,#4417,.F.);
#6510=CARTESIAN_POINT('',(0.905375630566,-2.383861356618,0.000000000000));
#6511=LINE('',#6510,#12);
#6512=EDGE_CURVE('',#4407,#3400,#6511,.T.);
#6513=ORIENTED_EDGE('',*,*,#6512,.T.);
#6514=ORIENTED_EDGE('',*,*,#3402,.F.);
#6515=ORIENTED_EDGE('',*,*,#3397,.F.);
#6516=EDGE_LOOP('',(#6507,#6508,#6509,#6513,#6514,#6515));
#6517=FACE_OUTER_BOUND('',#6516,.T.);
#6518=ADVANCED_FACE('',(#6517),#6506,.T.);
#6519=CARTESIAN_POINT('',(0.774574431120,-0.318961267778,0.000000000000));
#6520=DIRECTION('',(0.924670173632,-0.380769050731,0.000000000000));
#6521=AXIS2_PLACEMENT_3D('',#6519,#6520,#4504);
#6522=PLANE('',#6521);
#6523=ORIENTED_EDGE('',*,*,#972,.F.);
#6524=ORIENTED_EDGE('',*,*,#4510,.F.);
#6525=ORIENTED_EDGE('',*,*,#4507,.F.);
#6526=CARTESIAN_POINT('',(-0.142501970985,-2.546015158687,0.000000000000));
#6527=LINE('',#6526,#12);
#6528=EDGE_CURVE('',#4497,#3310,#6527,.T.);
#6529=ORIENTED_EDGE('',*,*,#6528,.T.);
#6530=ORIENTED_EDGE('',*,*,#3312,.F.);
#6531=ORIENTED_EDGE('',*,*,#3307,.F.);
#6532=EDGE_LOOP('',(#6523,#6524,#6525,#6529,#6530,#6531));
#6533=FACE_OUTER_BOUND('',#6532,.T.);
#6534=ADVANCED_FACE('',(#6533),#6522,.T.);
#6535=CARTESIAN_POINT('',(-0.778751331143,0.308623077442,0.000000000000));
#6536=DIRECTION('',(-0.929656466382,0.368427543099,0.000000000000));
#6537=AXIS2_PLACEMENT_3D('',#6535,#6536,#4625);
#6538=PLANE('',#6537);
#6539=ORIENTED_EDGE('',*,*,#586,.T.);
#6540=ORIENTED_EDGE('',*,*,#3189,.F.);
#6541=ORIENTED_EDGE('',*,*,#3186,.F.);
#6542=CARTESIAN_POINT('',(-1.666103401941,-1.930440222861,0.000000000000));
#6543=LINE('',#6542,#12);
#6544=EDGE_CURVE('',#4631,#3176,#6543,.T.);
#6545=ORIENTED_EDGE('',*,*,#6544,.F.);
#6546=ORIENTED_EDGE('',*,*,#4633,.F.);
#6547=ORIENTED_EDGE('',*,*,#4628,.F.);
#6548=EDGE_LOOP('',(#6539,#6540,#6541,#6545,#6546,#6547));
#6549=FACE_OUTER_BOUND('',#6548,.T.);
#6550=ADVANCED_FACE('',(#6549),#6538,.T.);
#6551=CARTESIAN_POINT('',(0.722645497279,0.423657084149,0.000000000000));
#6552=DIRECTION('',(0.862678537526,0.505752647934,0.000000000000));
#6553=AXIS2_PLACEMENT_3D('',#6551,#6552,#5105);
#6554=PLANE('',#6553);
#6555=ORIENTED_EDGE('',*,*,#448,.T.);
#6556=ORIENTED_EDGE('',*,*,#2709,.F.);
#6557=ORIENTED_EDGE('',*,*,#2706,.F.);
#6558=CARTESIAN_POINT('',(-0.495451976325,2.501405072985,0.000000000000));
#6559=LINE('',#6558,#12);
#6560=EDGE_CURVE('',#5111,#2696,#6559,.T.);
#6561=ORIENTED_EDGE('',*,*,#6560,.F.);
#6562=ORIENTED_EDGE('',*,*,#5113,.F.);
#6563=ORIENTED_EDGE('',*,*,#5108,.F.);
#6564=EDGE_LOOP('',(#6555,#6556,#6557,#6561,#6562,#6563));
#6565=FACE_OUTER_BOUND('',#6564,.T.);
#6566=ADVANCED_FACE('',(#6565),#6554,.T.);
#6567=CYLINDRICAL_SURFACE('',#185,2.550000000000);
#6568=ORIENTED_EDGE('',*,*,#2938,.F.);
#6569=ORIENTED_EDGE('',*,*,#6384,.F.);
#6570=ORIENTED_EDGE('',*,*,#4878,.T.);
#6571=CARTESIAN_POINT('',(-2.465439838022,0.651234523880,0.000000000000));
#6572=LINE('',#6571,#12);
#6573=EDGE_CURVE('',#4871,#2936,#6572,.T.);
#6574=ORIENTED_EDGE('',*,*,#6573,.T.);
#6575=EDGE_LOOP('',(#6568,#6569,#6570,#6574));
#6576=ORIENTED_EDGE('',*,*,#2319,.F.);
#6577=CARTESIAN_POINT('',(2.539490947977,-0.231269810270,0.000000000000));
#6578=LINE('',#6577,#12);
#6579=EDGE_CURVE('',#5495,#2312,#6578,.T.);
#6580=ORIENTED_EDGE('',*,*,#6579,.F.);
#6581=ORIENTED_EDGE('',*,*,#5497,.T.);
#6582=ORIENTED_EDGE('',*,*,#6096,.T.);
#6583=EDGE_LOOP('',(#6576,#6580,#6581,#6582));
#6584=ORIENTED_EDGE('',*,*,#3437,.F.);
#6585=ORIENTED_EDGE('',*,*,#5728,.F.);
#6586=ORIENTED_EDGE('',*,*,#4379,.T.);
#6587=ORIENTED_EDGE('',*,*,#6208,.T.);
#6588=EDGE_LOOP('',(#6584,#6585,#6586,#6587));
#6589=ORIENTED_EDGE('',*,*,#3347,.F.);
#6590=CARTESIAN_POINT('',(0.213221673126,-2.541069955375,0.000000000000));
#6591=LINE('',#6590,#12);
#6592=EDGE_CURVE('',#4467,#3340,#6591,.T.);
#6593=ORIENTED_EDGE('',*,*,#6592,.F.);
#6594=ORIENTED_EDGE('',*,*,#4469,.T.);
#6595=CARTESIAN_POINT('',(0.319755882915,-2.529872758725,0.000000000000));
#6596=LINE('',#6595,#12);
#6597=EDGE_CURVE('',#4462,#3345,#6596,.T.);
#6598=ORIENTED_EDGE('',*,*,#6597,.T.);
#6599=EDGE_LOOP('',(#6589,#6593,#6594,#6598));
#6600=ORIENTED_EDGE('',*,*,#2240,.F.);
#6601=ORIENTED_EDGE('',*,*,#5840,.F.);
#6602=ORIENTED_EDGE('',*,*,#5576,.T.);
#6603=ORIENTED_EDGE('',*,*,#5920,.T.);
#6604=EDGE_LOOP('',(#6600,#6601,#6602,#6603));
#6605=ORIENTED_EDGE('',*,*,#3238,.F.);
#6606=ORIENTED_EDGE('',*,*,#5968,.F.);
#6607=ORIENTED_EDGE('',*,*,#4578,.T.);
#6608=ORIENTED_EDGE('',*,*,#6160,.T.);
#6609=EDGE_LOOP('',(#6605,#6606,#6607,#6608));
#6610=ORIENTED_EDGE('',*,*,#2608,.F.);
#6611=ORIENTED_EDGE('',*,*,#5936,.F.);
#6612=ORIENTED_EDGE('',*,*,#5208,.T.);
#6613=CARTESIAN_POINT('',(0.564795199907,2.486665715806,0.000000000000));
#6614=LINE('',#6613,#12);
#6615=EDGE_CURVE('',#5201,#2606,#6614,.T.);
#6616=ORIENTED_EDGE('',*,*,#6615,.T.);
#6617=EDGE_LOOP('',(#6610,#6611,#6612,#6616));
#6618=ORIENTED_EDGE('',*,*,#2998,.F.);
#6619=ORIENTED_EDGE('',*,*,#6080,.F.);
#6620=ORIENTED_EDGE('',*,*,#4818,.T.);
#6621=CARTESIAN_POINT('',(-2.549437442110,-0.053560515000,0.000000000000));
#6622=LINE('',#6621,#12);
#6623=EDGE_CURVE('',#4811,#2996,#6622,.T.);
#6624=ORIENTED_EDGE('',*,*,#6623,.T.);
#6625=EDGE_LOOP('',(#6618,#6619,#6620,#6624));
#6626=ORIENTED_EDGE('',*,*,#3028,.F.);
#6627=ORIENTED_EDGE('',*,*,#6496,.F.);
#6628=ORIENTED_EDGE('',*,*,#4788,.T.);
#6629=CARTESIAN_POINT('',(-2.517172309214,-0.407852382272,0.000000000000));
#6630=LINE('',#6629,#12);
#6631=EDGE_CURVE('',#4781,#3026,#6630,.T.);
#6632=ORIENTED_EDGE('',*,*,#6631,.T.);
#6633=EDGE_LOOP('',(#6626,#6627,#6628,#6632));
#6634=ORIENTED_EDGE('',*,*,#2818,.F.);
#6635=ORIENTED_EDGE('',*,*,#6224,.F.);
#6636=ORIENTED_EDGE('',*,*,#4998,.T.);
#6637=ORIENTED_EDGE('',*,*,#6256,.T.);
#6638=EDGE_LOOP('',(#6634,#6635,#6636,#6637));
#6639=ORIENTED_EDGE('',*,*,#3148,.F.);
#6640=ORIENTED_EDGE('',*,*,#6032,.F.);
#6641=ORIENTED_EDGE('',*,*,#4668,.T.);
#6642=CARTESIAN_POINT('',(-1.918554350198,-1.679776534346,0.000000000000));
#6643=LINE('',#6642,#12);
#6644=EDGE_CURVE('',#4661,#3146,#6643,.T.);
#6645=ORIENTED_EDGE('',*,*,#6644,.T.);
#6646=EDGE_LOOP('',(#6639,#6640,#6641,#6645));
#6647=ORIENTED_EDGE('',*,*,#78,.F.);
#6648=ORIENTED_EDGE('',*,*,#4527,.T.);
#6649=CARTESIAN_POINT('',(-0.389958355471,-2.520006444634,0.000000000000));
#6650=LINE('',#6649,#12);
#6651=EDGE_CURVE('',#4522,#3285,#6650,.T.);
#6652=ORIENTED_EDGE('',*,*,#6651,.T.);
#6653=ORIENTED_EDGE('',*,*,#3287,.F.);
#6654=EDGE_LOOP('',(#6647,#6648,#6652,#6653));
#6655=ORIENTED_EDGE('',*,*,#2398,.F.);
#6656=ORIENTED_EDGE('',*,*,#6144,.F.);
#6657=ORIENTED_EDGE('',*,*,#5418,.T.);
#6658=ORIENTED_EDGE('',*,*,#5808,.T.);
#6659=EDGE_LOOP('',(#6655,#6656,#6657,#6658));
#6660=ORIENTED_EDGE('',*,*,#123,.F.);
#6661=ORIENTED_EDGE('',*,*,#5525,.T.);
#6662=CARTESIAN_POINT('',(2.504861974456,-0.477667759982,0.000000000000));
#6663=LINE('',#6662,#12);
#6664=EDGE_CURVE('',#5520,#2287,#6663,.T.);
#6665=ORIENTED_EDGE('',*,*,#6664,.T.);
#6666=ORIENTED_EDGE('',*,*,#2289,.F.);
#6667=EDGE_LOOP('',(#6660,#6661,#6665,#6666));
#6668=ORIENTED_EDGE('',*,*,#3178,.F.);
#6669=CARTESIAN_POINT('',(-1.745709841085,-1.858762263104,0.000000000000));
#6670=LINE('',#6669,#12);
#6671=EDGE_CURVE('',#4636,#3171,#6670,.T.);
#6672=ORIENTED_EDGE('',*,*,#6671,.F.);
#6673=ORIENTED_EDGE('',*,*,#4638,.T.);
#6674=ORIENTED_EDGE('',*,*,#6544,.T.);
#6675=EDGE_LOOP('',(#6668,#6672,#6673,#6674));
#6676=ORIENTED_EDGE('',*,*,#3208,.F.);
#6677=CARTESIAN_POINT('',(-1.470031004811,-2.083628768494,0.000000000000));
#6678=LINE('',#6677,#12);
#6679=EDGE_CURVE('',#4606,#3201,#6678,.T.);
#6680=ORIENTED_EDGE('',*,*,#6679,.F.);
#6681=ORIENTED_EDGE('',*,*,#4608,.T.);
#6682=ORIENTED_EDGE('',*,*,#6336,.T.);
#6683=EDGE_LOOP('',(#6676,#6680,#6681,#6682));
#6684=ORIENTED_EDGE('',*,*,#3407,.F.);
#6685=ORIENTED_EDGE('',*,*,#6512,.F.);
#6686=ORIENTED_EDGE('',*,*,#4409,.T.);
#6687=ORIENTED_EDGE('',*,*,#5904,.T.);
#6688=EDGE_LOOP('',(#6684,#6685,#6686,#6687));
#6689=ORIENTED_EDGE('',*,*,#3317,.F.);
#6690=ORIENTED_EDGE('',*,*,#6528,.F.);
#6691=ORIENTED_EDGE('',*,*,#4499,.T.);
#6692=ORIENTED_EDGE('',*,*,#6400,.T.);
#6693=EDGE_LOOP('',(#6689,#6690,#6691,#6692));
#6694=ORIENTED_EDGE('',*,*,#2848,.F.);
#6695=CARTESIAN_POINT('',(-1.918554350198,1.679776534346,0.000000000000));
#6696=LINE('',#6695,#12);
#6697=EDGE_CURVE('',#4966,#2841,#6696,.T.);
#6698=ORIENTED_EDGE('',*,*,#6697,.F.);
#6699=ORIENTED_EDGE('',*,*,#4968,.T.);
#6700=ORIENTED_EDGE('',*,*,#6016,.T.);
#6701=EDGE_LOOP('',(#6694,#6698,#6699,#6700));
#6702=ORIENTED_EDGE('',*,*,#3058,.F.);
#6703=CARTESIAN_POINT('',(-2.465439838022,-0.651234523880,0.000000000000));
#6704=LINE('',#6703,#12);
#6705=EDGE_CURVE('',#4756,#3051,#6704,.T.);
#6706=ORIENTED_EDGE('',*,*,#6705,.F.);
#6707=ORIENTED_EDGE('',*,*,#4758,.T.);
#6708=ORIENTED_EDGE('',*,*,#5760,.T.);
#6709=EDGE_LOOP('',(#6702,#6706,#6707,#6708));
#6710=ORIENTED_EDGE('',*,*,#33,.F.);
#6711=ORIENTED_EDGE('',*,*,#5664,.T.);
#6712=ORIENTED_EDGE('',*,*,#6128,.T.);
#6713=ORIENTED_EDGE('',*,*,#2150,.F.);
#6714=EDGE_LOOP('',(#6710,#6711,#6712,#6713));
#6715=ORIENTED_EDGE('',*,*,#3118,.F.);
#6716=CARTESIAN_POINT('',(-2.190428317752,-1.305574120757,0.000000000000));
#6717=LINE('',#6716,#12);
#6718=EDGE_CURVE('',#4696,#3111,#6717,.T.);
#6719=ORIENTED_EDGE('',*,*,#6718,.F.);
#6720=ORIENTED_EDGE('',*,*,#4698,.T.);
#6721=ORIENTED_EDGE('',*,*,#5824,.T.);
#6722=EDGE_LOOP('',(#6715,#6719,#6720,#6721));
#6723=ORIENTED_EDGE('',*,*,#2488,.F.);
#6724=ORIENTED_EDGE('',*,*,#6176,.F.);
#6725=ORIENTED_EDGE('',*,*,#5328,.T.);
#6726=CARTESIAN_POINT('',(1.796705560513,1.809516269289,0.000000000000));
#6727=LINE('',#6726,#12);
#6728=EDGE_CURVE('',#5321,#2486,#6727,.T.);
#6729=ORIENTED_EDGE('',*,*,#6728,.T.);
#6730=EDGE_LOOP('',(#6723,#6724,#6725,#6729));
#6731=ORIENTED_EDGE('',*,*,#2368,.F.);
#6732=ORIENTED_EDGE('',*,*,#5696,.F.);
#6733=ORIENTED_EDGE('',*,*,#5448,.T.);
#6734=ORIENTED_EDGE('',*,*,#6416,.T.);
#6735=EDGE_LOOP('',(#6731,#6732,#6733,#6734));
#6736=ORIENTED_EDGE('',*,*,#2458,.F.);
#6737=CARTESIAN_POINT('',(2.094020297585,1.455190363252,0.000000000000));
#6738=LINE('',#6737,#12);
#6739=EDGE_CURVE('',#5356,#2451,#6738,.T.);
#6740=ORIENTED_EDGE('',*,*,#6739,.F.);
#6741=ORIENTED_EDGE('',*,*,#5358,.T.);
#6742=CARTESIAN_POINT('',(2.031056135941,1.541853096977,0.000000000000));
#6743=LINE('',#6742,#12);
#6744=EDGE_CURVE('',#5351,#2456,#6743,.T.);
#6745=ORIENTED_EDGE('',*,*,#6744,.T.);
#6746=EDGE_LOOP('',(#6736,#6740,#6741,#6745));
#6747=ORIENTED_EDGE('',*,*,#2698,.F.);
#6748=ORIENTED_EDGE('',*,*,#5744,.F.);
#6749=ORIENTED_EDGE('',*,*,#5118,.T.);
#6750=ORIENTED_EDGE('',*,*,#6560,.T.);
#6751=EDGE_LOOP('',(#6747,#6748,#6749,#6750));
#6752=ORIENTED_EDGE('',*,*,#2518,.F.);
#6753=ORIENTED_EDGE('',*,*,#5856,.F.);
#6754=ORIENTED_EDGE('',*,*,#5298,.T.);
#6755=ORIENTED_EDGE('',*,*,#5776,.T.);
#6756=EDGE_LOOP('',(#6752,#6753,#6754,#6755));
#6757=ORIENTED_EDGE('',*,*,#168,.F.);
#6758=ORIENTED_EDGE('',*,*,#5476,.T.);
#6759=CARTESIAN_POINT('',(2.539490947977,0.231269810270,0.000000000000));
#6760=LINE('',#6759,#12);
#6761=EDGE_CURVE('',#5471,#2336,#6760,.T.);
#6762=ORIENTED_EDGE('',*,*,#6761,.T.);
#6763=ORIENTED_EDGE('',*,*,#2338,.F.);
#6764=EDGE_LOOP('',(#6757,#6758,#6762,#6763));
#6765=ORIENTED_EDGE('',*,*,#2758,.F.);
#6766=ORIENTED_EDGE('',*,*,#5792,.F.);
#6767=ORIENTED_EDGE('',*,*,#5058,.T.);
#6768=ORIENTED_EDGE('',*,*,#6240,.T.);
#6769=EDGE_LOOP('',(#6765,#6766,#6767,#6768));
#6770=ORIENTED_EDGE('',*,*,#2548,.F.);
#6771=ORIENTED_EDGE('',*,*,#6368,.F.);
#6772=ORIENTED_EDGE('',*,*,#5268,.T.);
#6773=ORIENTED_EDGE('',*,*,#5872,.T.);
#6774=EDGE_LOOP('',(#6770,#6771,#6772,#6773));
#6775=ORIENTED_EDGE('',*,*,#2968,.F.);
#6776=CARTESIAN_POINT('',(-2.517172309214,0.407852382272,0.000000000000));
#6777=LINE('',#6776,#12);
#6778=EDGE_CURVE('',#4846,#2961,#6777,.T.);
#6779=ORIENTED_EDGE('',*,*,#6778,.F.);
#6780=ORIENTED_EDGE('',*,*,#4848,.T.);
#6781=CARTESIAN_POINT('',(-2.532080675137,0.301773846772,0.000000000000));
#6782=LINE('',#6781,#12);
#6783=EDGE_CURVE('',#4841,#2966,#6782,.T.);
#6784=ORIENTED_EDGE('',*,*,#6783,.T.);
#6785=EDGE_LOOP('',(#6775,#6779,#6780,#6784));
#6786=ORIENTED_EDGE('',*,*,#2638,.F.);
#6787=ORIENTED_EDGE('',*,*,#6448,.F.);
#6788=ORIENTED_EDGE('',*,*,#5178,.T.);
#6789=ORIENTED_EDGE('',*,*,#5680,.T.);
#6790=EDGE_LOOP('',(#6786,#6787,#6788,#6789));
#6791=ORIENTED_EDGE('',*,*,#2210,.F.);
#6792=CARTESIAN_POINT('',(2.031056135941,-1.541853096977,0.000000000000));
#6793=LINE('',#6792,#12);
#6794=EDGE_CURVE('',#5604,#2203,#6793,.T.);
#6795=ORIENTED_EDGE('',*,*,#6794,.F.);
#6796=ORIENTED_EDGE('',*,*,#5606,.T.);
#6797=CARTESIAN_POINT('',(2.094020297585,-1.455190363252,0.000000000000));
#6798=LINE('',#6797,#12);
#6799=EDGE_CURVE('',#5599,#2208,#6798,.T.);
#6800=ORIENTED_EDGE('',*,*,#6799,.T.);
#6801=EDGE_LOOP('',(#6791,#6795,#6796,#6800));
#6802=ORIENTED_EDGE('',*,*,#2788,.F.);
#6803=ORIENTED_EDGE('',*,*,#5984,.F.);
#6804=ORIENTED_EDGE('',*,*,#5028,.T.);
#6805=ORIENTED_EDGE('',*,*,#6320,.T.);
#6806=EDGE_LOOP('',(#6802,#6803,#6804,#6805));
#6807=ORIENTED_EDGE('',*,*,#3088,.F.);
#6808=CARTESIAN_POINT('',(-2.350812018856,-0.988019661749,0.000000000000));
#6809=LINE('',#6808,#12);
#6810=EDGE_CURVE('',#4726,#3081,#6809,.T.);
#6811=ORIENTED_EDGE('',*,*,#6810,.F.);
#6812=ORIENTED_EDGE('',*,*,#4728,.T.);
#6813=ORIENTED_EDGE('',*,*,#6432,.T.);
#6814=EDGE_LOOP('',(#6807,#6811,#6812,#6813));
#6815=ORIENTED_EDGE('',*,*,#2180,.F.);
#6816=ORIENTED_EDGE('',*,*,#6192,.F.);
#6817=ORIENTED_EDGE('',*,*,#5636,.T.);
#6818=ORIENTED_EDGE('',*,*,#6304,.T.);
#6819=EDGE_LOOP('',(#6815,#6816,#6817,#6818));
#6820=ORIENTED_EDGE('',*,*,#2428,.F.);
#6821=ORIENTED_EDGE('',*,*,#6272,.F.);
#6822=ORIENTED_EDGE('',*,*,#5388,.T.);
#6823=ORIENTED_EDGE('',*,*,#5952,.T.);
#6824=EDGE_LOOP('',(#6820,#6821,#6822,#6823));
#6825=ORIENTED_EDGE('',*,*,#3377,.F.);
#6826=ORIENTED_EDGE('',*,*,#6480,.F.);
#6827=ORIENTED_EDGE('',*,*,#4439,.T.);
#6828=ORIENTED_EDGE('',*,*,#6048,.T.);
#6829=EDGE_LOOP('',(#6825,#6826,#6827,#6828));
#6830=ORIENTED_EDGE('',*,*,#3268,.F.);
#6831=CARTESIAN_POINT('',(-0.838758572515,-2.408107982843,0.000000000000));
#6832=LINE('',#6831,#12);
#6833=EDGE_CURVE('',#4546,#3261,#6832,.T.);
#6834=ORIENTED_EDGE('',*,*,#6833,.F.);
#6835=ORIENTED_EDGE('',*,*,#4548,.T.);
#6836=ORIENTED_EDGE('',*,*,#6064,.T.);
#6837=EDGE_LOOP('',(#6830,#6834,#6835,#6836));
#6838=ORIENTED_EDGE('',*,*,#2668,.F.);
#6839=CARTESIAN_POINT('',(-0.035446196223,2.549753628720,0.000000000000));
#6840=LINE('',#6839,#12);
#6841=EDGE_CURVE('',#5146,#2661,#6840,.T.);
#6842=ORIENTED_EDGE('',*,*,#6841,.F.);
#6843=ORIENTED_EDGE('',*,*,#5148,.T.);
#6844=ORIENTED_EDGE('',*,*,#6352,.T.);
#6845=EDGE_LOOP('',(#6838,#6842,#6843,#6844));
#6846=ORIENTED_EDGE('',*,*,#2908,.F.);
#6847=ORIENTED_EDGE('',*,*,#5712,.F.);
#6848=ORIENTED_EDGE('',*,*,#4908,.T.);
#6849=ORIENTED_EDGE('',*,*,#6464,.T.);
#6850=EDGE_LOOP('',(#6846,#6847,#6848,#6849));
#6851=ORIENTED_EDGE('',*,*,#2270,.F.);
#6852=ORIENTED_EDGE('',*,*,#5888,.F.);
#6853=ORIENTED_EDGE('',*,*,#5546,.T.);
#6854=ORIENTED_EDGE('',*,*,#6288,.T.);
#6855=EDGE_LOOP('',(#6851,#6852,#6853,#6854));
#6856=ORIENTED_EDGE('',*,*,#2878,.F.);
#6857=CARTESIAN_POINT('',(-2.133662820351,1.396417906306,0.000000000000));
#6858=LINE('',#6857,#12);
#6859=EDGE_CURVE('',#4936,#2871,#6858,.T.);
#6860=ORIENTED_EDGE('',*,*,#6859,.F.);
#6861=ORIENTED_EDGE('',*,*,#4938,.T.);
#6862=ORIENTED_EDGE('',*,*,#6000,.T.);
#6863=EDGE_LOOP('',(#6856,#6860,#6861,#6862));
#6864=ORIENTED_EDGE('',*,*,#2728,.F.);
#6865=ORIENTED_EDGE('',*,*,#6112,.F.);
#6866=ORIENTED_EDGE('',*,*,#5088,.T.);
#6867=CARTESIAN_POINT('',(-0.838758572515,2.408107982843,0.000000000000));
#6868=LINE('',#6867,#12);
#6869=EDGE_CURVE('',#5081,#2726,#6868,.T.);
#6870=ORIENTED_EDGE('',*,*,#6869,.T.);
#6871=EDGE_LOOP('',(#6864,#6865,#6866,#6870));
#6872=ORIENTED_EDGE('',*,*,#2578,.F.);
#6873=CARTESIAN_POINT('',(1.004696520066,2.343733112487,0.000000000000));
#6874=LINE('',#6873,#12);
#6875=EDGE_CURVE('',#5236,#2571,#6874,.T.);
#6876=ORIENTED_EDGE('',*,*,#6875,.F.);
#6877=ORIENTED_EDGE('',*,*,#5238,.T.);
#6878=CARTESIAN_POINT('',(0.905375630566,2.383861356618,0.000000000000));
#6879=LINE('',#6878,#12);
#6880=EDGE_CURVE('',#5231,#2576,#6879,.T.);
#6881=ORIENTED_EDGE('',*,*,#6880,.T.);
#6882=EDGE_LOOP('',(#6872,#6876,#6877,#6881));
#6883=FACE_BOUND('',#6575,.T.);
#6884=FACE_BOUND('',#6583,.T.);
#6885=FACE_BOUND('',#6588,.T.);
#6886=FACE_BOUND('',#6599,.T.);
#6887=FACE_BOUND('',#6604,.T.);
#6888=FACE_BOUND('',#6609,.T.);
#6889=FACE_BOUND('',#6617,.T.);
#6890=FACE_BOUND('',#6625,.T.);
#6891=FACE_BOUND('',#6633,.T.);
#6892=FACE_BOUND('',#6638,.T.);
#6893=FACE_BOUND('',#6646,.T.);
#6894=FACE_BOUND('',#6654,.T.);
#6895=FACE_BOUND('',#6659,.T.);
#6896=FACE_BOUND('',#6667,.T.);
#6897=FACE_BOUND('',#6675,.T.);
#6898=FACE_BOUND('',#6683,.T.);
#6899=FACE_BOUND('',#6688,.T.);
#6900=FACE_BOUND('',#6693,.T.);
#6901=FACE_BOUND('',#6701,.T.);
#6902=FACE_BOUND('',#6709,.T.);
#6903=FACE_BOUND('',#6714,.T.);
#6904=FACE_BOUND('',#6722,.T.);
#6905=FACE_BOUND('',#6730,.T.);
#6906=FACE_BOUND('',#6735,.T.);
#6907=FACE_BOUND('',#6746,.T.);
#6908=FACE_BOUND('',#6751,.T.);
#6909=FACE_BOUND('',#6756,.T.);
#6910=FACE_BOUND('',#6764,.T.);
#6911=FACE_BOUND('',#6769,.T.);
#6912=FACE_BOUND('',#6774,.T.);
#6913=FACE_BOUND('',#6785,.T.);
#6914=FACE_BOUND('',#6790,.T.);
#6915=FACE_BOUND('',#6801,.T.);
#6916=FACE_BOUND('',#6806,.T.);
#6917=FACE_BOUND('',#6814,.T.);
#6918=FACE_BOUND('',#6819,.T.);
#6919=FACE_BOUND('',#6824,.T.);
#6920=FACE_BOUND('',#6829,.T.);
#6921=FACE_BOUND('',#6837,.T.);
#6922=FACE_BOUND('',#6845,.T.);
#6923=FACE_BOUND('',#6850,.T.);
#6924=FACE_BOUND('',#6855,.T.);
#6925=FACE_BOUND('',#6863,.T.);
#6926=FACE_BOUND('',#6871,.T.);
#6927=FACE_BOUND('',#6882,.T.);
#6928=ADVANCED_FACE('',(#6883,#6884,#6885,#6886,#6887,#6888,#6889,#6890,#6891,#6892,#6893,#6894,#6895,#6896,#6897,#6898,#6899,#6900,#6901,#6902,#6903,#6904,#6905,#6906,#6907,#6908,#6909,#6910,#6911,#6912,#6913,#6914,#6915,#6916,#6917,#6918,#6919,#6920,#6921,#6922,#6923,#6924,#6925,#6926,#6927),#6567,.T.);
#6929=CARTESIAN_POINT('',(0.052870593165,-0.836006303843,0.000000000000));
#6930=DIRECTION('',(0.063115768605,-0.998006212282,0.000000000000));
#6931=AXIS2_PLACEMENT_3D('',#6929,#6930,#4733);
#6932=PLANE('',#6931);
#6933=ORIENTED_EDGE('',*,*,#995,.F.);
#6934=ORIENTED_EDGE('',*,*,#4739,.F.);
#6935=ORIENTED_EDGE('',*,*,#4736,.F.);
#6936=ORIENTED_EDGE('',*,*,#6810,.T.);
#6937=ORIENTED_EDGE('',*,*,#3083,.F.);
#6938=ORIENTED_EDGE('',*,*,#3078,.F.);
#6939=EDGE_LOOP('',(#6933,#6934,#6935,#6936,#6937,#6938));
#6940=FACE_OUTER_BOUND('',#6939,.T.);
#6941=ADVANCED_FACE('',(#6940),#6932,.T.);
#6942=CARTESIAN_POINT('',(-0.225530728020,0.806745145883,0.000000000000));
#6943=DIRECTION('',(-0.269233696671,0.963074875893,0.000000000000));
#6944=AXIS2_PLACEMENT_3D('',#6942,#6943,#5363);
#6945=PLANE('',#6944);
#6946=ORIENTED_EDGE('',*,*,#326,.F.);
#6947=ORIENTED_EDGE('',*,*,#5369,.F.);
#6948=ORIENTED_EDGE('',*,*,#5366,.F.);
#6949=ORIENTED_EDGE('',*,*,#6739,.T.);
#6950=ORIENTED_EDGE('',*,*,#2453,.F.);
#6951=ORIENTED_EDGE('',*,*,#2448,.F.);
#6952=EDGE_LOOP('',(#6946,#6947,#6948,#6949,#6950,#6951));
#6953=FACE_OUTER_BOUND('',#6952,.T.);
#6954=ADVANCED_FACE('',(#6953),#6945,.T.);
#6955=CARTESIAN_POINT('',(0.656651090830,-0.520106897280,0.000000000000));
#6956=DIRECTION('',(0.783895844969,-0.620892345130,0.000000000000));
#6957=AXIS2_PLACEMENT_3D('',#6955,#6956,#4553);
#6958=PLANE('',#6957);
#6959=ORIENTED_EDGE('',*,*,#572,.F.);
#6960=ORIENTED_EDGE('',*,*,#4559,.F.);
#6961=ORIENTED_EDGE('',*,*,#4556,.F.);
#6962=ORIENTED_EDGE('',*,*,#6833,.T.);
#6963=ORIENTED_EDGE('',*,*,#3263,.F.);
#6964=ORIENTED_EDGE('',*,*,#3258,.F.);
#6965=EDGE_LOOP('',(#6959,#6960,#6961,#6962,#6963,#6964));
#6966=FACE_OUTER_BOUND('',#6965,.T.);
#6967=ADVANCED_FACE('',(#6966),#6958,.T.);
#6968=CARTESIAN_POINT('',(-0.398179039551,0.736990700178,0.000000000000));
#6969=DIRECTION('',(-0.475337510310,0.879803529939,0.000000000000));
#6970=AXIS2_PLACEMENT_3D('',#6968,#6969,#4775);
#6971=PLANE('',#6970);
#6972=ORIENTED_EDGE('',*,*,#1186,.T.);
#6973=ORIENTED_EDGE('',*,*,#3039,.F.);
#6974=ORIENTED_EDGE('',*,*,#3036,.F.);
#6975=ORIENTED_EDGE('',*,*,#6631,.F.);
#6976=ORIENTED_EDGE('',*,*,#4783,.F.);
#6977=ORIENTED_EDGE('',*,*,#4778,.F.);
#6978=EDGE_LOOP('',(#6972,#6973,#6974,#6975,#6976,#6977));
#6979=FACE_OUTER_BOUND('',#6978,.T.);
#6980=ADVANCED_FACE('',(#6979),#6971,.T.);
#6981=CARTESIAN_POINT('',(-0.063993529542,-0.835228512363,0.000000000000));
#6982=DIRECTION('',(-0.076394089057,-0.997077701665,0.000000000000));
#6983=AXIS2_PLACEMENT_3D('',#6981,#6982,#4763);
#6984=PLANE('',#6983);
#6985=ORIENTED_EDGE('',*,*,#1195,.F.);
#6986=ORIENTED_EDGE('',*,*,#4769,.F.);
#6987=ORIENTED_EDGE('',*,*,#4766,.F.);
#6988=ORIENTED_EDGE('',*,*,#6705,.T.);
#6989=ORIENTED_EDGE('',*,*,#3053,.F.);
#6990=ORIENTED_EDGE('',*,*,#3048,.F.);
#6991=EDGE_LOOP('',(#6985,#6986,#6987,#6988,#6989,#6990));
#6992=FACE_OUTER_BOUND('',#6991,.T.);
#6993=ADVANCED_FACE('',(#6992),#6984,.T.);
#6994=CARTESIAN_POINT('',(-0.794937220037,0.264152713193,0.000000000000));
#6995=DIRECTION('',(-0.948978829853,0.315339785772,0.000000000000));
#6996=AXIS2_PLACEMENT_3D('',#6994,#6995,#5153);
#6997=PLANE('',#6996);
#6998=ORIENTED_EDGE('',*,*,#641,.F.);
#6999=ORIENTED_EDGE('',*,*,#5159,.F.);
#7000=ORIENTED_EDGE('',*,*,#5156,.F.);
#7001=ORIENTED_EDGE('',*,*,#6841,.T.);
#7002=ORIENTED_EDGE('',*,*,#2663,.F.);
#7003=ORIENTED_EDGE('',*,*,#2658,.F.);
#7004=EDGE_LOOP('',(#6998,#6999,#7000,#7001,#7002,#7003));
#7005=FACE_OUTER_BOUND('',#7004,.T.);
#7006=ADVANCED_FACE('',(#7005),#6997,.T.);
#7007=CARTESIAN_POINT('',(0.811427154724,-0.208057233142,0.000000000000));
#7008=DIRECTION('',(0.968664156606,-0.248374217074,0.000000000000));
#7009=AXIS2_PLACEMENT_3D('',#7007,#7008,#4474);
#7010=PLANE('',#7009);
#7011=ORIENTED_EDGE('',*,*,#503,.F.);
#7012=ORIENTED_EDGE('',*,*,#4480,.F.);
#7013=ORIENTED_EDGE('',*,*,#4477,.F.);
#7014=ORIENTED_EDGE('',*,*,#6592,.T.);
#7015=ORIENTED_EDGE('',*,*,#3342,.F.);
#7016=ORIENTED_EDGE('',*,*,#3337,.F.);
#7017=EDGE_LOOP('',(#7011,#7012,#7013,#7014,#7015,#7016));
#7018=FACE_OUTER_BOUND('',#7017,.T.);
#7019=ADVANCED_FACE('',(#7018),#7010,.T.);
#7020=CARTESIAN_POINT('',(0.755325874442,-0.362194233921,0.000000000000));
#7021=DIRECTION('',(0.901691663717,-0.432379629010,0.000000000000));
#7022=AXIS2_PLACEMENT_3D('',#7020,#7021,#5315);
#7023=PLANE('',#7022);
#7024=ORIENTED_EDGE('',*,*,#225,.T.);
#7025=ORIENTED_EDGE('',*,*,#2499,.F.);
#7026=ORIENTED_EDGE('',*,*,#2496,.F.);
#7027=ORIENTED_EDGE('',*,*,#6728,.F.);
#7028=ORIENTED_EDGE('',*,*,#5323,.F.);
#7029=ORIENTED_EDGE('',*,*,#5318,.F.);
#7030=EDGE_LOOP('',(#7024,#7025,#7026,#7027,#7028,#7029));
#7031=FACE_OUTER_BOUND('',#7030,.T.);
#7032=ADVANCED_FACE('',(#7031),#7023,.T.);
#7033=CARTESIAN_POINT('',(0.345799222996,0.762970993592,0.000000000000));
#7034=DIRECTION('',(0.412807620189,0.910818241316,0.000000000000));
#7035=AXIS2_PLACEMENT_3D('',#7033,#7034,#5502);
#7036=PLANE('',#7035);
#7037=ORIENTED_EDGE('',*,*,#480,.F.);
#7038=ORIENTED_EDGE('',*,*,#5508,.F.);
#7039=ORIENTED_EDGE('',*,*,#5505,.F.);
#7040=ORIENTED_EDGE('',*,*,#6579,.T.);
#7041=ORIENTED_EDGE('',*,*,#2314,.F.);
#7042=ORIENTED_EDGE('',*,*,#2309,.F.);
#7043=EDGE_LOOP('',(#7037,#7038,#7039,#7040,#7041,#7042));
#7044=FACE_OUTER_BOUND('',#7043,.T.);
#7045=ADVANCED_FACE('',(#7044),#7036,.T.);
#7046=CARTESIAN_POINT('',(0.345799222996,-0.762970993592,0.000000000000));
#7047=DIRECTION('',(0.412807620189,-0.910818241316,0.000000000000));
#7048=AXIS2_PLACEMENT_3D('',#7046,#7047,#5465);
#7049=PLANE('',#7048);
#7050=ORIENTED_EDGE('',*,*,#609,.T.);
#7051=ORIENTED_EDGE('',*,*,#2349,.F.);
#7052=ORIENTED_EDGE('',*,*,#2346,.F.);
#7053=ORIENTED_EDGE('',*,*,#6761,.F.);
#7054=ORIENTED_EDGE('',*,*,#5473,.F.);
#7055=ORIENTED_EDGE('',*,*,#5468,.F.);
#7056=EDGE_LOOP('',(#7050,#7051,#7052,#7053,#7054,#7055));
#7057=FACE_OUTER_BOUND('',#7056,.T.);
#7058=ADVANCED_FACE('',(#7057),#7049,.T.);
#7059=CARTESIAN_POINT('',(-0.398179039551,-0.736990700178,0.000000000000));
#7060=DIRECTION('',(-0.475337510310,-0.879803529939,0.000000000000));
#7061=AXIS2_PLACEMENT_3D('',#7059,#7060,#4853);
#7062=PLANE('',#7061);
#7063=ORIENTED_EDGE('',*,*,#949,.F.);
#7064=ORIENTED_EDGE('',*,*,#4859,.F.);
#7065=ORIENTED_EDGE('',*,*,#4856,.F.);
#7066=ORIENTED_EDGE('',*,*,#6778,.T.);
#7067=ORIENTED_EDGE('',*,*,#2963,.F.);
#7068=ORIENTED_EDGE('',*,*,#2958,.F.);
#7069=EDGE_LOOP('',(#7063,#7064,#7065,#7066,#7067,#7068));
#7070=FACE_OUTER_BOUND('',#7069,.T.);
#7071=ADVANCED_FACE('',(#7070),#7062,.T.);
#7072=CARTESIAN_POINT('',(0.122100240313,-0.828729974722,0.000000000000));
#7073=DIRECTION('',(0.145760621413,-0.989319888229,0.000000000000));
#7074=AXIS2_PLACEMENT_3D('',#7072,#7073,#5514);
#7075=PLANE('',#7074);
#7076=ORIENTED_EDGE('',*,*,#471,.T.);
#7077=ORIENTED_EDGE('',*,*,#2300,.F.);
#7078=ORIENTED_EDGE('',*,*,#2297,.F.);
#7079=ORIENTED_EDGE('',*,*,#6664,.F.);
#7080=ORIENTED_EDGE('',*,*,#5522,.F.);
#7081=ORIENTED_EDGE('',*,*,#5517,.F.);
#7082=EDGE_LOOP('',(#7076,#7077,#7078,#7079,#7080,#7081));
#7083=FACE_OUTER_BOUND('',#7082,.T.);
#7084=ADVANCED_FACE('',(#7083),#7075,.T.);
#7085=CARTESIAN_POINT('',(-0.728220546006,0.414000816499,0.000000000000));
#7086=DIRECTION('',(-0.869333909905,0.494225204830,0.000000000000));
#7087=AXIS2_PLACEMENT_3D('',#7085,#7086,#4655);
#7088=PLANE('',#7087);
#7089=ORIENTED_EDGE('',*,*,#294,.T.);
#7090=ORIENTED_EDGE('',*,*,#3159,.F.);
#7091=ORIENTED_EDGE('',*,*,#3156,.F.);
#7092=ORIENTED_EDGE('',*,*,#6644,.F.);
#7093=ORIENTED_EDGE('',*,*,#4663,.F.);
#7094=ORIENTED_EDGE('',*,*,#4658,.F.);
#7095=EDGE_LOOP('',(#7089,#7090,#7091,#7092,#7093,#7094));
#7096=FACE_OUTER_BOUND('',#7095,.T.);
#7097=ADVANCED_FACE('',(#7096),#7088,.T.);
#7098=CARTESIAN_POINT('',(-0.750437993434,-0.372215875128,0.000000000000));
#7099=DIRECTION('',(-0.895856617273,-0.444343247150,0.000000000000));
#7100=AXIS2_PLACEMENT_3D('',#7098,#7099,#4456);
#7101=PLANE('',#7100);
#7102=ORIENTED_EDGE('',*,*,#1101,.T.);
#7103=ORIENTED_EDGE('',*,*,#3358,.F.);
#7104=ORIENTED_EDGE('',*,*,#3355,.F.);
#7105=ORIENTED_EDGE('',*,*,#6597,.F.);
#7106=ORIENTED_EDGE('',*,*,#4464,.F.);
#7107=ORIENTED_EDGE('',*,*,#4459,.F.);
#7108=EDGE_LOOP('',(#7102,#7103,#7104,#7105,#7106,#7107));
#7109=FACE_OUTER_BOUND('',#7108,.T.);
#7110=ADVANCED_FACE('',(#7109),#7101,.T.);
#7111=CARTESIAN_POINT('',(-0.618770698652,0.564645607595,0.000000000000));
#7112=DIRECTION('',(-0.738675053518,0.674061692510,0.000000000000));
#7113=AXIS2_PLACEMENT_3D('',#7111,#7112,#5243);
#7114=PLANE('',#7113);
#7115=ORIENTED_EDGE('',*,*,#926,.F.);
#7116=ORIENTED_EDGE('',*,*,#5249,.F.);
#7117=ORIENTED_EDGE('',*,*,#5246,.F.);
#7118=ORIENTED_EDGE('',*,*,#6875,.T.);
#7119=ORIENTED_EDGE('',*,*,#2573,.F.);
#7120=ORIENTED_EDGE('',*,*,#2568,.F.);
#7121=EDGE_LOOP('',(#7115,#7116,#7117,#7118,#7119,#7120));
#7122=FACE_OUTER_BOUND('',#7121,.T.);
#7123=ADVANCED_FACE('',(#7122),#7114,.T.);
#7124=CARTESIAN_POINT('',(-0.225530728020,-0.806745145883,0.000000000000));
#7125=DIRECTION('',(-0.269233696671,-0.963074875893,0.000000000000));
#7126=AXIS2_PLACEMENT_3D('',#7124,#7125,#5593);
#7127=PLANE('',#7126);
#7128=ORIENTED_EDGE('',*,*,#832,.T.);
#7129=ORIENTED_EDGE('',*,*,#2221,.F.);
#7130=ORIENTED_EDGE('',*,*,#2218,.F.);
#7131=ORIENTED_EDGE('',*,*,#6799,.F.);
#7132=ORIENTED_EDGE('',*,*,#5601,.F.);
#7133=ORIENTED_EDGE('',*,*,#5596,.F.);
#7134=EDGE_LOOP('',(#7128,#7129,#7130,#7131,#7132,#7133));
#7135=FACE_OUTER_BOUND('',#7134,.T.);
#7136=ADVANCED_FACE('',(#7135),#7127,.T.);
#7137=CARTESIAN_POINT('',(-0.728220546006,-0.414000816499,0.000000000000));
#7138=DIRECTION('',(-0.869333909905,-0.494225204830,0.000000000000));
#7139=AXIS2_PLACEMENT_3D('',#7137,#7138,#4973);
#7140=PLANE('',#7139);
#7141=ORIENTED_EDGE('',*,*,#703,.F.);
#7142=ORIENTED_EDGE('',*,*,#4979,.F.);
#7143=ORIENTED_EDGE('',*,*,#4976,.F.);
#7144=ORIENTED_EDGE('',*,*,#6697,.T.);
#7145=ORIENTED_EDGE('',*,*,#2843,.F.);
#7146=ORIENTED_EDGE('',*,*,#2838,.F.);
#7147=EDGE_LOOP('',(#7141,#7142,#7143,#7144,#7145,#7146));
#7148=FACE_OUTER_BOUND('',#7147,.T.);
#7149=ADVANCED_FACE('',(#7148),#7140,.T.);
#7150=CARTESIAN_POINT('',(-0.823963897879,-0.150948119166,0.000000000000));
#7151=DIRECTION('',(-0.983630248957,-0.180198594158,0.000000000000));
#7152=AXIS2_PLACEMENT_3D('',#7150,#7151,#4516);
#7153=PLANE('',#7152);
#7154=ORIENTED_EDGE('',*,*,#963,.T.);
#7155=ORIENTED_EDGE('',*,*,#3298,.F.);
#7156=ORIENTED_EDGE('',*,*,#3295,.F.);
#7157=ORIENTED_EDGE('',*,*,#6651,.F.);
#7158=ORIENTED_EDGE('',*,*,#4524,.F.);
#7159=ORIENTED_EDGE('',*,*,#4519,.F.);
#7160=EDGE_LOOP('',(#7154,#7155,#7156,#7157,#7158,#7159));
#7161=FACE_OUTER_BOUND('',#7160,.T.);
#7162=ADVANCED_FACE('',(#7161),#7153,.T.);
#7163=CARTESIAN_POINT('',(0.832486371747,0.093103601125,0.000000000000));
#7164=DIRECTION('',(0.993804193610,0.111145061804,0.000000000000));
#7165=AXIS2_PLACEMENT_3D('',#7163,#7164,#5195);
#7166=PLANE('',#7165);
#7167=ORIENTED_EDGE('',*,*,#248,.T.);
#7168=ORIENTED_EDGE('',*,*,#2619,.F.);
#7169=ORIENTED_EDGE('',*,*,#2616,.F.);
#7170=ORIENTED_EDGE('',*,*,#6615,.F.);
#7171=ORIENTED_EDGE('',*,*,#5203,.F.);
#7172=ORIENTED_EDGE('',*,*,#5198,.F.);
#7173=EDGE_LOOP('',(#7167,#7168,#7169,#7170,#7171,#7172));
#7174=FACE_OUTER_BOUND('',#7173,.T.);
#7175=ADVANCED_FACE('',(#7174),#7166,.T.);
#7176=CARTESIAN_POINT('',(0.697567400270,-0.463790428715,0.000000000000));
#7177=DIRECTION('',(0.832740848669,-0.553662965132,0.000000000000));
#7178=AXIS2_PLACEMENT_3D('',#7176,#7177,#5345);
#7179=PLANE('',#7178);
#7180=ORIENTED_EDGE('',*,*,#402,.T.);
#7181=ORIENTED_EDGE('',*,*,#2469,.F.);
#7182=ORIENTED_EDGE('',*,*,#2466,.F.);
#7183=ORIENTED_EDGE('',*,*,#6744,.F.);
#7184=ORIENTED_EDGE('',*,*,#5353,.F.);
#7185=ORIENTED_EDGE('',*,*,#5348,.F.);
#7186=EDGE_LOOP('',(#7180,#7181,#7182,#7183,#7184,#7185));
#7187=FACE_OUTER_BOUND('',#7186,.T.);
#7188=ADVANCED_FACE('',(#7187),#7179,.T.);
#7189=CARTESIAN_POINT('',(-0.291734707387,0.785234169018,0.000000000000));
#7190=DIRECTION('',(-0.348266572838,0.937395537777,0.000000000000));
#7191=AXIS2_PLACEMENT_3D('',#7189,#7190,#4805);
#7192=PLANE('',#7191);
#7193=ORIENTED_EDGE('',*,*,#855,.T.);
#7194=ORIENTED_EDGE('',*,*,#3009,.F.);
#7195=ORIENTED_EDGE('',*,*,#3006,.F.);
#7196=ORIENTED_EDGE('',*,*,#6623,.F.);
#7197=ORIENTED_EDGE('',*,*,#4813,.F.);
#7198=ORIENTED_EDGE('',*,*,#4808,.F.);
#7199=EDGE_LOOP('',(#7193,#7194,#7195,#7196,#7197,#7198));
#7200=FACE_OUTER_BOUND('',#7199,.T.);
#7201=ADVANCED_FACE('',(#7200),#7192,.T.);
#7202=CARTESIAN_POINT('',(0.656651090830,0.520106897280,0.000000000000));
#7203=DIRECTION('',(0.783895844969,0.620892345130,0.000000000000));
#7204=AXIS2_PLACEMENT_3D('',#7202,#7203,#5075);
#7205=PLANE('',#7204);
#7206=ORIENTED_EDGE('',*,*,#763,.T.);
#7207=ORIENTED_EDGE('',*,*,#2739,.F.);
#7208=ORIENTED_EDGE('',*,*,#2736,.F.);
#7209=ORIENTED_EDGE('',*,*,#6869,.F.);
#7210=ORIENTED_EDGE('',*,*,#5083,.F.);
#7211=ORIENTED_EDGE('',*,*,#5078,.F.);
#7212=EDGE_LOOP('',(#7206,#7207,#7208,#7209,#7210,#7211));
#7213=FACE_OUTER_BOUND('',#7212,.T.);
#7214=ADVANCED_FACE('',(#7213),#7205,.T.);
#7215=CARTESIAN_POINT('',(0.388334087844,-0.742225353855,0.000000000000));
#7216=DIRECTION('',(0.463584820267,-0.886052546082,0.000000000000));
#7217=AXIS2_PLACEMENT_3D('',#7215,#7216,#4643);
#7218=PLANE('',#7217);
#7219=ORIENTED_EDGE('',*,*,#303,.F.);
#7220=ORIENTED_EDGE('',*,*,#4649,.F.);
#7221=ORIENTED_EDGE('',*,*,#4646,.F.);
#7222=ORIENTED_EDGE('',*,*,#6671,.T.);
#7223=ORIENTED_EDGE('',*,*,#3173,.F.);
#7224=ORIENTED_EDGE('',*,*,#3168,.F.);
#7225=EDGE_LOOP('',(#7219,#7220,#7221,#7222,#7223,#7224));
#7226=FACE_OUTER_BOUND('',#7225,.T.);
#7227=ADVANCED_FACE('',(#7226),#7218,.T.);
#7228=CARTESIAN_POINT('',(-0.063993529542,0.835228512363,0.000000000000));
#7229=DIRECTION('',(-0.076394089057,0.997077701665,0.000000000000));
#7230=AXIS2_PLACEMENT_3D('',#7228,#7229,#4865);
#7231=PLANE('',#7230);
#7232=ORIENTED_EDGE('',*,*,#940,.T.);
#7233=ORIENTED_EDGE('',*,*,#2949,.F.);
#7234=ORIENTED_EDGE('',*,*,#2946,.F.);
#7235=ORIENTED_EDGE('',*,*,#6573,.F.);
#7236=ORIENTED_EDGE('',*,*,#4873,.F.);
#7237=ORIENTED_EDGE('',*,*,#4868,.F.);
#7238=EDGE_LOOP('',(#7232,#7233,#7234,#7235,#7236,#7237));
#7239=FACE_OUTER_BOUND('',#7238,.T.);
#7240=ADVANCED_FACE('',(#7239),#7231,.T.);
#7241=CARTESIAN_POINT('',(0.487852651303,-0.680956408520,0.000000000000));
#7242=DIRECTION('',(0.582387925115,-0.812911006618,0.000000000000));
#7243=AXIS2_PLACEMENT_3D('',#7241,#7242,#4613);
#7244=PLANE('',#7243);
#7245=ORIENTED_EDGE('',*,*,#595,.F.);
#7246=ORIENTED_EDGE('',*,*,#4619,.F.);
#7247=ORIENTED_EDGE('',*,*,#4616,.F.);
#7248=ORIENTED_EDGE('',*,*,#6679,.T.);
#7249=ORIENTED_EDGE('',*,*,#3203,.F.);
#7250=ORIENTED_EDGE('',*,*,#3198,.F.);
#7251=EDGE_LOOP('',(#7245,#7246,#7247,#7248,#7249,#7250));
#7252=FACE_OUTER_BOUND('',#7251,.T.);
#7253=ADVANCED_FACE('',(#7252),#7244,.T.);
#7254=CYLINDRICAL_SURFACE('',#185,2.390000000000);
#7255=ORIENTED_EDGE('',*,*,#1250,.T.);
#7256=ORIENTED_EDGE('',*,*,#2143,.T.);
#7257=ORIENTED_EDGE('',*,*,#2140,.T.);
#7258=ORIENTED_EDGE('',*,*,#2135,.T.);
#7259=ORIENTED_EDGE('',*,*,#2130,.T.);
#7260=ORIENTED_EDGE('',*,*,#2125,.T.);
#7261=ORIENTED_EDGE('',*,*,#2120,.T.);
#7262=ORIENTED_EDGE('',*,*,#2115,.T.);
#7263=ORIENTED_EDGE('',*,*,#2110,.T.);
#7264=ORIENTED_EDGE('',*,*,#2105,.T.);
#7265=ORIENTED_EDGE('',*,*,#2100,.T.);
#7266=ORIENTED_EDGE('',*,*,#2095,.T.);
#7267=ORIENTED_EDGE('',*,*,#2090,.T.);
#7268=ORIENTED_EDGE('',*,*,#2085,.T.);
#7269=ORIENTED_EDGE('',*,*,#2080,.T.);
#7270=ORIENTED_EDGE('',*,*,#2075,.T.);
#7271=ORIENTED_EDGE('',*,*,#2070,.T.);
#7272=ORIENTED_EDGE('',*,*,#2065,.T.);
#7273=ORIENTED_EDGE('',*,*,#2060,.T.);
#7274=ORIENTED_EDGE('',*,*,#2055,.T.);
#7275=ORIENTED_EDGE('',*,*,#2050,.T.);
#7276=ORIENTED_EDGE('',*,*,#2045,.T.);
#7277=ORIENTED_EDGE('',*,*,#2040,.T.);
#7278=ORIENTED_EDGE('',*,*,#2035,.T.);
#7279=ORIENTED_EDGE('',*,*,#2030,.T.);
#7280=ORIENTED_EDGE('',*,*,#2025,.T.);
#7281=ORIENTED_EDGE('',*,*,#2020,.T.);
#7282=ORIENTED_EDGE('',*,*,#2015,.T.);
#7283=ORIENTED_EDGE('',*,*,#2010,.T.);
#7284=ORIENTED_EDGE('',*,*,#2005,.T.);
#7285=ORIENTED_EDGE('',*,*,#2000,.T.);
#7286=ORIENTED_EDGE('',*,*,#1995,.T.);
#7287=ORIENTED_EDGE('',*,*,#1990,.T.);
#7288=ORIENTED_EDGE('',*,*,#1985,.T.);
#7289=ORIENTED_EDGE('',*,*,#1980,.T.);
#7290=ORIENTED_EDGE('',*,*,#1975,.T.);
#7291=ORIENTED_EDGE('',*,*,#1970,.T.);
#7292=ORIENTED_EDGE('',*,*,#1965,.T.);
#7293=ORIENTED_EDGE('',*,*,#1960,.T.);
#7294=ORIENTED_EDGE('',*,*,#1955,.T.);
#7295=ORIENTED_EDGE('',*,*,#1950,.T.);
#7296=ORIENTED_EDGE('',*,*,#1945,.T.);
#7297=ORIENTED_EDGE('',*,*,#1940,.T.);
#7298=ORIENTED_EDGE('',*,*,#1935,.T.);
#7299=ORIENTED_EDGE('',*,*,#1930,.T.);
#7300=ORIENTED_EDGE('',*,*,#1925,.T.);
#7301=ORIENTED_EDGE('',*,*,#1920,.T.);
#7302=ORIENTED_EDGE('',*,*,#1915,.T.);
#7303=ORIENTED_EDGE('',*,*,#1910,.T.);
#7304=ORIENTED_EDGE('',*,*,#1905,.T.);
#7305=ORIENTED_EDGE('',*,*,#1900,.T.);
#7306=ORIENTED_EDGE('',*,*,#1895,.T.);
#7307=ORIENTED_EDGE('',*,*,#1890,.T.);
#7308=ORIENTED_EDGE('',*,*,#1885,.T.);
#7309=ORIENTED_EDGE('',*,*,#1880,.T.);
#7310=ORIENTED_EDGE('',*,*,#1875,.T.);
#7311=ORIENTED_EDGE('',*,*,#1870,.T.);
#7312=ORIENTED_EDGE('',*,*,#1865,.T.);
#7313=ORIENTED_EDGE('',*,*,#1860,.T.);
#7314=ORIENTED_EDGE('',*,*,#1855,.T.);
#7315=ORIENTED_EDGE('',*,*,#1850,.T.);
#7316=ORIENTED_EDGE('',*,*,#1845,.T.);
#7317=ORIENTED_EDGE('',*,*,#1840,.T.);
#7318=ORIENTED_EDGE('',*,*,#1835,.T.);
#7319=ORIENTED_EDGE('',*,*,#1830,.T.);
#7320=ORIENTED_EDGE('',*,*,#1825,.T.);
#7321=ORIENTED_EDGE('',*,*,#1820,.T.);
#7322=ORIENTED_EDGE('',*,*,#1815,.T.);
#7323=ORIENTED_EDGE('',*,*,#1810,.T.);
#7324=ORIENTED_EDGE('',*,*,#1805,.T.);
#7325=ORIENTED_EDGE('',*,*,#1800,.T.);
#7326=ORIENTED_EDGE('',*,*,#1795,.T.);
#7327=ORIENTED_EDGE('',*,*,#1790,.T.);
#7328=ORIENTED_EDGE('',*,*,#1785,.T.);
#7329=ORIENTED_EDGE('',*,*,#1780,.T.);
#7330=ORIENTED_EDGE('',*,*,#1775,.T.);
#7331=ORIENTED_EDGE('',*,*,#1770,.T.);
#7332=ORIENTED_EDGE('',*,*,#1765,.T.);
#7333=ORIENTED_EDGE('',*,*,#1760,.T.);
#7334=ORIENTED_EDGE('',*,*,#1755,.T.);
#7335=ORIENTED_EDGE('',*,*,#1750,.T.);
#7336=ORIENTED_EDGE('',*,*,#1745,.T.);
#7337=ORIENTED_EDGE('',*,*,#1740,.T.);
#7338=ORIENTED_EDGE('',*,*,#1735,.T.);
#7339=ORIENTED_EDGE('',*,*,#1730,.T.);
#7340=ORIENTED_EDGE('',*,*,#1725,.T.);
#7341=ORIENTED_EDGE('',*,*,#1720,.T.);
#7342=ORIENTED_EDGE('',*,*,#1715,.T.);
#7343=ORIENTED_EDGE('',*,*,#1710,.T.);
#7344=ORIENTED_EDGE('',*,*,#1705,.T.);
#7345=ORIENTED_EDGE('',*,*,#1700,.T.);
#7346=ORIENTED_EDGE('',*,*,#1695,.T.);
#7347=ORIENTED_EDGE('',*,*,#1690,.T.);
#7348=ORIENTED_EDGE('',*,*,#1685,.T.);
#7349=ORIENTED_EDGE('',*,*,#1680,.T.);
#7350=ORIENTED_EDGE('',*,*,#1675,.T.);
#7351=ORIENTED_EDGE('',*,*,#1670,.T.);
#7352=ORIENTED_EDGE('',*,*,#1665,.T.);
#7353=ORIENTED_EDGE('',*,*,#1660,.T.);
#7354=ORIENTED_EDGE('',*,*,#1655,.T.);
#7355=ORIENTED_EDGE('',*,*,#1650,.T.);
#7356=ORIENTED_EDGE('',*,*,#1645,.T.);
#7357=ORIENTED_EDGE('',*,*,#1640,.T.);
#7358=ORIENTED_EDGE('',*,*,#1635,.T.);
#7359=ORIENTED_EDGE('',*,*,#1630,.T.);
#7360=ORIENTED_EDGE('',*,*,#1625,.T.);
#7361=ORIENTED_EDGE('',*,*,#1620,.T.);
#7362=ORIENTED_EDGE('',*,*,#1615,.T.);
#7363=ORIENTED_EDGE('',*,*,#1610,.T.);
#7364=ORIENTED_EDGE('',*,*,#1605,.T.);
#7365=ORIENTED_EDGE('',*,*,#1600,.T.);
#7366=ORIENTED_EDGE('',*,*,#1595,.T.);
#7367=ORIENTED_EDGE('',*,*,#1590,.T.);
#7368=ORIENTED_EDGE('',*,*,#1585,.T.);
#7369=ORIENTED_EDGE('',*,*,#1580,.T.);
#7370=ORIENTED_EDGE('',*,*,#1575,.T.);
#7371=ORIENTED_EDGE('',*,*,#1570,.T.);
#7372=ORIENTED_EDGE('',*,*,#1565,.T.);
#7373=ORIENTED_EDGE('',*,*,#1560,.T.);
#7374=ORIENTED_EDGE('',*,*,#1555,.T.);
#7375=ORIENTED_EDGE('',*,*,#1550,.T.);
#7376=ORIENTED_EDGE('',*,*,#1545,.T.);
#7377=ORIENTED_EDGE('',*,*,#1540,.T.);
#7378=ORIENTED_EDGE('',*,*,#1535,.T.);
#7379=ORIENTED_EDGE('',*,*,#1530,.T.);
#7380=ORIENTED_EDGE('',*,*,#1525,.T.);
#7381=ORIENTED_EDGE('',*,*,#1520,.T.);
#7382=ORIENTED_EDGE('',*,*,#1515,.T.);
#7383=ORIENTED_EDGE('',*,*,#1510,.T.);
#7384=ORIENTED_EDGE('',*,*,#1505,.T.);
#7385=ORIENTED_EDGE('',*,*,#1500,.T.);
#7386=ORIENTED_EDGE('',*,*,#1495,.T.);
#7387=ORIENTED_EDGE('',*,*,#1490,.T.);
#7388=ORIENTED_EDGE('',*,*,#1485,.T.);
#7389=ORIENTED_EDGE('',*,*,#1480,.T.);
#7390=ORIENTED_EDGE('',*,*,#1475,.T.);
#7391=ORIENTED_EDGE('',*,*,#1470,.T.);
#7392=ORIENTED_EDGE('',*,*,#1465,.T.);
#7393=ORIENTED_EDGE('',*,*,#1460,.T.);
#7394=ORIENTED_EDGE('',*,*,#1455,.T.);
#7395=ORIENTED_EDGE('',*,*,#1450,.T.);
#7396=ORIENTED_EDGE('',*,*,#1445,.T.);
#7397=ORIENTED_EDGE('',*,*,#1440,.T.);
#7398=ORIENTED_EDGE('',*,*,#1435,.T.);
#7399=ORIENTED_EDGE('',*,*,#1430,.T.);
#7400=ORIENTED_EDGE('',*,*,#1425,.T.);
#7401=ORIENTED_EDGE('',*,*,#1420,.T.);
#7402=ORIENTED_EDGE('',*,*,#1415,.T.);
#7403=ORIENTED_EDGE('',*,*,#1410,.T.);
#7404=ORIENTED_EDGE('',*,*,#1405,.T.);
#7405=ORIENTED_EDGE('',*,*,#1400,.T.);
#7406=ORIENTED_EDGE('',*,*,#1395,.T.);
#7407=ORIENTED_EDGE('',*,*,#1390,.T.);
#7408=ORIENTED_EDGE('',*,*,#1385,.T.);
#7409=ORIENTED_EDGE('',*,*,#1380,.T.);
#7410=ORIENTED_EDGE('',*,*,#1375,.T.);
#7411=ORIENTED_EDGE('',*,*,#1370,.T.);
#7412=ORIENTED_EDGE('',*,*,#1365,.T.);
#7413=ORIENTED_EDGE('',*,*,#1360,.T.);
#7414=ORIENTED_EDGE('',*,*,#1355,.T.);
#7415=ORIENTED_EDGE('',*,*,#1350,.T.);
#7416=ORIENTED_EDGE('',*,*,#1345,.T.);
#7417=ORIENTED_EDGE('',*,*,#1340,.T.);
#7418=ORIENTED_EDGE('',*,*,#1335,.T.);
#7419=ORIENTED_EDGE('',*,*,#1330,.T.);
#7420=ORIENTED_EDGE('',*,*,#1325,.T.);
#7421=ORIENTED_EDGE('',*,*,#1320,.T.);
#7422=ORIENTED_EDGE('',*,*,#1315,.T.);
#7423=ORIENTED_EDGE('',*,*,#1310,.T.);
#7424=ORIENTED_EDGE('',*,*,#1305,.T.);
#7425=ORIENTED_EDGE('',*,*,#1300,.T.);
#7426=ORIENTED_EDGE('',*,*,#1295,.T.);
#7427=ORIENTED_EDGE('',*,*,#1290,.T.);
#7428=ORIENTED_EDGE('',*,*,#1285,.T.);
#7429=ORIENTED_EDGE('',*,*,#1280,.T.);
#7430=ORIENTED_EDGE('',*,*,#1275,.T.);
#7431=ORIENTED_EDGE('',*,*,#1270,.T.);
#7432=ORIENTED_EDGE('',*,*,#1265,.T.);
#7433=ORIENTED_EDGE('',*,*,#1260,.T.);
#7434=ORIENTED_EDGE('',*,*,#1255,.T.);
#7435=EDGE_LOOP('',(#7255,#7256,#7257,#7258,#7259,#7260,#7261,#7262,#7263,#7264,#7265,#7266,#7267,#7268,#7269,#7270,#7271,#7272,#7273,#7274,#7275,#7276,#7277,#7278,#7279,#7280,#7281,#7282,#7283,#7284,#7285,#7286,#7287,#7288,#7289,#7290,#7291,#7292,#7293,#7294,#7295,#7296,#7297,#7298,#7299,#7300,#7301,#7302,#7303,#7304,#7305,#7306,#7307,#7308,#7309,#7310,#7311,#7312,#7313,#7314,#7315,#7316,#7317,#7318,#7319,#7320,#7321,#7322,#7323,#7324,#7325,#7326,#7327,#7328,#7329,#7330,#7331,#7332,#7333,#7334,#7335,#7336,#7337,#7338,#7339,#7340,#7341,#7342,#7343,#7344,#7345,#7346,#7347,#7348,#7349,#7350,#7351,#7352,#7353,#7354,#7355,#7356,#7357,#7358,#7359,#7360,#7361,#7362,#7363,#7364,#7365,#7366,#7367,#7368,#7369,#7370,#7371,#7372,#7373,#7374,#7375,#7376,#7377,#7378,#7379,#7380,#7381,#7382,#7383,#7384,#7385,#7386,#7387,#7388,#7389,#7390,#7391,#7392,#7393,#7394,#7395,#7396,#7397,#7398,#7399,#7400,#7401,#7402,#7403,#7404,#7405,#7406,#7407,#7408,#7409,#7410,#7411,#7412,#7413,#7414,#7415,#7416,#7417,#7418,#7419,#7420,#7421,#7422,#7423,#7424,#7425,#7426,#7427,#7428,#7429,#7430,#7431,#7432,#7433,#7434));
#7436=ORIENTED_EDGE('',*,*,#3465,.F.);
#7437=ORIENTED_EDGE('',*,*,#4358,.F.);
#7438=ORIENTED_EDGE('',*,*,#4355,.F.);
#7439=ORIENTED_EDGE('',*,*,#4350,.F.);
#7440=ORIENTED_EDGE('',*,*,#4345,.F.);
#7441=ORIENTED_EDGE('',*,*,#4340,.F.);
#7442=ORIENTED_EDGE('',*,*,#4335,.F.);
#7443=ORIENTED_EDGE('',*,*,#4330,.F.);
#7444=ORIENTED_EDGE('',*,*,#4325,.F.);
#7445=ORIENTED_EDGE('',*,*,#4320,.F.);
#7446=ORIENTED_EDGE('',*,*,#4315,.F.);
#7447=ORIENTED_EDGE('',*,*,#4310,.F.);
#7448=ORIENTED_EDGE('',*,*,#4305,.F.);
#7449=ORIENTED_EDGE('',*,*,#4300,.F.);
#7450=ORIENTED_EDGE('',*,*,#4295,.F.);
#7451=ORIENTED_EDGE('',*,*,#4290,.F.);
#7452=ORIENTED_EDGE('',*,*,#4285,.F.);
#7453=ORIENTED_EDGE('',*,*,#4280,.F.);
#7454=ORIENTED_EDGE('',*,*,#4275,.F.);
#7455=ORIENTED_EDGE('',*,*,#4270,.F.);
#7456=ORIENTED_EDGE('',*,*,#4265,.F.);
#7457=ORIENTED_EDGE('',*,*,#4260,.F.);
#7458=ORIENTED_EDGE('',*,*,#4255,.F.);
#7459=ORIENTED_EDGE('',*,*,#4250,.F.);
#7460=ORIENTED_EDGE('',*,*,#4245,.F.);
#7461=ORIENTED_EDGE('',*,*,#4240,.F.);
#7462=ORIENTED_EDGE('',*,*,#4235,.F.);
#7463=ORIENTED_EDGE('',*,*,#4230,.F.);
#7464=ORIENTED_EDGE('',*,*,#4225,.F.);
#7465=ORIENTED_EDGE('',*,*,#4220,.F.);
#7466=ORIENTED_EDGE('',*,*,#4215,.F.);
#7467=ORIENTED_EDGE('',*,*,#4210,.F.);
#7468=ORIENTED_EDGE('',*,*,#4205,.F.);
#7469=ORIENTED_EDGE('',*,*,#4200,.F.);
#7470=ORIENTED_EDGE('',*,*,#4195,.F.);
#7471=ORIENTED_EDGE('',*,*,#4190,.F.);
#7472=ORIENTED_EDGE('',*,*,#4185,.F.);
#7473=ORIENTED_EDGE('',*,*,#4180,.F.);
#7474=ORIENTED_EDGE('',*,*,#4175,.F.);
#7475=ORIENTED_EDGE('',*,*,#4170,.F.);
#7476=ORIENTED_EDGE('',*,*,#4165,.F.);
#7477=ORIENTED_EDGE('',*,*,#4160,.F.);
#7478=ORIENTED_EDGE('',*,*,#4155,.F.);
#7479=ORIENTED_EDGE('',*,*,#4150,.F.);
#7480=ORIENTED_EDGE('',*,*,#4145,.F.);
#7481=ORIENTED_EDGE('',*,*,#4140,.F.);
#7482=ORIENTED_EDGE('',*,*,#4135,.F.);
#7483=ORIENTED_EDGE('',*,*,#4130,.F.);
#7484=ORIENTED_EDGE('',*,*,#4125,.F.);
#7485=ORIENTED_EDGE('',*,*,#4120,.F.);
#7486=ORIENTED_EDGE('',*,*,#4115,.F.);
#7487=ORIENTED_EDGE('',*,*,#4110,.F.);
#7488=ORIENTED_EDGE('',*,*,#4105,.F.);
#7489=ORIENTED_EDGE('',*,*,#4100,.F.);
#7490=ORIENTED_EDGE('',*,*,#4095,.F.);
#7491=ORIENTED_EDGE('',*,*,#4090,.F.);
#7492=ORIENTED_EDGE('',*,*,#4085,.F.);
#7493=ORIENTED_EDGE('',*,*,#4080,.F.);
#7494=ORIENTED_EDGE('',*,*,#4075,.F.);
#7495=ORIENTED_EDGE('',*,*,#4070,.F.);
#7496=ORIENTED_EDGE('',*,*,#4065,.F.);
#7497=ORIENTED_EDGE('',*,*,#4060,.F.);
#7498=ORIENTED_EDGE('',*,*,#4055,.F.);
#7499=ORIENTED_EDGE('',*,*,#4050,.F.);
#7500=ORIENTED_EDGE('',*,*,#4045,.F.);
#7501=ORIENTED_EDGE('',*,*,#4040,.F.);
#7502=ORIENTED_EDGE('',*,*,#4035,.F.);
#7503=ORIENTED_EDGE('',*,*,#4030,.F.);
#7504=ORIENTED_EDGE('',*,*,#4025,.F.);
#7505=ORIENTED_EDGE('',*,*,#4020,.F.);
#7506=ORIENTED_EDGE('',*,*,#4015,.F.);
#7507=ORIENTED_EDGE('',*,*,#4010,.F.);
#7508=ORIENTED_EDGE('',*,*,#4005,.F.);
#7509=ORIENTED_EDGE('',*,*,#4000,.F.);
#7510=ORIENTED_EDGE('',*,*,#3995,.F.);
#7511=ORIENTED_EDGE('',*,*,#3990,.F.);
#7512=ORIENTED_EDGE('',*,*,#3985,.F.);
#7513=ORIENTED_EDGE('',*,*,#3980,.F.);
#7514=ORIENTED_EDGE('',*,*,#3975,.F.);
#7515=ORIENTED_EDGE('',*,*,#3970,.F.);
#7516=ORIENTED_EDGE('',*,*,#3965,.F.);
#7517=ORIENTED_EDGE('',*,*,#3960,.F.);
#7518=ORIENTED_EDGE('',*,*,#3955,.F.);
#7519=ORIENTED_EDGE('',*,*,#3950,.F.);
#7520=ORIENTED_EDGE('',*,*,#3945,.F.);
#7521=ORIENTED_EDGE('',*,*,#3940,.F.);
#7522=ORIENTED_EDGE('',*,*,#3935,.F.);
#7523=ORIENTED_EDGE('',*,*,#3930,.F.);
#7524=ORIENTED_EDGE('',*,*,#3925,.F.);
#7525=ORIENTED_EDGE('',*,*,#3920,.F.);
#7526=ORIENTED_EDGE('',*,*,#3915,.F.);
#7527=ORIENTED_EDGE('',*,*,#3910,.F.);
#7528=ORIENTED_EDGE('',*,*,#3905,.F.);
#7529=ORIENTED_EDGE('',*,*,#3900,.F.);
#7530=ORIENTED_EDGE('',*,*,#3895,.F.);
#7531=ORIENTED_EDGE('',*,*,#3890,.F.);
#7532=ORIENTED_EDGE('',*,*,#3885,.F.);
#7533=ORIENTED_EDGE('',*,*,#3880,.F.);
#7534=ORIENTED_EDGE('',*,*,#3875,.F.);
#7535=ORIENTED_EDGE('',*,*,#3870,.F.);
#7536=ORIENTED_EDGE('',*,*,#3865,.F.);
#7537=ORIENTED_EDGE('',*,*,#3860,.F.);
#7538=ORIENTED_EDGE('',*,*,#3855,.F.);
#7539=ORIENTED_EDGE('',*,*,#3850,.F.);
#7540=ORIENTED_EDGE('',*,*,#3845,.F.);
#7541=ORIENTED_EDGE('',*,*,#3840,.F.);
#7542=ORIENTED_EDGE('',*,*,#3835,.F.);
#7543=ORIENTED_EDGE('',*,*,#3830,.F.);
#7544=ORIENTED_EDGE('',*,*,#3825,.F.);
#7545=ORIENTED_EDGE('',*,*,#3820,.F.);
#7546=ORIENTED_EDGE('',*,*,#3815,.F.);
#7547=ORIENTED_EDGE('',*,*,#3810,.F.);
#7548=ORIENTED_EDGE('',*,*,#3805,.F.);
#7549=ORIENTED_EDGE('',*,*,#3800,.F.);
#7550=ORIENTED_EDGE('',*,*,#3795,.F.);
#7551=ORIENTED_EDGE('',*,*,#3790,.F.);
#7552=ORIENTED_EDGE('',*,*,#3785,.F.);
#7553=ORIENTED_EDGE('',*,*,#3780,.F.);
#7554=ORIENTED_EDGE('',*,*,#3775,.F.);
#7555=ORIENTED_EDGE('',*,*,#3770,.F.);
#7556=ORIENTED_EDGE('',*,*,#3765,.F.);
#7557=ORIENTED_EDGE('',*,*,#3760,.F.);
#7558=ORIENTED_EDGE('',*,*,#3755,.F.);
#7559=ORIENTED_EDGE('',*,*,#3750,.F.);
#7560=ORIENTED_EDGE('',*,*,#3745,.F.);
#7561=ORIENTED_EDGE('',*,*,#3740,.F.);
#7562=ORIENTED_EDGE('',*,*,#3735,.F.);
#7563=ORIENTED_EDGE('',*,*,#3730,.F.);
#7564=ORIENTED_EDGE('',*,*,#3725,.F.);
#7565=ORIENTED_EDGE('',*,*,#3720,.F.);
#7566=ORIENTED_EDGE('',*,*,#3715,.F.);
#7567=ORIENTED_EDGE('',*,*,#3710,.F.);
#7568=ORIENTED_EDGE('',*,*,#3705,.F.);
#7569=ORIENTED_EDGE('',*,*,#3700,.F.);
#7570=ORIENTED_EDGE('',*,*,#3695,.F.);
#7571=ORIENTED_EDGE('',*,*,#3690,.F.);
#7572=ORIENTED_EDGE('',*,*,#3685,.F.);
#7573=ORIENTED_EDGE('',*,*,#3680,.F.);
#7574=ORIENTED_EDGE('',*,*,#3675,.F.);
#7575=ORIENTED_EDGE('',*,*,#3670,.F.);
#7576=ORIENTED_EDGE('',*,*,#3665,.F.);
#7577=ORIENTED_EDGE('',*,*,#3660,.F.);
#7578=ORIENTED_EDGE('',*,*,#3655,.F.);
#7579=ORIENTED_EDGE('',*,*,#3650,.F.);
#7580=ORIENTED_EDGE('',*,*,#3645,.F.);
#7581=ORIENTED_EDGE('',*,*,#3640,.F.);
#7582=ORIENTED_EDGE('',*,*,#3635,.F.);
#7583=ORIENTED_EDGE('',*,*,#3630,.F.);
#7584=ORIENTED_EDGE('',*,*,#3625,.F.);
#7585=ORIENTED_EDGE('',*,*,#3620,.F.);
#7586=ORIENTED_EDGE('',*,*,#3615,.F.);
#7587=ORIENTED_EDGE('',*,*,#3610,.F.);
#7588=ORIENTED_EDGE('',*,*,#3605,.F.);
#7589=ORIENTED_EDGE('',*,*,#3600,.F.);
#7590=ORIENTED_EDGE('',*,*,#3595,.F.);
#7591=ORIENTED_EDGE('',*,*,#3590,.F.);
#7592=ORIENTED_EDGE('',*,*,#3585,.F.);
#7593=ORIENTED_EDGE('',*,*,#3580,.F.);
#7594=ORIENTED_EDGE('',*,*,#3575,.F.);
#7595=ORIENTED_EDGE('',*,*,#3570,.F.);
#7596=ORIENTED_EDGE('',*,*,#3565,.F.);
#7597=ORIENTED_EDGE('',*,*,#3560,.F.);
#7598=ORIENTED_EDGE('',*,*,#3555,.F.);
#7599=ORIENTED_EDGE('',*,*,#3550,.F.);
#7600=ORIENTED_EDGE('',*,*,#3545,.F.);
#7601=ORIENTED_EDGE('',*,*,#3540,.F.);
#7602=ORIENTED_EDGE('',*,*,#3535,.F.);
#7603=ORIENTED_EDGE('',*,*,#3530,.F.);
#7604=ORIENTED_EDGE('',*,*,#3525,.F.);
#7605=ORIENTED_EDGE('',*,*,#3520,.F.);
#7606=ORIENTED_EDGE('',*,*,#3515,.F.);
#7607=ORIENTED_EDGE('',*,*,#3510,.F.);
#7608=ORIENTED_EDGE('',*,*,#3505,.F.);
#7609=ORIENTED_EDGE('',*,*,#3500,.F.);
#7610=ORIENTED_EDGE('',*,*,#3495,.F.);
#7611=ORIENTED_EDGE('',*,*,#3490,.F.);
#7612=ORIENTED_EDGE('',*,*,#3485,.F.);
#7613=ORIENTED_EDGE('',*,*,#3480,.F.);
#7614=ORIENTED_EDGE('',*,*,#3475,.F.);
#7615=ORIENTED_EDGE('',*,*,#3470,.F.);
#7616=EDGE_LOOP('',(#7436,#7437,#7438,#7439,#7440,#7441,#7442,#7443,#7444,#7445,#7446,#7447,#7448,#7449,#7450,#7451,#7452,#7453,#7454,#7455,#7456,#7457,#7458,#7459,#7460,#7461,#7462,#7463,#7464,#7465,#7466,#7467,#7468,#7469,#7470,#7471,#7472,#7473,#7474,#7475,#7476,#7477,#7478,#7479,#7480,#7481,#7482,#7483,#7484,#7485,#7486,#7487,#7488,#7489,#7490,#7491,#7492,#7493,#7494,#7495,#7496,#7497,#7498,#7499,#7500,#7501,#7502,#7503,#7504,#7505,#7506,#7507,#7508,#7509,#7510,#7511,#7512,#7513,#7514,#7515,#7516,#7517,#7518,#7519,#7520,#7521,#7522,#7523,#7524,#7525,#7526,#7527,#7528,#7529,#7530,#7531,#7532,#7533,#7534,#7535,#7536,#7537,#7538,#7539,#7540,#7541,#7542,#7543,#7544,#7545,#7546,#7547,#7548,#7549,#7550,#7551,#7552,#7553,#7554,#7555,#7556,#7557,#7558,#7559,#7560,#7561,#7562,#7563,#7564,#7565,#7566,#7567,#7568,#7569,#7570,#7571,#7572,#7573,#7574,#7575,#7576,#7577,#7578,#7579,#7580,#7581,#7582,#7583,#7584,#7585,#7586,#7587,#7588,#7589,#7590,#7591,#7592,#7593,#7594,#7595,#7596,#7597,#7598,#7599,#7600,#7601,#7602,#7603,#7604,#7605,#7606,#7607,#7608,#7609,#7610,#7611,#7612,#7613,#7614,#7615));
#7617=FACE_BOUND('',#7435,.T.);
#7618=FACE_BOUND('',#7616,.T.);
#7619=ADVANCED_FACE('',(#7617,#7618),#7254,.F.);
#7620=CARTESIAN_POINT('',(0.837342188483,-0.023662186584,0.000000000000));
#7621=DIRECTION('',(0.999600962421,-0.028247405669,0.000000000000));
#7622=AXIS2_PLACEMENT_3D('',#7620,#7621,#5225);
#7623=PLANE('',#7622);
#7624=ORIENTED_EDGE('',*,*,#1078,.T.);
#7625=ORIENTED_EDGE('',*,*,#2589,.F.);
#7626=ORIENTED_EDGE('',*,*,#2586,.F.);
#7627=ORIENTED_EDGE('',*,*,#6880,.F.);
#7628=ORIENTED_EDGE('',*,*,#5233,.F.);
#7629=ORIENTED_EDGE('',*,*,#5228,.F.);
#7630=EDGE_LOOP('',(#7624,#7625,#7626,#7627,#7628,#7629));
#7631=FACE_OUTER_BOUND('',#7630,.T.);
#7632=ADVANCED_FACE('',(#7631),#7623,.T.);
#7633=CARTESIAN_POINT('',(-0.179612090987,0.818193947948,0.000000000000));
#7634=DIRECTION('',(-0.214417022673,0.976742207744,0.000000000000));
#7635=AXIS2_PLACEMENT_3D('',#7633,#7634,#4835);
#7636=PLANE('',#7635);
#7637=ORIENTED_EDGE('',*,*,#671,.T.);
#7638=ORIENTED_EDGE('',*,*,#2979,.F.);
#7639=ORIENTED_EDGE('',*,*,#2976,.F.);
#7640=ORIENTED_EDGE('',*,*,#6783,.F.);
#7641=ORIENTED_EDGE('',*,*,#4843,.F.);
#7642=ORIENTED_EDGE('',*,*,#4838,.F.);
#7643=EDGE_LOOP('',(#7637,#7638,#7639,#7640,#7641,#7642));
#7644=FACE_OUTER_BOUND('',#7643,.T.);
#7645=ADVANCED_FACE('',(#7644),#7636,.T.);
#7646=CARTESIAN_POINT('',(0.168705649914,-0.820512183562,0.000000000000));
#7647=DIRECTION('',(0.201397149624,-0.979509667192,0.000000000000));
#7648=AXIS2_PLACEMENT_3D('',#7646,#7647,#4703);
#7649=PLANE('',#7648);
#7650=ORIENTED_EDGE('',*,*,#749,.F.);
#7651=ORIENTED_EDGE('',*,*,#4709,.F.);
#7652=ORIENTED_EDGE('',*,*,#4706,.F.);
#7653=ORIENTED_EDGE('',*,*,#6718,.T.);
#7654=ORIENTED_EDGE('',*,*,#3113,.F.);
#7655=ORIENTED_EDGE('',*,*,#3108,.F.);
#7656=EDGE_LOOP('',(#7650,#7651,#7652,#7653,#7654,#7655));
#7657=FACE_OUTER_BOUND('',#7656,.T.);
#7658=ADVANCED_FACE('',(#7657),#7649,.T.);
#7659=CARTESIAN_POINT('',(-0.663515776279,-0.511320500583,0.000000000000));
#7660=DIRECTION('',(-0.792090757724,-0.610403335122,0.000000000000));
#7661=AXIS2_PLACEMENT_3D('',#7659,#7660,#4943);
#7662=PLANE('',#7661);
#7663=ORIENTED_EDGE('',*,*,#388,.F.);
#7664=ORIENTED_EDGE('',*,*,#4949,.F.);
#7665=ORIENTED_EDGE('',*,*,#4946,.F.);
#7666=ORIENTED_EDGE('',*,*,#6859,.T.);
#7667=ORIENTED_EDGE('',*,*,#2873,.F.);
#7668=ORIENTED_EDGE('',*,*,#2868,.F.);
#7669=EDGE_LOOP('',(#7663,#7664,#7665,#7666,#7667,#7668));
#7670=FACE_OUTER_BOUND('',#7669,.T.);
#7671=ADVANCED_FACE('',(#7670),#7662,.T.);
#7672=CARTESIAN_POINT('',(0.697567400270,0.463790428715,0.000000000000));
#7673=DIRECTION('',(0.832740848669,0.553662965132,0.000000000000));
#7674=AXIS2_PLACEMENT_3D('',#7672,#7673,#5611);
#7675=PLANE('',#7674);
#7676=ORIENTED_EDGE('',*,*,#280,.F.);
#7677=ORIENTED_EDGE('',*,*,#5617,.F.);
#7678=ORIENTED_EDGE('',*,*,#5614,.F.);
#7679=ORIENTED_EDGE('',*,*,#6794,.T.);
#7680=ORIENTED_EDGE('',*,*,#2205,.F.);
#7681=ORIENTED_EDGE('',*,*,#2200,.F.);
#7682=EDGE_LOOP('',(#7676,#7677,#7678,#7679,#7680,#7681));
#7683=FACE_OUTER_BOUND('',#7682,.T.);
#7684=ADVANCED_FACE('',(#7683),#7675,.T.);
#7685=CLOSED_SHELL('',(#47,#92,#137,#182,#1243,#3455,#5670,#5686,#5702,#5718,#5734,#5750,#5766,#5782,#5798,#5814,#5830,#5846,#5862,#5878,#5894,#5910,#5926,#5942,#5958,#5974,#5990,#6006,#6022,#6038,#6054,#6070,#6086,#6102,#6118,#6134,#6150,#6166,#6182,#6198,#6214,#6230,#6246,#6262,#6278,#6294,#6310,#6326,#6342,#6358,#6374,#6390,#6406,#6422,#6438,#6454,#6470,#6486,#6502,#6518,#6534,#6550,#6566,#6928,#6941,#6954,#6967,#6980,#6993,#7006,#7019,#7032,#7045,#7058,#7071,#7084,#7097,#7110,#7123,#7136,#7149,#7162,#7175,#7188,#7201,#7214,#7227,#7240,#7253,#7619,#7632,#7645,#7658,#7671,#7684));
#7686=MANIFOLD_SOLID_BREP('automatic_winding',#7685);
#7687=APPLICATION_CONTEXT('core data for automotive mechanical design processes');
#7688=APPLICATION_PROTOCOL_DEFINITION('international standard','automotive_design',2000,#7687);
#7689=PRODUCT_CONTEXT('',#7687,'mechanical');
#7690=PRODUCT('automatic_winding','automatic_winding','',(#7689));
#7691=PRODUCT_DEFINITION_FORMATION('','',#7690);
#7692=PRODUCT_DEFINITION_CONTEXT('part definition',#7687,'design');
#7693=PRODUCT_DEFINITION('','',#7691,#7692);
#7694=PRODUCT_DEFINITION_SHAPE('','',#7693);
#7695=(LENGTH_UNIT()NAMED_UNIT(*)SI_UNIT(.MILLI.,.METRE.));
#7696=(NAMED_UNIT(*)PLANE_ANGLE_UNIT()SI_UNIT($,.RADIAN.));
#7697=(NAMED_UNIT(*)SI_UNIT($,.STERADIAN.)SOLID_ANGLE_UNIT());
#7698=UNCERTAINTY_MEASURE_WITH_UNIT(LENGTH_MEASURE(1.E-07),#7695,'distance_accuracy_value','');
#7699=(GEOMETRIC_REPRESENTATION_CONTEXT(3)GLOBAL_UNCERTAINTY_ASSIGNED_CONTEXT((#7698))GLOBAL_UNIT_ASSIGNED_CONTEXT((#7695,#7696,#7697))REPRESENTATION_CONTEXT('',''));
#7700=ADVANCED_BREP_SHAPE_REPRESENTATION('',(#7686),#7699);
#7701=SHAPE_DEFINITION_REPRESENTATION(#7694,#7700);
ENDSEC;
END-ISO-10303-21;
