ISO-10303-21;
HEADER;
FILE_DESCRIPTION(('84 face(s), 640 edge(s), 480 vertex/vertices confirmed by cade at n=128, half-extent 3.000000000000'),'2;1');
FILE_NAME('dial_side.step','2026-08-23T00:00:00',('cade'),('cade'),'cade 0.1.0','cade','');
FILE_SCHEMA(('AUTOMOTIVE_DESIGN { 1 0 10303 214 1 1 1 1 }'));
ENDSEC;
DATA;
#1=CARTESIAN_POINT('',(0.710739087062,2.187429987479,0.000000000000));
#2=DIRECTION('',(0.309016994375,0.951056516295,0.000000000000));
#3=DIRECTION('',(0.951056516295,-0.309016994375,0.000000000000));
#4=AXIS2_PLACEMENT_3D('',#1,#2,#3);
#5=PLANE('',#4);
#6=CARTESIAN_POINT('',(0.634654565759,2.212151347029,-0.150000000000));
#7=VERTEX_POINT('',#6);
#8=CARTESIAN_POINT('',(0.634654565759,2.212151347029,0.150000000000));
#9=VERTEX_POINT('',#8);
#10=CARTESIAN_POINT('',(0.634654565759,2.212151347029,0.000000000000));
#11=DIRECTION('',(0.000000000000,0.000000000000,1.000000000000));
#12=VECTOR('',#11,1.0);
#13=LINE('',#10,#12);
#14=EDGE_CURVE('',#7,#9,#13,.T.);
#15=ORIENTED_EDGE('',*,*,#14,.T.);
#16=CARTESIAN_POINT('',(0.786823608366,2.162708627929,0.150000000000));
#17=VERTEX_POINT('',#16);
#18=CARTESIAN_POINT('',(0.710739087062,2.187429987479,0.150000000000));
#19=VECTOR('',#3,1.0);
#20=LINE('',#18,#19);
#21=EDGE_CURVE('',#9,#17,#20,.T.);
#22=ORIENTED_EDGE('',*,*,#21,.T.);
#23=CARTESIAN_POINT('',(0.786823608366,2.162708627929,-0.150000000000));
#24=VERTEX_POINT('',#23);
#25=CARTESIAN_POINT('',(0.786823608366,2.162708627929,0.000000000000));
#26=DIRECTION('',(0.000000000000,0.000000000000,-1.000000000000));
#27=VECTOR('',#26,1.0);
#28=LINE('',#25,#27);
#29=EDGE_CURVE('',#17,#24,#28,.T.);
#30=ORIENTED_EDGE('',*,*,#29,.T.);
#31=CARTESIAN_POINT('',(0.710739087062,2.187429987479,-0.150000000000));
#32=DIRECTION('',(-0.951056516295,0.309016994375,0.000000000000));
#33=VECTOR('',#32,1.0);
#34=LINE('',#31,#33);
#35=EDGE_CURVE('',#24,#7,#34,.T.);
#36=ORIENTED_EDGE('',*,*,#35,.T.);
#37=EDGE_LOOP('',(#15,#22,#30,#36));
#38=FACE_OUTER_BOUND('',#37,.T.);
#39=ADVANCED_FACE('',(#38),#5,.T.);
#40=CARTESIAN_POINT('',(-0.076084521304,0.024721359550,0.000000000000));
#41=AXIS2_PLACEMENT_3D('',#40,#32,#2);
#42=PLANE('',#41);
#43=ORIENTED_EDGE('',*,*,#14,.F.);
#44=CARTESIAN_POINT('',(0.584749603619,2.058559666628,-0.150000000000));
#45=VERTEX_POINT('',#44);
#46=CARTESIAN_POINT('',(-0.076084521304,0.024721359550,-0.150000000000));
#47=DIRECTION('',(-0.309016994375,-0.951056516295,0.000000000000));
#48=VECTOR('',#47,1.0);
#49=LINE('',#46,#48);
#50=EDGE_CURVE('',#7,#45,#49,.T.);
#51=ORIENTED_EDGE('',*,*,#50,.T.);
#52=CARTESIAN_POINT('',(0.584749603619,2.058559666628,0.150000000000));
#53=VERTEX_POINT('',#52);
#54=CARTESIAN_POINT('',(0.584749603619,2.058559666628,0.000000000000));
#55=LINE('',#54,#12);
#56=EDGE_CURVE('',#45,#53,#55,.T.);
#57=ORIENTED_EDGE('',*,*,#56,.T.);
#58=CARTESIAN_POINT('',(-0.076084521304,0.024721359550,0.150000000000));
#59=VECTOR('',#2,1.0);
#60=LINE('',#58,#59);
#61=EDGE_CURVE('',#53,#9,#60,.T.);
#62=ORIENTED_EDGE('',*,*,#61,.T.);
#63=EDGE_LOOP('',(#43,#51,#57,#62));
#64=CARTESIAN_POINT('',(-0.786823608366,-2.162708627929,0.150000000000));
#65=VERTEX_POINT('',#64);
#66=CARTESIAN_POINT('',(-0.736918646226,-2.009116947528,0.150000000000));
#67=VERTEX_POINT('',#66);
#68=LINE('',#58,#59);
#69=EDGE_CURVE('',#65,#67,#68,.T.);
#70=ORIENTED_EDGE('',*,*,#69,.T.);
#71=CARTESIAN_POINT('',(-0.736918646226,-2.009116947528,-0.150000000000));
#72=VERTEX_POINT('',#71);
#73=CARTESIAN_POINT('',(-0.736918646226,-2.009116947528,0.000000000000));
#74=LINE('',#73,#12);
#75=EDGE_CURVE('',#72,#67,#74,.T.);
#76=ORIENTED_EDGE('',*,*,#75,.F.);
#77=CARTESIAN_POINT('',(-0.786823608366,-2.162708627929,-0.150000000000));
#78=VERTEX_POINT('',#77);
#79=LINE('',#46,#48);
#80=EDGE_CURVE('',#72,#78,#79,.T.);
#81=ORIENTED_EDGE('',*,*,#80,.T.);
#82=CARTESIAN_POINT('',(-0.786823608366,-2.162708627929,0.000000000000));
#83=LINE('',#82,#12);
#84=EDGE_CURVE('',#78,#65,#83,.T.);
#85=ORIENTED_EDGE('',*,*,#84,.T.);
#86=EDGE_LOOP('',(#70,#76,#81,#85));
#87=FACE_OUTER_BOUND('',#63,.T.);
#88=ADVANCED_FACE('',(#87),#42,.T.);
#89=FACE_OUTER_BOUND('',#86,.T.);
#90=ADVANCED_FACE('',(#89),#42,.T.);
#91=CARTESIAN_POINT('',(0.076084521304,-0.024721359550,0.000000000000));
#92=AXIS2_PLACEMENT_3D('',#91,#3,#47);
#93=PLANE('',#92);
#94=CARTESIAN_POINT('',(-0.584749603619,-2.058559666628,0.150000000000));
#95=VERTEX_POINT('',#94);
#96=CARTESIAN_POINT('',(-0.634654565759,-2.212151347029,0.150000000000));
#97=VERTEX_POINT('',#96);
#98=CARTESIAN_POINT('',(0.076084521304,-0.024721359550,0.150000000000));
#99=LINE('',#98,#48);
#100=EDGE_CURVE('',#95,#97,#99,.T.);
#101=ORIENTED_EDGE('',*,*,#100,.T.);
#102=CARTESIAN_POINT('',(-0.634654565759,-2.212151347029,-0.150000000000));
#103=VERTEX_POINT('',#102);
#104=CARTESIAN_POINT('',(-0.634654565759,-2.212151347029,0.000000000000));
#105=LINE('',#104,#27);
#106=EDGE_CURVE('',#97,#103,#105,.T.);
#107=ORIENTED_EDGE('',*,*,#106,.T.);
#108=CARTESIAN_POINT('',(-0.584749603619,-2.058559666628,-0.150000000000));
#109=VERTEX_POINT('',#108);
#110=CARTESIAN_POINT('',(0.076084521304,-0.024721359550,-0.150000000000));
#111=LINE('',#110,#59);
#112=EDGE_CURVE('',#103,#109,#111,.T.);
#113=ORIENTED_EDGE('',*,*,#112,.T.);
#114=CARTESIAN_POINT('',(-0.584749603619,-2.058559666628,0.000000000000));
#115=LINE('',#114,#12);
#116=EDGE_CURVE('',#109,#95,#115,.T.);
#117=ORIENTED_EDGE('',*,*,#116,.T.);
#118=EDGE_LOOP('',(#101,#107,#113,#117));
#119=ORIENTED_EDGE('',*,*,#29,.F.);
#120=CARTESIAN_POINT('',(0.736918646226,2.009116947528,0.150000000000));
#121=VERTEX_POINT('',#120);
#122=LINE('',#98,#48);
#123=EDGE_CURVE('',#17,#121,#122,.T.);
#124=ORIENTED_EDGE('',*,*,#123,.T.);
#125=CARTESIAN_POINT('',(0.736918646226,2.009116947528,-0.150000000000));
#126=VERTEX_POINT('',#125);
#127=CARTESIAN_POINT('',(0.736918646226,2.009116947528,0.000000000000));
#128=LINE('',#127,#12);
#129=EDGE_CURVE('',#126,#121,#128,.T.);
#130=ORIENTED_EDGE('',*,*,#129,.F.);
#131=LINE('',#110,#59);
#132=EDGE_CURVE('',#126,#24,#131,.T.);
#133=ORIENTED_EDGE('',*,*,#132,.T.);
#134=EDGE_LOOP('',(#119,#124,#130,#133));
#135=FACE_OUTER_BOUND('',#118,.T.);
#136=ADVANCED_FACE('',(#135),#93,.T.);
#137=FACE_OUTER_BOUND('',#134,.T.);
#138=ADVANCED_FACE('',(#137),#93,.T.);
#139=CARTESIAN_POINT('',(0.000000000000,0.000000000000,0.150000000000));
#140=DIRECTION('',(0.000000000000,1.000000000000,0.000000000000));
#141=AXIS2_PLACEMENT_3D('',#139,#11,#140);
#142=PLANE('',#141);
#143=CARTESIAN_POINT('',(-0.037641418402,0.749054820171,0.150000000000));
#144=VERTEX_POINT('',#143);
#145=CARTESIAN_POINT('',(-0.080000000000,0.745721127500,0.150000000000));
#146=VERTEX_POINT('',#145);
#147=CIRCLE('',#141,0.750000000000);
#148=EDGE_CURVE('',#144,#146,#147,.T.);
#149=ORIENTED_EDGE('',*,*,#148,.F.);
#150=CARTESIAN_POINT('',(0.037641418402,0.749054820171,0.150000000000));
#151=VERTEX_POINT('',#150);
#152=CIRCLE('',#141,0.750000000000);
#153=EDGE_CURVE('',#151,#144,#152,.T.);
#154=ORIENTED_EDGE('',*,*,#153,.F.);
#155=CARTESIAN_POINT('',(0.080000000000,0.745721127500,0.150000000000));
#156=VERTEX_POINT('',#155);
#157=CIRCLE('',#141,0.750000000000);
#158=EDGE_CURVE('',#156,#151,#157,.T.);
#159=ORIENTED_EDGE('',*,*,#158,.F.);
#160=CARTESIAN_POINT('',(0.154355980158,0.733944297198,0.150000000000));
#161=VERTEX_POINT('',#160);
#162=CIRCLE('',#141,0.750000000000);
#163=EDGE_CURVE('',#161,#156,#162,.T.);
#164=ORIENTED_EDGE('',*,*,#163,.F.);
#165=CARTESIAN_POINT('',(0.195671552897,0.724025305764,0.150000000000));
#166=VERTEX_POINT('',#165);
#167=CIRCLE('',#141,0.750000000000);
#168=EDGE_CURVE('',#166,#161,#167,.T.);
#169=ORIENTED_EDGE('',*,*,#168,.F.);
#170=CARTESIAN_POINT('',(0.267269785405,0.700761629807,0.150000000000));
#171=VERTEX_POINT('',#170);
#172=CIRCLE('',#141,0.750000000000);
#173=EDGE_CURVE('',#171,#166,#172,.T.);
#174=ORIENTED_EDGE('',*,*,#173,.F.);
#175=CARTESIAN_POINT('',(0.306525022766,0.684501578098,0.150000000000));
#176=VERTEX_POINT('',#175);
#177=CIRCLE('',#141,0.750000000000);
#178=EDGE_CURVE('',#176,#171,#177,.T.);
#179=ORIENTED_EDGE('',*,*,#178,.F.);
#180=CARTESIAN_POINT('',(0.373602521517,0.650323885395,0.150000000000));
#181=VERTEX_POINT('',#180);
#182=CIRCLE('',#141,0.750000000000);
#183=EDGE_CURVE('',#181,#176,#182,.T.);
#184=ORIENTED_EDGE('',*,*,#183,.F.);
#185=CARTESIAN_POINT('',(0.409830829275,0.628123149849,0.150000000000));
#186=VERTEX_POINT('',#185);
#187=CIRCLE('',#141,0.750000000000);
#188=EDGE_CURVE('',#186,#181,#187,.T.);
#189=ORIENTED_EDGE('',*,*,#188,.F.);
#190=CARTESIAN_POINT('',(0.470735923634,0.583873008624,0.150000000000));
#191=VERTEX_POINT('',#190);
#192=CIRCLE('',#141,0.750000000000);
#193=EDGE_CURVE('',#191,#186,#192,.T.);
#194=ORIENTED_EDGE('',*,*,#193,.F.);
#195=CARTESIAN_POINT('',(0.503045240617,0.556278245029,0.150000000000));
#196=VERTEX_POINT('',#195);
#197=CIRCLE('',#141,0.750000000000);
#198=EDGE_CURVE('',#196,#191,#197,.T.);
#199=ORIENTED_EDGE('',*,*,#198,.F.);
#200=CARTESIAN_POINT('',(0.556278245029,0.503045240617,0.150000000000));
#201=VERTEX_POINT('',#200);
#202=CIRCLE('',#141,0.750000000000);
#203=EDGE_CURVE('',#201,#196,#202,.T.);
#204=ORIENTED_EDGE('',*,*,#203,.F.);
#205=CARTESIAN_POINT('',(0.583873008624,0.470735923634,0.150000000000));
#206=VERTEX_POINT('',#205);
#207=CIRCLE('',#141,0.750000000000);
#208=EDGE_CURVE('',#206,#201,#207,.T.);
#209=ORIENTED_EDGE('',*,*,#208,.F.);
#210=CARTESIAN_POINT('',(0.628123149849,0.409830829275,0.150000000000));
#211=VERTEX_POINT('',#210);
#212=CIRCLE('',#141,0.750000000000);
#213=EDGE_CURVE('',#211,#206,#212,.T.);
#214=ORIENTED_EDGE('',*,*,#213,.F.);
#215=CARTESIAN_POINT('',(0.650323885395,0.373602521517,0.150000000000));
#216=VERTEX_POINT('',#215);
#217=CIRCLE('',#141,0.750000000000);
#218=EDGE_CURVE('',#216,#211,#217,.T.);
#219=ORIENTED_EDGE('',*,*,#218,.F.);
#220=CARTESIAN_POINT('',(0.684501578098,0.306525022766,0.150000000000));
#221=VERTEX_POINT('',#220);
#222=CIRCLE('',#141,0.750000000000);
#223=EDGE_CURVE('',#221,#216,#222,.T.);
#224=ORIENTED_EDGE('',*,*,#223,.F.);
#225=CARTESIAN_POINT('',(0.700761629807,0.267269785405,0.150000000000));
#226=VERTEX_POINT('',#225);
#227=CIRCLE('',#141,0.750000000000);
#228=EDGE_CURVE('',#226,#221,#227,.T.);
#229=ORIENTED_EDGE('',*,*,#228,.F.);
#230=CARTESIAN_POINT('',(0.724025305764,0.195671552897,0.150000000000));
#231=VERTEX_POINT('',#230);
#232=CIRCLE('',#141,0.750000000000);
#233=EDGE_CURVE('',#231,#226,#232,.T.);
#234=ORIENTED_EDGE('',*,*,#233,.F.);
#235=CARTESIAN_POINT('',(0.733944297198,0.154355980158,0.150000000000));
#236=VERTEX_POINT('',#235);
#237=CIRCLE('',#141,0.750000000000);
#238=EDGE_CURVE('',#236,#231,#237,.T.);
#239=ORIENTED_EDGE('',*,*,#238,.F.);
#240=CARTESIAN_POINT('',(0.745721127500,0.080000000000,0.150000000000));
#241=VERTEX_POINT('',#240);
#242=CIRCLE('',#141,0.750000000000);
#243=EDGE_CURVE('',#241,#236,#242,.T.);
#244=ORIENTED_EDGE('',*,*,#243,.F.);
#245=CARTESIAN_POINT('',(0.749054820171,0.037641418402,0.150000000000));
#246=VERTEX_POINT('',#245);
#247=CIRCLE('',#141,0.750000000000);
#248=EDGE_CURVE('',#246,#241,#247,.T.);
#249=ORIENTED_EDGE('',*,*,#248,.F.);
#250=CARTESIAN_POINT('',(0.749054820171,-0.037641418402,0.150000000000));
#251=VERTEX_POINT('',#250);
#252=CIRCLE('',#141,0.750000000000);
#253=EDGE_CURVE('',#251,#246,#252,.T.);
#254=ORIENTED_EDGE('',*,*,#253,.F.);
#255=CARTESIAN_POINT('',(0.745721127500,-0.080000000000,0.150000000000));
#256=VERTEX_POINT('',#255);
#257=CIRCLE('',#141,0.750000000000);
#258=EDGE_CURVE('',#256,#251,#257,.T.);
#259=ORIENTED_EDGE('',*,*,#258,.F.);
#260=CARTESIAN_POINT('',(0.733944297198,-0.154355980158,0.150000000000));
#261=VERTEX_POINT('',#260);
#262=CIRCLE('',#141,0.750000000000);
#263=EDGE_CURVE('',#261,#256,#262,.T.);
#264=ORIENTED_EDGE('',*,*,#263,.F.);
#265=CARTESIAN_POINT('',(0.724025305764,-0.195671552897,0.150000000000));
#266=VERTEX_POINT('',#265);
#267=CIRCLE('',#141,0.750000000000);
#268=EDGE_CURVE('',#266,#261,#267,.T.);
#269=ORIENTED_EDGE('',*,*,#268,.F.);
#270=CARTESIAN_POINT('',(0.700761629807,-0.267269785405,0.150000000000));
#271=VERTEX_POINT('',#270);
#272=CIRCLE('',#141,0.750000000000);
#273=EDGE_CURVE('',#271,#266,#272,.T.);
#274=ORIENTED_EDGE('',*,*,#273,.F.);
#275=CARTESIAN_POINT('',(0.684501578098,-0.306525022766,0.150000000000));
#276=VERTEX_POINT('',#275);
#277=CIRCLE('',#141,0.750000000000);
#278=EDGE_CURVE('',#276,#271,#277,.T.);
#279=ORIENTED_EDGE('',*,*,#278,.F.);
#280=CARTESIAN_POINT('',(0.650323885395,-0.373602521517,0.150000000000));
#281=VERTEX_POINT('',#280);
#282=CIRCLE('',#141,0.750000000000);
#283=EDGE_CURVE('',#281,#276,#282,.T.);
#284=ORIENTED_EDGE('',*,*,#283,.F.);
#285=CARTESIAN_POINT('',(0.628123149849,-0.409830829275,0.150000000000));
#286=VERTEX_POINT('',#285);
#287=CIRCLE('',#141,0.750000000000);
#288=EDGE_CURVE('',#286,#281,#287,.T.);
#289=ORIENTED_EDGE('',*,*,#288,.F.);
#290=CARTESIAN_POINT('',(0.583873008624,-0.470735923634,0.150000000000));
#291=VERTEX_POINT('',#290);
#292=CIRCLE('',#141,0.750000000000);
#293=EDGE_CURVE('',#291,#286,#292,.T.);
#294=ORIENTED_EDGE('',*,*,#293,.F.);
#295=CARTESIAN_POINT('',(0.556278245029,-0.503045240617,0.150000000000));
#296=VERTEX_POINT('',#295);
#297=CIRCLE('',#141,0.750000000000);
#298=EDGE_CURVE('',#296,#291,#297,.T.);
#299=ORIENTED_EDGE('',*,*,#298,.F.);
#300=CARTESIAN_POINT('',(0.503045240617,-0.556278245029,0.150000000000));
#301=VERTEX_POINT('',#300);
#302=CIRCLE('',#141,0.750000000000);
#303=EDGE_CURVE('',#301,#296,#302,.T.);
#304=ORIENTED_EDGE('',*,*,#303,.F.);
#305=CARTESIAN_POINT('',(0.470735923634,-0.583873008624,0.150000000000));
#306=VERTEX_POINT('',#305);
#307=CIRCLE('',#141,0.750000000000);
#308=EDGE_CURVE('',#306,#301,#307,.T.);
#309=ORIENTED_EDGE('',*,*,#308,.F.);
#310=CARTESIAN_POINT('',(0.409830829275,-0.628123149849,0.150000000000));
#311=VERTEX_POINT('',#310);
#312=CIRCLE('',#141,0.750000000000);
#313=EDGE_CURVE('',#311,#306,#312,.T.);
#314=ORIENTED_EDGE('',*,*,#313,.F.);
#315=CARTESIAN_POINT('',(0.373602521517,-0.650323885395,0.150000000000));
#316=VERTEX_POINT('',#315);
#317=CIRCLE('',#141,0.750000000000);
#318=EDGE_CURVE('',#316,#311,#317,.T.);
#319=ORIENTED_EDGE('',*,*,#318,.F.);
#320=CARTESIAN_POINT('',(0.306525022766,-0.684501578098,0.150000000000));
#321=VERTEX_POINT('',#320);
#322=CIRCLE('',#141,0.750000000000);
#323=EDGE_CURVE('',#321,#316,#322,.T.);
#324=ORIENTED_EDGE('',*,*,#323,.F.);
#325=CARTESIAN_POINT('',(0.267269785405,-0.700761629807,0.150000000000));
#326=VERTEX_POINT('',#325);
#327=CIRCLE('',#141,0.750000000000);
#328=EDGE_CURVE('',#326,#321,#327,.T.);
#329=ORIENTED_EDGE('',*,*,#328,.F.);
#330=CARTESIAN_POINT('',(0.195671552897,-0.724025305764,0.150000000000));
#331=VERTEX_POINT('',#330);
#332=CIRCLE('',#141,0.750000000000);
#333=EDGE_CURVE('',#331,#326,#332,.T.);
#334=ORIENTED_EDGE('',*,*,#333,.F.);
#335=CARTESIAN_POINT('',(0.154355980158,-0.733944297198,0.150000000000));
#336=VERTEX_POINT('',#335);
#337=CIRCLE('',#141,0.750000000000);
#338=EDGE_CURVE('',#336,#331,#337,.T.);
#339=ORIENTED_EDGE('',*,*,#338,.F.);
#340=CARTESIAN_POINT('',(0.080000000000,-0.745721127500,0.150000000000));
#341=VERTEX_POINT('',#340);
#342=CIRCLE('',#141,0.750000000000);
#343=EDGE_CURVE('',#341,#336,#342,.T.);
#344=ORIENTED_EDGE('',*,*,#343,.F.);
#345=CARTESIAN_POINT('',(0.037641418402,-0.749054820171,0.150000000000));
#346=VERTEX_POINT('',#345);
#347=CIRCLE('',#141,0.750000000000);
#348=EDGE_CURVE('',#346,#341,#347,.T.);
#349=ORIENTED_EDGE('',*,*,#348,.F.);
#350=CARTESIAN_POINT('',(-0.037641418402,-0.749054820171,0.150000000000));
#351=VERTEX_POINT('',#350);
#352=CIRCLE('',#141,0.750000000000);
#353=EDGE_CURVE('',#351,#346,#352,.T.);
#354=ORIENTED_EDGE('',*,*,#353,.F.);
#355=CARTESIAN_POINT('',(-0.080000000000,-0.745721127500,0.150000000000));
#356=VERTEX_POINT('',#355);
#357=CIRCLE('',#141,0.750000000000);
#358=EDGE_CURVE('',#356,#351,#357,.T.);
#359=ORIENTED_EDGE('',*,*,#358,.F.);
#360=CARTESIAN_POINT('',(-0.154355980158,-0.733944297198,0.150000000000));
#361=VERTEX_POINT('',#360);
#362=CIRCLE('',#141,0.750000000000);
#363=EDGE_CURVE('',#361,#356,#362,.T.);
#364=ORIENTED_EDGE('',*,*,#363,.F.);
#365=CARTESIAN_POINT('',(-0.195671552897,-0.724025305764,0.150000000000));
#366=VERTEX_POINT('',#365);
#367=CIRCLE('',#141,0.750000000000);
#368=EDGE_CURVE('',#366,#361,#367,.T.);
#369=ORIENTED_EDGE('',*,*,#368,.F.);
#370=CARTESIAN_POINT('',(-0.267269785405,-0.700761629807,0.150000000000));
#371=VERTEX_POINT('',#370);
#372=CIRCLE('',#141,0.750000000000);
#373=EDGE_CURVE('',#371,#366,#372,.T.);
#374=ORIENTED_EDGE('',*,*,#373,.F.);
#375=CARTESIAN_POINT('',(-0.306525022766,-0.684501578098,0.150000000000));
#376=VERTEX_POINT('',#375);
#377=CIRCLE('',#141,0.750000000000);
#378=EDGE_CURVE('',#376,#371,#377,.T.);
#379=ORIENTED_EDGE('',*,*,#378,.F.);
#380=CARTESIAN_POINT('',(-0.373602521517,-0.650323885395,0.150000000000));
#381=VERTEX_POINT('',#380);
#382=CIRCLE('',#141,0.750000000000);
#383=EDGE_CURVE('',#381,#376,#382,.T.);
#384=ORIENTED_EDGE('',*,*,#383,.F.);
#385=CARTESIAN_POINT('',(-0.409830829275,-0.628123149849,0.150000000000));
#386=VERTEX_POINT('',#385);
#387=CIRCLE('',#141,0.750000000000);
#388=EDGE_CURVE('',#386,#381,#387,.T.);
#389=ORIENTED_EDGE('',*,*,#388,.F.);
#390=CARTESIAN_POINT('',(-0.470735923634,-0.583873008624,0.150000000000));
#391=VERTEX_POINT('',#390);
#392=CIRCLE('',#141,0.750000000000);
#393=EDGE_CURVE('',#391,#386,#392,.T.);
#394=ORIENTED_EDGE('',*,*,#393,.F.);
#395=CARTESIAN_POINT('',(-0.503045240617,-0.556278245029,0.150000000000));
#396=VERTEX_POINT('',#395);
#397=CIRCLE('',#141,0.750000000000);
#398=EDGE_CURVE('',#396,#391,#397,.T.);
#399=ORIENTED_EDGE('',*,*,#398,.F.);
#400=CARTESIAN_POINT('',(-0.556278245029,-0.503045240617,0.150000000000));
#401=VERTEX_POINT('',#400);
#402=CIRCLE('',#141,0.750000000000);
#403=EDGE_CURVE('',#401,#396,#402,.T.);
#404=ORIENTED_EDGE('',*,*,#403,.F.);
#405=CARTESIAN_POINT('',(-0.583873008624,-0.470735923634,0.150000000000));
#406=VERTEX_POINT('',#405);
#407=CIRCLE('',#141,0.750000000000);
#408=EDGE_CURVE('',#406,#401,#407,.T.);
#409=ORIENTED_EDGE('',*,*,#408,.F.);
#410=CARTESIAN_POINT('',(-0.628123149849,-0.409830829275,0.150000000000));
#411=VERTEX_POINT('',#410);
#412=CIRCLE('',#141,0.750000000000);
#413=EDGE_CURVE('',#411,#406,#412,.T.);
#414=ORIENTED_EDGE('',*,*,#413,.F.);
#415=CARTESIAN_POINT('',(-0.650323885395,-0.373602521517,0.150000000000));
#416=VERTEX_POINT('',#415);
#417=CIRCLE('',#141,0.750000000000);
#418=EDGE_CURVE('',#416,#411,#417,.T.);
#419=ORIENTED_EDGE('',*,*,#418,.F.);
#420=CARTESIAN_POINT('',(-0.684501578098,-0.306525022766,0.150000000000));
#421=VERTEX_POINT('',#420);
#422=CIRCLE('',#141,0.750000000000);
#423=EDGE_CURVE('',#421,#416,#422,.T.);
#424=ORIENTED_EDGE('',*,*,#423,.F.);
#425=CARTESIAN_POINT('',(-0.700761629807,-0.267269785405,0.150000000000));
#426=VERTEX_POINT('',#425);
#427=CIRCLE('',#141,0.750000000000);
#428=EDGE_CURVE('',#426,#421,#427,.T.);
#429=ORIENTED_EDGE('',*,*,#428,.F.);
#430=CARTESIAN_POINT('',(-0.724025305764,-0.195671552897,0.150000000000));
#431=VERTEX_POINT('',#430);
#432=CIRCLE('',#141,0.750000000000);
#433=EDGE_CURVE('',#431,#426,#432,.T.);
#434=ORIENTED_EDGE('',*,*,#433,.F.);
#435=CARTESIAN_POINT('',(-0.733944297198,-0.154355980158,0.150000000000));
#436=VERTEX_POINT('',#435);
#437=CIRCLE('',#141,0.750000000000);
#438=EDGE_CURVE('',#436,#431,#437,.T.);
#439=ORIENTED_EDGE('',*,*,#438,.F.);
#440=CARTESIAN_POINT('',(-0.745721127500,-0.080000000000,0.150000000000));
#441=VERTEX_POINT('',#440);
#442=CIRCLE('',#141,0.750000000000);
#443=EDGE_CURVE('',#441,#436,#442,.T.);
#444=ORIENTED_EDGE('',*,*,#443,.F.);
#445=CARTESIAN_POINT('',(-0.749054820171,-0.037641418402,0.150000000000));
#446=VERTEX_POINT('',#445);
#447=CIRCLE('',#141,0.750000000000);
#448=EDGE_CURVE('',#446,#441,#447,.T.);
#449=ORIENTED_EDGE('',*,*,#448,.F.);
#450=CARTESIAN_POINT('',(-0.749054820171,0.037641418402,0.150000000000));
#451=VERTEX_POINT('',#450);
#452=CIRCLE('',#141,0.750000000000);
#453=EDGE_CURVE('',#451,#446,#452,.T.);
#454=ORIENTED_EDGE('',*,*,#453,.F.);
#455=CARTESIAN_POINT('',(-0.745721127500,0.080000000000,0.150000000000));
#456=VERTEX_POINT('',#455);
#457=CIRCLE('',#141,0.750000000000);
#458=EDGE_CURVE('',#456,#451,#457,.T.);
#459=ORIENTED_EDGE('',*,*,#458,.F.);
#460=CARTESIAN_POINT('',(-0.733944297198,0.154355980158,0.150000000000));
#461=VERTEX_POINT('',#460);
#462=CIRCLE('',#141,0.750000000000);
#463=EDGE_CURVE('',#461,#456,#462,.T.);
#464=ORIENTED_EDGE('',*,*,#463,.F.);
#465=CARTESIAN_POINT('',(-0.724025305764,0.195671552897,0.150000000000));
#466=VERTEX_POINT('',#465);
#467=CIRCLE('',#141,0.750000000000);
#468=EDGE_CURVE('',#466,#461,#467,.T.);
#469=ORIENTED_EDGE('',*,*,#468,.F.);
#470=CARTESIAN_POINT('',(-0.700761629807,0.267269785405,0.150000000000));
#471=VERTEX_POINT('',#470);
#472=CIRCLE('',#141,0.750000000000);
#473=EDGE_CURVE('',#471,#466,#472,.T.);
#474=ORIENTED_EDGE('',*,*,#473,.F.);
#475=CARTESIAN_POINT('',(-0.684501578098,0.306525022766,0.150000000000));
#476=VERTEX_POINT('',#475);
#477=CIRCLE('',#141,0.750000000000);
#478=EDGE_CURVE('',#476,#471,#477,.T.);
#479=ORIENTED_EDGE('',*,*,#478,.F.);
#480=CARTESIAN_POINT('',(-0.650323885395,0.373602521517,0.150000000000));
#481=VERTEX_POINT('',#480);
#482=CIRCLE('',#141,0.750000000000);
#483=EDGE_CURVE('',#481,#476,#482,.T.);
#484=ORIENTED_EDGE('',*,*,#483,.F.);
#485=CARTESIAN_POINT('',(-0.628123149849,0.409830829275,0.150000000000));
#486=VERTEX_POINT('',#485);
#487=CIRCLE('',#141,0.750000000000);
#488=EDGE_CURVE('',#486,#481,#487,.T.);
#489=ORIENTED_EDGE('',*,*,#488,.F.);
#490=CARTESIAN_POINT('',(-0.583873008624,0.470735923634,0.150000000000));
#491=VERTEX_POINT('',#490);
#492=CIRCLE('',#141,0.750000000000);
#493=EDGE_CURVE('',#491,#486,#492,.T.);
#494=ORIENTED_EDGE('',*,*,#493,.F.);
#495=CARTESIAN_POINT('',(-0.556278245029,0.503045240617,0.150000000000));
#496=VERTEX_POINT('',#495);
#497=CIRCLE('',#141,0.750000000000);
#498=EDGE_CURVE('',#496,#491,#497,.T.);
#499=ORIENTED_EDGE('',*,*,#498,.F.);
#500=CARTESIAN_POINT('',(-0.503045240617,0.556278245029,0.150000000000));
#501=VERTEX_POINT('',#500);
#502=CIRCLE('',#141,0.750000000000);
#503=EDGE_CURVE('',#501,#496,#502,.T.);
#504=ORIENTED_EDGE('',*,*,#503,.F.);
#505=CARTESIAN_POINT('',(-0.470735923634,0.583873008624,0.150000000000));
#506=VERTEX_POINT('',#505);
#507=CIRCLE('',#141,0.750000000000);
#508=EDGE_CURVE('',#506,#501,#507,.T.);
#509=ORIENTED_EDGE('',*,*,#508,.F.);
#510=CARTESIAN_POINT('',(-0.409830829275,0.628123149849,0.150000000000));
#511=VERTEX_POINT('',#510);
#512=CIRCLE('',#141,0.750000000000);
#513=EDGE_CURVE('',#511,#506,#512,.T.);
#514=ORIENTED_EDGE('',*,*,#513,.F.);
#515=CARTESIAN_POINT('',(-0.373602521517,0.650323885395,0.150000000000));
#516=VERTEX_POINT('',#515);
#517=CIRCLE('',#141,0.750000000000);
#518=EDGE_CURVE('',#516,#511,#517,.T.);
#519=ORIENTED_EDGE('',*,*,#518,.F.);
#520=CARTESIAN_POINT('',(-0.306525022766,0.684501578098,0.150000000000));
#521=VERTEX_POINT('',#520);
#522=CIRCLE('',#141,0.750000000000);
#523=EDGE_CURVE('',#521,#516,#522,.T.);
#524=ORIENTED_EDGE('',*,*,#523,.F.);
#525=CARTESIAN_POINT('',(-0.267269785405,0.700761629807,0.150000000000));
#526=VERTEX_POINT('',#525);
#527=CIRCLE('',#141,0.750000000000);
#528=EDGE_CURVE('',#526,#521,#527,.T.);
#529=ORIENTED_EDGE('',*,*,#528,.F.);
#530=CARTESIAN_POINT('',(-0.195671552897,0.724025305764,0.150000000000));
#531=VERTEX_POINT('',#530);
#532=CIRCLE('',#141,0.750000000000);
#533=EDGE_CURVE('',#531,#526,#532,.T.);
#534=ORIENTED_EDGE('',*,*,#533,.F.);
#535=CARTESIAN_POINT('',(-0.154355980158,0.733944297198,0.150000000000));
#536=VERTEX_POINT('',#535);
#537=CIRCLE('',#141,0.750000000000);
#538=EDGE_CURVE('',#536,#531,#537,.T.);
#539=ORIENTED_EDGE('',*,*,#538,.F.);
#540=CIRCLE('',#141,0.750000000000);
#541=EDGE_CURVE('',#146,#536,#540,.T.);
#542=ORIENTED_EDGE('',*,*,#541,.F.);
#543=EDGE_LOOP('',(#149,#154,#159,#164,#169,#174,#179,#184,#189,#194,#199,#204,#209,#214,#219,#224,#229,#234,#239,#244,#249,#254,#259,#264,#269,#274,#279,#284,#289,#294,#299,#304,#309,#314,#319,#324,#329,#334,#339,#344,#349,#354,#359,#364,#369,#374,#379,#384,#389,#394,#399,#404,#409,#414,#419,#424,#429,#434,#439,#444,#449,#454,#459,#464,#469,#474,#479,#484,#489,#494,#499,#504,#509,#514,#519,#524,#529,#534,#539,#542));
#544=ORIENTED_EDGE('',*,*,#21,.F.);
#545=ORIENTED_EDGE('',*,*,#61,.F.);
#546=CARTESIAN_POINT('',(0.413550819955,2.099660858166,0.150000000000));
#547=VERTEX_POINT('',#546);
#548=CIRCLE('',#141,2.140000000000);
#549=EDGE_CURVE('',#53,#547,#548,.T.);
#550=ORIENTED_EDGE('',*,*,#549,.T.);
#551=CARTESIAN_POINT('',(0.438814336840,2.259168426166,0.150000000000));
#552=VERTEX_POINT('',#551);
#553=CARTESIAN_POINT('',(0.079015067248,-0.012514757203,0.150000000000));
#554=DIRECTION('',(0.156434465040,0.987688340595,0.000000000000));
#555=VECTOR('',#554,1.0);
#556=LINE('',#553,#555);
#557=EDGE_CURVE('',#547,#552,#556,.T.);
#558=ORIENTED_EDGE('',*,*,#557,.T.);
#559=CARTESIAN_POINT('',(0.280784202345,2.284197940572,0.150000000000));
#560=VERTEX_POINT('',#559);
#561=CARTESIAN_POINT('',(0.359799269593,2.271683183369,0.150000000000));
#562=DIRECTION('',(-0.987688340595,0.156434465040,0.000000000000));
#563=VECTOR('',#562,1.0);
#564=LINE('',#561,#563);
#565=EDGE_CURVE('',#552,#560,#564,.T.);
#566=ORIENTED_EDGE('',*,*,#565,.T.);
#567=CARTESIAN_POINT('',(0.255520685460,2.124690372572,0.150000000000));
#568=VERTEX_POINT('',#567);
#569=CARTESIAN_POINT('',(-0.079015067248,0.012514757203,0.150000000000));
#570=DIRECTION('',(-0.156434465040,-0.987688340595,0.000000000000));
#571=VECTOR('',#570,1.0);
#572=LINE('',#569,#571);
#573=EDGE_CURVE('',#560,#568,#572,.T.);
#574=ORIENTED_EDGE('',*,*,#573,.T.);
#575=CARTESIAN_POINT('',(0.080000000000,2.138504150101,0.150000000000));
#576=VERTEX_POINT('',#575);
#577=CIRCLE('',#141,2.140000000000);
#578=EDGE_CURVE('',#568,#576,#577,.T.);
#579=ORIENTED_EDGE('',*,*,#578,.T.);
#580=CARTESIAN_POINT('',(0.080000000000,2.300000000000,0.150000000000));
#581=VERTEX_POINT('',#580);
#582=CARTESIAN_POINT('',(0.080000000000,0.000000000000,0.150000000000));
#583=VECTOR('',#140,1.0);
#584=LINE('',#582,#583);
#585=EDGE_CURVE('',#576,#581,#584,.T.);
#586=ORIENTED_EDGE('',*,*,#585,.T.);
#587=CARTESIAN_POINT('',(-0.080000000000,2.300000000000,0.150000000000));
#588=VERTEX_POINT('',#587);
#589=CARTESIAN_POINT('',(0.000000000000,2.300000000000,0.150000000000));
#590=DIRECTION('',(-1.000000000000,0.000000000000,0.000000000000));
#591=VECTOR('',#590,1.0);
#592=LINE('',#589,#591);
#593=EDGE_CURVE('',#581,#588,#592,.T.);
#594=ORIENTED_EDGE('',*,*,#593,.T.);
#595=CARTESIAN_POINT('',(-0.080000000000,2.138504150101,0.150000000000));
#596=VERTEX_POINT('',#595);
#597=CARTESIAN_POINT('',(-0.080000000000,0.000000000000,0.150000000000));
#598=DIRECTION('',(0.000000000000,-1.000000000000,0.000000000000));
#599=VECTOR('',#598,1.0);
#600=LINE('',#597,#599);
#601=EDGE_CURVE('',#588,#596,#600,.T.);
#602=ORIENTED_EDGE('',*,*,#601,.T.);
#603=CARTESIAN_POINT('',(-0.255520685460,2.124690372572,0.150000000000));
#604=VERTEX_POINT('',#603);
#605=CIRCLE('',#141,2.140000000000);
#606=EDGE_CURVE('',#596,#604,#605,.T.);
#607=ORIENTED_EDGE('',*,*,#606,.T.);
#608=CARTESIAN_POINT('',(-0.280784202345,2.284197940572,0.150000000000));
#609=VERTEX_POINT('',#608);
#610=CARTESIAN_POINT('',(0.079015067248,0.012514757203,0.150000000000));
#611=DIRECTION('',(-0.156434465040,0.987688340595,0.000000000000));
#612=VECTOR('',#611,1.0);
#613=LINE('',#610,#612);
#614=EDGE_CURVE('',#604,#609,#613,.T.);
#615=ORIENTED_EDGE('',*,*,#614,.T.);
#616=CARTESIAN_POINT('',(-0.438814336840,2.259168426166,0.150000000000));
#617=VERTEX_POINT('',#616);
#618=CARTESIAN_POINT('',(-0.359799269593,2.271683183369,0.150000000000));
#619=DIRECTION('',(-0.987688340595,-0.156434465040,0.000000000000));
#620=VECTOR('',#619,1.0);
#621=LINE('',#618,#620);
#622=EDGE_CURVE('',#609,#617,#621,.T.);
#623=ORIENTED_EDGE('',*,*,#622,.T.);
#624=CARTESIAN_POINT('',(-0.413550819955,2.099660858166,0.150000000000));
#625=VERTEX_POINT('',#624);
#626=CARTESIAN_POINT('',(-0.079015067248,-0.012514757203,0.150000000000));
#627=DIRECTION('',(0.156434465040,-0.987688340595,0.000000000000));
#628=VECTOR('',#627,1.0);
#629=LINE('',#626,#628);
#630=EDGE_CURVE('',#617,#625,#629,.T.);
#631=ORIENTED_EDGE('',*,*,#630,.T.);
#632=CARTESIAN_POINT('',(-0.584749603619,2.058559666628,0.150000000000));
#633=VERTEX_POINT('',#632);
#634=CIRCLE('',#141,2.140000000000);
#635=EDGE_CURVE('',#625,#633,#634,.T.);
#636=ORIENTED_EDGE('',*,*,#635,.T.);
#637=CARTESIAN_POINT('',(-0.634654565759,2.212151347029,0.150000000000));
#638=VERTEX_POINT('',#637);
#639=CARTESIAN_POINT('',(0.076084521304,0.024721359550,0.150000000000));
#640=DIRECTION('',(-0.309016994375,0.951056516295,0.000000000000));
#641=VECTOR('',#640,1.0);
#642=LINE('',#639,#641);
#643=EDGE_CURVE('',#633,#638,#642,.T.);
#644=ORIENTED_EDGE('',*,*,#643,.T.);
#645=CARTESIAN_POINT('',(-0.786823608366,2.162708627929,0.150000000000));
#646=VERTEX_POINT('',#645);
#647=CARTESIAN_POINT('',(-0.710739087062,2.187429987479,0.150000000000));
#648=DIRECTION('',(-0.951056516295,-0.309016994375,0.000000000000));
#649=VECTOR('',#648,1.0);
#650=LINE('',#647,#649);
#651=EDGE_CURVE('',#638,#646,#650,.T.);
#652=ORIENTED_EDGE('',*,*,#651,.T.);
#653=CARTESIAN_POINT('',(-0.736918646226,2.009116947528,0.150000000000));
#654=VERTEX_POINT('',#653);
#655=CARTESIAN_POINT('',(-0.076084521304,-0.024721359550,0.150000000000));
#656=DIRECTION('',(0.309016994375,-0.951056516295,0.000000000000));
#657=VECTOR('',#656,1.0);
#658=LINE('',#655,#657);
#659=EDGE_CURVE('',#646,#654,#658,.T.);
#660=ORIENTED_EDGE('',*,*,#659,.T.);
#661=CARTESIAN_POINT('',(-0.899580045864,1.941740389723,0.150000000000));
#662=VERTEX_POINT('',#661);
#663=CIRCLE('',#141,2.140000000000);
#664=EDGE_CURVE('',#654,#662,#663,.T.);
#665=ORIENTED_EDGE('',*,*,#664,.T.);
#666=CARTESIAN_POINT('',(-0.972897627466,2.085634245612,0.150000000000));
#667=VERTEX_POINT('',#666);
#668=CARTESIAN_POINT('',(0.071280521935,0.036319239979,0.150000000000));
#669=DIRECTION('',(-0.453990499740,0.891006524188,0.000000000000));
#670=VECTOR('',#669,1.0);
#671=LINE('',#668,#670);
#672=EDGE_CURVE('',#662,#667,#671,.T.);
#673=ORIENTED_EDGE('',*,*,#672,.T.);
#674=CARTESIAN_POINT('',(-1.115458671336,2.012995765654,0.150000000000));
#675=VERTEX_POINT('',#674);
#676=CARTESIAN_POINT('',(-1.044178149401,2.049315005633,0.150000000000));
#677=DIRECTION('',(-0.891006524188,-0.453990499740,0.000000000000));
#678=VECTOR('',#677,1.0);
#679=LINE('',#676,#678);
#680=EDGE_CURVE('',#667,#675,#679,.T.);
#681=ORIENTED_EDGE('',*,*,#680,.T.);
#682=CARTESIAN_POINT('',(-1.042141089735,1.869101909765,0.150000000000));
#683=VERTEX_POINT('',#682);
#684=CARTESIAN_POINT('',(-0.071280521935,-0.036319239979,0.150000000000));
#685=DIRECTION('',(0.453990499740,-0.891006524188,0.000000000000));
#686=VECTOR('',#685,1.0);
#687=LINE('',#684,#686);
#688=EDGE_CURVE('',#675,#683,#687,.T.);
#689=ORIENTED_EDGE('',*,*,#688,.T.);
#690=CARTESIAN_POINT('',(-1.192259841846,1.777109020157,0.150000000000));
#691=VERTEX_POINT('',#690);
#692=CIRCLE('',#141,2.140000000000);
#693=EDGE_CURVE('',#683,#691,#692,.T.);
#694=ORIENTED_EDGE('',*,*,#693,.T.);
#695=CARTESIAN_POINT('',(-1.287184720723,1.907761907246,0.150000000000));
#696=VERTEX_POINT('',#695);
#697=CARTESIAN_POINT('',(0.064721359550,0.047022820183,0.150000000000));
#698=DIRECTION('',(-0.587785252292,0.809016994375,0.000000000000));
#699=VECTOR('',#698,1.0);
#700=LINE('',#697,#699);
#701=EDGE_CURVE('',#691,#696,#700,.T.);
#702=ORIENTED_EDGE('',*,*,#701,.T.);
#703=CARTESIAN_POINT('',(-1.416627439823,1.813716266879,0.150000000000));
#704=VERTEX_POINT('',#703);
#705=CARTESIAN_POINT('',(-1.351906080273,1.860739087062,0.150000000000));
#706=DIRECTION('',(-0.809016994375,-0.587785252292,0.000000000000));
#707=VECTOR('',#706,1.0);
#708=LINE('',#705,#707);
#709=EDGE_CURVE('',#696,#704,#708,.T.);
#710=ORIENTED_EDGE('',*,*,#709,.T.);
#711=CARTESIAN_POINT('',(-1.321702560946,1.683063379790,0.150000000000));
#712=VERTEX_POINT('',#711);
#713=CARTESIAN_POINT('',(-0.064721359550,-0.047022820183,0.150000000000));
#714=DIRECTION('',(0.587785252292,-0.809016994375,0.000000000000));
#715=VECTOR('',#714,1.0);
#716=LINE('',#713,#715);
#717=EDGE_CURVE('',#704,#712,#716,.T.);
#718=ORIENTED_EDGE('',*,*,#717,.T.);
#719=CARTESIAN_POINT('',(-1.455582243637,1.568719328627,0.150000000000));
#720=VERTEX_POINT('',#719);
#721=CIRCLE('',#141,2.140000000000);
#722=EDGE_CURVE('',#712,#720,#721,.T.);
#723=ORIENTED_EDGE('',*,*,#722,.T.);
#724=CARTESIAN_POINT('',(-1.569777054234,1.682914139224,0.150000000000));
#725=VERTEX_POINT('',#724);
#726=CARTESIAN_POINT('',(0.056568542495,0.056568542495,0.150000000000));
#727=DIRECTION('',(-0.707106781187,0.707106781187,0.000000000000));
#728=VECTOR('',#727,1.0);
#729=LINE('',#726,#728);
#730=EDGE_CURVE('',#720,#725,#729,.T.);
#731=ORIENTED_EDGE('',*,*,#730,.T.);
#732=CARTESIAN_POINT('',(-1.682914139224,1.569777054234,0.150000000000));
#733=VERTEX_POINT('',#732);
#734=CARTESIAN_POINT('',(-1.626345596729,1.626345596729,0.150000000000));
#735=DIRECTION('',(-0.707106781187,-0.707106781187,0.000000000000));
#736=VECTOR('',#735,1.0);
#737=LINE('',#734,#736);
#738=EDGE_CURVE('',#725,#733,#737,.T.);
#739=ORIENTED_EDGE('',*,*,#738,.T.);
#740=CARTESIAN_POINT('',(-1.568719328627,1.455582243637,0.150000000000));
#741=VERTEX_POINT('',#740);
#742=CARTESIAN_POINT('',(-0.056568542495,-0.056568542495,0.150000000000));
#743=DIRECTION('',(0.707106781187,-0.707106781187,0.000000000000));
#744=VECTOR('',#743,1.0);
#745=LINE('',#742,#744);
#746=EDGE_CURVE('',#733,#741,#745,.T.);
#747=ORIENTED_EDGE('',*,*,#746,.T.);
#748=CARTESIAN_POINT('',(-1.683063379790,1.321702560946,0.150000000000));
#749=VERTEX_POINT('',#748);
#750=CIRCLE('',#141,2.140000000000);
#751=EDGE_CURVE('',#741,#749,#750,.T.);
#752=ORIENTED_EDGE('',*,*,#751,.T.);
#753=CARTESIAN_POINT('',(-1.813716266879,1.416627439823,0.150000000000));
#754=VERTEX_POINT('',#753);
#755=CARTESIAN_POINT('',(0.047022820183,0.064721359550,0.150000000000));
#756=DIRECTION('',(-0.809016994375,0.587785252292,0.000000000000));
#757=VECTOR('',#756,1.0);
#758=LINE('',#755,#757);
#759=EDGE_CURVE('',#749,#754,#758,.T.);
#760=ORIENTED_EDGE('',*,*,#759,.T.);
#761=CARTESIAN_POINT('',(-1.907761907246,1.287184720723,0.150000000000));
#762=VERTEX_POINT('',#761);
#763=CARTESIAN_POINT('',(-1.860739087062,1.351906080273,0.150000000000));
#764=DIRECTION('',(-0.587785252292,-0.809016994375,0.000000000000));
#765=VECTOR('',#764,1.0);
#766=LINE('',#763,#765);
#767=EDGE_CURVE('',#754,#762,#766,.T.);
#768=ORIENTED_EDGE('',*,*,#767,.T.);
#769=CARTESIAN_POINT('',(-1.777109020157,1.192259841846,0.150000000000));
#770=VERTEX_POINT('',#769);
#771=CARTESIAN_POINT('',(-0.047022820183,-0.064721359550,0.150000000000));
#772=DIRECTION('',(0.809016994375,-0.587785252292,0.000000000000));
#773=VECTOR('',#772,1.0);
#774=LINE('',#771,#773);
#775=EDGE_CURVE('',#762,#770,#774,.T.);
#776=ORIENTED_EDGE('',*,*,#775,.T.);
#777=CARTESIAN_POINT('',(-1.869101909765,1.042141089735,0.150000000000));
#778=VERTEX_POINT('',#777);
#779=CIRCLE('',#141,2.140000000000);
#780=EDGE_CURVE('',#770,#778,#779,.T.);
#781=ORIENTED_EDGE('',*,*,#780,.T.);
#782=CARTESIAN_POINT('',(-2.012995765654,1.115458671336,0.150000000000));
#783=VERTEX_POINT('',#782);
#784=CARTESIAN_POINT('',(0.036319239979,0.071280521935,0.150000000000));
#785=DIRECTION('',(-0.891006524188,0.453990499740,0.000000000000));
#786=VECTOR('',#785,1.0);
#787=LINE('',#784,#786);
#788=EDGE_CURVE('',#778,#783,#787,.T.);
#789=ORIENTED_EDGE('',*,*,#788,.T.);
#790=CARTESIAN_POINT('',(-2.085634245612,0.972897627466,0.150000000000));
#791=VERTEX_POINT('',#790);
#792=CARTESIAN_POINT('',(-2.049315005633,1.044178149401,0.150000000000));
#793=DIRECTION('',(-0.453990499740,-0.891006524188,0.000000000000));
#794=VECTOR('',#793,1.0);
#795=LINE('',#792,#794);
#796=EDGE_CURVE('',#783,#791,#795,.T.);
#797=ORIENTED_EDGE('',*,*,#796,.T.);
#798=CARTESIAN_POINT('',(-1.941740389723,0.899580045864,0.150000000000));
#799=VERTEX_POINT('',#798);
#800=CARTESIAN_POINT('',(-0.036319239979,-0.071280521935,0.150000000000));
#801=DIRECTION('',(0.891006524188,-0.453990499740,0.000000000000));
#802=VECTOR('',#801,1.0);
#803=LINE('',#800,#802);
#804=EDGE_CURVE('',#791,#799,#803,.T.);
#805=ORIENTED_EDGE('',*,*,#804,.T.);
#806=CARTESIAN_POINT('',(-2.009116947528,0.736918646226,0.150000000000));
#807=VERTEX_POINT('',#806);
#808=CIRCLE('',#141,2.140000000000);
#809=EDGE_CURVE('',#799,#807,#808,.T.);
#810=ORIENTED_EDGE('',*,*,#809,.T.);
#811=CARTESIAN_POINT('',(-2.162708627929,0.786823608366,0.150000000000));
#812=VERTEX_POINT('',#811);
#813=CARTESIAN_POINT('',(0.024721359550,0.076084521304,0.150000000000));
#814=LINE('',#813,#33);
#815=EDGE_CURVE('',#807,#812,#814,.T.);
#816=ORIENTED_EDGE('',*,*,#815,.T.);
#817=CARTESIAN_POINT('',(-2.212151347029,0.634654565759,0.150000000000));
#818=VERTEX_POINT('',#817);
#819=CARTESIAN_POINT('',(-2.187429987479,0.710739087062,0.150000000000));
#820=LINE('',#819,#48);
#821=EDGE_CURVE('',#812,#818,#820,.T.);
#822=ORIENTED_EDGE('',*,*,#821,.T.);
#823=CARTESIAN_POINT('',(-2.058559666628,0.584749603619,0.150000000000));
#824=VERTEX_POINT('',#823);
#825=CARTESIAN_POINT('',(-0.024721359550,-0.076084521304,0.150000000000));
#826=LINE('',#825,#19);
#827=EDGE_CURVE('',#818,#824,#826,.T.);
#828=ORIENTED_EDGE('',*,*,#827,.T.);
#829=CARTESIAN_POINT('',(-2.099660858166,0.413550819955,0.150000000000));
#830=VERTEX_POINT('',#829);
#831=CIRCLE('',#141,2.140000000000);
#832=EDGE_CURVE('',#824,#830,#831,.T.);
#833=ORIENTED_EDGE('',*,*,#832,.T.);
#834=CARTESIAN_POINT('',(-2.259168426166,0.438814336840,0.150000000000));
#835=VERTEX_POINT('',#834);
#836=CARTESIAN_POINT('',(0.012514757203,0.079015067248,0.150000000000));
#837=LINE('',#836,#563);
#838=EDGE_CURVE('',#830,#835,#837,.T.);
#839=ORIENTED_EDGE('',*,*,#838,.T.);
#840=CARTESIAN_POINT('',(-2.284197940572,0.280784202345,0.150000000000));
#841=VERTEX_POINT('',#840);
#842=CARTESIAN_POINT('',(-2.271683183369,0.359799269593,0.150000000000));
#843=LINE('',#842,#571);
#844=EDGE_CURVE('',#835,#841,#843,.T.);
#845=ORIENTED_EDGE('',*,*,#844,.T.);
#846=CARTESIAN_POINT('',(-2.124690372572,0.255520685460,0.150000000000));
#847=VERTEX_POINT('',#846);
#848=CARTESIAN_POINT('',(-0.012514757203,-0.079015067248,0.150000000000));
#849=DIRECTION('',(0.987688340595,-0.156434465040,0.000000000000));
#850=VECTOR('',#849,1.0);
#851=LINE('',#848,#850);
#852=EDGE_CURVE('',#841,#847,#851,.T.);
#853=ORIENTED_EDGE('',*,*,#852,.T.);
#854=CARTESIAN_POINT('',(-2.138504150101,0.080000000000,0.150000000000));
#855=VERTEX_POINT('',#854);
#856=CIRCLE('',#141,2.140000000000);
#857=EDGE_CURVE('',#847,#855,#856,.T.);
#858=ORIENTED_EDGE('',*,*,#857,.T.);
#859=CARTESIAN_POINT('',(-2.300000000000,0.080000000000,0.150000000000));
#860=VERTEX_POINT('',#859);
#861=CARTESIAN_POINT('',(0.000000000000,0.080000000000,0.150000000000));
#862=LINE('',#861,#591);
#863=EDGE_CURVE('',#855,#860,#862,.T.);
#864=ORIENTED_EDGE('',*,*,#863,.T.);
#865=CARTESIAN_POINT('',(-2.300000000000,-0.080000000000,0.150000000000));
#866=VERTEX_POINT('',#865);
#867=CARTESIAN_POINT('',(-2.300000000000,0.000000000000,0.150000000000));
#868=LINE('',#867,#599);
#869=EDGE_CURVE('',#860,#866,#868,.T.);
#870=ORIENTED_EDGE('',*,*,#869,.T.);
#871=CARTESIAN_POINT('',(-2.138504150101,-0.080000000000,0.150000000000));
#872=VERTEX_POINT('',#871);
#873=CARTESIAN_POINT('',(0.000000000000,-0.080000000000,0.150000000000));
#874=DIRECTION('',(1.000000000000,0.000000000000,0.000000000000));
#875=VECTOR('',#874,1.0);
#876=LINE('',#873,#875);
#877=EDGE_CURVE('',#866,#872,#876,.T.);
#878=ORIENTED_EDGE('',*,*,#877,.T.);
#879=CARTESIAN_POINT('',(-2.124690372572,-0.255520685460,0.150000000000));
#880=VERTEX_POINT('',#879);
#881=CIRCLE('',#141,2.140000000000);
#882=EDGE_CURVE('',#872,#880,#881,.T.);
#883=ORIENTED_EDGE('',*,*,#882,.T.);
#884=CARTESIAN_POINT('',(-2.284197940572,-0.280784202345,0.150000000000));
#885=VERTEX_POINT('',#884);
#886=CARTESIAN_POINT('',(-0.012514757203,0.079015067248,0.150000000000));
#887=LINE('',#886,#620);
#888=EDGE_CURVE('',#880,#885,#887,.T.);
#889=ORIENTED_EDGE('',*,*,#888,.T.);
#890=CARTESIAN_POINT('',(-2.259168426166,-0.438814336840,0.150000000000));
#891=VERTEX_POINT('',#890);
#892=CARTESIAN_POINT('',(-2.271683183369,-0.359799269593,0.150000000000));
#893=LINE('',#892,#628);
#894=EDGE_CURVE('',#885,#891,#893,.T.);
#895=ORIENTED_EDGE('',*,*,#894,.T.);
#896=CARTESIAN_POINT('',(-2.099660858166,-0.413550819955,0.150000000000));
#897=VERTEX_POINT('',#896);
#898=CARTESIAN_POINT('',(0.012514757203,-0.079015067248,0.150000000000));
#899=DIRECTION('',(0.987688340595,0.156434465040,0.000000000000));
#900=VECTOR('',#899,1.0);
#901=LINE('',#898,#900);
#902=EDGE_CURVE('',#891,#897,#901,.T.);
#903=ORIENTED_EDGE('',*,*,#902,.T.);
#904=CARTESIAN_POINT('',(-2.058559666628,-0.584749603619,0.150000000000));
#905=VERTEX_POINT('',#904);
#906=CIRCLE('',#141,2.140000000000);
#907=EDGE_CURVE('',#897,#905,#906,.T.);
#908=ORIENTED_EDGE('',*,*,#907,.T.);
#909=CARTESIAN_POINT('',(-2.212151347029,-0.634654565759,0.150000000000));
#910=VERTEX_POINT('',#909);
#911=CARTESIAN_POINT('',(-0.024721359550,0.076084521304,0.150000000000));
#912=LINE('',#911,#649);
#913=EDGE_CURVE('',#905,#910,#912,.T.);
#914=ORIENTED_EDGE('',*,*,#913,.T.);
#915=CARTESIAN_POINT('',(-2.162708627929,-0.786823608366,0.150000000000));
#916=VERTEX_POINT('',#915);
#917=CARTESIAN_POINT('',(-2.187429987479,-0.710739087062,0.150000000000));
#918=LINE('',#917,#657);
#919=EDGE_CURVE('',#910,#916,#918,.T.);
#920=ORIENTED_EDGE('',*,*,#919,.T.);
#921=CARTESIAN_POINT('',(-2.009116947528,-0.736918646226,0.150000000000));
#922=VERTEX_POINT('',#921);
#923=CARTESIAN_POINT('',(0.024721359550,-0.076084521304,0.150000000000));
#924=DIRECTION('',(0.951056516295,0.309016994375,0.000000000000));
#925=VECTOR('',#924,1.0);
#926=LINE('',#923,#925);
#927=EDGE_CURVE('',#916,#922,#926,.T.);
#928=ORIENTED_EDGE('',*,*,#927,.T.);
#929=CARTESIAN_POINT('',(-1.941740389723,-0.899580045864,0.150000000000));
#930=VERTEX_POINT('',#929);
#931=CIRCLE('',#141,2.140000000000);
#932=EDGE_CURVE('',#922,#930,#931,.T.);
#933=ORIENTED_EDGE('',*,*,#932,.T.);
#934=CARTESIAN_POINT('',(-2.085634245612,-0.972897627466,0.150000000000));
#935=VERTEX_POINT('',#934);
#936=CARTESIAN_POINT('',(-0.036319239979,0.071280521935,0.150000000000));
#937=LINE('',#936,#678);
#938=EDGE_CURVE('',#930,#935,#937,.T.);
#939=ORIENTED_EDGE('',*,*,#938,.T.);
#940=CARTESIAN_POINT('',(-2.012995765654,-1.115458671336,0.150000000000));
#941=VERTEX_POINT('',#940);
#942=CARTESIAN_POINT('',(-2.049315005633,-1.044178149401,0.150000000000));
#943=LINE('',#942,#686);
#944=EDGE_CURVE('',#935,#941,#943,.T.);
#945=ORIENTED_EDGE('',*,*,#944,.T.);
#946=CARTESIAN_POINT('',(-1.869101909765,-1.042141089735,0.150000000000));
#947=VERTEX_POINT('',#946);
#948=CARTESIAN_POINT('',(0.036319239979,-0.071280521935,0.150000000000));
#949=DIRECTION('',(0.891006524188,0.453990499740,0.000000000000));
#950=VECTOR('',#949,1.0);
#951=LINE('',#948,#950);
#952=EDGE_CURVE('',#941,#947,#951,.T.);
#953=ORIENTED_EDGE('',*,*,#952,.T.);
#954=CARTESIAN_POINT('',(-1.777109020157,-1.192259841846,0.150000000000));
#955=VERTEX_POINT('',#954);
#956=CIRCLE('',#141,2.140000000000);
#957=EDGE_CURVE('',#947,#955,#956,.T.);
#958=ORIENTED_EDGE('',*,*,#957,.T.);
#959=CARTESIAN_POINT('',(-1.907761907246,-1.287184720723,0.150000000000));
#960=VERTEX_POINT('',#959);
#961=CARTESIAN_POINT('',(-0.047022820183,0.064721359550,0.150000000000));
#962=LINE('',#961,#707);
#963=EDGE_CURVE('',#955,#960,#962,.T.);
#964=ORIENTED_EDGE('',*,*,#963,.T.);
#965=CARTESIAN_POINT('',(-1.813716266879,-1.416627439823,0.150000000000));
#966=VERTEX_POINT('',#965);
#967=CARTESIAN_POINT('',(-1.860739087062,-1.351906080273,0.150000000000));
#968=LINE('',#967,#715);
#969=EDGE_CURVE('',#960,#966,#968,.T.);
#970=ORIENTED_EDGE('',*,*,#969,.T.);
#971=CARTESIAN_POINT('',(-1.683063379790,-1.321702560946,0.150000000000));
#972=VERTEX_POINT('',#971);
#973=CARTESIAN_POINT('',(0.047022820183,-0.064721359550,0.150000000000));
#974=DIRECTION('',(0.809016994375,0.587785252292,0.000000000000));
#975=VECTOR('',#974,1.0);
#976=LINE('',#973,#975);
#977=EDGE_CURVE('',#966,#972,#976,.T.);
#978=ORIENTED_EDGE('',*,*,#977,.T.);
#979=CARTESIAN_POINT('',(-1.568719328627,-1.455582243637,0.150000000000));
#980=VERTEX_POINT('',#979);
#981=CIRCLE('',#141,2.140000000000);
#982=EDGE_CURVE('',#972,#980,#981,.T.);
#983=ORIENTED_EDGE('',*,*,#982,.T.);
#984=CARTESIAN_POINT('',(-1.682914139224,-1.569777054234,0.150000000000));
#985=VERTEX_POINT('',#984);
#986=CARTESIAN_POINT('',(-0.056568542495,0.056568542495,0.150000000000));
#987=LINE('',#986,#736);
#988=EDGE_CURVE('',#980,#985,#987,.T.);
#989=ORIENTED_EDGE('',*,*,#988,.T.);
#990=CARTESIAN_POINT('',(-1.569777054234,-1.682914139224,0.150000000000));
#991=VERTEX_POINT('',#990);
#992=CARTESIAN_POINT('',(-1.626345596729,-1.626345596729,0.150000000000));
#993=LINE('',#992,#744);
#994=EDGE_CURVE('',#985,#991,#993,.T.);
#995=ORIENTED_EDGE('',*,*,#994,.T.);
#996=CARTESIAN_POINT('',(-1.455582243637,-1.568719328627,0.150000000000));
#997=VERTEX_POINT('',#996);
#998=CARTESIAN_POINT('',(0.056568542495,-0.056568542495,0.150000000000));
#999=DIRECTION('',(0.707106781187,0.707106781187,0.000000000000));
#1000=VECTOR('',#999,1.0);
#1001=LINE('',#998,#1000);
#1002=EDGE_CURVE('',#991,#997,#1001,.T.);
#1003=ORIENTED_EDGE('',*,*,#1002,.T.);
#1004=CARTESIAN_POINT('',(-1.321702560946,-1.683063379790,0.150000000000));
#1005=VERTEX_POINT('',#1004);
#1006=CIRCLE('',#141,2.140000000000);
#1007=EDGE_CURVE('',#997,#1005,#1006,.T.);
#1008=ORIENTED_EDGE('',*,*,#1007,.T.);
#1009=CARTESIAN_POINT('',(-1.416627439823,-1.813716266879,0.150000000000));
#1010=VERTEX_POINT('',#1009);
#1011=CARTESIAN_POINT('',(-0.064721359550,0.047022820183,0.150000000000));
#1012=LINE('',#1011,#765);
#1013=EDGE_CURVE('',#1005,#1010,#1012,.T.);
#1014=ORIENTED_EDGE('',*,*,#1013,.T.);
#1015=CARTESIAN_POINT('',(-1.287184720723,-1.907761907246,0.150000000000));
#1016=VERTEX_POINT('',#1015);
#1017=CARTESIAN_POINT('',(-1.351906080273,-1.860739087062,0.150000000000));
#1018=LINE('',#1017,#773);
#1019=EDGE_CURVE('',#1010,#1016,#1018,.T.);
#1020=ORIENTED_EDGE('',*,*,#1019,.T.);
#1021=CARTESIAN_POINT('',(-1.192259841846,-1.777109020157,0.150000000000));
#1022=VERTEX_POINT('',#1021);
#1023=CARTESIAN_POINT('',(0.064721359550,-0.047022820183,0.150000000000));
#1024=DIRECTION('',(0.587785252292,0.809016994375,0.000000000000));
#1025=VECTOR('',#1024,1.0);
#1026=LINE('',#1023,#1025);
#1027=EDGE_CURVE('',#1016,#1022,#1026,.T.);
#1028=ORIENTED_EDGE('',*,*,#1027,.T.);
#1029=CARTESIAN_POINT('',(-1.042141089735,-1.869101909765,0.150000000000));
#1030=VERTEX_POINT('',#1029);
#1031=CIRCLE('',#141,2.140000000000);
#1032=EDGE_CURVE('',#1022,#1030,#1031,.T.);
#1033=ORIENTED_EDGE('',*,*,#1032,.T.);
#1034=CARTESIAN_POINT('',(-1.115458671336,-2.012995765654,0.150000000000));
#1035=VERTEX_POINT('',#1034);
#1036=CARTESIAN_POINT('',(-0.071280521935,0.036319239979,0.150000000000));
#1037=LINE('',#1036,#794);
#1038=EDGE_CURVE('',#1030,#1035,#1037,.T.);
#1039=ORIENTED_EDGE('',*,*,#1038,.T.);
#1040=CARTESIAN_POINT('',(-0.972897627466,-2.085634245612,0.150000000000));
#1041=VERTEX_POINT('',#1040);
#1042=CARTESIAN_POINT('',(-1.044178149401,-2.049315005633,0.150000000000));
#1043=LINE('',#1042,#802);
#1044=EDGE_CURVE('',#1035,#1041,#1043,.T.);
#1045=ORIENTED_EDGE('',*,*,#1044,.T.);
#1046=CARTESIAN_POINT('',(-0.899580045864,-1.941740389723,0.150000000000));
#1047=VERTEX_POINT('',#1046);
#1048=CARTESIAN_POINT('',(0.071280521935,-0.036319239979,0.150000000000));
#1049=DIRECTION('',(0.453990499740,0.891006524188,0.000000000000));
#1050=VECTOR('',#1049,1.0);
#1051=LINE('',#1048,#1050);
#1052=EDGE_CURVE('',#1041,#1047,#1051,.T.);
#1053=ORIENTED_EDGE('',*,*,#1052,.T.);
#1054=CIRCLE('',#141,2.140000000000);
#1055=EDGE_CURVE('',#1047,#67,#1054,.T.);
#1056=ORIENTED_EDGE('',*,*,#1055,.T.);
#1057=ORIENTED_EDGE('',*,*,#69,.F.);
#1058=CARTESIAN_POINT('',(-0.710739087062,-2.187429987479,0.150000000000));
#1059=LINE('',#1058,#19);
#1060=EDGE_CURVE('',#65,#97,#1059,.T.);
#1061=ORIENTED_EDGE('',*,*,#1060,.T.);
#1062=ORIENTED_EDGE('',*,*,#100,.F.);
#1063=CARTESIAN_POINT('',(-0.413550819955,-2.099660858166,0.150000000000));
#1064=VERTEX_POINT('',#1063);
#1065=CIRCLE('',#141,2.140000000000);
#1066=EDGE_CURVE('',#95,#1064,#1065,.T.);
#1067=ORIENTED_EDGE('',*,*,#1066,.T.);
#1068=CARTESIAN_POINT('',(-0.438814336840,-2.259168426166,0.150000000000));
#1069=VERTEX_POINT('',#1068);
#1070=LINE('',#569,#571);
#1071=EDGE_CURVE('',#1064,#1069,#1070,.T.);
#1072=ORIENTED_EDGE('',*,*,#1071,.T.);
#1073=CARTESIAN_POINT('',(-0.280784202345,-2.284197940572,0.150000000000));
#1074=VERTEX_POINT('',#1073);
#1075=CARTESIAN_POINT('',(-0.359799269593,-2.271683183369,0.150000000000));
#1076=LINE('',#1075,#850);
#1077=EDGE_CURVE('',#1069,#1074,#1076,.T.);
#1078=ORIENTED_EDGE('',*,*,#1077,.T.);
#1079=CARTESIAN_POINT('',(-0.255520685460,-2.124690372572,0.150000000000));
#1080=VERTEX_POINT('',#1079);
#1081=LINE('',#553,#555);
#1082=EDGE_CURVE('',#1074,#1080,#1081,.T.);
#1083=ORIENTED_EDGE('',*,*,#1082,.T.);
#1084=CARTESIAN_POINT('',(-0.080000000000,-2.138504150101,0.150000000000));
#1085=VERTEX_POINT('',#1084);
#1086=CIRCLE('',#141,2.140000000000);
#1087=EDGE_CURVE('',#1080,#1085,#1086,.T.);
#1088=ORIENTED_EDGE('',*,*,#1087,.T.);
#1089=CARTESIAN_POINT('',(-0.080000000000,-2.300000000000,0.150000000000));
#1090=VERTEX_POINT('',#1089);
#1091=LINE('',#597,#599);
#1092=EDGE_CURVE('',#1085,#1090,#1091,.T.);
#1093=ORIENTED_EDGE('',*,*,#1092,.T.);
#1094=CARTESIAN_POINT('',(0.080000000000,-2.300000000000,0.150000000000));
#1095=VERTEX_POINT('',#1094);
#1096=CARTESIAN_POINT('',(0.000000000000,-2.300000000000,0.150000000000));
#1097=LINE('',#1096,#875);
#1098=EDGE_CURVE('',#1090,#1095,#1097,.T.);
#1099=ORIENTED_EDGE('',*,*,#1098,.T.);
#1100=CARTESIAN_POINT('',(0.080000000000,-2.138504150101,0.150000000000));
#1101=VERTEX_POINT('',#1100);
#1102=LINE('',#582,#583);
#1103=EDGE_CURVE('',#1095,#1101,#1102,.T.);
#1104=ORIENTED_EDGE('',*,*,#1103,.T.);
#1105=CARTESIAN_POINT('',(0.255520685460,-2.124690372572,0.150000000000));
#1106=VERTEX_POINT('',#1105);
#1107=CIRCLE('',#141,2.140000000000);
#1108=EDGE_CURVE('',#1101,#1106,#1107,.T.);
#1109=ORIENTED_EDGE('',*,*,#1108,.T.);
#1110=CARTESIAN_POINT('',(0.280784202345,-2.284197940572,0.150000000000));
#1111=VERTEX_POINT('',#1110);
#1112=LINE('',#626,#628);
#1113=EDGE_CURVE('',#1106,#1111,#1112,.T.);
#1114=ORIENTED_EDGE('',*,*,#1113,.T.);
#1115=CARTESIAN_POINT('',(0.438814336840,-2.259168426166,0.150000000000));
#1116=VERTEX_POINT('',#1115);
#1117=CARTESIAN_POINT('',(0.359799269593,-2.271683183369,0.150000000000));
#1118=LINE('',#1117,#900);
#1119=EDGE_CURVE('',#1111,#1116,#1118,.T.);
#1120=ORIENTED_EDGE('',*,*,#1119,.T.);
#1121=CARTESIAN_POINT('',(0.413550819955,-2.099660858166,0.150000000000));
#1122=VERTEX_POINT('',#1121);
#1123=LINE('',#610,#612);
#1124=EDGE_CURVE('',#1116,#1122,#1123,.T.);
#1125=ORIENTED_EDGE('',*,*,#1124,.T.);
#1126=CARTESIAN_POINT('',(0.584749603619,-2.058559666628,0.150000000000));
#1127=VERTEX_POINT('',#1126);
#1128=CIRCLE('',#141,2.140000000000);
#1129=EDGE_CURVE('',#1122,#1127,#1128,.T.);
#1130=ORIENTED_EDGE('',*,*,#1129,.T.);
#1131=CARTESIAN_POINT('',(0.634654565759,-2.212151347029,0.150000000000));
#1132=VERTEX_POINT('',#1131);
#1133=LINE('',#655,#657);
#1134=EDGE_CURVE('',#1127,#1132,#1133,.T.);
#1135=ORIENTED_EDGE('',*,*,#1134,.T.);
#1136=CARTESIAN_POINT('',(0.786823608366,-2.162708627929,0.150000000000));
#1137=VERTEX_POINT('',#1136);
#1138=CARTESIAN_POINT('',(0.710739087062,-2.187429987479,0.150000000000));
#1139=LINE('',#1138,#925);
#1140=EDGE_CURVE('',#1132,#1137,#1139,.T.);
#1141=ORIENTED_EDGE('',*,*,#1140,.T.);
#1142=CARTESIAN_POINT('',(0.736918646226,-2.009116947528,0.150000000000));
#1143=VERTEX_POINT('',#1142);
#1144=LINE('',#639,#641);
#1145=EDGE_CURVE('',#1137,#1143,#1144,.T.);
#1146=ORIENTED_EDGE('',*,*,#1145,.T.);
#1147=CARTESIAN_POINT('',(0.899580045864,-1.941740389723,0.150000000000));
#1148=VERTEX_POINT('',#1147);
#1149=CIRCLE('',#141,2.140000000000);
#1150=EDGE_CURVE('',#1143,#1148,#1149,.T.);
#1151=ORIENTED_EDGE('',*,*,#1150,.T.);
#1152=CARTESIAN_POINT('',(0.972897627466,-2.085634245612,0.150000000000));
#1153=VERTEX_POINT('',#1152);
#1154=LINE('',#684,#686);
#1155=EDGE_CURVE('',#1148,#1153,#1154,.T.);
#1156=ORIENTED_EDGE('',*,*,#1155,.T.);
#1157=CARTESIAN_POINT('',(1.115458671336,-2.012995765654,0.150000000000));
#1158=VERTEX_POINT('',#1157);
#1159=CARTESIAN_POINT('',(1.044178149401,-2.049315005633,0.150000000000));
#1160=LINE('',#1159,#950);
#1161=EDGE_CURVE('',#1153,#1158,#1160,.T.);
#1162=ORIENTED_EDGE('',*,*,#1161,.T.);
#1163=CARTESIAN_POINT('',(1.042141089735,-1.869101909765,0.150000000000));
#1164=VERTEX_POINT('',#1163);
#1165=LINE('',#668,#670);
#1166=EDGE_CURVE('',#1158,#1164,#1165,.T.);
#1167=ORIENTED_EDGE('',*,*,#1166,.T.);
#1168=CARTESIAN_POINT('',(1.192259841846,-1.777109020157,0.150000000000));
#1169=VERTEX_POINT('',#1168);
#1170=CIRCLE('',#141,2.140000000000);
#1171=EDGE_CURVE('',#1164,#1169,#1170,.T.);
#1172=ORIENTED_EDGE('',*,*,#1171,.T.);
#1173=CARTESIAN_POINT('',(1.287184720723,-1.907761907246,0.150000000000));
#1174=VERTEX_POINT('',#1173);
#1175=LINE('',#713,#715);
#1176=EDGE_CURVE('',#1169,#1174,#1175,.T.);
#1177=ORIENTED_EDGE('',*,*,#1176,.T.);
#1178=CARTESIAN_POINT('',(1.416627439823,-1.813716266879,0.150000000000));
#1179=VERTEX_POINT('',#1178);
#1180=CARTESIAN_POINT('',(1.351906080273,-1.860739087062,0.150000000000));
#1181=LINE('',#1180,#975);
#1182=EDGE_CURVE('',#1174,#1179,#1181,.T.);
#1183=ORIENTED_EDGE('',*,*,#1182,.T.);
#1184=CARTESIAN_POINT('',(1.321702560946,-1.683063379790,0.150000000000));
#1185=VERTEX_POINT('',#1184);
#1186=LINE('',#697,#699);
#1187=EDGE_CURVE('',#1179,#1185,#1186,.T.);
#1188=ORIENTED_EDGE('',*,*,#1187,.T.);
#1189=CARTESIAN_POINT('',(1.455582243637,-1.568719328627,0.150000000000));
#1190=VERTEX_POINT('',#1189);
#1191=CIRCLE('',#141,2.140000000000);
#1192=EDGE_CURVE('',#1185,#1190,#1191,.T.);
#1193=ORIENTED_EDGE('',*,*,#1192,.T.);
#1194=CARTESIAN_POINT('',(1.569777054234,-1.682914139224,0.150000000000));
#1195=VERTEX_POINT('',#1194);
#1196=LINE('',#742,#744);
#1197=EDGE_CURVE('',#1190,#1195,#1196,.T.);
#1198=ORIENTED_EDGE('',*,*,#1197,.T.);
#1199=CARTESIAN_POINT('',(1.682914139224,-1.569777054234,0.150000000000));
#1200=VERTEX_POINT('',#1199);
#1201=CARTESIAN_POINT('',(1.626345596729,-1.626345596729,0.150000000000));
#1202=LINE('',#1201,#1000);
#1203=EDGE_CURVE('',#1195,#1200,#1202,.T.);
#1204=ORIENTED_EDGE('',*,*,#1203,.T.);
#1205=CARTESIAN_POINT('',(1.568719328627,-1.455582243637,0.150000000000));
#1206=VERTEX_POINT('',#1205);
#1207=LINE('',#726,#728);
#1208=EDGE_CURVE('',#1200,#1206,#1207,.T.);
#1209=ORIENTED_EDGE('',*,*,#1208,.T.);
#1210=CARTESIAN_POINT('',(1.683063379790,-1.321702560946,0.150000000000));
#1211=VERTEX_POINT('',#1210);
#1212=CIRCLE('',#141,2.140000000000);
#1213=EDGE_CURVE('',#1206,#1211,#1212,.T.);
#1214=ORIENTED_EDGE('',*,*,#1213,.T.);
#1215=CARTESIAN_POINT('',(1.813716266879,-1.416627439823,0.150000000000));
#1216=VERTEX_POINT('',#1215);
#1217=LINE('',#771,#773);
#1218=EDGE_CURVE('',#1211,#1216,#1217,.T.);
#1219=ORIENTED_EDGE('',*,*,#1218,.T.);
#1220=CARTESIAN_POINT('',(1.907761907246,-1.287184720723,0.150000000000));
#1221=VERTEX_POINT('',#1220);
#1222=CARTESIAN_POINT('',(1.860739087062,-1.351906080273,0.150000000000));
#1223=LINE('',#1222,#1025);
#1224=EDGE_CURVE('',#1216,#1221,#1223,.T.);
#1225=ORIENTED_EDGE('',*,*,#1224,.T.);
#1226=CARTESIAN_POINT('',(1.777109020157,-1.192259841846,0.150000000000));
#1227=VERTEX_POINT('',#1226);
#1228=LINE('',#755,#757);
#1229=EDGE_CURVE('',#1221,#1227,#1228,.T.);
#1230=ORIENTED_EDGE('',*,*,#1229,.T.);
#1231=CARTESIAN_POINT('',(1.869101909765,-1.042141089735,0.150000000000));
#1232=VERTEX_POINT('',#1231);
#1233=CIRCLE('',#141,2.140000000000);
#1234=EDGE_CURVE('',#1227,#1232,#1233,.T.);
#1235=ORIENTED_EDGE('',*,*,#1234,.T.);
#1236=CARTESIAN_POINT('',(2.012995765654,-1.115458671336,0.150000000000));
#1237=VERTEX_POINT('',#1236);
#1238=LINE('',#800,#802);
#1239=EDGE_CURVE('',#1232,#1237,#1238,.T.);
#1240=ORIENTED_EDGE('',*,*,#1239,.T.);
#1241=CARTESIAN_POINT('',(2.085634245612,-0.972897627466,0.150000000000));
#1242=VERTEX_POINT('',#1241);
#1243=CARTESIAN_POINT('',(2.049315005633,-1.044178149401,0.150000000000));
#1244=LINE('',#1243,#1050);
#1245=EDGE_CURVE('',#1237,#1242,#1244,.T.);
#1246=ORIENTED_EDGE('',*,*,#1245,.T.);
#1247=CARTESIAN_POINT('',(1.941740389723,-0.899580045864,0.150000000000));
#1248=VERTEX_POINT('',#1247);
#1249=LINE('',#784,#786);
#1250=EDGE_CURVE('',#1242,#1248,#1249,.T.);
#1251=ORIENTED_EDGE('',*,*,#1250,.T.);
#1252=CARTESIAN_POINT('',(2.009116947528,-0.736918646226,0.150000000000));
#1253=VERTEX_POINT('',#1252);
#1254=CIRCLE('',#141,2.140000000000);
#1255=EDGE_CURVE('',#1248,#1253,#1254,.T.);
#1256=ORIENTED_EDGE('',*,*,#1255,.T.);
#1257=CARTESIAN_POINT('',(2.162708627929,-0.786823608366,0.150000000000));
#1258=VERTEX_POINT('',#1257);
#1259=LINE('',#825,#19);
#1260=EDGE_CURVE('',#1253,#1258,#1259,.T.);
#1261=ORIENTED_EDGE('',*,*,#1260,.T.);
#1262=CARTESIAN_POINT('',(2.212151347029,-0.634654565759,0.150000000000));
#1263=VERTEX_POINT('',#1262);
#1264=CARTESIAN_POINT('',(2.187429987479,-0.710739087062,0.150000000000));
#1265=LINE('',#1264,#59);
#1266=EDGE_CURVE('',#1258,#1263,#1265,.T.);
#1267=ORIENTED_EDGE('',*,*,#1266,.T.);
#1268=CARTESIAN_POINT('',(2.058559666628,-0.584749603619,0.150000000000));
#1269=VERTEX_POINT('',#1268);
#1270=LINE('',#813,#33);
#1271=EDGE_CURVE('',#1263,#1269,#1270,.T.);
#1272=ORIENTED_EDGE('',*,*,#1271,.T.);
#1273=CARTESIAN_POINT('',(2.099660858166,-0.413550819955,0.150000000000));
#1274=VERTEX_POINT('',#1273);
#1275=CIRCLE('',#141,2.140000000000);
#1276=EDGE_CURVE('',#1269,#1274,#1275,.T.);
#1277=ORIENTED_EDGE('',*,*,#1276,.T.);
#1278=CARTESIAN_POINT('',(2.259168426166,-0.438814336840,0.150000000000));
#1279=VERTEX_POINT('',#1278);
#1280=LINE('',#848,#850);
#1281=EDGE_CURVE('',#1274,#1279,#1280,.T.);
#1282=ORIENTED_EDGE('',*,*,#1281,.T.);
#1283=CARTESIAN_POINT('',(2.284197940572,-0.280784202345,0.150000000000));
#1284=VERTEX_POINT('',#1283);
#1285=CARTESIAN_POINT('',(2.271683183369,-0.359799269593,0.150000000000));
#1286=LINE('',#1285,#555);
#1287=EDGE_CURVE('',#1279,#1284,#1286,.T.);
#1288=ORIENTED_EDGE('',*,*,#1287,.T.);
#1289=CARTESIAN_POINT('',(2.124690372572,-0.255520685460,0.150000000000));
#1290=VERTEX_POINT('',#1289);
#1291=LINE('',#836,#563);
#1292=EDGE_CURVE('',#1284,#1290,#1291,.T.);
#1293=ORIENTED_EDGE('',*,*,#1292,.T.);
#1294=CARTESIAN_POINT('',(2.138504150101,-0.080000000000,0.150000000000));
#1295=VERTEX_POINT('',#1294);
#1296=CIRCLE('',#141,2.140000000000);
#1297=EDGE_CURVE('',#1290,#1295,#1296,.T.);
#1298=ORIENTED_EDGE('',*,*,#1297,.T.);
#1299=CARTESIAN_POINT('',(2.300000000000,-0.080000000000,0.150000000000));
#1300=VERTEX_POINT('',#1299);
#1301=LINE('',#873,#875);
#1302=EDGE_CURVE('',#1295,#1300,#1301,.T.);
#1303=ORIENTED_EDGE('',*,*,#1302,.T.);
#1304=CARTESIAN_POINT('',(2.300000000000,0.080000000000,0.150000000000));
#1305=VERTEX_POINT('',#1304);
#1306=CARTESIAN_POINT('',(2.300000000000,0.000000000000,0.150000000000));
#1307=LINE('',#1306,#583);
#1308=EDGE_CURVE('',#1300,#1305,#1307,.T.);
#1309=ORIENTED_EDGE('',*,*,#1308,.T.);
#1310=CARTESIAN_POINT('',(2.138504150101,0.080000000000,0.150000000000));
#1311=VERTEX_POINT('',#1310);
#1312=LINE('',#861,#591);
#1313=EDGE_CURVE('',#1305,#1311,#1312,.T.);
#1314=ORIENTED_EDGE('',*,*,#1313,.T.);
#1315=CARTESIAN_POINT('',(2.124690372572,0.255520685460,0.150000000000));
#1316=VERTEX_POINT('',#1315);
#1317=CIRCLE('',#141,2.140000000000);
#1318=EDGE_CURVE('',#1311,#1316,#1317,.T.);
#1319=ORIENTED_EDGE('',*,*,#1318,.T.);
#1320=CARTESIAN_POINT('',(2.284197940572,0.280784202345,0.150000000000));
#1321=VERTEX_POINT('',#1320);
#1322=LINE('',#898,#900);
#1323=EDGE_CURVE('',#1316,#1321,#1322,.T.);
#1324=ORIENTED_EDGE('',*,*,#1323,.T.);
#1325=CARTESIAN_POINT('',(2.259168426166,0.438814336840,0.150000000000));
#1326=VERTEX_POINT('',#1325);
#1327=CARTESIAN_POINT('',(2.271683183369,0.359799269593,0.150000000000));
#1328=LINE('',#1327,#612);
#1329=EDGE_CURVE('',#1321,#1326,#1328,.T.);
#1330=ORIENTED_EDGE('',*,*,#1329,.T.);
#1331=CARTESIAN_POINT('',(2.099660858166,0.413550819955,0.150000000000));
#1332=VERTEX_POINT('',#1331);
#1333=LINE('',#886,#620);
#1334=EDGE_CURVE('',#1326,#1332,#1333,.T.);
#1335=ORIENTED_EDGE('',*,*,#1334,.T.);
#1336=CARTESIAN_POINT('',(2.058559666628,0.584749603619,0.150000000000));
#1337=VERTEX_POINT('',#1336);
#1338=CIRCLE('',#141,2.140000000000);
#1339=EDGE_CURVE('',#1332,#1337,#1338,.T.);
#1340=ORIENTED_EDGE('',*,*,#1339,.T.);
#1341=CARTESIAN_POINT('',(2.212151347029,0.634654565759,0.150000000000));
#1342=VERTEX_POINT('',#1341);
#1343=LINE('',#923,#925);
#1344=EDGE_CURVE('',#1337,#1342,#1343,.T.);
#1345=ORIENTED_EDGE('',*,*,#1344,.T.);
#1346=CARTESIAN_POINT('',(2.162708627929,0.786823608366,0.150000000000));
#1347=VERTEX_POINT('',#1346);
#1348=CARTESIAN_POINT('',(2.187429987479,0.710739087062,0.150000000000));
#1349=LINE('',#1348,#641);
#1350=EDGE_CURVE('',#1342,#1347,#1349,.T.);
#1351=ORIENTED_EDGE('',*,*,#1350,.T.);
#1352=CARTESIAN_POINT('',(2.009116947528,0.736918646226,0.150000000000));
#1353=VERTEX_POINT('',#1352);
#1354=LINE('',#911,#649);
#1355=EDGE_CURVE('',#1347,#1353,#1354,.T.);
#1356=ORIENTED_EDGE('',*,*,#1355,.T.);
#1357=CARTESIAN_POINT('',(1.941740389723,0.899580045864,0.150000000000));
#1358=VERTEX_POINT('',#1357);
#1359=CIRCLE('',#141,2.140000000000);
#1360=EDGE_CURVE('',#1353,#1358,#1359,.T.);
#1361=ORIENTED_EDGE('',*,*,#1360,.T.);
#1362=CARTESIAN_POINT('',(2.085634245612,0.972897627466,0.150000000000));
#1363=VERTEX_POINT('',#1362);
#1364=LINE('',#948,#950);
#1365=EDGE_CURVE('',#1358,#1363,#1364,.T.);
#1366=ORIENTED_EDGE('',*,*,#1365,.T.);
#1367=CARTESIAN_POINT('',(2.012995765654,1.115458671336,0.150000000000));
#1368=VERTEX_POINT('',#1367);
#1369=CARTESIAN_POINT('',(2.049315005633,1.044178149401,0.150000000000));
#1370=LINE('',#1369,#670);
#1371=EDGE_CURVE('',#1363,#1368,#1370,.T.);
#1372=ORIENTED_EDGE('',*,*,#1371,.T.);
#1373=CARTESIAN_POINT('',(1.869101909765,1.042141089735,0.150000000000));
#1374=VERTEX_POINT('',#1373);
#1375=LINE('',#936,#678);
#1376=EDGE_CURVE('',#1368,#1374,#1375,.T.);
#1377=ORIENTED_EDGE('',*,*,#1376,.T.);
#1378=CARTESIAN_POINT('',(1.777109020157,1.192259841846,0.150000000000));
#1379=VERTEX_POINT('',#1378);
#1380=CIRCLE('',#141,2.140000000000);
#1381=EDGE_CURVE('',#1374,#1379,#1380,.T.);
#1382=ORIENTED_EDGE('',*,*,#1381,.T.);
#1383=CARTESIAN_POINT('',(1.907761907246,1.287184720723,0.150000000000));
#1384=VERTEX_POINT('',#1383);
#1385=LINE('',#973,#975);
#1386=EDGE_CURVE('',#1379,#1384,#1385,.T.);
#1387=ORIENTED_EDGE('',*,*,#1386,.T.);
#1388=CARTESIAN_POINT('',(1.813716266879,1.416627439823,0.150000000000));
#1389=VERTEX_POINT('',#1388);
#1390=CARTESIAN_POINT('',(1.860739087062,1.351906080273,0.150000000000));
#1391=LINE('',#1390,#699);
#1392=EDGE_CURVE('',#1384,#1389,#1391,.T.);
#1393=ORIENTED_EDGE('',*,*,#1392,.T.);
#1394=CARTESIAN_POINT('',(1.683063379790,1.321702560946,0.150000000000));
#1395=VERTEX_POINT('',#1394);
#1396=LINE('',#961,#707);
#1397=EDGE_CURVE('',#1389,#1395,#1396,.T.);
#1398=ORIENTED_EDGE('',*,*,#1397,.T.);
#1399=CARTESIAN_POINT('',(1.568719328627,1.455582243637,0.150000000000));
#1400=VERTEX_POINT('',#1399);
#1401=CIRCLE('',#141,2.140000000000);
#1402=EDGE_CURVE('',#1395,#1400,#1401,.T.);
#1403=ORIENTED_EDGE('',*,*,#1402,.T.);
#1404=CARTESIAN_POINT('',(1.682914139224,1.569777054234,0.150000000000));
#1405=VERTEX_POINT('',#1404);
#1406=LINE('',#998,#1000);
#1407=EDGE_CURVE('',#1400,#1405,#1406,.T.);
#1408=ORIENTED_EDGE('',*,*,#1407,.T.);
#1409=CARTESIAN_POINT('',(1.569777054234,1.682914139224,0.150000000000));
#1410=VERTEX_POINT('',#1409);
#1411=CARTESIAN_POINT('',(1.626345596729,1.626345596729,0.150000000000));
#1412=LINE('',#1411,#728);
#1413=EDGE_CURVE('',#1405,#1410,#1412,.T.);
#1414=ORIENTED_EDGE('',*,*,#1413,.T.);
#1415=CARTESIAN_POINT('',(1.455582243637,1.568719328627,0.150000000000));
#1416=VERTEX_POINT('',#1415);
#1417=LINE('',#986,#736);
#1418=EDGE_CURVE('',#1410,#1416,#1417,.T.);
#1419=ORIENTED_EDGE('',*,*,#1418,.T.);
#1420=CARTESIAN_POINT('',(1.321702560946,1.683063379790,0.150000000000));
#1421=VERTEX_POINT('',#1420);
#1422=CIRCLE('',#141,2.140000000000);
#1423=EDGE_CURVE('',#1416,#1421,#1422,.T.);
#1424=ORIENTED_EDGE('',*,*,#1423,.T.);
#1425=CARTESIAN_POINT('',(1.416627439823,1.813716266879,0.150000000000));
#1426=VERTEX_POINT('',#1425);
#1427=LINE('',#1023,#1025);
#1428=EDGE_CURVE('',#1421,#1426,#1427,.T.);
#1429=ORIENTED_EDGE('',*,*,#1428,.T.);
#1430=CARTESIAN_POINT('',(1.287184720723,1.907761907246,0.150000000000));
#1431=VERTEX_POINT('',#1430);
#1432=CARTESIAN_POINT('',(1.351906080273,1.860739087062,0.150000000000));
#1433=LINE('',#1432,#757);
#1434=EDGE_CURVE('',#1426,#1431,#1433,.T.);
#1435=ORIENTED_EDGE('',*,*,#1434,.T.);
#1436=CARTESIAN_POINT('',(1.192259841846,1.777109020157,0.150000000000));
#1437=VERTEX_POINT('',#1436);
#1438=LINE('',#1011,#765);
#1439=EDGE_CURVE('',#1431,#1437,#1438,.T.);
#1440=ORIENTED_EDGE('',*,*,#1439,.T.);
#1441=CARTESIAN_POINT('',(1.042141089735,1.869101909765,0.150000000000));
#1442=VERTEX_POINT('',#1441);
#1443=CIRCLE('',#141,2.140000000000);
#1444=EDGE_CURVE('',#1437,#1442,#1443,.T.);
#1445=ORIENTED_EDGE('',*,*,#1444,.T.);
#1446=CARTESIAN_POINT('',(1.115458671336,2.012995765654,0.150000000000));
#1447=VERTEX_POINT('',#1446);
#1448=LINE('',#1048,#1050);
#1449=EDGE_CURVE('',#1442,#1447,#1448,.T.);
#1450=ORIENTED_EDGE('',*,*,#1449,.T.);
#1451=CARTESIAN_POINT('',(0.972897627466,2.085634245612,0.150000000000));
#1452=VERTEX_POINT('',#1451);
#1453=CARTESIAN_POINT('',(1.044178149401,2.049315005633,0.150000000000));
#1454=LINE('',#1453,#786);
#1455=EDGE_CURVE('',#1447,#1452,#1454,.T.);
#1456=ORIENTED_EDGE('',*,*,#1455,.T.);
#1457=CARTESIAN_POINT('',(0.899580045864,1.941740389723,0.150000000000));
#1458=VERTEX_POINT('',#1457);
#1459=LINE('',#1036,#794);
#1460=EDGE_CURVE('',#1452,#1458,#1459,.T.);
#1461=ORIENTED_EDGE('',*,*,#1460,.T.);
#1462=CIRCLE('',#141,2.140000000000);
#1463=EDGE_CURVE('',#1458,#121,#1462,.T.);
#1464=ORIENTED_EDGE('',*,*,#1463,.T.);
#1465=ORIENTED_EDGE('',*,*,#123,.F.);
#1466=EDGE_LOOP('',(#544,#545,#550,#558,#566,#574,#579,#586,#594,#602,#607,#615,#623,#631,#636,#644,#652,#660,#665,#673,#681,#689,#694,#702,#710,#718,#723,#731,#739,#747,#752,#760,#768,#776,#781,#789,#797,#805,#810,#816,#822,#828,#833,#839,#845,#853,#858,#864,#870,#878,#883,#889,#895,#903,#908,#914,#920,#928,#933,#939,#945,#953,#958,#964,#970,#978,#983,#989,#995,#1003,#1008,#1014,#1020,#1028,#1033,#1039,#1045,#1053,#1056,#1057,#1061,#1062,#1067,#1072,#1078,#1083,#1088,#1093,#1099,#1104,#1109,#1114,#1120,#1125,#1130,#1135,#1141,#1146,#1151,#1156,#1162,#1167,#1172,#1177,#1183,#1188,#1193,#1198,#1204,#1209,#1214,#1219,#1225,#1230,#1235,#1240,#1246,#1251,#1256,#1261,#1267,#1272,#1277,#1282,#1288,#1293,#1298,#1303,#1309,#1314,#1319,#1324,#1330,#1335,#1340,#1345,#1351,#1356,#1361,#1366,#1372,#1377,#1382,#1387,#1393,#1398,#1403,#1408,#1414,#1419,#1424,#1429,#1435,#1440,#1445,#1450,#1456,#1461,#1464,#1465));
#1467=FACE_BOUND('',#543,.T.);
#1468=FACE_OUTER_BOUND('',#1466,.T.);
#1469=ADVANCED_FACE('',(#1467,#1468),#142,.T.);
#1470=CARTESIAN_POINT('',(0.000000000000,0.000000000000,-0.150000000000));
#1471=AXIS2_PLACEMENT_3D('',#1470,#26,#598);
#1472=PLANE('',#1471);
#1473=CARTESIAN_POINT('',(-0.037641418402,0.749054820171,-0.150000000000));
#1474=VERTEX_POINT('',#1473);
#1475=CARTESIAN_POINT('',(-0.080000000000,0.745721127500,-0.150000000000));
#1476=VERTEX_POINT('',#1475);
#1477=AXIS2_PLACEMENT_3D('',#1470,#11,#140);
#1478=CIRCLE('',#1477,0.750000000000);
#1479=EDGE_CURVE('',#1474,#1476,#1478,.T.);
#1480=ORIENTED_EDGE('',*,*,#1479,.T.);
#1481=CARTESIAN_POINT('',(-0.154355980158,0.733944297198,-0.150000000000));
#1482=VERTEX_POINT('',#1481);
#1483=CIRCLE('',#1477,0.750000000000);
#1484=EDGE_CURVE('',#1476,#1482,#1483,.T.);
#1485=ORIENTED_EDGE('',*,*,#1484,.T.);
#1486=CARTESIAN_POINT('',(-0.195671552897,0.724025305764,-0.150000000000));
#1487=VERTEX_POINT('',#1486);
#1488=CIRCLE('',#1477,0.750000000000);
#1489=EDGE_CURVE('',#1482,#1487,#1488,.T.);
#1490=ORIENTED_EDGE('',*,*,#1489,.T.);
#1491=CARTESIAN_POINT('',(-0.267269785405,0.700761629807,-0.150000000000));
#1492=VERTEX_POINT('',#1491);
#1493=CIRCLE('',#1477,0.750000000000);
#1494=EDGE_CURVE('',#1487,#1492,#1493,.T.);
#1495=ORIENTED_EDGE('',*,*,#1494,.T.);
#1496=CARTESIAN_POINT('',(-0.306525022766,0.684501578098,-0.150000000000));
#1497=VERTEX_POINT('',#1496);
#1498=CIRCLE('',#1477,0.750000000000);
#1499=EDGE_CURVE('',#1492,#1497,#1498,.T.);
#1500=ORIENTED_EDGE('',*,*,#1499,.T.);
#1501=CARTESIAN_POINT('',(-0.373602521517,0.650323885395,-0.150000000000));
#1502=VERTEX_POINT('',#1501);
#1503=CIRCLE('',#1477,0.750000000000);
#1504=EDGE_CURVE('',#1497,#1502,#1503,.T.);
#1505=ORIENTED_EDGE('',*,*,#1504,.T.);
#1506=CARTESIAN_POINT('',(-0.409830829275,0.628123149849,-0.150000000000));
#1507=VERTEX_POINT('',#1506);
#1508=CIRCLE('',#1477,0.750000000000);
#1509=EDGE_CURVE('',#1502,#1507,#1508,.T.);
#1510=ORIENTED_EDGE('',*,*,#1509,.T.);
#1511=CARTESIAN_POINT('',(-0.470735923634,0.583873008624,-0.150000000000));
#1512=VERTEX_POINT('',#1511);
#1513=CIRCLE('',#1477,0.750000000000);
#1514=EDGE_CURVE('',#1507,#1512,#1513,.T.);
#1515=ORIENTED_EDGE('',*,*,#1514,.T.);
#1516=CARTESIAN_POINT('',(-0.503045240617,0.556278245029,-0.150000000000));
#1517=VERTEX_POINT('',#1516);
#1518=CIRCLE('',#1477,0.750000000000);
#1519=EDGE_CURVE('',#1512,#1517,#1518,.T.);
#1520=ORIENTED_EDGE('',*,*,#1519,.T.);
#1521=CARTESIAN_POINT('',(-0.556278245029,0.503045240617,-0.150000000000));
#1522=VERTEX_POINT('',#1521);
#1523=CIRCLE('',#1477,0.750000000000);
#1524=EDGE_CURVE('',#1517,#1522,#1523,.T.);
#1525=ORIENTED_EDGE('',*,*,#1524,.T.);
#1526=CARTESIAN_POINT('',(-0.583873008624,0.470735923634,-0.150000000000));
#1527=VERTEX_POINT('',#1526);
#1528=CIRCLE('',#1477,0.750000000000);
#1529=EDGE_CURVE('',#1522,#1527,#1528,.T.);
#1530=ORIENTED_EDGE('',*,*,#1529,.T.);
#1531=CARTESIAN_POINT('',(-0.628123149849,0.409830829275,-0.150000000000));
#1532=VERTEX_POINT('',#1531);
#1533=CIRCLE('',#1477,0.750000000000);
#1534=EDGE_CURVE('',#1527,#1532,#1533,.T.);
#1535=ORIENTED_EDGE('',*,*,#1534,.T.);
#1536=CARTESIAN_POINT('',(-0.650323885395,0.373602521517,-0.150000000000));
#1537=VERTEX_POINT('',#1536);
#1538=CIRCLE('',#1477,0.750000000000);
#1539=EDGE_CURVE('',#1532,#1537,#1538,.T.);
#1540=ORIENTED_EDGE('',*,*,#1539,.T.);
#1541=CARTESIAN_POINT('',(-0.684501578098,0.306525022766,-0.150000000000));
#1542=VERTEX_POINT('',#1541);
#1543=CIRCLE('',#1477,0.750000000000);
#1544=EDGE_CURVE('',#1537,#1542,#1543,.T.);
#1545=ORIENTED_EDGE('',*,*,#1544,.T.);
#1546=CARTESIAN_POINT('',(-0.700761629807,0.267269785405,-0.150000000000));
#1547=VERTEX_POINT('',#1546);
#1548=CIRCLE('',#1477,0.750000000000);
#1549=EDGE_CURVE('',#1542,#1547,#1548,.T.);
#1550=ORIENTED_EDGE('',*,*,#1549,.T.);
#1551=CARTESIAN_POINT('',(-0.724025305764,0.195671552897,-0.150000000000));
#1552=VERTEX_POINT('',#1551);
#1553=CIRCLE('',#1477,0.750000000000);
#1554=EDGE_CURVE('',#1547,#1552,#1553,.T.);
#1555=ORIENTED_EDGE('',*,*,#1554,.T.);
#1556=CARTESIAN_POINT('',(-0.733944297198,0.154355980158,-0.150000000000));
#1557=VERTEX_POINT('',#1556);
#1558=CIRCLE('',#1477,0.750000000000);
#1559=EDGE_CURVE('',#1552,#1557,#1558,.T.);
#1560=ORIENTED_EDGE('',*,*,#1559,.T.);
#1561=CARTESIAN_POINT('',(-0.745721127500,0.080000000000,-0.150000000000));
#1562=VERTEX_POINT('',#1561);
#1563=CIRCLE('',#1477,0.750000000000);
#1564=EDGE_CURVE('',#1557,#1562,#1563,.T.);
#1565=ORIENTED_EDGE('',*,*,#1564,.T.);
#1566=CARTESIAN_POINT('',(-0.749054820171,0.037641418402,-0.150000000000));
#1567=VERTEX_POINT('',#1566);
#1568=CIRCLE('',#1477,0.750000000000);
#1569=EDGE_CURVE('',#1562,#1567,#1568,.T.);
#1570=ORIENTED_EDGE('',*,*,#1569,.T.);
#1571=CARTESIAN_POINT('',(-0.749054820171,-0.037641418402,-0.150000000000));
#1572=VERTEX_POINT('',#1571);
#1573=CIRCLE('',#1477,0.750000000000);
#1574=EDGE_CURVE('',#1567,#1572,#1573,.T.);
#1575=ORIENTED_EDGE('',*,*,#1574,.T.);
#1576=CARTESIAN_POINT('',(-0.745721127500,-0.080000000000,-0.150000000000));
#1577=VERTEX_POINT('',#1576);
#1578=CIRCLE('',#1477,0.750000000000);
#1579=EDGE_CURVE('',#1572,#1577,#1578,.T.);
#1580=ORIENTED_EDGE('',*,*,#1579,.T.);
#1581=CARTESIAN_POINT('',(-0.733944297198,-0.154355980158,-0.150000000000));
#1582=VERTEX_POINT('',#1581);
#1583=CIRCLE('',#1477,0.750000000000);
#1584=EDGE_CURVE('',#1577,#1582,#1583,.T.);
#1585=ORIENTED_EDGE('',*,*,#1584,.T.);
#1586=CARTESIAN_POINT('',(-0.724025305764,-0.195671552897,-0.150000000000));
#1587=VERTEX_POINT('',#1586);
#1588=CIRCLE('',#1477,0.750000000000);
#1589=EDGE_CURVE('',#1582,#1587,#1588,.T.);
#1590=ORIENTED_EDGE('',*,*,#1589,.T.);
#1591=CARTESIAN_POINT('',(-0.700761629807,-0.267269785405,-0.150000000000));
#1592=VERTEX_POINT('',#1591);
#1593=CIRCLE('',#1477,0.750000000000);
#1594=EDGE_CURVE('',#1587,#1592,#1593,.T.);
#1595=ORIENTED_EDGE('',*,*,#1594,.T.);
#1596=CARTESIAN_POINT('',(-0.684501578098,-0.306525022766,-0.150000000000));
#1597=VERTEX_POINT('',#1596);
#1598=CIRCLE('',#1477,0.750000000000);
#1599=EDGE_CURVE('',#1592,#1597,#1598,.T.);
#1600=ORIENTED_EDGE('',*,*,#1599,.T.);
#1601=CARTESIAN_POINT('',(-0.650323885395,-0.373602521517,-0.150000000000));
#1602=VERTEX_POINT('',#1601);
#1603=CIRCLE('',#1477,0.750000000000);
#1604=EDGE_CURVE('',#1597,#1602,#1603,.T.);
#1605=ORIENTED_EDGE('',*,*,#1604,.T.);
#1606=CARTESIAN_POINT('',(-0.628123149849,-0.409830829275,-0.150000000000));
#1607=VERTEX_POINT('',#1606);
#1608=CIRCLE('',#1477,0.750000000000);
#1609=EDGE_CURVE('',#1602,#1607,#1608,.T.);
#1610=ORIENTED_EDGE('',*,*,#1609,.T.);
#1611=CARTESIAN_POINT('',(-0.583873008624,-0.470735923634,-0.150000000000));
#1612=VERTEX_POINT('',#1611);
#1613=CIRCLE('',#1477,0.750000000000);
#1614=EDGE_CURVE('',#1607,#1612,#1613,.T.);
#1615=ORIENTED_EDGE('',*,*,#1614,.T.);
#1616=CARTESIAN_POINT('',(-0.556278245029,-0.503045240617,-0.150000000000));
#1617=VERTEX_POINT('',#1616);
#1618=CIRCLE('',#1477,0.750000000000);
#1619=EDGE_CURVE('',#1612,#1617,#1618,.T.);
#1620=ORIENTED_EDGE('',*,*,#1619,.T.);
#1621=CARTESIAN_POINT('',(-0.503045240617,-0.556278245029,-0.150000000000));
#1622=VERTEX_POINT('',#1621);
#1623=CIRCLE('',#1477,0.750000000000);
#1624=EDGE_CURVE('',#1617,#1622,#1623,.T.);
#1625=ORIENTED_EDGE('',*,*,#1624,.T.);
#1626=CARTESIAN_POINT('',(-0.470735923634,-0.583873008624,-0.150000000000));
#1627=VERTEX_POINT('',#1626);
#1628=CIRCLE('',#1477,0.750000000000);
#1629=EDGE_CURVE('',#1622,#1627,#1628,.T.);
#1630=ORIENTED_EDGE('',*,*,#1629,.T.);
#1631=CARTESIAN_POINT('',(-0.409830829275,-0.628123149849,-0.150000000000));
#1632=VERTEX_POINT('',#1631);
#1633=CIRCLE('',#1477,0.750000000000);
#1634=EDGE_CURVE('',#1627,#1632,#1633,.T.);
#1635=ORIENTED_EDGE('',*,*,#1634,.T.);
#1636=CARTESIAN_POINT('',(-0.373602521517,-0.650323885395,-0.150000000000));
#1637=VERTEX_POINT('',#1636);
#1638=CIRCLE('',#1477,0.750000000000);
#1639=EDGE_CURVE('',#1632,#1637,#1638,.T.);
#1640=ORIENTED_EDGE('',*,*,#1639,.T.);
#1641=CARTESIAN_POINT('',(-0.306525022766,-0.684501578098,-0.150000000000));
#1642=VERTEX_POINT('',#1641);
#1643=CIRCLE('',#1477,0.750000000000);
#1644=EDGE_CURVE('',#1637,#1642,#1643,.T.);
#1645=ORIENTED_EDGE('',*,*,#1644,.T.);
#1646=CARTESIAN_POINT('',(-0.267269785405,-0.700761629807,-0.150000000000));
#1647=VERTEX_POINT('',#1646);
#1648=CIRCLE('',#1477,0.750000000000);
#1649=EDGE_CURVE('',#1642,#1647,#1648,.T.);
#1650=ORIENTED_EDGE('',*,*,#1649,.T.);
#1651=CARTESIAN_POINT('',(-0.195671552897,-0.724025305764,-0.150000000000));
#1652=VERTEX_POINT('',#1651);
#1653=CIRCLE('',#1477,0.750000000000);
#1654=EDGE_CURVE('',#1647,#1652,#1653,.T.);
#1655=ORIENTED_EDGE('',*,*,#1654,.T.);
#1656=CARTESIAN_POINT('',(-0.154355980158,-0.733944297198,-0.150000000000));
#1657=VERTEX_POINT('',#1656);
#1658=CIRCLE('',#1477,0.750000000000);
#1659=EDGE_CURVE('',#1652,#1657,#1658,.T.);
#1660=ORIENTED_EDGE('',*,*,#1659,.T.);
#1661=CARTESIAN_POINT('',(-0.080000000000,-0.745721127500,-0.150000000000));
#1662=VERTEX_POINT('',#1661);
#1663=CIRCLE('',#1477,0.750000000000);
#1664=EDGE_CURVE('',#1657,#1662,#1663,.T.);
#1665=ORIENTED_EDGE('',*,*,#1664,.T.);
#1666=CARTESIAN_POINT('',(-0.037641418402,-0.749054820171,-0.150000000000));
#1667=VERTEX_POINT('',#1666);
#1668=CIRCLE('',#1477,0.750000000000);
#1669=EDGE_CURVE('',#1662,#1667,#1668,.T.);
#1670=ORIENTED_EDGE('',*,*,#1669,.T.);
#1671=CARTESIAN_POINT('',(0.037641418402,-0.749054820171,-0.150000000000));
#1672=VERTEX_POINT('',#1671);
#1673=CIRCLE('',#1477,0.750000000000);
#1674=EDGE_CURVE('',#1667,#1672,#1673,.T.);
#1675=ORIENTED_EDGE('',*,*,#1674,.T.);
#1676=CARTESIAN_POINT('',(0.080000000000,-0.745721127500,-0.150000000000));
#1677=VERTEX_POINT('',#1676);
#1678=CIRCLE('',#1477,0.750000000000);
#1679=EDGE_CURVE('',#1672,#1677,#1678,.T.);
#1680=ORIENTED_EDGE('',*,*,#1679,.T.);
#1681=CARTESIAN_POINT('',(0.154355980158,-0.733944297198,-0.150000000000));
#1682=VERTEX_POINT('',#1681);
#1683=CIRCLE('',#1477,0.750000000000);
#1684=EDGE_CURVE('',#1677,#1682,#1683,.T.);
#1685=ORIENTED_EDGE('',*,*,#1684,.T.);
#1686=CARTESIAN_POINT('',(0.195671552897,-0.724025305764,-0.150000000000));
#1687=VERTEX_POINT('',#1686);
#1688=CIRCLE('',#1477,0.750000000000);
#1689=EDGE_CURVE('',#1682,#1687,#1688,.T.);
#1690=ORIENTED_EDGE('',*,*,#1689,.T.);
#1691=CARTESIAN_POINT('',(0.267269785405,-0.700761629807,-0.150000000000));
#1692=VERTEX_POINT('',#1691);
#1693=CIRCLE('',#1477,0.750000000000);
#1694=EDGE_CURVE('',#1687,#1692,#1693,.T.);
#1695=ORIENTED_EDGE('',*,*,#1694,.T.);
#1696=CARTESIAN_POINT('',(0.306525022766,-0.684501578098,-0.150000000000));
#1697=VERTEX_POINT('',#1696);
#1698=CIRCLE('',#1477,0.750000000000);
#1699=EDGE_CURVE('',#1692,#1697,#1698,.T.);
#1700=ORIENTED_EDGE('',*,*,#1699,.T.);
#1701=CARTESIAN_POINT('',(0.373602521517,-0.650323885395,-0.150000000000));
#1702=VERTEX_POINT('',#1701);
#1703=CIRCLE('',#1477,0.750000000000);
#1704=EDGE_CURVE('',#1697,#1702,#1703,.T.);
#1705=ORIENTED_EDGE('',*,*,#1704,.T.);
#1706=CARTESIAN_POINT('',(0.409830829275,-0.628123149849,-0.150000000000));
#1707=VERTEX_POINT('',#1706);
#1708=CIRCLE('',#1477,0.750000000000);
#1709=EDGE_CURVE('',#1702,#1707,#1708,.T.);
#1710=ORIENTED_EDGE('',*,*,#1709,.T.);
#1711=CARTESIAN_POINT('',(0.470735923634,-0.583873008624,-0.150000000000));
#1712=VERTEX_POINT('',#1711);
#1713=CIRCLE('',#1477,0.750000000000);
#1714=EDGE_CURVE('',#1707,#1712,#1713,.T.);
#1715=ORIENTED_EDGE('',*,*,#1714,.T.);
#1716=CARTESIAN_POINT('',(0.503045240617,-0.556278245029,-0.150000000000));
#1717=VERTEX_POINT('',#1716);
#1718=CIRCLE('',#1477,0.750000000000);
#1719=EDGE_CURVE('',#1712,#1717,#1718,.T.);
#1720=ORIENTED_EDGE('',*,*,#1719,.T.);
#1721=CARTESIAN_POINT('',(0.556278245029,-0.503045240617,-0.150000000000));
#1722=VERTEX_POINT('',#1721);
#1723=CIRCLE('',#1477,0.750000000000);
#1724=EDGE_CURVE('',#1717,#1722,#1723,.T.);
#1725=ORIENTED_EDGE('',*,*,#1724,.T.);
#1726=CARTESIAN_POINT('',(0.583873008624,-0.470735923634,-0.150000000000));
#1727=VERTEX_POINT('',#1726);
#1728=CIRCLE('',#1477,0.750000000000);
#1729=EDGE_CURVE('',#1722,#1727,#1728,.T.);
#1730=ORIENTED_EDGE('',*,*,#1729,.T.);
#1731=CARTESIAN_POINT('',(0.628123149849,-0.409830829275,-0.150000000000));
#1732=VERTEX_POINT('',#1731);
#1733=CIRCLE('',#1477,0.750000000000);
#1734=EDGE_CURVE('',#1727,#1732,#1733,.T.);
#1735=ORIENTED_EDGE('',*,*,#1734,.T.);
#1736=CARTESIAN_POINT('',(0.650323885395,-0.373602521517,-0.150000000000));
#1737=VERTEX_POINT('',#1736);
#1738=CIRCLE('',#1477,0.750000000000);
#1739=EDGE_CURVE('',#1732,#1737,#1738,.T.);
#1740=ORIENTED_EDGE('',*,*,#1739,.T.);
#1741=CARTESIAN_POINT('',(0.684501578098,-0.306525022766,-0.150000000000));
#1742=VERTEX_POINT('',#1741);
#1743=CIRCLE('',#1477,0.750000000000);
#1744=EDGE_CURVE('',#1737,#1742,#1743,.T.);
#1745=ORIENTED_EDGE('',*,*,#1744,.T.);
#1746=CARTESIAN_POINT('',(0.700761629807,-0.267269785405,-0.150000000000));
#1747=VERTEX_POINT('',#1746);
#1748=CIRCLE('',#1477,0.750000000000);
#1749=EDGE_CURVE('',#1742,#1747,#1748,.T.);
#1750=ORIENTED_EDGE('',*,*,#1749,.T.);
#1751=CARTESIAN_POINT('',(0.724025305764,-0.195671552897,-0.150000000000));
#1752=VERTEX_POINT('',#1751);
#1753=CIRCLE('',#1477,0.750000000000);
#1754=EDGE_CURVE('',#1747,#1752,#1753,.T.);
#1755=ORIENTED_EDGE('',*,*,#1754,.T.);
#1756=CARTESIAN_POINT('',(0.733944297198,-0.154355980158,-0.150000000000));
#1757=VERTEX_POINT('',#1756);
#1758=CIRCLE('',#1477,0.750000000000);
#1759=EDGE_CURVE('',#1752,#1757,#1758,.T.);
#1760=ORIENTED_EDGE('',*,*,#1759,.T.);
#1761=CARTESIAN_POINT('',(0.745721127500,-0.080000000000,-0.150000000000));
#1762=VERTEX_POINT('',#1761);
#1763=CIRCLE('',#1477,0.750000000000);
#1764=EDGE_CURVE('',#1757,#1762,#1763,.T.);
#1765=ORIENTED_EDGE('',*,*,#1764,.T.);
#1766=CARTESIAN_POINT('',(0.749054820171,-0.037641418402,-0.150000000000));
#1767=VERTEX_POINT('',#1766);
#1768=CIRCLE('',#1477,0.750000000000);
#1769=EDGE_CURVE('',#1762,#1767,#1768,.T.);
#1770=ORIENTED_EDGE('',*,*,#1769,.T.);
#1771=CARTESIAN_POINT('',(0.749054820171,0.037641418402,-0.150000000000));
#1772=VERTEX_POINT('',#1771);
#1773=CIRCLE('',#1477,0.750000000000);
#1774=EDGE_CURVE('',#1767,#1772,#1773,.T.);
#1775=ORIENTED_EDGE('',*,*,#1774,.T.);
#1776=CARTESIAN_POINT('',(0.745721127500,0.080000000000,-0.150000000000));
#1777=VERTEX_POINT('',#1776);
#1778=CIRCLE('',#1477,0.750000000000);
#1779=EDGE_CURVE('',#1772,#1777,#1778,.T.);
#1780=ORIENTED_EDGE('',*,*,#1779,.T.);
#1781=CARTESIAN_POINT('',(0.733944297198,0.154355980158,-0.150000000000));
#1782=VERTEX_POINT('',#1781);
#1783=CIRCLE('',#1477,0.750000000000);
#1784=EDGE_CURVE('',#1777,#1782,#1783,.T.);
#1785=ORIENTED_EDGE('',*,*,#1784,.T.);
#1786=CARTESIAN_POINT('',(0.724025305764,0.195671552897,-0.150000000000));
#1787=VERTEX_POINT('',#1786);
#1788=CIRCLE('',#1477,0.750000000000);
#1789=EDGE_CURVE('',#1782,#1787,#1788,.T.);
#1790=ORIENTED_EDGE('',*,*,#1789,.T.);
#1791=CARTESIAN_POINT('',(0.700761629807,0.267269785405,-0.150000000000));
#1792=VERTEX_POINT('',#1791);
#1793=CIRCLE('',#1477,0.750000000000);
#1794=EDGE_CURVE('',#1787,#1792,#1793,.T.);
#1795=ORIENTED_EDGE('',*,*,#1794,.T.);
#1796=CARTESIAN_POINT('',(0.684501578098,0.306525022766,-0.150000000000));
#1797=VERTEX_POINT('',#1796);
#1798=CIRCLE('',#1477,0.750000000000);
#1799=EDGE_CURVE('',#1792,#1797,#1798,.T.);
#1800=ORIENTED_EDGE('',*,*,#1799,.T.);
#1801=CARTESIAN_POINT('',(0.650323885395,0.373602521517,-0.150000000000));
#1802=VERTEX_POINT('',#1801);
#1803=CIRCLE('',#1477,0.750000000000);
#1804=EDGE_CURVE('',#1797,#1802,#1803,.T.);
#1805=ORIENTED_EDGE('',*,*,#1804,.T.);
#1806=CARTESIAN_POINT('',(0.628123149849,0.409830829275,-0.150000000000));
#1807=VERTEX_POINT('',#1806);
#1808=CIRCLE('',#1477,0.750000000000);
#1809=EDGE_CURVE('',#1802,#1807,#1808,.T.);
#1810=ORIENTED_EDGE('',*,*,#1809,.T.);
#1811=CARTESIAN_POINT('',(0.583873008624,0.470735923634,-0.150000000000));
#1812=VERTEX_POINT('',#1811);
#1813=CIRCLE('',#1477,0.750000000000);
#1814=EDGE_CURVE('',#1807,#1812,#1813,.T.);
#1815=ORIENTED_EDGE('',*,*,#1814,.T.);
#1816=CARTESIAN_POINT('',(0.556278245029,0.503045240617,-0.150000000000));
#1817=VERTEX_POINT('',#1816);
#1818=CIRCLE('',#1477,0.750000000000);
#1819=EDGE_CURVE('',#1812,#1817,#1818,.T.);
#1820=ORIENTED_EDGE('',*,*,#1819,.T.);
#1821=CARTESIAN_POINT('',(0.503045240617,0.556278245029,-0.150000000000));
#1822=VERTEX_POINT('',#1821);
#1823=CIRCLE('',#1477,0.750000000000);
#1824=EDGE_CURVE('',#1817,#1822,#1823,.T.);
#1825=ORIENTED_EDGE('',*,*,#1824,.T.);
#1826=CARTESIAN_POINT('',(0.470735923634,0.583873008624,-0.150000000000));
#1827=VERTEX_POINT('',#1826);
#1828=CIRCLE('',#1477,0.750000000000);
#1829=EDGE_CURVE('',#1822,#1827,#1828,.T.);
#1830=ORIENTED_EDGE('',*,*,#1829,.T.);
#1831=CARTESIAN_POINT('',(0.409830829275,0.628123149849,-0.150000000000));
#1832=VERTEX_POINT('',#1831);
#1833=CIRCLE('',#1477,0.750000000000);
#1834=EDGE_CURVE('',#1827,#1832,#1833,.T.);
#1835=ORIENTED_EDGE('',*,*,#1834,.T.);
#1836=CARTESIAN_POINT('',(0.373602521517,0.650323885395,-0.150000000000));
#1837=VERTEX_POINT('',#1836);
#1838=CIRCLE('',#1477,0.750000000000);
#1839=EDGE_CURVE('',#1832,#1837,#1838,.T.);
#1840=ORIENTED_EDGE('',*,*,#1839,.T.);
#1841=CARTESIAN_POINT('',(0.306525022766,0.684501578098,-0.150000000000));
#1842=VERTEX_POINT('',#1841);
#1843=CIRCLE('',#1477,0.750000000000);
#1844=EDGE_CURVE('',#1837,#1842,#1843,.T.);
#1845=ORIENTED_EDGE('',*,*,#1844,.T.);
#1846=CARTESIAN_POINT('',(0.267269785405,0.700761629807,-0.150000000000));
#1847=VERTEX_POINT('',#1846);
#1848=CIRCLE('',#1477,0.750000000000);
#1849=EDGE_CURVE('',#1842,#1847,#1848,.T.);
#1850=ORIENTED_EDGE('',*,*,#1849,.T.);
#1851=CARTESIAN_POINT('',(0.195671552897,0.724025305764,-0.150000000000));
#1852=VERTEX_POINT('',#1851);
#1853=CIRCLE('',#1477,0.750000000000);
#1854=EDGE_CURVE('',#1847,#1852,#1853,.T.);
#1855=ORIENTED_EDGE('',*,*,#1854,.T.);
#1856=CARTESIAN_POINT('',(0.154355980158,0.733944297198,-0.150000000000));
#1857=VERTEX_POINT('',#1856);
#1858=CIRCLE('',#1477,0.750000000000);
#1859=EDGE_CURVE('',#1852,#1857,#1858,.T.);
#1860=ORIENTED_EDGE('',*,*,#1859,.T.);
#1861=CARTESIAN_POINT('',(0.080000000000,0.745721127500,-0.150000000000));
#1862=VERTEX_POINT('',#1861);
#1863=CIRCLE('',#1477,0.750000000000);
#1864=EDGE_CURVE('',#1857,#1862,#1863,.T.);
#1865=ORIENTED_EDGE('',*,*,#1864,.T.);
#1866=CARTESIAN_POINT('',(0.037641418402,0.749054820171,-0.150000000000));
#1867=VERTEX_POINT('',#1866);
#1868=CIRCLE('',#1477,0.750000000000);
#1869=EDGE_CURVE('',#1862,#1867,#1868,.T.);
#1870=ORIENTED_EDGE('',*,*,#1869,.T.);
#1871=CIRCLE('',#1477,0.750000000000);
#1872=EDGE_CURVE('',#1867,#1474,#1871,.T.);
#1873=ORIENTED_EDGE('',*,*,#1872,.T.);
#1874=EDGE_LOOP('',(#1480,#1485,#1490,#1495,#1500,#1505,#1510,#1515,#1520,#1525,#1530,#1535,#1540,#1545,#1550,#1555,#1560,#1565,#1570,#1575,#1580,#1585,#1590,#1595,#1600,#1605,#1610,#1615,#1620,#1625,#1630,#1635,#1640,#1645,#1650,#1655,#1660,#1665,#1670,#1675,#1680,#1685,#1690,#1695,#1700,#1705,#1710,#1715,#1720,#1725,#1730,#1735,#1740,#1745,#1750,#1755,#1760,#1765,#1770,#1775,#1780,#1785,#1790,#1795,#1800,#1805,#1810,#1815,#1820,#1825,#1830,#1835,#1840,#1845,#1850,#1855,#1860,#1865,#1870,#1873));
#1875=ORIENTED_EDGE('',*,*,#35,.F.);
#1876=ORIENTED_EDGE('',*,*,#132,.F.);
#1877=CARTESIAN_POINT('',(0.899580045864,1.941740389723,-0.150000000000));
#1878=VERTEX_POINT('',#1877);
#1879=CIRCLE('',#1477,2.140000000000);
#1880=EDGE_CURVE('',#1878,#126,#1879,.T.);
#1881=ORIENTED_EDGE('',*,*,#1880,.F.);
#1882=CARTESIAN_POINT('',(0.972897627466,2.085634245612,-0.150000000000));
#1883=VERTEX_POINT('',#1882);
#1884=CARTESIAN_POINT('',(-0.071280521935,0.036319239979,-0.150000000000));
#1885=LINE('',#1884,#1050);
#1886=EDGE_CURVE('',#1878,#1883,#1885,.T.);
#1887=ORIENTED_EDGE('',*,*,#1886,.T.);
#1888=CARTESIAN_POINT('',(1.115458671336,2.012995765654,-0.150000000000));
#1889=VERTEX_POINT('',#1888);
#1890=CARTESIAN_POINT('',(1.044178149401,2.049315005633,-0.150000000000));
#1891=LINE('',#1890,#802);
#1892=EDGE_CURVE('',#1883,#1889,#1891,.T.);
#1893=ORIENTED_EDGE('',*,*,#1892,.T.);
#1894=CARTESIAN_POINT('',(1.042141089735,1.869101909765,-0.150000000000));
#1895=VERTEX_POINT('',#1894);
#1896=CARTESIAN_POINT('',(0.071280521935,-0.036319239979,-0.150000000000));
#1897=LINE('',#1896,#794);
#1898=EDGE_CURVE('',#1889,#1895,#1897,.T.);
#1899=ORIENTED_EDGE('',*,*,#1898,.T.);
#1900=CARTESIAN_POINT('',(1.192259841846,1.777109020157,-0.150000000000));
#1901=VERTEX_POINT('',#1900);
#1902=CIRCLE('',#1477,2.140000000000);
#1903=EDGE_CURVE('',#1901,#1895,#1902,.T.);
#1904=ORIENTED_EDGE('',*,*,#1903,.F.);
#1905=CARTESIAN_POINT('',(1.287184720723,1.907761907246,-0.150000000000));
#1906=VERTEX_POINT('',#1905);
#1907=CARTESIAN_POINT('',(-0.064721359550,0.047022820183,-0.150000000000));
#1908=LINE('',#1907,#1025);
#1909=EDGE_CURVE('',#1901,#1906,#1908,.T.);
#1910=ORIENTED_EDGE('',*,*,#1909,.T.);
#1911=CARTESIAN_POINT('',(1.416627439823,1.813716266879,-0.150000000000));
#1912=VERTEX_POINT('',#1911);
#1913=CARTESIAN_POINT('',(1.351906080273,1.860739087062,-0.150000000000));
#1914=LINE('',#1913,#773);
#1915=EDGE_CURVE('',#1906,#1912,#1914,.T.);
#1916=ORIENTED_EDGE('',*,*,#1915,.T.);
#1917=CARTESIAN_POINT('',(1.321702560946,1.683063379790,-0.150000000000));
#1918=VERTEX_POINT('',#1917);
#1919=CARTESIAN_POINT('',(0.064721359550,-0.047022820183,-0.150000000000));
#1920=LINE('',#1919,#765);
#1921=EDGE_CURVE('',#1912,#1918,#1920,.T.);
#1922=ORIENTED_EDGE('',*,*,#1921,.T.);
#1923=CARTESIAN_POINT('',(1.455582243637,1.568719328627,-0.150000000000));
#1924=VERTEX_POINT('',#1923);
#1925=CIRCLE('',#1477,2.140000000000);
#1926=EDGE_CURVE('',#1924,#1918,#1925,.T.);
#1927=ORIENTED_EDGE('',*,*,#1926,.F.);
#1928=CARTESIAN_POINT('',(1.569777054234,1.682914139224,-0.150000000000));
#1929=VERTEX_POINT('',#1928);
#1930=CARTESIAN_POINT('',(-0.056568542495,0.056568542495,-0.150000000000));
#1931=LINE('',#1930,#1000);
#1932=EDGE_CURVE('',#1924,#1929,#1931,.T.);
#1933=ORIENTED_EDGE('',*,*,#1932,.T.);
#1934=CARTESIAN_POINT('',(1.682914139224,1.569777054234,-0.150000000000));
#1935=VERTEX_POINT('',#1934);
#1936=CARTESIAN_POINT('',(1.626345596729,1.626345596729,-0.150000000000));
#1937=LINE('',#1936,#744);
#1938=EDGE_CURVE('',#1929,#1935,#1937,.T.);
#1939=ORIENTED_EDGE('',*,*,#1938,.T.);
#1940=CARTESIAN_POINT('',(1.568719328627,1.455582243637,-0.150000000000));
#1941=VERTEX_POINT('',#1940);
#1942=CARTESIAN_POINT('',(0.056568542495,-0.056568542495,-0.150000000000));
#1943=LINE('',#1942,#736);
#1944=EDGE_CURVE('',#1935,#1941,#1943,.T.);
#1945=ORIENTED_EDGE('',*,*,#1944,.T.);
#1946=CARTESIAN_POINT('',(1.683063379790,1.321702560946,-0.150000000000));
#1947=VERTEX_POINT('',#1946);
#1948=CIRCLE('',#1477,2.140000000000);
#1949=EDGE_CURVE('',#1947,#1941,#1948,.T.);
#1950=ORIENTED_EDGE('',*,*,#1949,.F.);
#1951=CARTESIAN_POINT('',(1.813716266879,1.416627439823,-0.150000000000));
#1952=VERTEX_POINT('',#1951);
#1953=CARTESIAN_POINT('',(-0.047022820183,0.064721359550,-0.150000000000));
#1954=LINE('',#1953,#975);
#1955=EDGE_CURVE('',#1947,#1952,#1954,.T.);
#1956=ORIENTED_EDGE('',*,*,#1955,.T.);
#1957=CARTESIAN_POINT('',(1.907761907246,1.287184720723,-0.150000000000));
#1958=VERTEX_POINT('',#1957);
#1959=CARTESIAN_POINT('',(1.860739087062,1.351906080273,-0.150000000000));
#1960=LINE('',#1959,#715);
#1961=EDGE_CURVE('',#1952,#1958,#1960,.T.);
#1962=ORIENTED_EDGE('',*,*,#1961,.T.);
#1963=CARTESIAN_POINT('',(1.777109020157,1.192259841846,-0.150000000000));
#1964=VERTEX_POINT('',#1963);
#1965=CARTESIAN_POINT('',(0.047022820183,-0.064721359550,-0.150000000000));
#1966=LINE('',#1965,#707);
#1967=EDGE_CURVE('',#1958,#1964,#1966,.T.);
#1968=ORIENTED_EDGE('',*,*,#1967,.T.);
#1969=CARTESIAN_POINT('',(1.869101909765,1.042141089735,-0.150000000000));
#1970=VERTEX_POINT('',#1969);
#1971=CIRCLE('',#1477,2.140000000000);
#1972=EDGE_CURVE('',#1970,#1964,#1971,.T.);
#1973=ORIENTED_EDGE('',*,*,#1972,.F.);
#1974=CARTESIAN_POINT('',(2.012995765654,1.115458671336,-0.150000000000));
#1975=VERTEX_POINT('',#1974);
#1976=CARTESIAN_POINT('',(-0.036319239979,0.071280521935,-0.150000000000));
#1977=LINE('',#1976,#950);
#1978=EDGE_CURVE('',#1970,#1975,#1977,.T.);
#1979=ORIENTED_EDGE('',*,*,#1978,.T.);
#1980=CARTESIAN_POINT('',(2.085634245612,0.972897627466,-0.150000000000));
#1981=VERTEX_POINT('',#1980);
#1982=CARTESIAN_POINT('',(2.049315005633,1.044178149401,-0.150000000000));
#1983=LINE('',#1982,#686);
#1984=EDGE_CURVE('',#1975,#1981,#1983,.T.);
#1985=ORIENTED_EDGE('',*,*,#1984,.T.);
#1986=CARTESIAN_POINT('',(1.941740389723,0.899580045864,-0.150000000000));
#1987=VERTEX_POINT('',#1986);
#1988=CARTESIAN_POINT('',(0.036319239979,-0.071280521935,-0.150000000000));
#1989=LINE('',#1988,#678);
#1990=EDGE_CURVE('',#1981,#1987,#1989,.T.);
#1991=ORIENTED_EDGE('',*,*,#1990,.T.);
#1992=CARTESIAN_POINT('',(2.009116947528,0.736918646226,-0.150000000000));
#1993=VERTEX_POINT('',#1992);
#1994=CIRCLE('',#1477,2.140000000000);
#1995=EDGE_CURVE('',#1993,#1987,#1994,.T.);
#1996=ORIENTED_EDGE('',*,*,#1995,.F.);
#1997=CARTESIAN_POINT('',(2.162708627929,0.786823608366,-0.150000000000));
#1998=VERTEX_POINT('',#1997);
#1999=CARTESIAN_POINT('',(-0.024721359550,0.076084521304,-0.150000000000));
#2000=LINE('',#1999,#925);
#2001=EDGE_CURVE('',#1993,#1998,#2000,.T.);
#2002=ORIENTED_EDGE('',*,*,#2001,.T.);
#2003=CARTESIAN_POINT('',(2.212151347029,0.634654565759,-0.150000000000));
#2004=VERTEX_POINT('',#2003);
#2005=CARTESIAN_POINT('',(2.187429987479,0.710739087062,-0.150000000000));
#2006=LINE('',#2005,#657);
#2007=EDGE_CURVE('',#1998,#2004,#2006,.T.);
#2008=ORIENTED_EDGE('',*,*,#2007,.T.);
#2009=CARTESIAN_POINT('',(2.058559666628,0.584749603619,-0.150000000000));
#2010=VERTEX_POINT('',#2009);
#2011=CARTESIAN_POINT('',(0.024721359550,-0.076084521304,-0.150000000000));
#2012=LINE('',#2011,#649);
#2013=EDGE_CURVE('',#2004,#2010,#2012,.T.);
#2014=ORIENTED_EDGE('',*,*,#2013,.T.);
#2015=CARTESIAN_POINT('',(2.099660858166,0.413550819955,-0.150000000000));
#2016=VERTEX_POINT('',#2015);
#2017=CIRCLE('',#1477,2.140000000000);
#2018=EDGE_CURVE('',#2016,#2010,#2017,.T.);
#2019=ORIENTED_EDGE('',*,*,#2018,.F.);
#2020=CARTESIAN_POINT('',(2.259168426166,0.438814336840,-0.150000000000));
#2021=VERTEX_POINT('',#2020);
#2022=CARTESIAN_POINT('',(-0.012514757203,0.079015067248,-0.150000000000));
#2023=LINE('',#2022,#900);
#2024=EDGE_CURVE('',#2016,#2021,#2023,.T.);
#2025=ORIENTED_EDGE('',*,*,#2024,.T.);
#2026=CARTESIAN_POINT('',(2.284197940572,0.280784202345,-0.150000000000));
#2027=VERTEX_POINT('',#2026);
#2028=CARTESIAN_POINT('',(2.271683183369,0.359799269593,-0.150000000000));
#2029=LINE('',#2028,#628);
#2030=EDGE_CURVE('',#2021,#2027,#2029,.T.);
#2031=ORIENTED_EDGE('',*,*,#2030,.T.);
#2032=CARTESIAN_POINT('',(2.124690372572,0.255520685460,-0.150000000000));
#2033=VERTEX_POINT('',#2032);
#2034=CARTESIAN_POINT('',(0.012514757203,-0.079015067248,-0.150000000000));
#2035=LINE('',#2034,#620);
#2036=EDGE_CURVE('',#2027,#2033,#2035,.T.);
#2037=ORIENTED_EDGE('',*,*,#2036,.T.);
#2038=CARTESIAN_POINT('',(2.138504150101,0.080000000000,-0.150000000000));
#2039=VERTEX_POINT('',#2038);
#2040=CIRCLE('',#1477,2.140000000000);
#2041=EDGE_CURVE('',#2039,#2033,#2040,.T.);
#2042=ORIENTED_EDGE('',*,*,#2041,.F.);
#2043=CARTESIAN_POINT('',(2.300000000000,0.080000000000,-0.150000000000));
#2044=VERTEX_POINT('',#2043);
#2045=CARTESIAN_POINT('',(0.000000000000,0.080000000000,-0.150000000000));
#2046=LINE('',#2045,#875);
#2047=EDGE_CURVE('',#2039,#2044,#2046,.T.);
#2048=ORIENTED_EDGE('',*,*,#2047,.T.);
#2049=CARTESIAN_POINT('',(2.300000000000,-0.080000000000,-0.150000000000));
#2050=VERTEX_POINT('',#2049);
#2051=CARTESIAN_POINT('',(2.300000000000,0.000000000000,-0.150000000000));
#2052=LINE('',#2051,#599);
#2053=EDGE_CURVE('',#2044,#2050,#2052,.T.);
#2054=ORIENTED_EDGE('',*,*,#2053,.T.);
#2055=CARTESIAN_POINT('',(2.138504150101,-0.080000000000,-0.150000000000));
#2056=VERTEX_POINT('',#2055);
#2057=CARTESIAN_POINT('',(0.000000000000,-0.080000000000,-0.150000000000));
#2058=LINE('',#2057,#591);
#2059=EDGE_CURVE('',#2050,#2056,#2058,.T.);
#2060=ORIENTED_EDGE('',*,*,#2059,.T.);
#2061=CARTESIAN_POINT('',(2.124690372572,-0.255520685460,-0.150000000000));
#2062=VERTEX_POINT('',#2061);
#2063=CIRCLE('',#1477,2.140000000000);
#2064=EDGE_CURVE('',#2062,#2056,#2063,.T.);
#2065=ORIENTED_EDGE('',*,*,#2064,.F.);
#2066=CARTESIAN_POINT('',(2.284197940572,-0.280784202345,-0.150000000000));
#2067=VERTEX_POINT('',#2066);
#2068=CARTESIAN_POINT('',(0.012514757203,0.079015067248,-0.150000000000));
#2069=LINE('',#2068,#850);
#2070=EDGE_CURVE('',#2062,#2067,#2069,.T.);
#2071=ORIENTED_EDGE('',*,*,#2070,.T.);
#2072=CARTESIAN_POINT('',(2.259168426166,-0.438814336840,-0.150000000000));
#2073=VERTEX_POINT('',#2072);
#2074=CARTESIAN_POINT('',(2.271683183369,-0.359799269593,-0.150000000000));
#2075=LINE('',#2074,#571);
#2076=EDGE_CURVE('',#2067,#2073,#2075,.T.);
#2077=ORIENTED_EDGE('',*,*,#2076,.T.);
#2078=CARTESIAN_POINT('',(2.099660858166,-0.413550819955,-0.150000000000));
#2079=VERTEX_POINT('',#2078);
#2080=CARTESIAN_POINT('',(-0.012514757203,-0.079015067248,-0.150000000000));
#2081=LINE('',#2080,#563);
#2082=EDGE_CURVE('',#2073,#2079,#2081,.T.);
#2083=ORIENTED_EDGE('',*,*,#2082,.T.);
#2084=CARTESIAN_POINT('',(2.058559666628,-0.584749603619,-0.150000000000));
#2085=VERTEX_POINT('',#2084);
#2086=CIRCLE('',#1477,2.140000000000);
#2087=EDGE_CURVE('',#2085,#2079,#2086,.T.);
#2088=ORIENTED_EDGE('',*,*,#2087,.F.);
#2089=CARTESIAN_POINT('',(2.212151347029,-0.634654565759,-0.150000000000));
#2090=VERTEX_POINT('',#2089);
#2091=CARTESIAN_POINT('',(0.024721359550,0.076084521304,-0.150000000000));
#2092=LINE('',#2091,#19);
#2093=EDGE_CURVE('',#2085,#2090,#2092,.T.);
#2094=ORIENTED_EDGE('',*,*,#2093,.T.);
#2095=CARTESIAN_POINT('',(2.162708627929,-0.786823608366,-0.150000000000));
#2096=VERTEX_POINT('',#2095);
#2097=CARTESIAN_POINT('',(2.187429987479,-0.710739087062,-0.150000000000));
#2098=LINE('',#2097,#48);
#2099=EDGE_CURVE('',#2090,#2096,#2098,.T.);
#2100=ORIENTED_EDGE('',*,*,#2099,.T.);
#2101=CARTESIAN_POINT('',(2.009116947528,-0.736918646226,-0.150000000000));
#2102=VERTEX_POINT('',#2101);
#2103=CARTESIAN_POINT('',(-0.024721359550,-0.076084521304,-0.150000000000));
#2104=LINE('',#2103,#33);
#2105=EDGE_CURVE('',#2096,#2102,#2104,.T.);
#2106=ORIENTED_EDGE('',*,*,#2105,.T.);
#2107=CARTESIAN_POINT('',(1.941740389723,-0.899580045864,-0.150000000000));
#2108=VERTEX_POINT('',#2107);
#2109=CIRCLE('',#1477,2.140000000000);
#2110=EDGE_CURVE('',#2108,#2102,#2109,.T.);
#2111=ORIENTED_EDGE('',*,*,#2110,.F.);
#2112=CARTESIAN_POINT('',(2.085634245612,-0.972897627466,-0.150000000000));
#2113=VERTEX_POINT('',#2112);
#2114=CARTESIAN_POINT('',(0.036319239979,0.071280521935,-0.150000000000));
#2115=LINE('',#2114,#802);
#2116=EDGE_CURVE('',#2108,#2113,#2115,.T.);
#2117=ORIENTED_EDGE('',*,*,#2116,.T.);
#2118=CARTESIAN_POINT('',(2.012995765654,-1.115458671336,-0.150000000000));
#2119=VERTEX_POINT('',#2118);
#2120=CARTESIAN_POINT('',(2.049315005633,-1.044178149401,-0.150000000000));
#2121=LINE('',#2120,#794);
#2122=EDGE_CURVE('',#2113,#2119,#2121,.T.);
#2123=ORIENTED_EDGE('',*,*,#2122,.T.);
#2124=CARTESIAN_POINT('',(1.869101909765,-1.042141089735,-0.150000000000));
#2125=VERTEX_POINT('',#2124);
#2126=CARTESIAN_POINT('',(-0.036319239979,-0.071280521935,-0.150000000000));
#2127=LINE('',#2126,#786);
#2128=EDGE_CURVE('',#2119,#2125,#2127,.T.);
#2129=ORIENTED_EDGE('',*,*,#2128,.T.);
#2130=CARTESIAN_POINT('',(1.777109020157,-1.192259841846,-0.150000000000));
#2131=VERTEX_POINT('',#2130);
#2132=CIRCLE('',#1477,2.140000000000);
#2133=EDGE_CURVE('',#2131,#2125,#2132,.T.);
#2134=ORIENTED_EDGE('',*,*,#2133,.F.);
#2135=CARTESIAN_POINT('',(1.907761907246,-1.287184720723,-0.150000000000));
#2136=VERTEX_POINT('',#2135);
#2137=CARTESIAN_POINT('',(0.047022820183,0.064721359550,-0.150000000000));
#2138=LINE('',#2137,#773);
#2139=EDGE_CURVE('',#2131,#2136,#2138,.T.);
#2140=ORIENTED_EDGE('',*,*,#2139,.T.);
#2141=CARTESIAN_POINT('',(1.813716266879,-1.416627439823,-0.150000000000));
#2142=VERTEX_POINT('',#2141);
#2143=CARTESIAN_POINT('',(1.860739087062,-1.351906080273,-0.150000000000));
#2144=LINE('',#2143,#765);
#2145=EDGE_CURVE('',#2136,#2142,#2144,.T.);
#2146=ORIENTED_EDGE('',*,*,#2145,.T.);
#2147=CARTESIAN_POINT('',(1.683063379790,-1.321702560946,-0.150000000000));
#2148=VERTEX_POINT('',#2147);
#2149=CARTESIAN_POINT('',(-0.047022820183,-0.064721359550,-0.150000000000));
#2150=LINE('',#2149,#757);
#2151=EDGE_CURVE('',#2142,#2148,#2150,.T.);
#2152=ORIENTED_EDGE('',*,*,#2151,.T.);
#2153=CARTESIAN_POINT('',(1.568719328627,-1.455582243637,-0.150000000000));
#2154=VERTEX_POINT('',#2153);
#2155=CIRCLE('',#1477,2.140000000000);
#2156=EDGE_CURVE('',#2154,#2148,#2155,.T.);
#2157=ORIENTED_EDGE('',*,*,#2156,.F.);
#2158=CARTESIAN_POINT('',(1.682914139224,-1.569777054234,-0.150000000000));
#2159=VERTEX_POINT('',#2158);
#2160=CARTESIAN_POINT('',(0.056568542495,0.056568542495,-0.150000000000));
#2161=LINE('',#2160,#744);
#2162=EDGE_CURVE('',#2154,#2159,#2161,.T.);
#2163=ORIENTED_EDGE('',*,*,#2162,.T.);
#2164=CARTESIAN_POINT('',(1.569777054234,-1.682914139224,-0.150000000000));
#2165=VERTEX_POINT('',#2164);
#2166=CARTESIAN_POINT('',(1.626345596729,-1.626345596729,-0.150000000000));
#2167=LINE('',#2166,#736);
#2168=EDGE_CURVE('',#2159,#2165,#2167,.T.);
#2169=ORIENTED_EDGE('',*,*,#2168,.T.);
#2170=CARTESIAN_POINT('',(1.455582243637,-1.568719328627,-0.150000000000));
#2171=VERTEX_POINT('',#2170);
#2172=CARTESIAN_POINT('',(-0.056568542495,-0.056568542495,-0.150000000000));
#2173=LINE('',#2172,#728);
#2174=EDGE_CURVE('',#2165,#2171,#2173,.T.);
#2175=ORIENTED_EDGE('',*,*,#2174,.T.);
#2176=CARTESIAN_POINT('',(1.321702560946,-1.683063379790,-0.150000000000));
#2177=VERTEX_POINT('',#2176);
#2178=CIRCLE('',#1477,2.140000000000);
#2179=EDGE_CURVE('',#2177,#2171,#2178,.T.);
#2180=ORIENTED_EDGE('',*,*,#2179,.F.);
#2181=CARTESIAN_POINT('',(1.416627439823,-1.813716266879,-0.150000000000));
#2182=VERTEX_POINT('',#2181);
#2183=CARTESIAN_POINT('',(0.064721359550,0.047022820183,-0.150000000000));
#2184=LINE('',#2183,#715);
#2185=EDGE_CURVE('',#2177,#2182,#2184,.T.);
#2186=ORIENTED_EDGE('',*,*,#2185,.T.);
#2187=CARTESIAN_POINT('',(1.287184720723,-1.907761907246,-0.150000000000));
#2188=VERTEX_POINT('',#2187);
#2189=CARTESIAN_POINT('',(1.351906080273,-1.860739087062,-0.150000000000));
#2190=LINE('',#2189,#707);
#2191=EDGE_CURVE('',#2182,#2188,#2190,.T.);
#2192=ORIENTED_EDGE('',*,*,#2191,.T.);
#2193=CARTESIAN_POINT('',(1.192259841846,-1.777109020157,-0.150000000000));
#2194=VERTEX_POINT('',#2193);
#2195=CARTESIAN_POINT('',(-0.064721359550,-0.047022820183,-0.150000000000));
#2196=LINE('',#2195,#699);
#2197=EDGE_CURVE('',#2188,#2194,#2196,.T.);
#2198=ORIENTED_EDGE('',*,*,#2197,.T.);
#2199=CARTESIAN_POINT('',(1.042141089735,-1.869101909765,-0.150000000000));
#2200=VERTEX_POINT('',#2199);
#2201=CIRCLE('',#1477,2.140000000000);
#2202=EDGE_CURVE('',#2200,#2194,#2201,.T.);
#2203=ORIENTED_EDGE('',*,*,#2202,.F.);
#2204=CARTESIAN_POINT('',(1.115458671336,-2.012995765654,-0.150000000000));
#2205=VERTEX_POINT('',#2204);
#2206=CARTESIAN_POINT('',(0.071280521935,0.036319239979,-0.150000000000));
#2207=LINE('',#2206,#686);
#2208=EDGE_CURVE('',#2200,#2205,#2207,.T.);
#2209=ORIENTED_EDGE('',*,*,#2208,.T.);
#2210=CARTESIAN_POINT('',(0.972897627466,-2.085634245612,-0.150000000000));
#2211=VERTEX_POINT('',#2210);
#2212=CARTESIAN_POINT('',(1.044178149401,-2.049315005633,-0.150000000000));
#2213=LINE('',#2212,#678);
#2214=EDGE_CURVE('',#2205,#2211,#2213,.T.);
#2215=ORIENTED_EDGE('',*,*,#2214,.T.);
#2216=CARTESIAN_POINT('',(0.899580045864,-1.941740389723,-0.150000000000));
#2217=VERTEX_POINT('',#2216);
#2218=CARTESIAN_POINT('',(-0.071280521935,-0.036319239979,-0.150000000000));
#2219=LINE('',#2218,#670);
#2220=EDGE_CURVE('',#2211,#2217,#2219,.T.);
#2221=ORIENTED_EDGE('',*,*,#2220,.T.);
#2222=CARTESIAN_POINT('',(0.736918646226,-2.009116947528,-0.150000000000));
#2223=VERTEX_POINT('',#2222);
#2224=CIRCLE('',#1477,2.140000000000);
#2225=EDGE_CURVE('',#2223,#2217,#2224,.T.);
#2226=ORIENTED_EDGE('',*,*,#2225,.F.);
#2227=CARTESIAN_POINT('',(0.786823608366,-2.162708627929,-0.150000000000));
#2228=VERTEX_POINT('',#2227);
#2229=CARTESIAN_POINT('',(0.076084521304,0.024721359550,-0.150000000000));
#2230=LINE('',#2229,#657);
#2231=EDGE_CURVE('',#2223,#2228,#2230,.T.);
#2232=ORIENTED_EDGE('',*,*,#2231,.T.);
#2233=CARTESIAN_POINT('',(0.634654565759,-2.212151347029,-0.150000000000));
#2234=VERTEX_POINT('',#2233);
#2235=CARTESIAN_POINT('',(0.710739087062,-2.187429987479,-0.150000000000));
#2236=LINE('',#2235,#649);
#2237=EDGE_CURVE('',#2228,#2234,#2236,.T.);
#2238=ORIENTED_EDGE('',*,*,#2237,.T.);
#2239=CARTESIAN_POINT('',(0.584749603619,-2.058559666628,-0.150000000000));
#2240=VERTEX_POINT('',#2239);
#2241=CARTESIAN_POINT('',(-0.076084521304,-0.024721359550,-0.150000000000));
#2242=LINE('',#2241,#641);
#2243=EDGE_CURVE('',#2234,#2240,#2242,.T.);
#2244=ORIENTED_EDGE('',*,*,#2243,.T.);
#2245=CARTESIAN_POINT('',(0.413550819955,-2.099660858166,-0.150000000000));
#2246=VERTEX_POINT('',#2245);
#2247=CIRCLE('',#1477,2.140000000000);
#2248=EDGE_CURVE('',#2246,#2240,#2247,.T.);
#2249=ORIENTED_EDGE('',*,*,#2248,.F.);
#2250=CARTESIAN_POINT('',(0.438814336840,-2.259168426166,-0.150000000000));
#2251=VERTEX_POINT('',#2250);
#2252=CARTESIAN_POINT('',(0.079015067248,0.012514757203,-0.150000000000));
#2253=LINE('',#2252,#628);
#2254=EDGE_CURVE('',#2246,#2251,#2253,.T.);
#2255=ORIENTED_EDGE('',*,*,#2254,.T.);
#2256=CARTESIAN_POINT('',(0.280784202345,-2.284197940572,-0.150000000000));
#2257=VERTEX_POINT('',#2256);
#2258=CARTESIAN_POINT('',(0.359799269593,-2.271683183369,-0.150000000000));
#2259=LINE('',#2258,#620);
#2260=EDGE_CURVE('',#2251,#2257,#2259,.T.);
#2261=ORIENTED_EDGE('',*,*,#2260,.T.);
#2262=CARTESIAN_POINT('',(0.255520685460,-2.124690372572,-0.150000000000));
#2263=VERTEX_POINT('',#2262);
#2264=CARTESIAN_POINT('',(-0.079015067248,-0.012514757203,-0.150000000000));
#2265=LINE('',#2264,#612);
#2266=EDGE_CURVE('',#2257,#2263,#2265,.T.);
#2267=ORIENTED_EDGE('',*,*,#2266,.T.);
#2268=CARTESIAN_POINT('',(0.080000000000,-2.138504150101,-0.150000000000));
#2269=VERTEX_POINT('',#2268);
#2270=CIRCLE('',#1477,2.140000000000);
#2271=EDGE_CURVE('',#2269,#2263,#2270,.T.);
#2272=ORIENTED_EDGE('',*,*,#2271,.F.);
#2273=CARTESIAN_POINT('',(0.080000000000,-2.300000000000,-0.150000000000));
#2274=VERTEX_POINT('',#2273);
#2275=CARTESIAN_POINT('',(0.080000000000,0.000000000000,-0.150000000000));
#2276=LINE('',#2275,#599);
#2277=EDGE_CURVE('',#2269,#2274,#2276,.T.);
#2278=ORIENTED_EDGE('',*,*,#2277,.T.);
#2279=CARTESIAN_POINT('',(-0.080000000000,-2.300000000000,-0.150000000000));
#2280=VERTEX_POINT('',#2279);
#2281=CARTESIAN_POINT('',(0.000000000000,-2.300000000000,-0.150000000000));
#2282=LINE('',#2281,#591);
#2283=EDGE_CURVE('',#2274,#2280,#2282,.T.);
#2284=ORIENTED_EDGE('',*,*,#2283,.T.);
#2285=CARTESIAN_POINT('',(-0.080000000000,-2.138504150101,-0.150000000000));
#2286=VERTEX_POINT('',#2285);
#2287=CARTESIAN_POINT('',(-0.080000000000,0.000000000000,-0.150000000000));
#2288=LINE('',#2287,#583);
#2289=EDGE_CURVE('',#2280,#2286,#2288,.T.);
#2290=ORIENTED_EDGE('',*,*,#2289,.T.);
#2291=CARTESIAN_POINT('',(-0.255520685460,-2.124690372572,-0.150000000000));
#2292=VERTEX_POINT('',#2291);
#2293=CIRCLE('',#1477,2.140000000000);
#2294=EDGE_CURVE('',#2292,#2286,#2293,.T.);
#2295=ORIENTED_EDGE('',*,*,#2294,.F.);
#2296=CARTESIAN_POINT('',(-0.280784202345,-2.284197940572,-0.150000000000));
#2297=VERTEX_POINT('',#2296);
#2298=CARTESIAN_POINT('',(0.079015067248,-0.012514757203,-0.150000000000));
#2299=LINE('',#2298,#571);
#2300=EDGE_CURVE('',#2292,#2297,#2299,.T.);
#2301=ORIENTED_EDGE('',*,*,#2300,.T.);
#2302=CARTESIAN_POINT('',(-0.438814336840,-2.259168426166,-0.150000000000));
#2303=VERTEX_POINT('',#2302);
#2304=CARTESIAN_POINT('',(-0.359799269593,-2.271683183369,-0.150000000000));
#2305=LINE('',#2304,#563);
#2306=EDGE_CURVE('',#2297,#2303,#2305,.T.);
#2307=ORIENTED_EDGE('',*,*,#2306,.T.);
#2308=CARTESIAN_POINT('',(-0.413550819955,-2.099660858166,-0.150000000000));
#2309=VERTEX_POINT('',#2308);
#2310=CARTESIAN_POINT('',(-0.079015067248,0.012514757203,-0.150000000000));
#2311=LINE('',#2310,#555);
#2312=EDGE_CURVE('',#2303,#2309,#2311,.T.);
#2313=ORIENTED_EDGE('',*,*,#2312,.T.);
#2314=CIRCLE('',#1477,2.140000000000);
#2315=EDGE_CURVE('',#109,#2309,#2314,.T.);
#2316=ORIENTED_EDGE('',*,*,#2315,.F.);
#2317=ORIENTED_EDGE('',*,*,#112,.F.);
#2318=CARTESIAN_POINT('',(-0.710739087062,-2.187429987479,-0.150000000000));
#2319=LINE('',#2318,#33);
#2320=EDGE_CURVE('',#103,#78,#2319,.T.);
#2321=ORIENTED_EDGE('',*,*,#2320,.T.);
#2322=ORIENTED_EDGE('',*,*,#80,.F.);
#2323=CARTESIAN_POINT('',(-0.899580045864,-1.941740389723,-0.150000000000));
#2324=VERTEX_POINT('',#2323);
#2325=CIRCLE('',#1477,2.140000000000);
#2326=EDGE_CURVE('',#2324,#72,#2325,.T.);
#2327=ORIENTED_EDGE('',*,*,#2326,.F.);
#2328=CARTESIAN_POINT('',(-0.972897627466,-2.085634245612,-0.150000000000));
#2329=VERTEX_POINT('',#2328);
#2330=LINE('',#1896,#794);
#2331=EDGE_CURVE('',#2324,#2329,#2330,.T.);
#2332=ORIENTED_EDGE('',*,*,#2331,.T.);
#2333=CARTESIAN_POINT('',(-1.115458671336,-2.012995765654,-0.150000000000));
#2334=VERTEX_POINT('',#2333);
#2335=CARTESIAN_POINT('',(-1.044178149401,-2.049315005633,-0.150000000000));
#2336=LINE('',#2335,#786);
#2337=EDGE_CURVE('',#2329,#2334,#2336,.T.);
#2338=ORIENTED_EDGE('',*,*,#2337,.T.);
#2339=CARTESIAN_POINT('',(-1.042141089735,-1.869101909765,-0.150000000000));
#2340=VERTEX_POINT('',#2339);
#2341=LINE('',#1884,#1050);
#2342=EDGE_CURVE('',#2334,#2340,#2341,.T.);
#2343=ORIENTED_EDGE('',*,*,#2342,.T.);
#2344=CARTESIAN_POINT('',(-1.192259841846,-1.777109020157,-0.150000000000));
#2345=VERTEX_POINT('',#2344);
#2346=CIRCLE('',#1477,2.140000000000);
#2347=EDGE_CURVE('',#2345,#2340,#2346,.T.);
#2348=ORIENTED_EDGE('',*,*,#2347,.F.);
#2349=CARTESIAN_POINT('',(-1.287184720723,-1.907761907246,-0.150000000000));
#2350=VERTEX_POINT('',#2349);
#2351=LINE('',#1919,#765);
#2352=EDGE_CURVE('',#2345,#2350,#2351,.T.);
#2353=ORIENTED_EDGE('',*,*,#2352,.T.);
#2354=CARTESIAN_POINT('',(-1.416627439823,-1.813716266879,-0.150000000000));
#2355=VERTEX_POINT('',#2354);
#2356=CARTESIAN_POINT('',(-1.351906080273,-1.860739087062,-0.150000000000));
#2357=LINE('',#2356,#757);
#2358=EDGE_CURVE('',#2350,#2355,#2357,.T.);
#2359=ORIENTED_EDGE('',*,*,#2358,.T.);
#2360=CARTESIAN_POINT('',(-1.321702560946,-1.683063379790,-0.150000000000));
#2361=VERTEX_POINT('',#2360);
#2362=LINE('',#1907,#1025);
#2363=EDGE_CURVE('',#2355,#2361,#2362,.T.);
#2364=ORIENTED_EDGE('',*,*,#2363,.T.);
#2365=CARTESIAN_POINT('',(-1.455582243637,-1.568719328627,-0.150000000000));
#2366=VERTEX_POINT('',#2365);
#2367=CIRCLE('',#1477,2.140000000000);
#2368=EDGE_CURVE('',#2366,#2361,#2367,.T.);
#2369=ORIENTED_EDGE('',*,*,#2368,.F.);
#2370=CARTESIAN_POINT('',(-1.569777054234,-1.682914139224,-0.150000000000));
#2371=VERTEX_POINT('',#2370);
#2372=LINE('',#1942,#736);
#2373=EDGE_CURVE('',#2366,#2371,#2372,.T.);
#2374=ORIENTED_EDGE('',*,*,#2373,.T.);
#2375=CARTESIAN_POINT('',(-1.682914139224,-1.569777054234,-0.150000000000));
#2376=VERTEX_POINT('',#2375);
#2377=CARTESIAN_POINT('',(-1.626345596729,-1.626345596729,-0.150000000000));
#2378=LINE('',#2377,#728);
#2379=EDGE_CURVE('',#2371,#2376,#2378,.T.);
#2380=ORIENTED_EDGE('',*,*,#2379,.T.);
#2381=CARTESIAN_POINT('',(-1.568719328627,-1.455582243637,-0.150000000000));
#2382=VERTEX_POINT('',#2381);
#2383=LINE('',#1930,#1000);
#2384=EDGE_CURVE('',#2376,#2382,#2383,.T.);
#2385=ORIENTED_EDGE('',*,*,#2384,.T.);
#2386=CARTESIAN_POINT('',(-1.683063379790,-1.321702560946,-0.150000000000));
#2387=VERTEX_POINT('',#2386);
#2388=CIRCLE('',#1477,2.140000000000);
#2389=EDGE_CURVE('',#2387,#2382,#2388,.T.);
#2390=ORIENTED_EDGE('',*,*,#2389,.F.);
#2391=CARTESIAN_POINT('',(-1.813716266879,-1.416627439823,-0.150000000000));
#2392=VERTEX_POINT('',#2391);
#2393=LINE('',#1965,#707);
#2394=EDGE_CURVE('',#2387,#2392,#2393,.T.);
#2395=ORIENTED_EDGE('',*,*,#2394,.T.);
#2396=CARTESIAN_POINT('',(-1.907761907246,-1.287184720723,-0.150000000000));
#2397=VERTEX_POINT('',#2396);
#2398=CARTESIAN_POINT('',(-1.860739087062,-1.351906080273,-0.150000000000));
#2399=LINE('',#2398,#699);
#2400=EDGE_CURVE('',#2392,#2397,#2399,.T.);
#2401=ORIENTED_EDGE('',*,*,#2400,.T.);
#2402=CARTESIAN_POINT('',(-1.777109020157,-1.192259841846,-0.150000000000));
#2403=VERTEX_POINT('',#2402);
#2404=LINE('',#1953,#975);
#2405=EDGE_CURVE('',#2397,#2403,#2404,.T.);
#2406=ORIENTED_EDGE('',*,*,#2405,.T.);
#2407=CARTESIAN_POINT('',(-1.869101909765,-1.042141089735,-0.150000000000));
#2408=VERTEX_POINT('',#2407);
#2409=CIRCLE('',#1477,2.140000000000);
#2410=EDGE_CURVE('',#2408,#2403,#2409,.T.);
#2411=ORIENTED_EDGE('',*,*,#2410,.F.);
#2412=CARTESIAN_POINT('',(-2.012995765654,-1.115458671336,-0.150000000000));
#2413=VERTEX_POINT('',#2412);
#2414=LINE('',#1988,#678);
#2415=EDGE_CURVE('',#2408,#2413,#2414,.T.);
#2416=ORIENTED_EDGE('',*,*,#2415,.T.);
#2417=CARTESIAN_POINT('',(-2.085634245612,-0.972897627466,-0.150000000000));
#2418=VERTEX_POINT('',#2417);
#2419=CARTESIAN_POINT('',(-2.049315005633,-1.044178149401,-0.150000000000));
#2420=LINE('',#2419,#670);
#2421=EDGE_CURVE('',#2413,#2418,#2420,.T.);
#2422=ORIENTED_EDGE('',*,*,#2421,.T.);
#2423=CARTESIAN_POINT('',(-1.941740389723,-0.899580045864,-0.150000000000));
#2424=VERTEX_POINT('',#2423);
#2425=LINE('',#1976,#950);
#2426=EDGE_CURVE('',#2418,#2424,#2425,.T.);
#2427=ORIENTED_EDGE('',*,*,#2426,.T.);
#2428=CARTESIAN_POINT('',(-2.009116947528,-0.736918646226,-0.150000000000));
#2429=VERTEX_POINT('',#2428);
#2430=CIRCLE('',#1477,2.140000000000);
#2431=EDGE_CURVE('',#2429,#2424,#2430,.T.);
#2432=ORIENTED_EDGE('',*,*,#2431,.F.);
#2433=CARTESIAN_POINT('',(-2.162708627929,-0.786823608366,-0.150000000000));
#2434=VERTEX_POINT('',#2433);
#2435=LINE('',#2011,#649);
#2436=EDGE_CURVE('',#2429,#2434,#2435,.T.);
#2437=ORIENTED_EDGE('',*,*,#2436,.T.);
#2438=CARTESIAN_POINT('',(-2.212151347029,-0.634654565759,-0.150000000000));
#2439=VERTEX_POINT('',#2438);
#2440=CARTESIAN_POINT('',(-2.187429987479,-0.710739087062,-0.150000000000));
#2441=LINE('',#2440,#641);
#2442=EDGE_CURVE('',#2434,#2439,#2441,.T.);
#2443=ORIENTED_EDGE('',*,*,#2442,.T.);
#2444=CARTESIAN_POINT('',(-2.058559666628,-0.584749603619,-0.150000000000));
#2445=VERTEX_POINT('',#2444);
#2446=LINE('',#1999,#925);
#2447=EDGE_CURVE('',#2439,#2445,#2446,.T.);
#2448=ORIENTED_EDGE('',*,*,#2447,.T.);
#2449=CARTESIAN_POINT('',(-2.099660858166,-0.413550819955,-0.150000000000));
#2450=VERTEX_POINT('',#2449);
#2451=CIRCLE('',#1477,2.140000000000);
#2452=EDGE_CURVE('',#2450,#2445,#2451,.T.);
#2453=ORIENTED_EDGE('',*,*,#2452,.F.);
#2454=CARTESIAN_POINT('',(-2.259168426166,-0.438814336840,-0.150000000000));
#2455=VERTEX_POINT('',#2454);
#2456=LINE('',#2034,#620);
#2457=EDGE_CURVE('',#2450,#2455,#2456,.T.);
#2458=ORIENTED_EDGE('',*,*,#2457,.T.);
#2459=CARTESIAN_POINT('',(-2.284197940572,-0.280784202345,-0.150000000000));
#2460=VERTEX_POINT('',#2459);
#2461=CARTESIAN_POINT('',(-2.271683183369,-0.359799269593,-0.150000000000));
#2462=LINE('',#2461,#612);
#2463=EDGE_CURVE('',#2455,#2460,#2462,.T.);
#2464=ORIENTED_EDGE('',*,*,#2463,.T.);
#2465=CARTESIAN_POINT('',(-2.124690372572,-0.255520685460,-0.150000000000));
#2466=VERTEX_POINT('',#2465);
#2467=LINE('',#2022,#900);
#2468=EDGE_CURVE('',#2460,#2466,#2467,.T.);
#2469=ORIENTED_EDGE('',*,*,#2468,.T.);
#2470=CARTESIAN_POINT('',(-2.138504150101,-0.080000000000,-0.150000000000));
#2471=VERTEX_POINT('',#2470);
#2472=CIRCLE('',#1477,2.140000000000);
#2473=EDGE_CURVE('',#2471,#2466,#2472,.T.);
#2474=ORIENTED_EDGE('',*,*,#2473,.F.);
#2475=CARTESIAN_POINT('',(-2.300000000000,-0.080000000000,-0.150000000000));
#2476=VERTEX_POINT('',#2475);
#2477=LINE('',#2057,#591);
#2478=EDGE_CURVE('',#2471,#2476,#2477,.T.);
#2479=ORIENTED_EDGE('',*,*,#2478,.T.);
#2480=CARTESIAN_POINT('',(-2.300000000000,0.080000000000,-0.150000000000));
#2481=VERTEX_POINT('',#2480);
#2482=CARTESIAN_POINT('',(-2.300000000000,0.000000000000,-0.150000000000));
#2483=LINE('',#2482,#583);
#2484=EDGE_CURVE('',#2476,#2481,#2483,.T.);
#2485=ORIENTED_EDGE('',*,*,#2484,.T.);
#2486=CARTESIAN_POINT('',(-2.138504150101,0.080000000000,-0.150000000000));
#2487=VERTEX_POINT('',#2486);
#2488=LINE('',#2045,#875);
#2489=EDGE_CURVE('',#2481,#2487,#2488,.T.);
#2490=ORIENTED_EDGE('',*,*,#2489,.T.);
#2491=CARTESIAN_POINT('',(-2.124690372572,0.255520685460,-0.150000000000));
#2492=VERTEX_POINT('',#2491);
#2493=CIRCLE('',#1477,2.140000000000);
#2494=EDGE_CURVE('',#2492,#2487,#2493,.T.);
#2495=ORIENTED_EDGE('',*,*,#2494,.F.);
#2496=CARTESIAN_POINT('',(-2.284197940572,0.280784202345,-0.150000000000));
#2497=VERTEX_POINT('',#2496);
#2498=LINE('',#2080,#563);
#2499=EDGE_CURVE('',#2492,#2497,#2498,.T.);
#2500=ORIENTED_EDGE('',*,*,#2499,.T.);
#2501=CARTESIAN_POINT('',(-2.259168426166,0.438814336840,-0.150000000000));
#2502=VERTEX_POINT('',#2501);
#2503=CARTESIAN_POINT('',(-2.271683183369,0.359799269593,-0.150000000000));
#2504=LINE('',#2503,#555);
#2505=EDGE_CURVE('',#2497,#2502,#2504,.T.);
#2506=ORIENTED_EDGE('',*,*,#2505,.T.);
#2507=CARTESIAN_POINT('',(-2.099660858166,0.413550819955,-0.150000000000));
#2508=VERTEX_POINT('',#2507);
#2509=LINE('',#2068,#850);
#2510=EDGE_CURVE('',#2502,#2508,#2509,.T.);
#2511=ORIENTED_EDGE('',*,*,#2510,.T.);
#2512=CARTESIAN_POINT('',(-2.058559666628,0.584749603619,-0.150000000000));
#2513=VERTEX_POINT('',#2512);
#2514=CIRCLE('',#1477,2.140000000000);
#2515=EDGE_CURVE('',#2513,#2508,#2514,.T.);
#2516=ORIENTED_EDGE('',*,*,#2515,.F.);
#2517=CARTESIAN_POINT('',(-2.212151347029,0.634654565759,-0.150000000000));
#2518=VERTEX_POINT('',#2517);
#2519=LINE('',#2103,#33);
#2520=EDGE_CURVE('',#2513,#2518,#2519,.T.);
#2521=ORIENTED_EDGE('',*,*,#2520,.T.);
#2522=CARTESIAN_POINT('',(-2.162708627929,0.786823608366,-0.150000000000));
#2523=VERTEX_POINT('',#2522);
#2524=CARTESIAN_POINT('',(-2.187429987479,0.710739087062,-0.150000000000));
#2525=LINE('',#2524,#59);
#2526=EDGE_CURVE('',#2518,#2523,#2525,.T.);
#2527=ORIENTED_EDGE('',*,*,#2526,.T.);
#2528=CARTESIAN_POINT('',(-2.009116947528,0.736918646226,-0.150000000000));
#2529=VERTEX_POINT('',#2528);
#2530=LINE('',#2091,#19);
#2531=EDGE_CURVE('',#2523,#2529,#2530,.T.);
#2532=ORIENTED_EDGE('',*,*,#2531,.T.);
#2533=CARTESIAN_POINT('',(-1.941740389723,0.899580045864,-0.150000000000));
#2534=VERTEX_POINT('',#2533);
#2535=CIRCLE('',#1477,2.140000000000);
#2536=EDGE_CURVE('',#2534,#2529,#2535,.T.);
#2537=ORIENTED_EDGE('',*,*,#2536,.F.);
#2538=CARTESIAN_POINT('',(-2.085634245612,0.972897627466,-0.150000000000));
#2539=VERTEX_POINT('',#2538);
#2540=LINE('',#2126,#786);
#2541=EDGE_CURVE('',#2534,#2539,#2540,.T.);
#2542=ORIENTED_EDGE('',*,*,#2541,.T.);
#2543=CARTESIAN_POINT('',(-2.012995765654,1.115458671336,-0.150000000000));
#2544=VERTEX_POINT('',#2543);
#2545=CARTESIAN_POINT('',(-2.049315005633,1.044178149401,-0.150000000000));
#2546=LINE('',#2545,#1050);
#2547=EDGE_CURVE('',#2539,#2544,#2546,.T.);
#2548=ORIENTED_EDGE('',*,*,#2547,.T.);
#2549=CARTESIAN_POINT('',(-1.869101909765,1.042141089735,-0.150000000000));
#2550=VERTEX_POINT('',#2549);
#2551=LINE('',#2114,#802);
#2552=EDGE_CURVE('',#2544,#2550,#2551,.T.);
#2553=ORIENTED_EDGE('',*,*,#2552,.T.);
#2554=CARTESIAN_POINT('',(-1.777109020157,1.192259841846,-0.150000000000));
#2555=VERTEX_POINT('',#2554);
#2556=CIRCLE('',#1477,2.140000000000);
#2557=EDGE_CURVE('',#2555,#2550,#2556,.T.);
#2558=ORIENTED_EDGE('',*,*,#2557,.F.);
#2559=CARTESIAN_POINT('',(-1.907761907246,1.287184720723,-0.150000000000));
#2560=VERTEX_POINT('',#2559);
#2561=LINE('',#2149,#757);
#2562=EDGE_CURVE('',#2555,#2560,#2561,.T.);
#2563=ORIENTED_EDGE('',*,*,#2562,.T.);
#2564=CARTESIAN_POINT('',(-1.813716266879,1.416627439823,-0.150000000000));
#2565=VERTEX_POINT('',#2564);
#2566=CARTESIAN_POINT('',(-1.860739087062,1.351906080273,-0.150000000000));
#2567=LINE('',#2566,#1025);
#2568=EDGE_CURVE('',#2560,#2565,#2567,.T.);
#2569=ORIENTED_EDGE('',*,*,#2568,.T.);
#2570=CARTESIAN_POINT('',(-1.683063379790,1.321702560946,-0.150000000000));
#2571=VERTEX_POINT('',#2570);
#2572=LINE('',#2137,#773);
#2573=EDGE_CURVE('',#2565,#2571,#2572,.T.);
#2574=ORIENTED_EDGE('',*,*,#2573,.T.);
#2575=CARTESIAN_POINT('',(-1.568719328627,1.455582243637,-0.150000000000));
#2576=VERTEX_POINT('',#2575);
#2577=CIRCLE('',#1477,2.140000000000);
#2578=EDGE_CURVE('',#2576,#2571,#2577,.T.);
#2579=ORIENTED_EDGE('',*,*,#2578,.F.);
#2580=CARTESIAN_POINT('',(-1.682914139224,1.569777054234,-0.150000000000));
#2581=VERTEX_POINT('',#2580);
#2582=LINE('',#2172,#728);
#2583=EDGE_CURVE('',#2576,#2581,#2582,.T.);
#2584=ORIENTED_EDGE('',*,*,#2583,.T.);
#2585=CARTESIAN_POINT('',(-1.569777054234,1.682914139224,-0.150000000000));
#2586=VERTEX_POINT('',#2585);
#2587=CARTESIAN_POINT('',(-1.626345596729,1.626345596729,-0.150000000000));
#2588=LINE('',#2587,#1000);
#2589=EDGE_CURVE('',#2581,#2586,#2588,.T.);
#2590=ORIENTED_EDGE('',*,*,#2589,.T.);
#2591=CARTESIAN_POINT('',(-1.455582243637,1.568719328627,-0.150000000000));
#2592=VERTEX_POINT('',#2591);
#2593=LINE('',#2160,#744);
#2594=EDGE_CURVE('',#2586,#2592,#2593,.T.);
#2595=ORIENTED_EDGE('',*,*,#2594,.T.);
#2596=CARTESIAN_POINT('',(-1.321702560946,1.683063379790,-0.150000000000));
#2597=VERTEX_POINT('',#2596);
#2598=CIRCLE('',#1477,2.140000000000);
#2599=EDGE_CURVE('',#2597,#2592,#2598,.T.);
#2600=ORIENTED_EDGE('',*,*,#2599,.F.);
#2601=CARTESIAN_POINT('',(-1.416627439823,1.813716266879,-0.150000000000));
#2602=VERTEX_POINT('',#2601);
#2603=LINE('',#2195,#699);
#2604=EDGE_CURVE('',#2597,#2602,#2603,.T.);
#2605=ORIENTED_EDGE('',*,*,#2604,.T.);
#2606=CARTESIAN_POINT('',(-1.287184720723,1.907761907246,-0.150000000000));
#2607=VERTEX_POINT('',#2606);
#2608=CARTESIAN_POINT('',(-1.351906080273,1.860739087062,-0.150000000000));
#2609=LINE('',#2608,#975);
#2610=EDGE_CURVE('',#2602,#2607,#2609,.T.);
#2611=ORIENTED_EDGE('',*,*,#2610,.T.);
#2612=CARTESIAN_POINT('',(-1.192259841846,1.777109020157,-0.150000000000));
#2613=VERTEX_POINT('',#2612);
#2614=LINE('',#2183,#715);
#2615=EDGE_CURVE('',#2607,#2613,#2614,.T.);
#2616=ORIENTED_EDGE('',*,*,#2615,.T.);
#2617=CARTESIAN_POINT('',(-1.042141089735,1.869101909765,-0.150000000000));
#2618=VERTEX_POINT('',#2617);
#2619=CIRCLE('',#1477,2.140000000000);
#2620=EDGE_CURVE('',#2618,#2613,#2619,.T.);
#2621=ORIENTED_EDGE('',*,*,#2620,.F.);
#2622=CARTESIAN_POINT('',(-1.115458671336,2.012995765654,-0.150000000000));
#2623=VERTEX_POINT('',#2622);
#2624=LINE('',#2218,#670);
#2625=EDGE_CURVE('',#2618,#2623,#2624,.T.);
#2626=ORIENTED_EDGE('',*,*,#2625,.T.);
#2627=CARTESIAN_POINT('',(-0.972897627466,2.085634245612,-0.150000000000));
#2628=VERTEX_POINT('',#2627);
#2629=CARTESIAN_POINT('',(-1.044178149401,2.049315005633,-0.150000000000));
#2630=LINE('',#2629,#950);
#2631=EDGE_CURVE('',#2623,#2628,#2630,.T.);
#2632=ORIENTED_EDGE('',*,*,#2631,.T.);
#2633=CARTESIAN_POINT('',(-0.899580045864,1.941740389723,-0.150000000000));
#2634=VERTEX_POINT('',#2633);
#2635=LINE('',#2206,#686);
#2636=EDGE_CURVE('',#2628,#2634,#2635,.T.);
#2637=ORIENTED_EDGE('',*,*,#2636,.T.);
#2638=CARTESIAN_POINT('',(-0.736918646226,2.009116947528,-0.150000000000));
#2639=VERTEX_POINT('',#2638);
#2640=CIRCLE('',#1477,2.140000000000);
#2641=EDGE_CURVE('',#2639,#2634,#2640,.T.);
#2642=ORIENTED_EDGE('',*,*,#2641,.F.);
#2643=CARTESIAN_POINT('',(-0.786823608366,2.162708627929,-0.150000000000));
#2644=VERTEX_POINT('',#2643);
#2645=LINE('',#2241,#641);
#2646=EDGE_CURVE('',#2639,#2644,#2645,.T.);
#2647=ORIENTED_EDGE('',*,*,#2646,.T.);
#2648=CARTESIAN_POINT('',(-0.634654565759,2.212151347029,-0.150000000000));
#2649=VERTEX_POINT('',#2648);
#2650=CARTESIAN_POINT('',(-0.710739087062,2.187429987479,-0.150000000000));
#2651=LINE('',#2650,#925);
#2652=EDGE_CURVE('',#2644,#2649,#2651,.T.);
#2653=ORIENTED_EDGE('',*,*,#2652,.T.);
#2654=CARTESIAN_POINT('',(-0.584749603619,2.058559666628,-0.150000000000));
#2655=VERTEX_POINT('',#2654);
#2656=LINE('',#2229,#657);
#2657=EDGE_CURVE('',#2649,#2655,#2656,.T.);
#2658=ORIENTED_EDGE('',*,*,#2657,.T.);
#2659=CARTESIAN_POINT('',(-0.413550819955,2.099660858166,-0.150000000000));
#2660=VERTEX_POINT('',#2659);
#2661=CIRCLE('',#1477,2.140000000000);
#2662=EDGE_CURVE('',#2660,#2655,#2661,.T.);
#2663=ORIENTED_EDGE('',*,*,#2662,.F.);
#2664=CARTESIAN_POINT('',(-0.438814336840,2.259168426166,-0.150000000000));
#2665=VERTEX_POINT('',#2664);
#2666=LINE('',#2264,#612);
#2667=EDGE_CURVE('',#2660,#2665,#2666,.T.);
#2668=ORIENTED_EDGE('',*,*,#2667,.T.);
#2669=CARTESIAN_POINT('',(-0.280784202345,2.284197940572,-0.150000000000));
#2670=VERTEX_POINT('',#2669);
#2671=CARTESIAN_POINT('',(-0.359799269593,2.271683183369,-0.150000000000));
#2672=LINE('',#2671,#900);
#2673=EDGE_CURVE('',#2665,#2670,#2672,.T.);
#2674=ORIENTED_EDGE('',*,*,#2673,.T.);
#2675=CARTESIAN_POINT('',(-0.255520685460,2.124690372572,-0.150000000000));
#2676=VERTEX_POINT('',#2675);
#2677=LINE('',#2252,#628);
#2678=EDGE_CURVE('',#2670,#2676,#2677,.T.);
#2679=ORIENTED_EDGE('',*,*,#2678,.T.);
#2680=CARTESIAN_POINT('',(-0.080000000000,2.138504150101,-0.150000000000));
#2681=VERTEX_POINT('',#2680);
#2682=CIRCLE('',#1477,2.140000000000);
#2683=EDGE_CURVE('',#2681,#2676,#2682,.T.);
#2684=ORIENTED_EDGE('',*,*,#2683,.F.);
#2685=CARTESIAN_POINT('',(-0.080000000000,2.300000000000,-0.150000000000));
#2686=VERTEX_POINT('',#2685);
#2687=LINE('',#2287,#583);
#2688=EDGE_CURVE('',#2681,#2686,#2687,.T.);
#2689=ORIENTED_EDGE('',*,*,#2688,.T.);
#2690=CARTESIAN_POINT('',(0.080000000000,2.300000000000,-0.150000000000));
#2691=VERTEX_POINT('',#2690);
#2692=CARTESIAN_POINT('',(0.000000000000,2.300000000000,-0.150000000000));
#2693=LINE('',#2692,#875);
#2694=EDGE_CURVE('',#2686,#2691,#2693,.T.);
#2695=ORIENTED_EDGE('',*,*,#2694,.T.);
#2696=CARTESIAN_POINT('',(0.080000000000,2.138504150101,-0.150000000000));
#2697=VERTEX_POINT('',#2696);
#2698=LINE('',#2275,#599);
#2699=EDGE_CURVE('',#2691,#2697,#2698,.T.);
#2700=ORIENTED_EDGE('',*,*,#2699,.T.);
#2701=CARTESIAN_POINT('',(0.255520685460,2.124690372572,-0.150000000000));
#2702=VERTEX_POINT('',#2701);
#2703=CIRCLE('',#1477,2.140000000000);
#2704=EDGE_CURVE('',#2702,#2697,#2703,.T.);
#2705=ORIENTED_EDGE('',*,*,#2704,.F.);
#2706=CARTESIAN_POINT('',(0.280784202345,2.284197940572,-0.150000000000));
#2707=VERTEX_POINT('',#2706);
#2708=LINE('',#2310,#555);
#2709=EDGE_CURVE('',#2702,#2707,#2708,.T.);
#2710=ORIENTED_EDGE('',*,*,#2709,.T.);
#2711=CARTESIAN_POINT('',(0.438814336840,2.259168426166,-0.150000000000));
#2712=VERTEX_POINT('',#2711);
#2713=CARTESIAN_POINT('',(0.359799269593,2.271683183369,-0.150000000000));
#2714=LINE('',#2713,#850);
#2715=EDGE_CURVE('',#2707,#2712,#2714,.T.);
#2716=ORIENTED_EDGE('',*,*,#2715,.T.);
#2717=CARTESIAN_POINT('',(0.413550819955,2.099660858166,-0.150000000000));
#2718=VERTEX_POINT('',#2717);
#2719=LINE('',#2298,#571);
#2720=EDGE_CURVE('',#2712,#2718,#2719,.T.);
#2721=ORIENTED_EDGE('',*,*,#2720,.T.);
#2722=CIRCLE('',#1477,2.140000000000);
#2723=EDGE_CURVE('',#45,#2718,#2722,.T.);
#2724=ORIENTED_EDGE('',*,*,#2723,.F.);
#2725=ORIENTED_EDGE('',*,*,#50,.F.);
#2726=EDGE_LOOP('',(#1875,#1876,#1881,#1887,#1893,#1899,#1904,#1910,#1916,#1922,#1927,#1933,#1939,#1945,#1950,#1956,#1962,#1968,#1973,#1979,#1985,#1991,#1996,#2002,#2008,#2014,#2019,#2025,#2031,#2037,#2042,#2048,#2054,#2060,#2065,#2071,#2077,#2083,#2088,#2094,#2100,#2106,#2111,#2117,#2123,#2129,#2134,#2140,#2146,#2152,#2157,#2163,#2169,#2175,#2180,#2186,#2192,#2198,#2203,#2209,#2215,#2221,#2226,#2232,#2238,#2244,#2249,#2255,#2261,#2267,#2272,#2278,#2284,#2290,#2295,#2301,#2307,#2313,#2316,#2317,#2321,#2322,#2327,#2332,#2338,#2343,#2348,#2353,#2359,#2364,#2369,#2374,#2380,#2385,#2390,#2395,#2401,#2406,#2411,#2416,#2422,#2427,#2432,#2437,#2443,#2448,#2453,#2458,#2464,#2469,#2474,#2479,#2485,#2490,#2495,#2500,#2506,#2511,#2516,#2521,#2527,#2532,#2537,#2542,#2548,#2553,#2558,#2563,#2569,#2574,#2579,#2584,#2590,#2595,#2600,#2605,#2611,#2616,#2621,#2626,#2632,#2637,#2642,#2647,#2653,#2658,#2663,#2668,#2674,#2679,#2684,#2689,#2695,#2700,#2705,#2710,#2716,#2721,#2724,#2725));
#2727=FACE_BOUND('',#1874,.T.);
#2728=FACE_OUTER_BOUND('',#2726,.T.);
#2729=ADVANCED_FACE('',(#2727,#2728),#1472,.T.);
#2730=CARTESIAN_POINT('',(1.044178149401,-2.049315005633,0.000000000000));
#2731=AXIS2_PLACEMENT_3D('',#2730,#685,#677);
#2732=PLANE('',#2731);
#2733=ORIENTED_EDGE('',*,*,#1161,.F.);
#2734=CARTESIAN_POINT('',(0.972897627466,-2.085634245612,0.000000000000));
#2735=LINE('',#2734,#27);
#2736=EDGE_CURVE('',#1153,#2211,#2735,.T.);
#2737=ORIENTED_EDGE('',*,*,#2736,.T.);
#2738=ORIENTED_EDGE('',*,*,#2214,.F.);
#2739=CARTESIAN_POINT('',(1.115458671336,-2.012995765654,0.000000000000));
#2740=LINE('',#2739,#12);
#2741=EDGE_CURVE('',#2205,#1158,#2740,.T.);
#2742=ORIENTED_EDGE('',*,*,#2741,.T.);
#2743=EDGE_LOOP('',(#2733,#2737,#2738,#2742));
#2744=FACE_OUTER_BOUND('',#2743,.T.);
#2745=ADVANCED_FACE('',(#2744),#2732,.T.);
#2746=CARTESIAN_POINT('',(0.071280521935,0.036319239979,0.000000000000));
#2747=AXIS2_PLACEMENT_3D('',#2746,#949,#685);
#2748=PLANE('',#2747);
#2749=ORIENTED_EDGE('',*,*,#672,.F.);
#2750=CARTESIAN_POINT('',(-0.899580045864,1.941740389723,0.000000000000));
#2751=LINE('',#2750,#12);
#2752=EDGE_CURVE('',#2634,#662,#2751,.T.);
#2753=ORIENTED_EDGE('',*,*,#2752,.F.);
#2754=ORIENTED_EDGE('',*,*,#2636,.F.);
#2755=CARTESIAN_POINT('',(-0.972897627466,2.085634245612,0.000000000000));
#2756=LINE('',#2755,#12);
#2757=EDGE_CURVE('',#2628,#667,#2756,.T.);
#2758=ORIENTED_EDGE('',*,*,#2757,.T.);
#2759=EDGE_LOOP('',(#2749,#2753,#2754,#2758));
#2760=ORIENTED_EDGE('',*,*,#1166,.F.);
#2761=ORIENTED_EDGE('',*,*,#2741,.F.);
#2762=ORIENTED_EDGE('',*,*,#2208,.F.);
#2763=CARTESIAN_POINT('',(1.042141089735,-1.869101909765,0.000000000000));
#2764=LINE('',#2763,#12);
#2765=EDGE_CURVE('',#2200,#1164,#2764,.T.);
#2766=ORIENTED_EDGE('',*,*,#2765,.T.);
#2767=EDGE_LOOP('',(#2760,#2761,#2762,#2766));
#2768=FACE_OUTER_BOUND('',#2759,.T.);
#2769=ADVANCED_FACE('',(#2768),#2748,.T.);
#2770=FACE_OUTER_BOUND('',#2767,.T.);
#2771=ADVANCED_FACE('',(#2770),#2748,.T.);
#2772=CARTESIAN_POINT('',(-0.071280521935,-0.036319239979,0.000000000000));
#2773=AXIS2_PLACEMENT_3D('',#2772,#677,#669);
#2774=PLANE('',#2773);
#2775=ORIENTED_EDGE('',*,*,#688,.F.);
#2776=CARTESIAN_POINT('',(-1.115458671336,2.012995765654,0.000000000000));
#2777=LINE('',#2776,#27);
#2778=EDGE_CURVE('',#675,#2623,#2777,.T.);
#2779=ORIENTED_EDGE('',*,*,#2778,.T.);
#2780=ORIENTED_EDGE('',*,*,#2625,.F.);
#2781=CARTESIAN_POINT('',(-1.042141089735,1.869101909765,0.000000000000));
#2782=LINE('',#2781,#12);
#2783=EDGE_CURVE('',#2618,#683,#2782,.T.);
#2784=ORIENTED_EDGE('',*,*,#2783,.T.);
#2785=EDGE_LOOP('',(#2775,#2779,#2780,#2784));
#2786=ORIENTED_EDGE('',*,*,#1155,.F.);
#2787=CARTESIAN_POINT('',(0.899580045864,-1.941740389723,0.000000000000));
#2788=LINE('',#2787,#12);
#2789=EDGE_CURVE('',#2217,#1148,#2788,.T.);
#2790=ORIENTED_EDGE('',*,*,#2789,.F.);
#2791=ORIENTED_EDGE('',*,*,#2220,.F.);
#2792=ORIENTED_EDGE('',*,*,#2736,.F.);
#2793=EDGE_LOOP('',(#2786,#2790,#2791,#2792));
#2794=FACE_OUTER_BOUND('',#2785,.T.);
#2795=ADVANCED_FACE('',(#2794),#2774,.T.);
#2796=FACE_OUTER_BOUND('',#2793,.T.);
#2797=ADVANCED_FACE('',(#2796),#2774,.T.);
#2798=CARTESIAN_POINT('',(-2.271683183369,0.359799269593,0.000000000000));
#2799=AXIS2_PLACEMENT_3D('',#2798,#562,#554);
#2800=PLANE('',#2799);
#2801=ORIENTED_EDGE('',*,*,#844,.F.);
#2802=CARTESIAN_POINT('',(-2.259168426166,0.438814336840,0.000000000000));
#2803=LINE('',#2802,#27);
#2804=EDGE_CURVE('',#835,#2502,#2803,.T.);
#2805=ORIENTED_EDGE('',*,*,#2804,.T.);
#2806=ORIENTED_EDGE('',*,*,#2505,.F.);
#2807=CARTESIAN_POINT('',(-2.284197940572,0.280784202345,0.000000000000));
#2808=LINE('',#2807,#12);
#2809=EDGE_CURVE('',#2497,#841,#2808,.T.);
#2810=ORIENTED_EDGE('',*,*,#2809,.T.);
#2811=EDGE_LOOP('',(#2801,#2805,#2806,#2810));
#2812=FACE_OUTER_BOUND('',#2811,.T.);
#2813=ADVANCED_FACE('',(#2812),#2800,.T.);
#2814=CARTESIAN_POINT('',(-0.012514757203,-0.079015067248,0.000000000000));
#2815=AXIS2_PLACEMENT_3D('',#2814,#570,#562);
#2816=PLANE('',#2815);
#2817=ORIENTED_EDGE('',*,*,#852,.F.);
#2818=ORIENTED_EDGE('',*,*,#2809,.F.);
#2819=ORIENTED_EDGE('',*,*,#2499,.F.);
#2820=CARTESIAN_POINT('',(-2.124690372572,0.255520685460,0.000000000000));
#2821=LINE('',#2820,#12);
#2822=EDGE_CURVE('',#2492,#847,#2821,.T.);
#2823=ORIENTED_EDGE('',*,*,#2822,.T.);
#2824=EDGE_LOOP('',(#2817,#2818,#2819,#2823));
#2825=ORIENTED_EDGE('',*,*,#1281,.F.);
#2826=CARTESIAN_POINT('',(2.099660858166,-0.413550819955,0.000000000000));
#2827=LINE('',#2826,#12);
#2828=EDGE_CURVE('',#2079,#1274,#2827,.T.);
#2829=ORIENTED_EDGE('',*,*,#2828,.F.);
#2830=ORIENTED_EDGE('',*,*,#2082,.F.);
#2831=CARTESIAN_POINT('',(2.259168426166,-0.438814336840,0.000000000000));
#2832=LINE('',#2831,#12);
#2833=EDGE_CURVE('',#2073,#1279,#2832,.T.);
#2834=ORIENTED_EDGE('',*,*,#2833,.T.);
#2835=EDGE_LOOP('',(#2825,#2829,#2830,#2834));
#2836=FACE_OUTER_BOUND('',#2824,.T.);
#2837=ADVANCED_FACE('',(#2836),#2816,.T.);
#2838=FACE_OUTER_BOUND('',#2835,.T.);
#2839=ADVANCED_FACE('',(#2838),#2816,.T.);
#2840=CARTESIAN_POINT('',(0.012514757203,0.079015067248,0.000000000000));
#2841=AXIS2_PLACEMENT_3D('',#2840,#554,#849);
#2842=PLANE('',#2841);
#2843=ORIENTED_EDGE('',*,*,#1292,.F.);
#2844=CARTESIAN_POINT('',(2.284197940572,-0.280784202345,0.000000000000));
#2845=LINE('',#2844,#27);
#2846=EDGE_CURVE('',#1284,#2067,#2845,.T.);
#2847=ORIENTED_EDGE('',*,*,#2846,.T.);
#2848=ORIENTED_EDGE('',*,*,#2070,.F.);
#2849=CARTESIAN_POINT('',(2.124690372572,-0.255520685460,0.000000000000));
#2850=LINE('',#2849,#12);
#2851=EDGE_CURVE('',#2062,#1290,#2850,.T.);
#2852=ORIENTED_EDGE('',*,*,#2851,.T.);
#2853=EDGE_LOOP('',(#2843,#2847,#2848,#2852));
#2854=ORIENTED_EDGE('',*,*,#838,.F.);
#2855=CARTESIAN_POINT('',(-2.099660858166,0.413550819955,0.000000000000));
#2856=LINE('',#2855,#12);
#2857=EDGE_CURVE('',#2508,#830,#2856,.T.);
#2858=ORIENTED_EDGE('',*,*,#2857,.F.);
#2859=ORIENTED_EDGE('',*,*,#2510,.F.);
#2860=ORIENTED_EDGE('',*,*,#2804,.F.);
#2861=EDGE_LOOP('',(#2854,#2858,#2859,#2860));
#2862=FACE_OUTER_BOUND('',#2853,.T.);
#2863=ADVANCED_FACE('',(#2862),#2842,.T.);
#2864=FACE_OUTER_BOUND('',#2861,.T.);
#2865=ADVANCED_FACE('',(#2864),#2842,.T.);
#2866=CARTESIAN_POINT('',(2.300000000000,0.000000000000,0.000000000000));
#2867=AXIS2_PLACEMENT_3D('',#2866,#874,#11);
#2868=PLANE('',#2867);
#2869=ORIENTED_EDGE('',*,*,#1308,.F.);
#2870=CARTESIAN_POINT('',(2.300000000000,-0.080000000000,0.000000000000));
#2871=LINE('',#2870,#27);
#2872=EDGE_CURVE('',#1300,#2050,#2871,.T.);
#2873=ORIENTED_EDGE('',*,*,#2872,.T.);
#2874=ORIENTED_EDGE('',*,*,#2053,.F.);
#2875=CARTESIAN_POINT('',(2.300000000000,0.080000000000,0.000000000000));
#2876=LINE('',#2875,#12);
#2877=EDGE_CURVE('',#2044,#1305,#2876,.T.);
#2878=ORIENTED_EDGE('',*,*,#2877,.T.);
#2879=EDGE_LOOP('',(#2869,#2873,#2874,#2878));
#2880=FACE_OUTER_BOUND('',#2879,.T.);
#2881=ADVANCED_FACE('',(#2880),#2868,.T.);
#2882=CARTESIAN_POINT('',(0.000000000000,0.080000000000,0.000000000000));
#2883=AXIS2_PLACEMENT_3D('',#2882,#140,#26);
#2884=PLANE('',#2883);
#2885=ORIENTED_EDGE('',*,*,#863,.F.);
#2886=CARTESIAN_POINT('',(-2.138504150101,0.080000000000,0.000000000000));
#2887=LINE('',#2886,#12);
#2888=EDGE_CURVE('',#2487,#855,#2887,.T.);
#2889=ORIENTED_EDGE('',*,*,#2888,.F.);
#2890=ORIENTED_EDGE('',*,*,#2489,.F.);
#2891=CARTESIAN_POINT('',(-2.300000000000,0.080000000000,0.000000000000));
#2892=LINE('',#2891,#12);
#2893=EDGE_CURVE('',#2481,#860,#2892,.T.);
#2894=ORIENTED_EDGE('',*,*,#2893,.T.);
#2895=EDGE_LOOP('',(#2885,#2889,#2890,#2894));
#2896=ORIENTED_EDGE('',*,*,#1313,.F.);
#2897=ORIENTED_EDGE('',*,*,#2877,.F.);
#2898=ORIENTED_EDGE('',*,*,#2047,.F.);
#2899=CARTESIAN_POINT('',(2.138504150101,0.080000000000,0.000000000000));
#2900=LINE('',#2899,#12);
#2901=EDGE_CURVE('',#2039,#1311,#2900,.T.);
#2902=ORIENTED_EDGE('',*,*,#2901,.T.);
#2903=EDGE_LOOP('',(#2896,#2897,#2898,#2902));
#2904=FACE_OUTER_BOUND('',#2895,.T.);
#2905=ADVANCED_FACE('',(#2904),#2884,.T.);
#2906=FACE_OUTER_BOUND('',#2903,.T.);
#2907=ADVANCED_FACE('',(#2906),#2884,.T.);
#2908=CARTESIAN_POINT('',(0.000000000000,-0.080000000000,0.000000000000));
#2909=AXIS2_PLACEMENT_3D('',#2908,#598,#11);
#2910=PLANE('',#2909);
#2911=ORIENTED_EDGE('',*,*,#877,.F.);
#2912=CARTESIAN_POINT('',(-2.300000000000,-0.080000000000,0.000000000000));
#2913=LINE('',#2912,#27);
#2914=EDGE_CURVE('',#866,#2476,#2913,.T.);
#2915=ORIENTED_EDGE('',*,*,#2914,.T.);
#2916=ORIENTED_EDGE('',*,*,#2478,.F.);
#2917=CARTESIAN_POINT('',(-2.138504150101,-0.080000000000,0.000000000000));
#2918=LINE('',#2917,#12);
#2919=EDGE_CURVE('',#2471,#872,#2918,.T.);
#2920=ORIENTED_EDGE('',*,*,#2919,.T.);
#2921=EDGE_LOOP('',(#2911,#2915,#2916,#2920));
#2922=ORIENTED_EDGE('',*,*,#1302,.F.);
#2923=CARTESIAN_POINT('',(2.138504150101,-0.080000000000,0.000000000000));
#2924=LINE('',#2923,#12);
#2925=EDGE_CURVE('',#2056,#1295,#2924,.T.);
#2926=ORIENTED_EDGE('',*,*,#2925,.F.);
#2927=ORIENTED_EDGE('',*,*,#2059,.F.);
#2928=ORIENTED_EDGE('',*,*,#2872,.F.);
#2929=EDGE_LOOP('',(#2922,#2926,#2927,#2928));
#2930=FACE_OUTER_BOUND('',#2921,.T.);
#2931=ADVANCED_FACE('',(#2930),#2910,.T.);
#2932=FACE_OUTER_BOUND('',#2929,.T.);
#2933=ADVANCED_FACE('',(#2932),#2910,.T.);
#2934=CARTESIAN_POINT('',(-1.044178149401,2.049315005633,0.000000000000));
#2935=AXIS2_PLACEMENT_3D('',#2934,#669,#949);
#2936=PLANE('',#2935);
#2937=ORIENTED_EDGE('',*,*,#680,.F.);
#2938=ORIENTED_EDGE('',*,*,#2757,.F.);
#2939=ORIENTED_EDGE('',*,*,#2631,.F.);
#2940=ORIENTED_EDGE('',*,*,#2778,.F.);
#2941=EDGE_LOOP('',(#2937,#2938,#2939,#2940));
#2942=FACE_OUTER_BOUND('',#2941,.T.);
#2943=ADVANCED_FACE('',(#2942),#2936,.T.);
#2944=CARTESIAN_POINT('',(1.351906080273,-1.860739087062,0.000000000000));
#2945=AXIS2_PLACEMENT_3D('',#2944,#714,#706);
#2946=PLANE('',#2945);
#2947=ORIENTED_EDGE('',*,*,#1182,.F.);
#2948=CARTESIAN_POINT('',(1.287184720723,-1.907761907246,0.000000000000));
#2949=LINE('',#2948,#27);
#2950=EDGE_CURVE('',#1174,#2188,#2949,.T.);
#2951=ORIENTED_EDGE('',*,*,#2950,.T.);
#2952=ORIENTED_EDGE('',*,*,#2191,.F.);
#2953=CARTESIAN_POINT('',(1.416627439823,-1.813716266879,0.000000000000));
#2954=LINE('',#2953,#12);
#2955=EDGE_CURVE('',#2182,#1179,#2954,.T.);
#2956=ORIENTED_EDGE('',*,*,#2955,.T.);
#2957=EDGE_LOOP('',(#2947,#2951,#2952,#2956));
#2958=FACE_OUTER_BOUND('',#2957,.T.);
#2959=ADVANCED_FACE('',(#2958),#2946,.T.);
#2960=CARTESIAN_POINT('',(0.064721359550,0.047022820183,0.000000000000));
#2961=AXIS2_PLACEMENT_3D('',#2960,#974,#714);
#2962=PLANE('',#2961);
#2963=ORIENTED_EDGE('',*,*,#701,.F.);
#2964=CARTESIAN_POINT('',(-1.192259841846,1.777109020157,0.000000000000));
#2965=LINE('',#2964,#12);
#2966=EDGE_CURVE('',#2613,#691,#2965,.T.);
#2967=ORIENTED_EDGE('',*,*,#2966,.F.);
#2968=ORIENTED_EDGE('',*,*,#2615,.F.);
#2969=CARTESIAN_POINT('',(-1.287184720723,1.907761907246,0.000000000000));
#2970=LINE('',#2969,#12);
#2971=EDGE_CURVE('',#2607,#696,#2970,.T.);
#2972=ORIENTED_EDGE('',*,*,#2971,.T.);
#2973=EDGE_LOOP('',(#2963,#2967,#2968,#2972));
#2974=ORIENTED_EDGE('',*,*,#1187,.F.);
#2975=ORIENTED_EDGE('',*,*,#2955,.F.);
#2976=ORIENTED_EDGE('',*,*,#2185,.F.);
#2977=CARTESIAN_POINT('',(1.321702560946,-1.683063379790,0.000000000000));
#2978=LINE('',#2977,#12);
#2979=EDGE_CURVE('',#2177,#1185,#2978,.T.);
#2980=ORIENTED_EDGE('',*,*,#2979,.T.);
#2981=EDGE_LOOP('',(#2974,#2975,#2976,#2980));
#2982=FACE_OUTER_BOUND('',#2973,.T.);
#2983=ADVANCED_FACE('',(#2982),#2962,.T.);
#2984=FACE_OUTER_BOUND('',#2981,.T.);
#2985=ADVANCED_FACE('',(#2984),#2962,.T.);
#2986=CARTESIAN_POINT('',(-0.064721359550,-0.047022820183,0.000000000000));
#2987=AXIS2_PLACEMENT_3D('',#2986,#706,#698);
#2988=PLANE('',#2987);
#2989=ORIENTED_EDGE('',*,*,#1176,.F.);
#2990=CARTESIAN_POINT('',(1.192259841846,-1.777109020157,0.000000000000));
#2991=LINE('',#2990,#12);
#2992=EDGE_CURVE('',#2194,#1169,#2991,.T.);
#2993=ORIENTED_EDGE('',*,*,#2992,.F.);
#2994=ORIENTED_EDGE('',*,*,#2197,.F.);
#2995=ORIENTED_EDGE('',*,*,#2950,.F.);
#2996=EDGE_LOOP('',(#2989,#2993,#2994,#2995));
#2997=ORIENTED_EDGE('',*,*,#717,.F.);
#2998=CARTESIAN_POINT('',(-1.416627439823,1.813716266879,0.000000000000));
#2999=LINE('',#2998,#27);
#3000=EDGE_CURVE('',#704,#2602,#2999,.T.);
#3001=ORIENTED_EDGE('',*,*,#3000,.T.);
#3002=ORIENTED_EDGE('',*,*,#2604,.F.);
#3003=CARTESIAN_POINT('',(-1.321702560946,1.683063379790,0.000000000000));
#3004=LINE('',#3003,#12);
#3005=EDGE_CURVE('',#2597,#712,#3004,.T.);
#3006=ORIENTED_EDGE('',*,*,#3005,.T.);
#3007=EDGE_LOOP('',(#2997,#3001,#3002,#3006));
#3008=FACE_OUTER_BOUND('',#2996,.T.);
#3009=ADVANCED_FACE('',(#3008),#2988,.T.);
#3010=FACE_OUTER_BOUND('',#3007,.T.);
#3011=ADVANCED_FACE('',(#3010),#2988,.T.);
#3012=CARTESIAN_POINT('',(2.187429987479,0.710739087062,0.000000000000));
#3013=AXIS2_PLACEMENT_3D('',#3012,#924,#656);
#3014=PLANE('',#3013);
#3015=ORIENTED_EDGE('',*,*,#1350,.F.);
#3016=CARTESIAN_POINT('',(2.212151347029,0.634654565759,0.000000000000));
#3017=LINE('',#3016,#27);
#3018=EDGE_CURVE('',#1342,#2004,#3017,.T.);
#3019=ORIENTED_EDGE('',*,*,#3018,.T.);
#3020=ORIENTED_EDGE('',*,*,#2007,.F.);
#3021=CARTESIAN_POINT('',(2.162708627929,0.786823608366,0.000000000000));
#3022=LINE('',#3021,#12);
#3023=EDGE_CURVE('',#1998,#1347,#3022,.T.);
#3024=ORIENTED_EDGE('',*,*,#3023,.T.);
#3025=EDGE_LOOP('',(#3015,#3019,#3020,#3024));
#3026=FACE_OUTER_BOUND('',#3025,.T.);
#3027=ADVANCED_FACE('',(#3026),#3014,.T.);
#3028=CARTESIAN_POINT('',(-0.024721359550,0.076084521304,0.000000000000));
#3029=AXIS2_PLACEMENT_3D('',#3028,#640,#924);
#3030=PLANE('',#3029);
#3031=ORIENTED_EDGE('',*,*,#1355,.F.);
#3032=ORIENTED_EDGE('',*,*,#3023,.F.);
#3033=ORIENTED_EDGE('',*,*,#2001,.F.);
#3034=CARTESIAN_POINT('',(2.009116947528,0.736918646226,0.000000000000));
#3035=LINE('',#3034,#12);
#3036=EDGE_CURVE('',#1993,#1353,#3035,.T.);
#3037=ORIENTED_EDGE('',*,*,#3036,.T.);
#3038=EDGE_LOOP('',(#3031,#3032,#3033,#3037));
#3039=ORIENTED_EDGE('',*,*,#913,.F.);
#3040=CARTESIAN_POINT('',(-2.058559666628,-0.584749603619,0.000000000000));
#3041=LINE('',#3040,#12);
#3042=EDGE_CURVE('',#2445,#905,#3041,.T.);
#3043=ORIENTED_EDGE('',*,*,#3042,.F.);
#3044=ORIENTED_EDGE('',*,*,#2447,.F.);
#3045=CARTESIAN_POINT('',(-2.212151347029,-0.634654565759,0.000000000000));
#3046=LINE('',#3045,#12);
#3047=EDGE_CURVE('',#2439,#910,#3046,.T.);
#3048=ORIENTED_EDGE('',*,*,#3047,.T.);
#3049=EDGE_LOOP('',(#3039,#3043,#3044,#3048));
#3050=FACE_OUTER_BOUND('',#3038,.T.);
#3051=ADVANCED_FACE('',(#3050),#3030,.T.);
#3052=FACE_OUTER_BOUND('',#3049,.T.);
#3053=ADVANCED_FACE('',(#3052),#3030,.T.);
#3054=CARTESIAN_POINT('',(0.024721359550,-0.076084521304,0.000000000000));
#3055=AXIS2_PLACEMENT_3D('',#3054,#656,#648);
#3056=PLANE('',#3055);
#3057=ORIENTED_EDGE('',*,*,#1344,.F.);
#3058=CARTESIAN_POINT('',(2.058559666628,0.584749603619,0.000000000000));
#3059=LINE('',#3058,#12);
#3060=EDGE_CURVE('',#2010,#1337,#3059,.T.);
#3061=ORIENTED_EDGE('',*,*,#3060,.F.);
#3062=ORIENTED_EDGE('',*,*,#2013,.F.);
#3063=ORIENTED_EDGE('',*,*,#3018,.F.);
#3064=EDGE_LOOP('',(#3057,#3061,#3062,#3063));
#3065=ORIENTED_EDGE('',*,*,#927,.F.);
#3066=CARTESIAN_POINT('',(-2.162708627929,-0.786823608366,0.000000000000));
#3067=LINE('',#3066,#27);
#3068=EDGE_CURVE('',#916,#2434,#3067,.T.);
#3069=ORIENTED_EDGE('',*,*,#3068,.T.);
#3070=ORIENTED_EDGE('',*,*,#2436,.F.);
#3071=CARTESIAN_POINT('',(-2.009116947528,-0.736918646226,0.000000000000));
#3072=LINE('',#3071,#12);
#3073=EDGE_CURVE('',#2429,#922,#3072,.T.);
#3074=ORIENTED_EDGE('',*,*,#3073,.T.);
#3075=EDGE_LOOP('',(#3065,#3069,#3070,#3074));
#3076=FACE_OUTER_BOUND('',#3064,.T.);
#3077=ADVANCED_FACE('',(#3076),#3056,.T.);
#3078=FACE_OUTER_BOUND('',#3075,.T.);
#3079=ADVANCED_FACE('',(#3078),#3056,.T.);
#3080=CARTESIAN_POINT('',(0.000000000000,0.000000000000,0.000000000000));
#3081=AXIS2_PLACEMENT_3D('',#3080,#11,#140);
#3082=CYLINDRICAL_SURFACE('',#3081,2.140000000000);
#3083=ORIENTED_EDGE('',*,*,#780,.F.);
#3084=CARTESIAN_POINT('',(-1.777109020157,1.192259841846,0.000000000000));
#3085=LINE('',#3084,#12);
#3086=EDGE_CURVE('',#2555,#770,#3085,.T.);
#3087=ORIENTED_EDGE('',*,*,#3086,.F.);
#3088=ORIENTED_EDGE('',*,*,#2557,.T.);
#3089=CARTESIAN_POINT('',(-1.869101909765,1.042141089735,0.000000000000));
#3090=LINE('',#3089,#12);
#3091=EDGE_CURVE('',#2550,#778,#3090,.T.);
#3092=ORIENTED_EDGE('',*,*,#3091,.T.);
#3093=EDGE_LOOP('',(#3083,#3087,#3088,#3092));
#3094=ORIENTED_EDGE('',*,*,#664,.F.);
#3095=CARTESIAN_POINT('',(-0.736918646226,2.009116947528,0.000000000000));
#3096=LINE('',#3095,#12);
#3097=EDGE_CURVE('',#2639,#654,#3096,.T.);
#3098=ORIENTED_EDGE('',*,*,#3097,.F.);
#3099=ORIENTED_EDGE('',*,*,#2641,.T.);
#3100=ORIENTED_EDGE('',*,*,#2752,.T.);
#3101=EDGE_LOOP('',(#3094,#3098,#3099,#3100));
#3102=ORIENTED_EDGE('',*,*,#809,.F.);
#3103=CARTESIAN_POINT('',(-1.941740389723,0.899580045864,0.000000000000));
#3104=LINE('',#3103,#12);
#3105=EDGE_CURVE('',#2534,#799,#3104,.T.);
#3106=ORIENTED_EDGE('',*,*,#3105,.F.);
#3107=ORIENTED_EDGE('',*,*,#2536,.T.);
#3108=CARTESIAN_POINT('',(-2.009116947528,0.736918646226,0.000000000000));
#3109=LINE('',#3108,#12);
#3110=EDGE_CURVE('',#2529,#807,#3109,.T.);
#3111=ORIENTED_EDGE('',*,*,#3110,.T.);
#3112=EDGE_LOOP('',(#3102,#3106,#3107,#3111));
#3113=ORIENTED_EDGE('',*,*,#857,.F.);
#3114=ORIENTED_EDGE('',*,*,#2822,.F.);
#3115=ORIENTED_EDGE('',*,*,#2494,.T.);
#3116=ORIENTED_EDGE('',*,*,#2888,.T.);
#3117=EDGE_LOOP('',(#3113,#3114,#3115,#3116));
#3118=ORIENTED_EDGE('',*,*,#1171,.F.);
#3119=ORIENTED_EDGE('',*,*,#2765,.F.);
#3120=ORIENTED_EDGE('',*,*,#2202,.T.);
#3121=ORIENTED_EDGE('',*,*,#2992,.T.);
#3122=EDGE_LOOP('',(#3118,#3119,#3120,#3121));
#3123=ORIENTED_EDGE('',*,*,#1007,.F.);
#3124=CARTESIAN_POINT('',(-1.455582243637,-1.568719328627,0.000000000000));
#3125=LINE('',#3124,#12);
#3126=EDGE_CURVE('',#2366,#997,#3125,.T.);
#3127=ORIENTED_EDGE('',*,*,#3126,.F.);
#3128=ORIENTED_EDGE('',*,*,#2368,.T.);
#3129=CARTESIAN_POINT('',(-1.321702560946,-1.683063379790,0.000000000000));
#3130=LINE('',#3129,#12);
#3131=EDGE_CURVE('',#2361,#1005,#3130,.T.);
#3132=ORIENTED_EDGE('',*,*,#3131,.T.);
#3133=EDGE_LOOP('',(#3123,#3127,#3128,#3132));
#3134=ORIENTED_EDGE('',*,*,#1150,.F.);
#3135=CARTESIAN_POINT('',(0.736918646226,-2.009116947528,0.000000000000));
#3136=LINE('',#3135,#12);
#3137=EDGE_CURVE('',#2223,#1143,#3136,.T.);
#3138=ORIENTED_EDGE('',*,*,#3137,.F.);
#3139=ORIENTED_EDGE('',*,*,#2225,.T.);
#3140=ORIENTED_EDGE('',*,*,#2789,.T.);
#3141=EDGE_LOOP('',(#3134,#3138,#3139,#3140));
#3142=ORIENTED_EDGE('',*,*,#1423,.F.);
#3143=CARTESIAN_POINT('',(1.455582243637,1.568719328627,0.000000000000));
#3144=LINE('',#3143,#12);
#3145=EDGE_CURVE('',#1924,#1416,#3144,.T.);
#3146=ORIENTED_EDGE('',*,*,#3145,.F.);
#3147=ORIENTED_EDGE('',*,*,#1926,.T.);
#3148=CARTESIAN_POINT('',(1.321702560946,1.683063379790,0.000000000000));
#3149=LINE('',#3148,#12);
#3150=EDGE_CURVE('',#1918,#1421,#3149,.T.);
#3151=ORIENTED_EDGE('',*,*,#3150,.T.);
#3152=EDGE_LOOP('',(#3142,#3146,#3147,#3151));
#3153=ORIENTED_EDGE('',*,*,#1381,.F.);
#3154=CARTESIAN_POINT('',(1.869101909765,1.042141089735,0.000000000000));
#3155=LINE('',#3154,#12);
#3156=EDGE_CURVE('',#1970,#1374,#3155,.T.);
#3157=ORIENTED_EDGE('',*,*,#3156,.F.);
#3158=ORIENTED_EDGE('',*,*,#1972,.T.);
#3159=CARTESIAN_POINT('',(1.777109020157,1.192259841846,0.000000000000));
#3160=LINE('',#3159,#12);
#3161=EDGE_CURVE('',#1964,#1379,#3160,.T.);
#3162=ORIENTED_EDGE('',*,*,#3161,.T.);
#3163=EDGE_LOOP('',(#3153,#3157,#3158,#3162));
#3164=ORIENTED_EDGE('',*,*,#56,.F.);
#3165=ORIENTED_EDGE('',*,*,#2723,.T.);
#3166=CARTESIAN_POINT('',(0.413550819955,2.099660858166,0.000000000000));
#3167=LINE('',#3166,#12);
#3168=EDGE_CURVE('',#2718,#547,#3167,.T.);
#3169=ORIENTED_EDGE('',*,*,#3168,.T.);
#3170=ORIENTED_EDGE('',*,*,#549,.F.);
#3171=EDGE_LOOP('',(#3164,#3165,#3169,#3170));
#3172=ORIENTED_EDGE('',*,*,#1032,.F.);
#3173=CARTESIAN_POINT('',(-1.192259841846,-1.777109020157,0.000000000000));
#3174=LINE('',#3173,#12);
#3175=EDGE_CURVE('',#2345,#1022,#3174,.T.);
#3176=ORIENTED_EDGE('',*,*,#3175,.F.);
#3177=ORIENTED_EDGE('',*,*,#2347,.T.);
#3178=CARTESIAN_POINT('',(-1.042141089735,-1.869101909765,0.000000000000));
#3179=LINE('',#3178,#12);
#3180=EDGE_CURVE('',#2340,#1030,#3179,.T.);
#3181=ORIENTED_EDGE('',*,*,#3180,.T.);
#3182=EDGE_LOOP('',(#3172,#3176,#3177,#3181));
#3183=ORIENTED_EDGE('',*,*,#1234,.F.);
#3184=CARTESIAN_POINT('',(1.777109020157,-1.192259841846,0.000000000000));
#3185=LINE('',#3184,#12);
#3186=EDGE_CURVE('',#2131,#1227,#3185,.T.);
#3187=ORIENTED_EDGE('',*,*,#3186,.F.);
#3188=ORIENTED_EDGE('',*,*,#2133,.T.);
#3189=CARTESIAN_POINT('',(1.869101909765,-1.042141089735,0.000000000000));
#3190=LINE('',#3189,#12);
#3191=EDGE_CURVE('',#2125,#1232,#3190,.T.);
#3192=ORIENTED_EDGE('',*,*,#3191,.T.);
#3193=EDGE_LOOP('',(#3183,#3187,#3188,#3192));
#3194=ORIENTED_EDGE('',*,*,#832,.F.);
#3195=CARTESIAN_POINT('',(-2.058559666628,0.584749603619,0.000000000000));
#3196=LINE('',#3195,#12);
#3197=EDGE_CURVE('',#2513,#824,#3196,.T.);
#3198=ORIENTED_EDGE('',*,*,#3197,.F.);
#3199=ORIENTED_EDGE('',*,*,#2515,.T.);
#3200=ORIENTED_EDGE('',*,*,#2857,.T.);
#3201=EDGE_LOOP('',(#3194,#3198,#3199,#3200));
#3202=ORIENTED_EDGE('',*,*,#957,.F.);
#3203=CARTESIAN_POINT('',(-1.869101909765,-1.042141089735,0.000000000000));
#3204=LINE('',#3203,#12);
#3205=EDGE_CURVE('',#2408,#947,#3204,.T.);
#3206=ORIENTED_EDGE('',*,*,#3205,.F.);
#3207=ORIENTED_EDGE('',*,*,#2410,.T.);
#3208=CARTESIAN_POINT('',(-1.777109020157,-1.192259841846,0.000000000000));
#3209=LINE('',#3208,#12);
#3210=EDGE_CURVE('',#2403,#955,#3209,.T.);
#3211=ORIENTED_EDGE('',*,*,#3210,.T.);
#3212=EDGE_LOOP('',(#3202,#3206,#3207,#3211));
#3213=ORIENTED_EDGE('',*,*,#932,.F.);
#3214=ORIENTED_EDGE('',*,*,#3073,.F.);
#3215=ORIENTED_EDGE('',*,*,#2431,.T.);
#3216=CARTESIAN_POINT('',(-1.941740389723,-0.899580045864,0.000000000000));
#3217=LINE('',#3216,#12);
#3218=EDGE_CURVE('',#2424,#930,#3217,.T.);
#3219=ORIENTED_EDGE('',*,*,#3218,.T.);
#3220=EDGE_LOOP('',(#3213,#3214,#3215,#3219));
#3221=ORIENTED_EDGE('',*,*,#116,.F.);
#3222=ORIENTED_EDGE('',*,*,#2315,.T.);
#3223=CARTESIAN_POINT('',(-0.413550819955,-2.099660858166,0.000000000000));
#3224=LINE('',#3223,#12);
#3225=EDGE_CURVE('',#2309,#1064,#3224,.T.);
#3226=ORIENTED_EDGE('',*,*,#3225,.T.);
#3227=ORIENTED_EDGE('',*,*,#1066,.F.);
#3228=EDGE_LOOP('',(#3221,#3222,#3226,#3227));
#3229=ORIENTED_EDGE('',*,*,#751,.F.);
#3230=CARTESIAN_POINT('',(-1.568719328627,1.455582243637,0.000000000000));
#3231=LINE('',#3230,#12);
#3232=EDGE_CURVE('',#2576,#741,#3231,.T.);
#3233=ORIENTED_EDGE('',*,*,#3232,.F.);
#3234=ORIENTED_EDGE('',*,*,#2578,.T.);
#3235=CARTESIAN_POINT('',(-1.683063379790,1.321702560946,0.000000000000));
#3236=LINE('',#3235,#12);
#3237=EDGE_CURVE('',#2571,#749,#3236,.T.);
#3238=ORIENTED_EDGE('',*,*,#3237,.T.);
#3239=EDGE_LOOP('',(#3229,#3233,#3234,#3238));
#3240=ORIENTED_EDGE('',*,*,#1192,.F.);
#3241=ORIENTED_EDGE('',*,*,#2979,.F.);
#3242=ORIENTED_EDGE('',*,*,#2179,.T.);
#3243=CARTESIAN_POINT('',(1.455582243637,-1.568719328627,0.000000000000));
#3244=LINE('',#3243,#12);
#3245=EDGE_CURVE('',#2171,#1190,#3244,.T.);
#3246=ORIENTED_EDGE('',*,*,#3245,.T.);
#3247=EDGE_LOOP('',(#3240,#3241,#3242,#3246));
#3248=ORIENTED_EDGE('',*,*,#1318,.F.);
#3249=ORIENTED_EDGE('',*,*,#2901,.F.);
#3250=ORIENTED_EDGE('',*,*,#2041,.T.);
#3251=CARTESIAN_POINT('',(2.124690372572,0.255520685460,0.000000000000));
#3252=LINE('',#3251,#12);
#3253=EDGE_CURVE('',#2033,#1316,#3252,.T.);
#3254=ORIENTED_EDGE('',*,*,#3253,.T.);
#3255=EDGE_LOOP('',(#3248,#3249,#3250,#3254));
#3256=ORIENTED_EDGE('',*,*,#1213,.F.);
#3257=CARTESIAN_POINT('',(1.568719328627,-1.455582243637,0.000000000000));
#3258=LINE('',#3257,#12);
#3259=EDGE_CURVE('',#2154,#1206,#3258,.T.);
#3260=ORIENTED_EDGE('',*,*,#3259,.F.);
#3261=ORIENTED_EDGE('',*,*,#2156,.T.);
#3262=CARTESIAN_POINT('',(1.683063379790,-1.321702560946,0.000000000000));
#3263=LINE('',#3262,#12);
#3264=EDGE_CURVE('',#2148,#1211,#3263,.T.);
#3265=ORIENTED_EDGE('',*,*,#3264,.T.);
#3266=EDGE_LOOP('',(#3256,#3260,#3261,#3265));
#3267=ORIENTED_EDGE('',*,*,#882,.F.);
#3268=ORIENTED_EDGE('',*,*,#2919,.F.);
#3269=ORIENTED_EDGE('',*,*,#2473,.T.);
#3270=CARTESIAN_POINT('',(-2.124690372572,-0.255520685460,0.000000000000));
#3271=LINE('',#3270,#12);
#3272=EDGE_CURVE('',#2466,#880,#3271,.T.);
#3273=ORIENTED_EDGE('',*,*,#3272,.T.);
#3274=EDGE_LOOP('',(#3267,#3268,#3269,#3273));
#3275=ORIENTED_EDGE('',*,*,#75,.T.);
#3276=ORIENTED_EDGE('',*,*,#1055,.F.);
#3277=CARTESIAN_POINT('',(-0.899580045864,-1.941740389723,0.000000000000));
#3278=LINE('',#3277,#12);
#3279=EDGE_CURVE('',#2324,#1047,#3278,.T.);
#3280=ORIENTED_EDGE('',*,*,#3279,.F.);
#3281=ORIENTED_EDGE('',*,*,#2326,.T.);
#3282=EDGE_LOOP('',(#3275,#3276,#3280,#3281));
#3283=ORIENTED_EDGE('',*,*,#907,.F.);
#3284=CARTESIAN_POINT('',(-2.099660858166,-0.413550819955,0.000000000000));
#3285=LINE('',#3284,#12);
#3286=EDGE_CURVE('',#2450,#897,#3285,.T.);
#3287=ORIENTED_EDGE('',*,*,#3286,.F.);
#3288=ORIENTED_EDGE('',*,*,#2452,.T.);
#3289=ORIENTED_EDGE('',*,*,#3042,.T.);
#3290=EDGE_LOOP('',(#3283,#3287,#3288,#3289));
#3291=ORIENTED_EDGE('',*,*,#1444,.F.);
#3292=CARTESIAN_POINT('',(1.192259841846,1.777109020157,0.000000000000));
#3293=LINE('',#3292,#12);
#3294=EDGE_CURVE('',#1901,#1437,#3293,.T.);
#3295=ORIENTED_EDGE('',*,*,#3294,.F.);
#3296=ORIENTED_EDGE('',*,*,#1903,.T.);
#3297=CARTESIAN_POINT('',(1.042141089735,1.869101909765,0.000000000000));
#3298=LINE('',#3297,#12);
#3299=EDGE_CURVE('',#1895,#1442,#3298,.T.);
#3300=ORIENTED_EDGE('',*,*,#3299,.T.);
#3301=EDGE_LOOP('',(#3291,#3295,#3296,#3300));
#3302=ORIENTED_EDGE('',*,*,#1087,.F.);
#3303=CARTESIAN_POINT('',(-0.255520685460,-2.124690372572,0.000000000000));
#3304=LINE('',#3303,#12);
#3305=EDGE_CURVE('',#2292,#1080,#3304,.T.);
#3306=ORIENTED_EDGE('',*,*,#3305,.F.);
#3307=ORIENTED_EDGE('',*,*,#2294,.T.);
#3308=CARTESIAN_POINT('',(-0.080000000000,-2.138504150101,0.000000000000));
#3309=LINE('',#3308,#12);
#3310=EDGE_CURVE('',#2286,#1085,#3309,.T.);
#3311=ORIENTED_EDGE('',*,*,#3310,.T.);
#3312=EDGE_LOOP('',(#3302,#3306,#3307,#3311));
#3313=ORIENTED_EDGE('',*,*,#1108,.F.);
#3314=CARTESIAN_POINT('',(0.080000000000,-2.138504150101,0.000000000000));
#3315=LINE('',#3314,#12);
#3316=EDGE_CURVE('',#2269,#1101,#3315,.T.);
#3317=ORIENTED_EDGE('',*,*,#3316,.F.);
#3318=ORIENTED_EDGE('',*,*,#2271,.T.);
#3319=CARTESIAN_POINT('',(0.255520685460,-2.124690372572,0.000000000000));
#3320=LINE('',#3319,#12);
#3321=EDGE_CURVE('',#2263,#1106,#3320,.T.);
#3322=ORIENTED_EDGE('',*,*,#3321,.T.);
#3323=EDGE_LOOP('',(#3313,#3317,#3318,#3322));
#3324=ORIENTED_EDGE('',*,*,#129,.T.);
#3325=ORIENTED_EDGE('',*,*,#1463,.F.);
#3326=CARTESIAN_POINT('',(0.899580045864,1.941740389723,0.000000000000));
#3327=LINE('',#3326,#12);
#3328=EDGE_CURVE('',#1878,#1458,#3327,.T.);
#3329=ORIENTED_EDGE('',*,*,#3328,.F.);
#3330=ORIENTED_EDGE('',*,*,#1880,.T.);
#3331=EDGE_LOOP('',(#3324,#3325,#3329,#3330));
#3332=ORIENTED_EDGE('',*,*,#606,.F.);
#3333=CARTESIAN_POINT('',(-0.080000000000,2.138504150101,0.000000000000));
#3334=LINE('',#3333,#12);
#3335=EDGE_CURVE('',#2681,#596,#3334,.T.);
#3336=ORIENTED_EDGE('',*,*,#3335,.F.);
#3337=ORIENTED_EDGE('',*,*,#2683,.T.);
#3338=CARTESIAN_POINT('',(-0.255520685460,2.124690372572,0.000000000000));
#3339=LINE('',#3338,#12);
#3340=EDGE_CURVE('',#2676,#604,#3339,.T.);
#3341=ORIENTED_EDGE('',*,*,#3340,.T.);
#3342=EDGE_LOOP('',(#3332,#3336,#3337,#3341));
#3343=ORIENTED_EDGE('',*,*,#1129,.F.);
#3344=CARTESIAN_POINT('',(0.413550819955,-2.099660858166,0.000000000000));
#3345=LINE('',#3344,#12);
#3346=EDGE_CURVE('',#2246,#1122,#3345,.T.);
#3347=ORIENTED_EDGE('',*,*,#3346,.F.);
#3348=ORIENTED_EDGE('',*,*,#2248,.T.);
#3349=CARTESIAN_POINT('',(0.584749603619,-2.058559666628,0.000000000000));
#3350=LINE('',#3349,#12);
#3351=EDGE_CURVE('',#2240,#1127,#3350,.T.);
#3352=ORIENTED_EDGE('',*,*,#3351,.T.);
#3353=EDGE_LOOP('',(#3343,#3347,#3348,#3352));
#3354=ORIENTED_EDGE('',*,*,#578,.F.);
#3355=CARTESIAN_POINT('',(0.255520685460,2.124690372572,0.000000000000));
#3356=LINE('',#3355,#12);
#3357=EDGE_CURVE('',#2702,#568,#3356,.T.);
#3358=ORIENTED_EDGE('',*,*,#3357,.F.);
#3359=ORIENTED_EDGE('',*,*,#2704,.T.);
#3360=CARTESIAN_POINT('',(0.080000000000,2.138504150101,0.000000000000));
#3361=LINE('',#3360,#12);
#3362=EDGE_CURVE('',#2697,#576,#3361,.T.);
#3363=ORIENTED_EDGE('',*,*,#3362,.T.);
#3364=EDGE_LOOP('',(#3354,#3358,#3359,#3363));
#3365=ORIENTED_EDGE('',*,*,#1360,.F.);
#3366=ORIENTED_EDGE('',*,*,#3036,.F.);
#3367=ORIENTED_EDGE('',*,*,#1995,.T.);
#3368=CARTESIAN_POINT('',(1.941740389723,0.899580045864,0.000000000000));
#3369=LINE('',#3368,#12);
#3370=EDGE_CURVE('',#1987,#1358,#3369,.T.);
#3371=ORIENTED_EDGE('',*,*,#3370,.T.);
#3372=EDGE_LOOP('',(#3365,#3366,#3367,#3371));
#3373=ORIENTED_EDGE('',*,*,#1402,.F.);
#3374=CARTESIAN_POINT('',(1.683063379790,1.321702560946,0.000000000000));
#3375=LINE('',#3374,#12);
#3376=EDGE_CURVE('',#1947,#1395,#3375,.T.);
#3377=ORIENTED_EDGE('',*,*,#3376,.F.);
#3378=ORIENTED_EDGE('',*,*,#1949,.T.);
#3379=CARTESIAN_POINT('',(1.568719328627,1.455582243637,0.000000000000));
#3380=LINE('',#3379,#12);
#3381=EDGE_CURVE('',#1941,#1400,#3380,.T.);
#3382=ORIENTED_EDGE('',*,*,#3381,.T.);
#3383=EDGE_LOOP('',(#3373,#3377,#3378,#3382));
#3384=ORIENTED_EDGE('',*,*,#635,.F.);
#3385=CARTESIAN_POINT('',(-0.413550819955,2.099660858166,0.000000000000));
#3386=LINE('',#3385,#12);
#3387=EDGE_CURVE('',#2660,#625,#3386,.T.);
#3388=ORIENTED_EDGE('',*,*,#3387,.F.);
#3389=ORIENTED_EDGE('',*,*,#2662,.T.);
#3390=CARTESIAN_POINT('',(-0.584749603619,2.058559666628,0.000000000000));
#3391=LINE('',#3390,#12);
#3392=EDGE_CURVE('',#2655,#633,#3391,.T.);
#3393=ORIENTED_EDGE('',*,*,#3392,.T.);
#3394=EDGE_LOOP('',(#3384,#3388,#3389,#3393));
#3395=ORIENTED_EDGE('',*,*,#1255,.F.);
#3396=CARTESIAN_POINT('',(1.941740389723,-0.899580045864,0.000000000000));
#3397=LINE('',#3396,#12);
#3398=EDGE_CURVE('',#2108,#1248,#3397,.T.);
#3399=ORIENTED_EDGE('',*,*,#3398,.F.);
#3400=ORIENTED_EDGE('',*,*,#2110,.T.);
#3401=CARTESIAN_POINT('',(2.009116947528,-0.736918646226,0.000000000000));
#3402=LINE('',#3401,#12);
#3403=EDGE_CURVE('',#2102,#1253,#3402,.T.);
#3404=ORIENTED_EDGE('',*,*,#3403,.T.);
#3405=EDGE_LOOP('',(#3395,#3399,#3400,#3404));
#3406=ORIENTED_EDGE('',*,*,#1297,.F.);
#3407=ORIENTED_EDGE('',*,*,#2851,.F.);
#3408=ORIENTED_EDGE('',*,*,#2064,.T.);
#3409=ORIENTED_EDGE('',*,*,#2925,.T.);
#3410=EDGE_LOOP('',(#3406,#3407,#3408,#3409));
#3411=ORIENTED_EDGE('',*,*,#982,.F.);
#3412=CARTESIAN_POINT('',(-1.683063379790,-1.321702560946,0.000000000000));
#3413=LINE('',#3412,#12);
#3414=EDGE_CURVE('',#2387,#972,#3413,.T.);
#3415=ORIENTED_EDGE('',*,*,#3414,.F.);
#3416=ORIENTED_EDGE('',*,*,#2389,.T.);
#3417=CARTESIAN_POINT('',(-1.568719328627,-1.455582243637,0.000000000000));
#3418=LINE('',#3417,#12);
#3419=EDGE_CURVE('',#2382,#980,#3418,.T.);
#3420=ORIENTED_EDGE('',*,*,#3419,.T.);
#3421=EDGE_LOOP('',(#3411,#3415,#3416,#3420));
#3422=ORIENTED_EDGE('',*,*,#1276,.F.);
#3423=CARTESIAN_POINT('',(2.058559666628,-0.584749603619,0.000000000000));
#3424=LINE('',#3423,#12);
#3425=EDGE_CURVE('',#2085,#1269,#3424,.T.);
#3426=ORIENTED_EDGE('',*,*,#3425,.F.);
#3427=ORIENTED_EDGE('',*,*,#2087,.T.);
#3428=ORIENTED_EDGE('',*,*,#2828,.T.);
#3429=EDGE_LOOP('',(#3422,#3426,#3427,#3428));
#3430=ORIENTED_EDGE('',*,*,#1339,.F.);
#3431=CARTESIAN_POINT('',(2.099660858166,0.413550819955,0.000000000000));
#3432=LINE('',#3431,#12);
#3433=EDGE_CURVE('',#2016,#1332,#3432,.T.);
#3434=ORIENTED_EDGE('',*,*,#3433,.F.);
#3435=ORIENTED_EDGE('',*,*,#2018,.T.);
#3436=ORIENTED_EDGE('',*,*,#3060,.T.);
#3437=EDGE_LOOP('',(#3430,#3434,#3435,#3436));
#3438=ORIENTED_EDGE('',*,*,#693,.F.);
#3439=ORIENTED_EDGE('',*,*,#2783,.F.);
#3440=ORIENTED_EDGE('',*,*,#2620,.T.);
#3441=ORIENTED_EDGE('',*,*,#2966,.T.);
#3442=EDGE_LOOP('',(#3438,#3439,#3440,#3441));
#3443=ORIENTED_EDGE('',*,*,#722,.F.);
#3444=ORIENTED_EDGE('',*,*,#3005,.F.);
#3445=ORIENTED_EDGE('',*,*,#2599,.T.);
#3446=CARTESIAN_POINT('',(-1.455582243637,1.568719328627,0.000000000000));
#3447=LINE('',#3446,#12);
#3448=EDGE_CURVE('',#2592,#720,#3447,.T.);
#3449=ORIENTED_EDGE('',*,*,#3448,.T.);
#3450=EDGE_LOOP('',(#3443,#3444,#3445,#3449));
#3451=FACE_BOUND('',#3093,.T.);
#3452=FACE_BOUND('',#3101,.T.);
#3453=FACE_BOUND('',#3112,.T.);
#3454=FACE_BOUND('',#3117,.T.);
#3455=FACE_BOUND('',#3122,.T.);
#3456=FACE_BOUND('',#3133,.T.);
#3457=FACE_BOUND('',#3141,.T.);
#3458=FACE_BOUND('',#3152,.T.);
#3459=FACE_BOUND('',#3163,.T.);
#3460=FACE_BOUND('',#3171,.T.);
#3461=FACE_BOUND('',#3182,.T.);
#3462=FACE_BOUND('',#3193,.T.);
#3463=FACE_BOUND('',#3201,.T.);
#3464=FACE_BOUND('',#3212,.T.);
#3465=FACE_BOUND('',#3220,.T.);
#3466=FACE_BOUND('',#3228,.T.);
#3467=FACE_BOUND('',#3239,.T.);
#3468=FACE_BOUND('',#3247,.T.);
#3469=FACE_BOUND('',#3255,.T.);
#3470=FACE_BOUND('',#3266,.T.);
#3471=FACE_BOUND('',#3274,.T.);
#3472=FACE_BOUND('',#3282,.T.);
#3473=FACE_BOUND('',#3290,.T.);
#3474=FACE_BOUND('',#3301,.T.);
#3475=FACE_BOUND('',#3312,.T.);
#3476=FACE_BOUND('',#3323,.T.);
#3477=FACE_BOUND('',#3331,.T.);
#3478=FACE_BOUND('',#3342,.T.);
#3479=FACE_BOUND('',#3353,.T.);
#3480=FACE_BOUND('',#3364,.T.);
#3481=FACE_BOUND('',#3372,.T.);
#3482=FACE_BOUND('',#3383,.T.);
#3483=FACE_BOUND('',#3394,.T.);
#3484=FACE_BOUND('',#3405,.T.);
#3485=FACE_BOUND('',#3410,.T.);
#3486=FACE_BOUND('',#3421,.T.);
#3487=FACE_BOUND('',#3429,.T.);
#3488=FACE_BOUND('',#3437,.T.);
#3489=FACE_BOUND('',#3442,.T.);
#3490=FACE_BOUND('',#3450,.T.);
#3491=ADVANCED_FACE('',(#3451,#3452,#3453,#3454,#3455,#3456,#3457,#3458,#3459,#3460,#3461,#3462,#3463,#3464,#3465,#3466,#3467,#3468,#3469,#3470,#3471,#3472,#3473,#3474,#3475,#3476,#3477,#3478,#3479,#3480,#3481,#3482,#3483,#3484,#3485,#3486,#3487,#3488,#3489,#3490),#3082,.T.);
#3492=CARTESIAN_POINT('',(0.000000000000,-2.300000000000,0.000000000000));
#3493=AXIS2_PLACEMENT_3D('',#3492,#598,#590);
#3494=PLANE('',#3493);
#3495=ORIENTED_EDGE('',*,*,#1098,.F.);
#3496=CARTESIAN_POINT('',(-0.080000000000,-2.300000000000,0.000000000000));
#3497=LINE('',#3496,#27);
#3498=EDGE_CURVE('',#1090,#2280,#3497,.T.);
#3499=ORIENTED_EDGE('',*,*,#3498,.T.);
#3500=ORIENTED_EDGE('',*,*,#2283,.F.);
#3501=CARTESIAN_POINT('',(0.080000000000,-2.300000000000,0.000000000000));
#3502=LINE('',#3501,#12);
#3503=EDGE_CURVE('',#2274,#1095,#3502,.T.);
#3504=ORIENTED_EDGE('',*,*,#3503,.T.);
#3505=EDGE_LOOP('',(#3495,#3499,#3500,#3504));
#3506=FACE_OUTER_BOUND('',#3505,.T.);
#3507=ADVANCED_FACE('',(#3506),#3494,.T.);
#3508=CARTESIAN_POINT('',(0.080000000000,0.000000000000,0.000000000000));
#3509=AXIS2_PLACEMENT_3D('',#3508,#874,#598);
#3510=PLANE('',#3509);
#3511=ORIENTED_EDGE('',*,*,#585,.F.);
#3512=ORIENTED_EDGE('',*,*,#3362,.F.);
#3513=ORIENTED_EDGE('',*,*,#2699,.F.);
#3514=CARTESIAN_POINT('',(0.080000000000,2.300000000000,0.000000000000));
#3515=LINE('',#3514,#12);
#3516=EDGE_CURVE('',#2691,#581,#3515,.T.);
#3517=ORIENTED_EDGE('',*,*,#3516,.T.);
#3518=EDGE_LOOP('',(#3511,#3512,#3513,#3517));
#3519=ORIENTED_EDGE('',*,*,#1103,.F.);
#3520=ORIENTED_EDGE('',*,*,#3503,.F.);
#3521=ORIENTED_EDGE('',*,*,#2277,.F.);
#3522=ORIENTED_EDGE('',*,*,#3316,.T.);
#3523=EDGE_LOOP('',(#3519,#3520,#3521,#3522));
#3524=FACE_OUTER_BOUND('',#3518,.T.);
#3525=ADVANCED_FACE('',(#3524),#3510,.T.);
#3526=FACE_OUTER_BOUND('',#3523,.T.);
#3527=ADVANCED_FACE('',(#3526),#3510,.T.);
#3528=CARTESIAN_POINT('',(-0.080000000000,0.000000000000,0.000000000000));
#3529=AXIS2_PLACEMENT_3D('',#3528,#590,#140);
#3530=PLANE('',#3529);
#3531=ORIENTED_EDGE('',*,*,#1092,.F.);
#3532=ORIENTED_EDGE('',*,*,#3310,.F.);
#3533=ORIENTED_EDGE('',*,*,#2289,.F.);
#3534=ORIENTED_EDGE('',*,*,#3498,.F.);
#3535=EDGE_LOOP('',(#3531,#3532,#3533,#3534));
#3536=ORIENTED_EDGE('',*,*,#601,.F.);
#3537=CARTESIAN_POINT('',(-0.080000000000,2.300000000000,0.000000000000));
#3538=LINE('',#3537,#27);
#3539=EDGE_CURVE('',#588,#2686,#3538,.T.);
#3540=ORIENTED_EDGE('',*,*,#3539,.T.);
#3541=ORIENTED_EDGE('',*,*,#2688,.F.);
#3542=ORIENTED_EDGE('',*,*,#3335,.T.);
#3543=EDGE_LOOP('',(#3536,#3540,#3541,#3542));
#3544=FACE_OUTER_BOUND('',#3535,.T.);
#3545=ADVANCED_FACE('',(#3544),#3530,.T.);
#3546=FACE_OUTER_BOUND('',#3543,.T.);
#3547=ADVANCED_FACE('',(#3546),#3530,.T.);
#3548=CARTESIAN_POINT('',(-0.359799269593,2.271683183369,0.000000000000));
#3549=AXIS2_PLACEMENT_3D('',#3548,#611,#899);
#3550=PLANE('',#3549);
#3551=ORIENTED_EDGE('',*,*,#622,.F.);
#3552=CARTESIAN_POINT('',(-0.280784202345,2.284197940572,0.000000000000));
#3553=LINE('',#3552,#27);
#3554=EDGE_CURVE('',#609,#2670,#3553,.T.);
#3555=ORIENTED_EDGE('',*,*,#3554,.T.);
#3556=ORIENTED_EDGE('',*,*,#2673,.F.);
#3557=CARTESIAN_POINT('',(-0.438814336840,2.259168426166,0.000000000000));
#3558=LINE('',#3557,#12);
#3559=EDGE_CURVE('',#2665,#617,#3558,.T.);
#3560=ORIENTED_EDGE('',*,*,#3559,.T.);
#3561=EDGE_LOOP('',(#3551,#3555,#3556,#3560));
#3562=FACE_OUTER_BOUND('',#3561,.T.);
#3563=ADVANCED_FACE('',(#3562),#3550,.T.);
#3564=CARTESIAN_POINT('',(-0.079015067248,-0.012514757203,0.000000000000));
#3565=AXIS2_PLACEMENT_3D('',#3564,#619,#611);
#3566=PLANE('',#3565);
#3567=ORIENTED_EDGE('',*,*,#630,.F.);
#3568=ORIENTED_EDGE('',*,*,#3559,.F.);
#3569=ORIENTED_EDGE('',*,*,#2667,.F.);
#3570=ORIENTED_EDGE('',*,*,#3387,.T.);
#3571=EDGE_LOOP('',(#3567,#3568,#3569,#3570));
#3572=ORIENTED_EDGE('',*,*,#1113,.F.);
#3573=ORIENTED_EDGE('',*,*,#3321,.F.);
#3574=ORIENTED_EDGE('',*,*,#2266,.F.);
#3575=CARTESIAN_POINT('',(0.280784202345,-2.284197940572,0.000000000000));
#3576=LINE('',#3575,#12);
#3577=EDGE_CURVE('',#2257,#1111,#3576,.T.);
#3578=ORIENTED_EDGE('',*,*,#3577,.T.);
#3579=EDGE_LOOP('',(#3572,#3573,#3574,#3578));
#3580=FACE_OUTER_BOUND('',#3571,.T.);
#3581=ADVANCED_FACE('',(#3580),#3566,.T.);
#3582=FACE_OUTER_BOUND('',#3579,.T.);
#3583=ADVANCED_FACE('',(#3582),#3566,.T.);
#3584=CARTESIAN_POINT('',(0.079015067248,0.012514757203,0.000000000000));
#3585=AXIS2_PLACEMENT_3D('',#3584,#899,#627);
#3586=PLANE('',#3585);
#3587=ORIENTED_EDGE('',*,*,#614,.F.);
#3588=ORIENTED_EDGE('',*,*,#3340,.F.);
#3589=ORIENTED_EDGE('',*,*,#2678,.F.);
#3590=ORIENTED_EDGE('',*,*,#3554,.F.);
#3591=EDGE_LOOP('',(#3587,#3588,#3589,#3590));
#3592=ORIENTED_EDGE('',*,*,#1124,.F.);
#3593=CARTESIAN_POINT('',(0.438814336840,-2.259168426166,0.000000000000));
#3594=LINE('',#3593,#27);
#3595=EDGE_CURVE('',#1116,#2251,#3594,.T.);
#3596=ORIENTED_EDGE('',*,*,#3595,.T.);
#3597=ORIENTED_EDGE('',*,*,#2254,.F.);
#3598=ORIENTED_EDGE('',*,*,#3346,.T.);
#3599=EDGE_LOOP('',(#3592,#3596,#3597,#3598));
#3600=FACE_OUTER_BOUND('',#3591,.T.);
#3601=ADVANCED_FACE('',(#3600),#3586,.T.);
#3602=FACE_OUTER_BOUND('',#3599,.T.);
#3603=ADVANCED_FACE('',(#3602),#3586,.T.);
#3604=CARTESIAN_POINT('',(1.626345596729,1.626345596729,0.000000000000));
#3605=AXIS2_PLACEMENT_3D('',#3604,#999,#743);
#3606=PLANE('',#3605);
#3607=ORIENTED_EDGE('',*,*,#1413,.F.);
#3608=CARTESIAN_POINT('',(1.682914139224,1.569777054234,0.000000000000));
#3609=LINE('',#3608,#27);
#3610=EDGE_CURVE('',#1405,#1935,#3609,.T.);
#3611=ORIENTED_EDGE('',*,*,#3610,.T.);
#3612=ORIENTED_EDGE('',*,*,#1938,.F.);
#3613=CARTESIAN_POINT('',(1.569777054234,1.682914139224,0.000000000000));
#3614=LINE('',#3613,#12);
#3615=EDGE_CURVE('',#1929,#1410,#3614,.T.);
#3616=ORIENTED_EDGE('',*,*,#3615,.T.);
#3617=EDGE_LOOP('',(#3607,#3611,#3612,#3616));
#3618=FACE_OUTER_BOUND('',#3617,.T.);
#3619=ADVANCED_FACE('',(#3618),#3606,.T.);
#3620=CARTESIAN_POINT('',(-0.056568542495,0.056568542495,0.000000000000));
#3621=AXIS2_PLACEMENT_3D('',#3620,#727,#999);
#3622=PLANE('',#3621);
#3623=ORIENTED_EDGE('',*,*,#988,.F.);
#3624=ORIENTED_EDGE('',*,*,#3419,.F.);
#3625=ORIENTED_EDGE('',*,*,#2384,.F.);
#3626=CARTESIAN_POINT('',(-1.682914139224,-1.569777054234,0.000000000000));
#3627=LINE('',#3626,#12);
#3628=EDGE_CURVE('',#2376,#985,#3627,.T.);
#3629=ORIENTED_EDGE('',*,*,#3628,.T.);
#3630=EDGE_LOOP('',(#3623,#3624,#3625,#3629));
#3631=ORIENTED_EDGE('',*,*,#1418,.F.);
#3632=ORIENTED_EDGE('',*,*,#3615,.F.);
#3633=ORIENTED_EDGE('',*,*,#1932,.F.);
#3634=ORIENTED_EDGE('',*,*,#3145,.T.);
#3635=EDGE_LOOP('',(#3631,#3632,#3633,#3634));
#3636=FACE_OUTER_BOUND('',#3630,.T.);
#3637=ADVANCED_FACE('',(#3636),#3622,.T.);
#3638=FACE_OUTER_BOUND('',#3635,.T.);
#3639=ADVANCED_FACE('',(#3638),#3622,.T.);
#3640=CARTESIAN_POINT('',(0.056568542495,-0.056568542495,0.000000000000));
#3641=AXIS2_PLACEMENT_3D('',#3640,#743,#735);
#3642=PLANE('',#3641);
#3643=ORIENTED_EDGE('',*,*,#1002,.F.);
#3644=CARTESIAN_POINT('',(-1.569777054234,-1.682914139224,0.000000000000));
#3645=LINE('',#3644,#27);
#3646=EDGE_CURVE('',#991,#2371,#3645,.T.);
#3647=ORIENTED_EDGE('',*,*,#3646,.T.);
#3648=ORIENTED_EDGE('',*,*,#2373,.F.);
#3649=ORIENTED_EDGE('',*,*,#3126,.T.);
#3650=EDGE_LOOP('',(#3643,#3647,#3648,#3649));
#3651=ORIENTED_EDGE('',*,*,#1407,.F.);
#3652=ORIENTED_EDGE('',*,*,#3381,.F.);
#3653=ORIENTED_EDGE('',*,*,#1944,.F.);
#3654=ORIENTED_EDGE('',*,*,#3610,.F.);
#3655=EDGE_LOOP('',(#3651,#3652,#3653,#3654));
#3656=FACE_OUTER_BOUND('',#3650,.T.);
#3657=ADVANCED_FACE('',(#3656),#3642,.T.);
#3658=FACE_OUTER_BOUND('',#3655,.T.);
#3659=ADVANCED_FACE('',(#3658),#3642,.T.);
#3660=CARTESIAN_POINT('',(-2.300000000000,0.000000000000,0.000000000000));
#3661=AXIS2_PLACEMENT_3D('',#3660,#590,#140);
#3662=PLANE('',#3661);
#3663=ORIENTED_EDGE('',*,*,#869,.F.);
#3664=ORIENTED_EDGE('',*,*,#2893,.F.);
#3665=ORIENTED_EDGE('',*,*,#2484,.F.);
#3666=ORIENTED_EDGE('',*,*,#2914,.F.);
#3667=EDGE_LOOP('',(#3663,#3664,#3665,#3666));
#3668=FACE_OUTER_BOUND('',#3667,.T.);
#3669=ADVANCED_FACE('',(#3668),#3662,.T.);
#3670=CARTESIAN_POINT('',(1.860739087062,1.351906080273,0.000000000000));
#3671=AXIS2_PLACEMENT_3D('',#3670,#974,#714);
#3672=PLANE('',#3671);
#3673=ORIENTED_EDGE('',*,*,#1392,.F.);
#3674=CARTESIAN_POINT('',(1.907761907246,1.287184720723,0.000000000000));
#3675=LINE('',#3674,#27);
#3676=EDGE_CURVE('',#1384,#1958,#3675,.T.);
#3677=ORIENTED_EDGE('',*,*,#3676,.T.);
#3678=ORIENTED_EDGE('',*,*,#1961,.F.);
#3679=CARTESIAN_POINT('',(1.813716266879,1.416627439823,0.000000000000));
#3680=LINE('',#3679,#12);
#3681=EDGE_CURVE('',#1952,#1389,#3680,.T.);
#3682=ORIENTED_EDGE('',*,*,#3681,.T.);
#3683=EDGE_LOOP('',(#3673,#3677,#3678,#3682));
#3684=FACE_OUTER_BOUND('',#3683,.T.);
#3685=ADVANCED_FACE('',(#3684),#3672,.T.);
#3686=CARTESIAN_POINT('',(-0.047022820183,0.064721359550,0.000000000000));
#3687=AXIS2_PLACEMENT_3D('',#3686,#698,#974);
#3688=PLANE('',#3687);
#3689=ORIENTED_EDGE('',*,*,#963,.F.);
#3690=ORIENTED_EDGE('',*,*,#3210,.F.);
#3691=ORIENTED_EDGE('',*,*,#2405,.F.);
#3692=CARTESIAN_POINT('',(-1.907761907246,-1.287184720723,0.000000000000));
#3693=LINE('',#3692,#12);
#3694=EDGE_CURVE('',#2397,#960,#3693,.T.);
#3695=ORIENTED_EDGE('',*,*,#3694,.T.);
#3696=EDGE_LOOP('',(#3689,#3690,#3691,#3695));
#3697=ORIENTED_EDGE('',*,*,#1397,.F.);
#3698=ORIENTED_EDGE('',*,*,#3681,.F.);
#3699=ORIENTED_EDGE('',*,*,#1955,.F.);
#3700=ORIENTED_EDGE('',*,*,#3376,.T.);
#3701=EDGE_LOOP('',(#3697,#3698,#3699,#3700));
#3702=FACE_OUTER_BOUND('',#3696,.T.);
#3703=ADVANCED_FACE('',(#3702),#3688,.T.);
#3704=FACE_OUTER_BOUND('',#3701,.T.);
#3705=ADVANCED_FACE('',(#3704),#3688,.T.);
#3706=CARTESIAN_POINT('',(0.047022820183,-0.064721359550,0.000000000000));
#3707=AXIS2_PLACEMENT_3D('',#3706,#714,#706);
#3708=PLANE('',#3707);
#3709=ORIENTED_EDGE('',*,*,#977,.F.);
#3710=CARTESIAN_POINT('',(-1.813716266879,-1.416627439823,0.000000000000));
#3711=LINE('',#3710,#27);
#3712=EDGE_CURVE('',#966,#2392,#3711,.T.);
#3713=ORIENTED_EDGE('',*,*,#3712,.T.);
#3714=ORIENTED_EDGE('',*,*,#2394,.F.);
#3715=ORIENTED_EDGE('',*,*,#3414,.T.);
#3716=EDGE_LOOP('',(#3709,#3713,#3714,#3715));
#3717=ORIENTED_EDGE('',*,*,#1386,.F.);
#3718=ORIENTED_EDGE('',*,*,#3161,.F.);
#3719=ORIENTED_EDGE('',*,*,#1967,.F.);
#3720=ORIENTED_EDGE('',*,*,#3676,.F.);
#3721=EDGE_LOOP('',(#3717,#3718,#3719,#3720));
#3722=FACE_OUTER_BOUND('',#3716,.T.);
#3723=ADVANCED_FACE('',(#3722),#3708,.T.);
#3724=FACE_OUTER_BOUND('',#3721,.T.);
#3725=ADVANCED_FACE('',(#3724),#3708,.T.);
#3726=CARTESIAN_POINT('',(-1.351906080273,-1.860739087062,0.000000000000));
#3727=AXIS2_PLACEMENT_3D('',#3726,#764,#756);
#3728=PLANE('',#3727);
#3729=ORIENTED_EDGE('',*,*,#1019,.F.);
#3730=CARTESIAN_POINT('',(-1.416627439823,-1.813716266879,0.000000000000));
#3731=LINE('',#3730,#27);
#3732=EDGE_CURVE('',#1010,#2355,#3731,.T.);
#3733=ORIENTED_EDGE('',*,*,#3732,.T.);
#3734=ORIENTED_EDGE('',*,*,#2358,.F.);
#3735=CARTESIAN_POINT('',(-1.287184720723,-1.907761907246,0.000000000000));
#3736=LINE('',#3735,#12);
#3737=EDGE_CURVE('',#2350,#1016,#3736,.T.);
#3738=ORIENTED_EDGE('',*,*,#3737,.T.);
#3739=EDGE_LOOP('',(#3729,#3733,#3734,#3738));
#3740=FACE_OUTER_BOUND('',#3739,.T.);
#3741=ADVANCED_FACE('',(#3740),#3728,.T.);
#3742=CARTESIAN_POINT('',(0.064721359550,-0.047022820183,0.000000000000));
#3743=AXIS2_PLACEMENT_3D('',#3742,#772,#764);
#3744=PLANE('',#3743);
#3745=ORIENTED_EDGE('',*,*,#1027,.F.);
#3746=ORIENTED_EDGE('',*,*,#3737,.F.);
#3747=ORIENTED_EDGE('',*,*,#2352,.F.);
#3748=ORIENTED_EDGE('',*,*,#3175,.T.);
#3749=EDGE_LOOP('',(#3745,#3746,#3747,#3748));
#3750=ORIENTED_EDGE('',*,*,#1428,.F.);
#3751=ORIENTED_EDGE('',*,*,#3150,.F.);
#3752=ORIENTED_EDGE('',*,*,#1921,.F.);
#3753=CARTESIAN_POINT('',(1.416627439823,1.813716266879,0.000000000000));
#3754=LINE('',#3753,#12);
#3755=EDGE_CURVE('',#1912,#1426,#3754,.T.);
#3756=ORIENTED_EDGE('',*,*,#3755,.T.);
#3757=EDGE_LOOP('',(#3750,#3751,#3752,#3756));
#3758=FACE_OUTER_BOUND('',#3749,.T.);
#3759=ADVANCED_FACE('',(#3758),#3744,.T.);
#3760=FACE_OUTER_BOUND('',#3757,.T.);
#3761=ADVANCED_FACE('',(#3760),#3744,.T.);
#3762=CARTESIAN_POINT('',(-0.064721359550,0.047022820183,0.000000000000));
#3763=AXIS2_PLACEMENT_3D('',#3762,#756,#1024);
#3764=PLANE('',#3763);
#3765=ORIENTED_EDGE('',*,*,#1013,.F.);
#3766=ORIENTED_EDGE('',*,*,#3131,.F.);
#3767=ORIENTED_EDGE('',*,*,#2363,.F.);
#3768=ORIENTED_EDGE('',*,*,#3732,.F.);
#3769=EDGE_LOOP('',(#3765,#3766,#3767,#3768));
#3770=ORIENTED_EDGE('',*,*,#1439,.F.);
#3771=CARTESIAN_POINT('',(1.287184720723,1.907761907246,0.000000000000));
#3772=LINE('',#3771,#27);
#3773=EDGE_CURVE('',#1431,#1906,#3772,.T.);
#3774=ORIENTED_EDGE('',*,*,#3773,.T.);
#3775=ORIENTED_EDGE('',*,*,#1909,.F.);
#3776=ORIENTED_EDGE('',*,*,#3294,.T.);
#3777=EDGE_LOOP('',(#3770,#3774,#3775,#3776));
#3778=FACE_OUTER_BOUND('',#3769,.T.);
#3779=ADVANCED_FACE('',(#3778),#3764,.T.);
#3780=FACE_OUTER_BOUND('',#3777,.T.);
#3781=ADVANCED_FACE('',(#3780),#3764,.T.);
#3782=CARTESIAN_POINT('',(2.187429987479,-0.710739087062,0.000000000000));
#3783=AXIS2_PLACEMENT_3D('',#3782,#3,#47);
#3784=PLANE('',#3783);
#3785=ORIENTED_EDGE('',*,*,#1266,.F.);
#3786=CARTESIAN_POINT('',(2.162708627929,-0.786823608366,0.000000000000));
#3787=LINE('',#3786,#27);
#3788=EDGE_CURVE('',#1258,#2096,#3787,.T.);
#3789=ORIENTED_EDGE('',*,*,#3788,.T.);
#3790=ORIENTED_EDGE('',*,*,#2099,.F.);
#3791=CARTESIAN_POINT('',(2.212151347029,-0.634654565759,0.000000000000));
#3792=LINE('',#3791,#12);
#3793=EDGE_CURVE('',#2090,#1263,#3792,.T.);
#3794=ORIENTED_EDGE('',*,*,#3793,.T.);
#3795=EDGE_LOOP('',(#3785,#3789,#3790,#3794));
#3796=FACE_OUTER_BOUND('',#3795,.T.);
#3797=ADVANCED_FACE('',(#3796),#3784,.T.);
#3798=CARTESIAN_POINT('',(0.024721359550,0.076084521304,0.000000000000));
#3799=AXIS2_PLACEMENT_3D('',#3798,#2,#3);
#3800=PLANE('',#3799);
#3801=ORIENTED_EDGE('',*,*,#815,.F.);
#3802=ORIENTED_EDGE('',*,*,#3110,.F.);
#3803=ORIENTED_EDGE('',*,*,#2531,.F.);
#3804=CARTESIAN_POINT('',(-2.162708627929,0.786823608366,0.000000000000));
#3805=LINE('',#3804,#12);
#3806=EDGE_CURVE('',#2523,#812,#3805,.T.);
#3807=ORIENTED_EDGE('',*,*,#3806,.T.);
#3808=EDGE_LOOP('',(#3801,#3802,#3803,#3807));
#3809=ORIENTED_EDGE('',*,*,#1271,.F.);
#3810=ORIENTED_EDGE('',*,*,#3793,.F.);
#3811=ORIENTED_EDGE('',*,*,#2093,.F.);
#3812=ORIENTED_EDGE('',*,*,#3425,.T.);
#3813=EDGE_LOOP('',(#3809,#3810,#3811,#3812));
#3814=FACE_OUTER_BOUND('',#3808,.T.);
#3815=ADVANCED_FACE('',(#3814),#3800,.T.);
#3816=FACE_OUTER_BOUND('',#3813,.T.);
#3817=ADVANCED_FACE('',(#3816),#3800,.T.);
#3818=CARTESIAN_POINT('',(-0.024721359550,-0.076084521304,0.000000000000));
#3819=AXIS2_PLACEMENT_3D('',#3818,#47,#32);
#3820=PLANE('',#3819);
#3821=ORIENTED_EDGE('',*,*,#1260,.F.);
#3822=ORIENTED_EDGE('',*,*,#3403,.F.);
#3823=ORIENTED_EDGE('',*,*,#2105,.F.);
#3824=ORIENTED_EDGE('',*,*,#3788,.F.);
#3825=EDGE_LOOP('',(#3821,#3822,#3823,#3824));
#3826=ORIENTED_EDGE('',*,*,#827,.F.);
#3827=CARTESIAN_POINT('',(-2.212151347029,0.634654565759,0.000000000000));
#3828=LINE('',#3827,#27);
#3829=EDGE_CURVE('',#818,#2518,#3828,.T.);
#3830=ORIENTED_EDGE('',*,*,#3829,.T.);
#3831=ORIENTED_EDGE('',*,*,#2520,.F.);
#3832=ORIENTED_EDGE('',*,*,#3197,.T.);
#3833=EDGE_LOOP('',(#3826,#3830,#3831,#3832));
#3834=FACE_OUTER_BOUND('',#3825,.T.);
#3835=ADVANCED_FACE('',(#3834),#3820,.T.);
#3836=FACE_OUTER_BOUND('',#3833,.T.);
#3837=ADVANCED_FACE('',(#3836),#3820,.T.);
#3838=CARTESIAN_POINT('',(-1.351906080273,1.860739087062,0.000000000000));
#3839=AXIS2_PLACEMENT_3D('',#3838,#698,#974);
#3840=PLANE('',#3839);
#3841=ORIENTED_EDGE('',*,*,#709,.F.);
#3842=ORIENTED_EDGE('',*,*,#2971,.F.);
#3843=ORIENTED_EDGE('',*,*,#2610,.F.);
#3844=ORIENTED_EDGE('',*,*,#3000,.F.);
#3845=EDGE_LOOP('',(#3841,#3842,#3843,#3844));
#3846=FACE_OUTER_BOUND('',#3845,.T.);
#3847=ADVANCED_FACE('',(#3846),#3840,.T.);
#3848=CARTESIAN_POINT('',(-0.359799269593,-2.271683183369,0.000000000000));
#3849=AXIS2_PLACEMENT_3D('',#3848,#570,#562);
#3850=PLANE('',#3849);
#3851=ORIENTED_EDGE('',*,*,#1077,.F.);
#3852=CARTESIAN_POINT('',(-0.438814336840,-2.259168426166,0.000000000000));
#3853=LINE('',#3852,#27);
#3854=EDGE_CURVE('',#1069,#2303,#3853,.T.);
#3855=ORIENTED_EDGE('',*,*,#3854,.T.);
#3856=ORIENTED_EDGE('',*,*,#2306,.F.);
#3857=CARTESIAN_POINT('',(-0.280784202345,-2.284197940572,0.000000000000));
#3858=LINE('',#3857,#12);
#3859=EDGE_CURVE('',#2297,#1074,#3858,.T.);
#3860=ORIENTED_EDGE('',*,*,#3859,.T.);
#3861=EDGE_LOOP('',(#3851,#3855,#3856,#3860));
#3862=FACE_OUTER_BOUND('',#3861,.T.);
#3863=ADVANCED_FACE('',(#3862),#3850,.T.);
#3864=CARTESIAN_POINT('',(0.079015067248,-0.012514757203,0.000000000000));
#3865=AXIS2_PLACEMENT_3D('',#3864,#849,#570);
#3866=PLANE('',#3865);
#3867=ORIENTED_EDGE('',*,*,#557,.F.);
#3868=ORIENTED_EDGE('',*,*,#3168,.F.);
#3869=ORIENTED_EDGE('',*,*,#2720,.F.);
#3870=CARTESIAN_POINT('',(0.438814336840,2.259168426166,0.000000000000));
#3871=LINE('',#3870,#12);
#3872=EDGE_CURVE('',#2712,#552,#3871,.T.);
#3873=ORIENTED_EDGE('',*,*,#3872,.T.);
#3874=EDGE_LOOP('',(#3867,#3868,#3869,#3873));
#3875=ORIENTED_EDGE('',*,*,#1082,.F.);
#3876=ORIENTED_EDGE('',*,*,#3859,.F.);
#3877=ORIENTED_EDGE('',*,*,#2300,.F.);
#3878=ORIENTED_EDGE('',*,*,#3305,.T.);
#3879=EDGE_LOOP('',(#3875,#3876,#3877,#3878));
#3880=FACE_OUTER_BOUND('',#3874,.T.);
#3881=ADVANCED_FACE('',(#3880),#3866,.T.);
#3882=FACE_OUTER_BOUND('',#3879,.T.);
#3883=ADVANCED_FACE('',(#3882),#3866,.T.);
#3884=CARTESIAN_POINT('',(-0.079015067248,0.012514757203,0.000000000000));
#3885=AXIS2_PLACEMENT_3D('',#3884,#562,#554);
#3886=PLANE('',#3885);
#3887=ORIENTED_EDGE('',*,*,#573,.F.);
#3888=CARTESIAN_POINT('',(0.280784202345,2.284197940572,0.000000000000));
#3889=LINE('',#3888,#27);
#3890=EDGE_CURVE('',#560,#2707,#3889,.T.);
#3891=ORIENTED_EDGE('',*,*,#3890,.T.);
#3892=ORIENTED_EDGE('',*,*,#2709,.F.);
#3893=ORIENTED_EDGE('',*,*,#3357,.T.);
#3894=EDGE_LOOP('',(#3887,#3891,#3892,#3893));
#3895=ORIENTED_EDGE('',*,*,#1071,.F.);
#3896=ORIENTED_EDGE('',*,*,#3225,.F.);
#3897=ORIENTED_EDGE('',*,*,#2312,.F.);
#3898=ORIENTED_EDGE('',*,*,#3854,.F.);
#3899=EDGE_LOOP('',(#3895,#3896,#3897,#3898));
#3900=FACE_OUTER_BOUND('',#3894,.T.);
#3901=ADVANCED_FACE('',(#3900),#3886,.T.);
#3902=FACE_OUTER_BOUND('',#3899,.T.);
#3903=ADVANCED_FACE('',(#3902),#3886,.T.);
#3904=CARTESIAN_POINT('',(2.271683183369,-0.359799269593,0.000000000000));
#3905=AXIS2_PLACEMENT_3D('',#3904,#849,#570);
#3906=PLANE('',#3905);
#3907=ORIENTED_EDGE('',*,*,#1287,.F.);
#3908=ORIENTED_EDGE('',*,*,#2833,.F.);
#3909=ORIENTED_EDGE('',*,*,#2076,.F.);
#3910=ORIENTED_EDGE('',*,*,#2846,.F.);
#3911=EDGE_LOOP('',(#3907,#3908,#3909,#3910));
#3912=FACE_OUTER_BOUND('',#3911,.T.);
#3913=ADVANCED_FACE('',(#3912),#3906,.T.);
#3914=CARTESIAN_POINT('',(-2.049315005633,-1.044178149401,0.000000000000));
#3915=AXIS2_PLACEMENT_3D('',#3914,#677,#669);
#3916=PLANE('',#3915);
#3917=ORIENTED_EDGE('',*,*,#944,.F.);
#3918=CARTESIAN_POINT('',(-2.085634245612,-0.972897627466,0.000000000000));
#3919=LINE('',#3918,#27);
#3920=EDGE_CURVE('',#935,#2418,#3919,.T.);
#3921=ORIENTED_EDGE('',*,*,#3920,.T.);
#3922=ORIENTED_EDGE('',*,*,#2421,.F.);
#3923=CARTESIAN_POINT('',(-2.012995765654,-1.115458671336,0.000000000000));
#3924=LINE('',#3923,#12);
#3925=EDGE_CURVE('',#2413,#941,#3924,.T.);
#3926=ORIENTED_EDGE('',*,*,#3925,.T.);
#3927=EDGE_LOOP('',(#3917,#3921,#3922,#3926));
#3928=FACE_OUTER_BOUND('',#3927,.T.);
#3929=ADVANCED_FACE('',(#3928),#3916,.T.);
#3930=CARTESIAN_POINT('',(0.036319239979,-0.071280521935,0.000000000000));
#3931=AXIS2_PLACEMENT_3D('',#3930,#685,#677);
#3932=PLANE('',#3931);
#3933=ORIENTED_EDGE('',*,*,#1365,.F.);
#3934=ORIENTED_EDGE('',*,*,#3370,.F.);
#3935=ORIENTED_EDGE('',*,*,#1990,.F.);
#3936=CARTESIAN_POINT('',(2.085634245612,0.972897627466,0.000000000000));
#3937=LINE('',#3936,#12);
#3938=EDGE_CURVE('',#1981,#1363,#3937,.T.);
#3939=ORIENTED_EDGE('',*,*,#3938,.T.);
#3940=EDGE_LOOP('',(#3933,#3934,#3935,#3939));
#3941=ORIENTED_EDGE('',*,*,#952,.F.);
#3942=ORIENTED_EDGE('',*,*,#3925,.F.);
#3943=ORIENTED_EDGE('',*,*,#2415,.F.);
#3944=ORIENTED_EDGE('',*,*,#3205,.T.);
#3945=EDGE_LOOP('',(#3941,#3942,#3943,#3944));
#3946=FACE_OUTER_BOUND('',#3940,.T.);
#3947=ADVANCED_FACE('',(#3946),#3932,.T.);
#3948=FACE_OUTER_BOUND('',#3945,.T.);
#3949=ADVANCED_FACE('',(#3948),#3932,.T.);
#3950=CARTESIAN_POINT('',(-0.036319239979,0.071280521935,0.000000000000));
#3951=AXIS2_PLACEMENT_3D('',#3950,#669,#949);
#3952=PLANE('',#3951);
#3953=ORIENTED_EDGE('',*,*,#938,.F.);
#3954=ORIENTED_EDGE('',*,*,#3218,.F.);
#3955=ORIENTED_EDGE('',*,*,#2426,.F.);
#3956=ORIENTED_EDGE('',*,*,#3920,.F.);
#3957=EDGE_LOOP('',(#3953,#3954,#3955,#3956));
#3958=ORIENTED_EDGE('',*,*,#1376,.F.);
#3959=CARTESIAN_POINT('',(2.012995765654,1.115458671336,0.000000000000));
#3960=LINE('',#3959,#27);
#3961=EDGE_CURVE('',#1368,#1975,#3960,.T.);
#3962=ORIENTED_EDGE('',*,*,#3961,.T.);
#3963=ORIENTED_EDGE('',*,*,#1978,.F.);
#3964=ORIENTED_EDGE('',*,*,#3156,.T.);
#3965=EDGE_LOOP('',(#3958,#3962,#3963,#3964));
#3966=FACE_OUTER_BOUND('',#3957,.T.);
#3967=ADVANCED_FACE('',(#3966),#3952,.T.);
#3968=FACE_OUTER_BOUND('',#3965,.T.);
#3969=ADVANCED_FACE('',(#3968),#3952,.T.);
#3970=CARTESIAN_POINT('',(-1.044178149401,-2.049315005633,0.000000000000));
#3971=AXIS2_PLACEMENT_3D('',#3970,#793,#785);
#3972=PLANE('',#3971);
#3973=ORIENTED_EDGE('',*,*,#1044,.F.);
#3974=CARTESIAN_POINT('',(-1.115458671336,-2.012995765654,0.000000000000));
#3975=LINE('',#3974,#27);
#3976=EDGE_CURVE('',#1035,#2334,#3975,.T.);
#3977=ORIENTED_EDGE('',*,*,#3976,.T.);
#3978=ORIENTED_EDGE('',*,*,#2337,.F.);
#3979=CARTESIAN_POINT('',(-0.972897627466,-2.085634245612,0.000000000000));
#3980=LINE('',#3979,#12);
#3981=EDGE_CURVE('',#2329,#1041,#3980,.T.);
#3982=ORIENTED_EDGE('',*,*,#3981,.T.);
#3983=EDGE_LOOP('',(#3973,#3977,#3978,#3982));
#3984=FACE_OUTER_BOUND('',#3983,.T.);
#3985=ADVANCED_FACE('',(#3984),#3972,.T.);
#3986=CARTESIAN_POINT('',(0.071280521935,-0.036319239979,0.000000000000));
#3987=AXIS2_PLACEMENT_3D('',#3986,#801,#793);
#3988=PLANE('',#3987);
#3989=ORIENTED_EDGE('',*,*,#1449,.F.);
#3990=ORIENTED_EDGE('',*,*,#3299,.F.);
#3991=ORIENTED_EDGE('',*,*,#1898,.F.);
#3992=CARTESIAN_POINT('',(1.115458671336,2.012995765654,0.000000000000));
#3993=LINE('',#3992,#12);
#3994=EDGE_CURVE('',#1889,#1447,#3993,.T.);
#3995=ORIENTED_EDGE('',*,*,#3994,.T.);
#3996=EDGE_LOOP('',(#3989,#3990,#3991,#3995));
#3997=ORIENTED_EDGE('',*,*,#1052,.F.);
#3998=ORIENTED_EDGE('',*,*,#3981,.F.);
#3999=ORIENTED_EDGE('',*,*,#2331,.F.);
#4000=ORIENTED_EDGE('',*,*,#3279,.T.);
#4001=EDGE_LOOP('',(#3997,#3998,#3999,#4000));
#4002=FACE_OUTER_BOUND('',#3996,.T.);
#4003=ADVANCED_FACE('',(#4002),#3988,.T.);
#4004=FACE_OUTER_BOUND('',#4001,.T.);
#4005=ADVANCED_FACE('',(#4004),#3988,.T.);
#4006=CARTESIAN_POINT('',(-0.071280521935,0.036319239979,0.000000000000));
#4007=AXIS2_PLACEMENT_3D('',#4006,#785,#1049);
#4008=PLANE('',#4007);
#4009=ORIENTED_EDGE('',*,*,#1038,.F.);
#4010=ORIENTED_EDGE('',*,*,#3180,.F.);
#4011=ORIENTED_EDGE('',*,*,#2342,.F.);
#4012=ORIENTED_EDGE('',*,*,#3976,.F.);
#4013=EDGE_LOOP('',(#4009,#4010,#4011,#4012));
#4014=ORIENTED_EDGE('',*,*,#1460,.F.);
#4015=CARTESIAN_POINT('',(0.972897627466,2.085634245612,0.000000000000));
#4016=LINE('',#4015,#27);
#4017=EDGE_CURVE('',#1452,#1883,#4016,.T.);
#4018=ORIENTED_EDGE('',*,*,#4017,.T.);
#4019=ORIENTED_EDGE('',*,*,#1886,.F.);
#4020=ORIENTED_EDGE('',*,*,#3328,.T.);
#4021=EDGE_LOOP('',(#4014,#4018,#4019,#4020));
#4022=FACE_OUTER_BOUND('',#4013,.T.);
#4023=ADVANCED_FACE('',(#4022),#4008,.T.);
#4024=FACE_OUTER_BOUND('',#4021,.T.);
#4025=ADVANCED_FACE('',(#4024),#4008,.T.);
#4026=CARTESIAN_POINT('',(0.710739087062,-2.187429987479,0.000000000000));
#4027=AXIS2_PLACEMENT_3D('',#4026,#656,#648);
#4028=PLANE('',#4027);
#4029=ORIENTED_EDGE('',*,*,#1140,.F.);
#4030=CARTESIAN_POINT('',(0.634654565759,-2.212151347029,0.000000000000));
#4031=LINE('',#4030,#27);
#4032=EDGE_CURVE('',#1132,#2234,#4031,.T.);
#4033=ORIENTED_EDGE('',*,*,#4032,.T.);
#4034=ORIENTED_EDGE('',*,*,#2237,.F.);
#4035=CARTESIAN_POINT('',(0.786823608366,-2.162708627929,0.000000000000));
#4036=LINE('',#4035,#12);
#4037=EDGE_CURVE('',#2228,#1137,#4036,.T.);
#4038=ORIENTED_EDGE('',*,*,#4037,.T.);
#4039=EDGE_LOOP('',(#4029,#4033,#4034,#4038));
#4040=FACE_OUTER_BOUND('',#4039,.T.);
#4041=ADVANCED_FACE('',(#4040),#4028,.T.);
#4042=CARTESIAN_POINT('',(0.076084521304,0.024721359550,0.000000000000));
#4043=AXIS2_PLACEMENT_3D('',#4042,#924,#656);
#4044=PLANE('',#4043);
#4045=ORIENTED_EDGE('',*,*,#643,.F.);
#4046=ORIENTED_EDGE('',*,*,#3392,.F.);
#4047=ORIENTED_EDGE('',*,*,#2657,.F.);
#4048=CARTESIAN_POINT('',(-0.634654565759,2.212151347029,0.000000000000));
#4049=LINE('',#4048,#12);
#4050=EDGE_CURVE('',#2649,#638,#4049,.T.);
#4051=ORIENTED_EDGE('',*,*,#4050,.T.);
#4052=EDGE_LOOP('',(#4045,#4046,#4047,#4051));
#4053=ORIENTED_EDGE('',*,*,#1145,.F.);
#4054=ORIENTED_EDGE('',*,*,#4037,.F.);
#4055=ORIENTED_EDGE('',*,*,#2231,.F.);
#4056=ORIENTED_EDGE('',*,*,#3137,.T.);
#4057=EDGE_LOOP('',(#4053,#4054,#4055,#4056));
#4058=FACE_OUTER_BOUND('',#4052,.T.);
#4059=ADVANCED_FACE('',(#4058),#4044,.T.);
#4060=FACE_OUTER_BOUND('',#4057,.T.);
#4061=ADVANCED_FACE('',(#4060),#4044,.T.);
#4062=CARTESIAN_POINT('',(-0.076084521304,-0.024721359550,0.000000000000));
#4063=AXIS2_PLACEMENT_3D('',#4062,#648,#640);
#4064=PLANE('',#4063);
#4065=ORIENTED_EDGE('',*,*,#659,.F.);
#4066=CARTESIAN_POINT('',(-0.786823608366,2.162708627929,0.000000000000));
#4067=LINE('',#4066,#27);
#4068=EDGE_CURVE('',#646,#2644,#4067,.T.);
#4069=ORIENTED_EDGE('',*,*,#4068,.T.);
#4070=ORIENTED_EDGE('',*,*,#2646,.F.);
#4071=ORIENTED_EDGE('',*,*,#3097,.T.);
#4072=EDGE_LOOP('',(#4065,#4069,#4070,#4071));
#4073=ORIENTED_EDGE('',*,*,#1134,.F.);
#4074=ORIENTED_EDGE('',*,*,#3351,.F.);
#4075=ORIENTED_EDGE('',*,*,#2243,.F.);
#4076=ORIENTED_EDGE('',*,*,#4032,.F.);
#4077=EDGE_LOOP('',(#4073,#4074,#4075,#4076));
#4078=FACE_OUTER_BOUND('',#4072,.T.);
#4079=ADVANCED_FACE('',(#4078),#4064,.T.);
#4080=FACE_OUTER_BOUND('',#4077,.T.);
#4081=ADVANCED_FACE('',(#4080),#4064,.T.);
#4082=CARTESIAN_POINT('',(0.000000000000,2.300000000000,0.000000000000));
#4083=AXIS2_PLACEMENT_3D('',#4082,#140,#874);
#4084=PLANE('',#4083);
#4085=ORIENTED_EDGE('',*,*,#593,.F.);
#4086=ORIENTED_EDGE('',*,*,#3516,.F.);
#4087=ORIENTED_EDGE('',*,*,#2694,.F.);
#4088=ORIENTED_EDGE('',*,*,#3539,.F.);
#4089=EDGE_LOOP('',(#4085,#4086,#4087,#4088));
#4090=FACE_OUTER_BOUND('',#4089,.T.);
#4091=ADVANCED_FACE('',(#4090),#4084,.T.);
#4092=CARTESIAN_POINT('',(-1.860739087062,-1.351906080273,0.000000000000));
#4093=AXIS2_PLACEMENT_3D('',#4092,#706,#698);
#4094=PLANE('',#4093);
#4095=ORIENTED_EDGE('',*,*,#969,.F.);
#4096=ORIENTED_EDGE('',*,*,#3694,.F.);
#4097=ORIENTED_EDGE('',*,*,#2400,.F.);
#4098=ORIENTED_EDGE('',*,*,#3712,.F.);
#4099=EDGE_LOOP('',(#4095,#4096,#4097,#4098));
#4100=FACE_OUTER_BOUND('',#4099,.T.);
#4101=ADVANCED_FACE('',(#4100),#4094,.T.);
#4102=CARTESIAN_POINT('',(-2.271683183369,-0.359799269593,0.000000000000));
#4103=AXIS2_PLACEMENT_3D('',#4102,#619,#611);
#4104=PLANE('',#4103);
#4105=ORIENTED_EDGE('',*,*,#894,.F.);
#4106=CARTESIAN_POINT('',(-2.284197940572,-0.280784202345,0.000000000000));
#4107=LINE('',#4106,#27);
#4108=EDGE_CURVE('',#885,#2460,#4107,.T.);
#4109=ORIENTED_EDGE('',*,*,#4108,.T.);
#4110=ORIENTED_EDGE('',*,*,#2463,.F.);
#4111=CARTESIAN_POINT('',(-2.259168426166,-0.438814336840,0.000000000000));
#4112=LINE('',#4111,#12);
#4113=EDGE_CURVE('',#2455,#891,#4112,.T.);
#4114=ORIENTED_EDGE('',*,*,#4113,.T.);
#4115=EDGE_LOOP('',(#4105,#4109,#4110,#4114));
#4116=FACE_OUTER_BOUND('',#4115,.T.);
#4117=ADVANCED_FACE('',(#4116),#4104,.T.);
#4118=CARTESIAN_POINT('',(0.012514757203,-0.079015067248,0.000000000000));
#4119=AXIS2_PLACEMENT_3D('',#4118,#627,#619);
#4120=PLANE('',#4119);
#4121=ORIENTED_EDGE('',*,*,#902,.F.);
#4122=ORIENTED_EDGE('',*,*,#4113,.F.);
#4123=ORIENTED_EDGE('',*,*,#2457,.F.);
#4124=ORIENTED_EDGE('',*,*,#3286,.T.);
#4125=EDGE_LOOP('',(#4121,#4122,#4123,#4124));
#4126=ORIENTED_EDGE('',*,*,#1323,.F.);
#4127=ORIENTED_EDGE('',*,*,#3253,.F.);
#4128=ORIENTED_EDGE('',*,*,#2036,.F.);
#4129=CARTESIAN_POINT('',(2.284197940572,0.280784202345,0.000000000000));
#4130=LINE('',#4129,#12);
#4131=EDGE_CURVE('',#2027,#1321,#4130,.T.);
#4132=ORIENTED_EDGE('',*,*,#4131,.T.);
#4133=EDGE_LOOP('',(#4126,#4127,#4128,#4132));
#4134=FACE_OUTER_BOUND('',#4125,.T.);
#4135=ADVANCED_FACE('',(#4134),#4120,.T.);
#4136=FACE_OUTER_BOUND('',#4133,.T.);
#4137=ADVANCED_FACE('',(#4136),#4120,.T.);
#4138=CARTESIAN_POINT('',(-0.012514757203,0.079015067248,0.000000000000));
#4139=AXIS2_PLACEMENT_3D('',#4138,#611,#899);
#4140=PLANE('',#4139);
#4141=ORIENTED_EDGE('',*,*,#888,.F.);
#4142=ORIENTED_EDGE('',*,*,#3272,.F.);
#4143=ORIENTED_EDGE('',*,*,#2468,.F.);
#4144=ORIENTED_EDGE('',*,*,#4108,.F.);
#4145=EDGE_LOOP('',(#4141,#4142,#4143,#4144));
#4146=ORIENTED_EDGE('',*,*,#1334,.F.);
#4147=CARTESIAN_POINT('',(2.259168426166,0.438814336840,0.000000000000));
#4148=LINE('',#4147,#27);
#4149=EDGE_CURVE('',#1326,#2021,#4148,.T.);
#4150=ORIENTED_EDGE('',*,*,#4149,.T.);
#4151=ORIENTED_EDGE('',*,*,#2024,.F.);
#4152=ORIENTED_EDGE('',*,*,#3433,.T.);
#4153=EDGE_LOOP('',(#4146,#4150,#4151,#4152));
#4154=FACE_OUTER_BOUND('',#4145,.T.);
#4155=ADVANCED_FACE('',(#4154),#4140,.T.);
#4156=FACE_OUTER_BOUND('',#4153,.T.);
#4157=ADVANCED_FACE('',(#4156),#4140,.T.);
#4158=CARTESIAN_POINT('',(1.044178149401,2.049315005633,0.000000000000));
#4159=AXIS2_PLACEMENT_3D('',#4158,#1049,#801);
#4160=PLANE('',#4159);
#4161=ORIENTED_EDGE('',*,*,#1455,.F.);
#4162=ORIENTED_EDGE('',*,*,#3994,.F.);
#4163=ORIENTED_EDGE('',*,*,#1892,.F.);
#4164=ORIENTED_EDGE('',*,*,#4017,.F.);
#4165=EDGE_LOOP('',(#4161,#4162,#4163,#4164));
#4166=FACE_OUTER_BOUND('',#4165,.T.);
#4167=ADVANCED_FACE('',(#4166),#4160,.T.);
#4168=CARTESIAN_POINT('',(-1.860739087062,1.351906080273,0.000000000000));
#4169=AXIS2_PLACEMENT_3D('',#4168,#756,#1024);
#4170=PLANE('',#4169);
#4171=ORIENTED_EDGE('',*,*,#767,.F.);
#4172=CARTESIAN_POINT('',(-1.813716266879,1.416627439823,0.000000000000));
#4173=LINE('',#4172,#27);
#4174=EDGE_CURVE('',#754,#2565,#4173,.T.);
#4175=ORIENTED_EDGE('',*,*,#4174,.T.);
#4176=ORIENTED_EDGE('',*,*,#2568,.F.);
#4177=CARTESIAN_POINT('',(-1.907761907246,1.287184720723,0.000000000000));
#4178=LINE('',#4177,#12);
#4179=EDGE_CURVE('',#2560,#762,#4178,.T.);
#4180=ORIENTED_EDGE('',*,*,#4179,.T.);
#4181=EDGE_LOOP('',(#4171,#4175,#4176,#4180));
#4182=FACE_OUTER_BOUND('',#4181,.T.);
#4183=ADVANCED_FACE('',(#4182),#4170,.T.);
#4184=CARTESIAN_POINT('',(-0.047022820183,-0.064721359550,0.000000000000));
#4185=AXIS2_PLACEMENT_3D('',#4184,#764,#756);
#4186=PLANE('',#4185);
#4187=ORIENTED_EDGE('',*,*,#1218,.F.);
#4188=ORIENTED_EDGE('',*,*,#3264,.F.);
#4189=ORIENTED_EDGE('',*,*,#2151,.F.);
#4190=CARTESIAN_POINT('',(1.813716266879,-1.416627439823,0.000000000000));
#4191=LINE('',#4190,#12);
#4192=EDGE_CURVE('',#2142,#1216,#4191,.T.);
#4193=ORIENTED_EDGE('',*,*,#4192,.T.);
#4194=EDGE_LOOP('',(#4187,#4188,#4189,#4193));
#4195=ORIENTED_EDGE('',*,*,#775,.F.);
#4196=ORIENTED_EDGE('',*,*,#4179,.F.);
#4197=ORIENTED_EDGE('',*,*,#2562,.F.);
#4198=ORIENTED_EDGE('',*,*,#3086,.T.);
#4199=EDGE_LOOP('',(#4195,#4196,#4197,#4198));
#4200=FACE_OUTER_BOUND('',#4194,.T.);
#4201=ADVANCED_FACE('',(#4200),#4186,.T.);
#4202=FACE_OUTER_BOUND('',#4199,.T.);
#4203=ADVANCED_FACE('',(#4202),#4186,.T.);
#4204=CARTESIAN_POINT('',(0.047022820183,0.064721359550,0.000000000000));
#4205=AXIS2_PLACEMENT_3D('',#4204,#1024,#772);
#4206=PLANE('',#4205);
#4207=ORIENTED_EDGE('',*,*,#759,.F.);
#4208=ORIENTED_EDGE('',*,*,#3237,.F.);
#4209=ORIENTED_EDGE('',*,*,#2573,.F.);
#4210=ORIENTED_EDGE('',*,*,#4174,.F.);
#4211=EDGE_LOOP('',(#4207,#4208,#4209,#4210));
#4212=ORIENTED_EDGE('',*,*,#1229,.F.);
#4213=CARTESIAN_POINT('',(1.907761907246,-1.287184720723,0.000000000000));
#4214=LINE('',#4213,#27);
#4215=EDGE_CURVE('',#1221,#2136,#4214,.T.);
#4216=ORIENTED_EDGE('',*,*,#4215,.T.);
#4217=ORIENTED_EDGE('',*,*,#2139,.F.);
#4218=ORIENTED_EDGE('',*,*,#3186,.T.);
#4219=EDGE_LOOP('',(#4212,#4216,#4217,#4218));
#4220=FACE_OUTER_BOUND('',#4211,.T.);
#4221=ADVANCED_FACE('',(#4220),#4206,.T.);
#4222=FACE_OUTER_BOUND('',#4219,.T.);
#4223=ADVANCED_FACE('',(#4222),#4206,.T.);
#4224=CYLINDRICAL_SURFACE('',#3081,0.750000000000);
#4225=ORIENTED_EDGE('',*,*,#148,.T.);
#4226=ORIENTED_EDGE('',*,*,#541,.T.);
#4227=ORIENTED_EDGE('',*,*,#538,.T.);
#4228=ORIENTED_EDGE('',*,*,#533,.T.);
#4229=ORIENTED_EDGE('',*,*,#528,.T.);
#4230=ORIENTED_EDGE('',*,*,#523,.T.);
#4231=ORIENTED_EDGE('',*,*,#518,.T.);
#4232=ORIENTED_EDGE('',*,*,#513,.T.);
#4233=ORIENTED_EDGE('',*,*,#508,.T.);
#4234=ORIENTED_EDGE('',*,*,#503,.T.);
#4235=ORIENTED_EDGE('',*,*,#498,.T.);
#4236=ORIENTED_EDGE('',*,*,#493,.T.);
#4237=ORIENTED_EDGE('',*,*,#488,.T.);
#4238=ORIENTED_EDGE('',*,*,#483,.T.);
#4239=ORIENTED_EDGE('',*,*,#478,.T.);
#4240=ORIENTED_EDGE('',*,*,#473,.T.);
#4241=ORIENTED_EDGE('',*,*,#468,.T.);
#4242=ORIENTED_EDGE('',*,*,#463,.T.);
#4243=ORIENTED_EDGE('',*,*,#458,.T.);
#4244=ORIENTED_EDGE('',*,*,#453,.T.);
#4245=ORIENTED_EDGE('',*,*,#448,.T.);
#4246=ORIENTED_EDGE('',*,*,#443,.T.);
#4247=ORIENTED_EDGE('',*,*,#438,.T.);
#4248=ORIENTED_EDGE('',*,*,#433,.T.);
#4249=ORIENTED_EDGE('',*,*,#428,.T.);
#4250=ORIENTED_EDGE('',*,*,#423,.T.);
#4251=ORIENTED_EDGE('',*,*,#418,.T.);
#4252=ORIENTED_EDGE('',*,*,#413,.T.);
#4253=ORIENTED_EDGE('',*,*,#408,.T.);
#4254=ORIENTED_EDGE('',*,*,#403,.T.);
#4255=ORIENTED_EDGE('',*,*,#398,.T.);
#4256=ORIENTED_EDGE('',*,*,#393,.T.);
#4257=ORIENTED_EDGE('',*,*,#388,.T.);
#4258=ORIENTED_EDGE('',*,*,#383,.T.);
#4259=ORIENTED_EDGE('',*,*,#378,.T.);
#4260=ORIENTED_EDGE('',*,*,#373,.T.);
#4261=ORIENTED_EDGE('',*,*,#368,.T.);
#4262=ORIENTED_EDGE('',*,*,#363,.T.);
#4263=ORIENTED_EDGE('',*,*,#358,.T.);
#4264=ORIENTED_EDGE('',*,*,#353,.T.);
#4265=ORIENTED_EDGE('',*,*,#348,.T.);
#4266=ORIENTED_EDGE('',*,*,#343,.T.);
#4267=ORIENTED_EDGE('',*,*,#338,.T.);
#4268=ORIENTED_EDGE('',*,*,#333,.T.);
#4269=ORIENTED_EDGE('',*,*,#328,.T.);
#4270=ORIENTED_EDGE('',*,*,#323,.T.);
#4271=ORIENTED_EDGE('',*,*,#318,.T.);
#4272=ORIENTED_EDGE('',*,*,#313,.T.);
#4273=ORIENTED_EDGE('',*,*,#308,.T.);
#4274=ORIENTED_EDGE('',*,*,#303,.T.);
#4275=ORIENTED_EDGE('',*,*,#298,.T.);
#4276=ORIENTED_EDGE('',*,*,#293,.T.);
#4277=ORIENTED_EDGE('',*,*,#288,.T.);
#4278=ORIENTED_EDGE('',*,*,#283,.T.);
#4279=ORIENTED_EDGE('',*,*,#278,.T.);
#4280=ORIENTED_EDGE('',*,*,#273,.T.);
#4281=ORIENTED_EDGE('',*,*,#268,.T.);
#4282=ORIENTED_EDGE('',*,*,#263,.T.);
#4283=ORIENTED_EDGE('',*,*,#258,.T.);
#4284=ORIENTED_EDGE('',*,*,#253,.T.);
#4285=ORIENTED_EDGE('',*,*,#248,.T.);
#4286=ORIENTED_EDGE('',*,*,#243,.T.);
#4287=ORIENTED_EDGE('',*,*,#238,.T.);
#4288=ORIENTED_EDGE('',*,*,#233,.T.);
#4289=ORIENTED_EDGE('',*,*,#228,.T.);
#4290=ORIENTED_EDGE('',*,*,#223,.T.);
#4291=ORIENTED_EDGE('',*,*,#218,.T.);
#4292=ORIENTED_EDGE('',*,*,#213,.T.);
#4293=ORIENTED_EDGE('',*,*,#208,.T.);
#4294=ORIENTED_EDGE('',*,*,#203,.T.);
#4295=ORIENTED_EDGE('',*,*,#198,.T.);
#4296=ORIENTED_EDGE('',*,*,#193,.T.);
#4297=ORIENTED_EDGE('',*,*,#188,.T.);
#4298=ORIENTED_EDGE('',*,*,#183,.T.);
#4299=ORIENTED_EDGE('',*,*,#178,.T.);
#4300=ORIENTED_EDGE('',*,*,#173,.T.);
#4301=ORIENTED_EDGE('',*,*,#168,.T.);
#4302=ORIENTED_EDGE('',*,*,#163,.T.);
#4303=ORIENTED_EDGE('',*,*,#158,.T.);
#4304=ORIENTED_EDGE('',*,*,#153,.T.);
#4305=EDGE_LOOP('',(#4225,#4226,#4227,#4228,#4229,#4230,#4231,#4232,#4233,#4234,#4235,#4236,#4237,#4238,#4239,#4240,#4241,#4242,#4243,#4244,#4245,#4246,#4247,#4248,#4249,#4250,#4251,#4252,#4253,#4254,#4255,#4256,#4257,#4258,#4259,#4260,#4261,#4262,#4263,#4264,#4265,#4266,#4267,#4268,#4269,#4270,#4271,#4272,#4273,#4274,#4275,#4276,#4277,#4278,#4279,#4280,#4281,#4282,#4283,#4284,#4285,#4286,#4287,#4288,#4289,#4290,#4291,#4292,#4293,#4294,#4295,#4296,#4297,#4298,#4299,#4300,#4301,#4302,#4303,#4304));
#4306=ORIENTED_EDGE('',*,*,#1479,.F.);
#4307=ORIENTED_EDGE('',*,*,#1872,.F.);
#4308=ORIENTED_EDGE('',*,*,#1869,.F.);
#4309=ORIENTED_EDGE('',*,*,#1864,.F.);
#4310=ORIENTED_EDGE('',*,*,#1859,.F.);
#4311=ORIENTED_EDGE('',*,*,#1854,.F.);
#4312=ORIENTED_EDGE('',*,*,#1849,.F.);
#4313=ORIENTED_EDGE('',*,*,#1844,.F.);
#4314=ORIENTED_EDGE('',*,*,#1839,.F.);
#4315=ORIENTED_EDGE('',*,*,#1834,.F.);
#4316=ORIENTED_EDGE('',*,*,#1829,.F.);
#4317=ORIENTED_EDGE('',*,*,#1824,.F.);
#4318=ORIENTED_EDGE('',*,*,#1819,.F.);
#4319=ORIENTED_EDGE('',*,*,#1814,.F.);
#4320=ORIENTED_EDGE('',*,*,#1809,.F.);
#4321=ORIENTED_EDGE('',*,*,#1804,.F.);
#4322=ORIENTED_EDGE('',*,*,#1799,.F.);
#4323=ORIENTED_EDGE('',*,*,#1794,.F.);
#4324=ORIENTED_EDGE('',*,*,#1789,.F.);
#4325=ORIENTED_EDGE('',*,*,#1784,.F.);
#4326=ORIENTED_EDGE('',*,*,#1779,.F.);
#4327=ORIENTED_EDGE('',*,*,#1774,.F.);
#4328=ORIENTED_EDGE('',*,*,#1769,.F.);
#4329=ORIENTED_EDGE('',*,*,#1764,.F.);
#4330=ORIENTED_EDGE('',*,*,#1759,.F.);
#4331=ORIENTED_EDGE('',*,*,#1754,.F.);
#4332=ORIENTED_EDGE('',*,*,#1749,.F.);
#4333=ORIENTED_EDGE('',*,*,#1744,.F.);
#4334=ORIENTED_EDGE('',*,*,#1739,.F.);
#4335=ORIENTED_EDGE('',*,*,#1734,.F.);
#4336=ORIENTED_EDGE('',*,*,#1729,.F.);
#4337=ORIENTED_EDGE('',*,*,#1724,.F.);
#4338=ORIENTED_EDGE('',*,*,#1719,.F.);
#4339=ORIENTED_EDGE('',*,*,#1714,.F.);
#4340=ORIENTED_EDGE('',*,*,#1709,.F.);
#4341=ORIENTED_EDGE('',*,*,#1704,.F.);
#4342=ORIENTED_EDGE('',*,*,#1699,.F.);
#4343=ORIENTED_EDGE('',*,*,#1694,.F.);
#4344=ORIENTED_EDGE('',*,*,#1689,.F.);
#4345=ORIENTED_EDGE('',*,*,#1684,.F.);
#4346=ORIENTED_EDGE('',*,*,#1679,.F.);
#4347=ORIENTED_EDGE('',*,*,#1674,.F.);
#4348=ORIENTED_EDGE('',*,*,#1669,.F.);
#4349=ORIENTED_EDGE('',*,*,#1664,.F.);
#4350=ORIENTED_EDGE('',*,*,#1659,.F.);
#4351=ORIENTED_EDGE('',*,*,#1654,.F.);
#4352=ORIENTED_EDGE('',*,*,#1649,.F.);
#4353=ORIENTED_EDGE('',*,*,#1644,.F.);
#4354=ORIENTED_EDGE('',*,*,#1639,.F.);
#4355=ORIENTED_EDGE('',*,*,#1634,.F.);
#4356=ORIENTED_EDGE('',*,*,#1629,.F.);
#4357=ORIENTED_EDGE('',*,*,#1624,.F.);
#4358=ORIENTED_EDGE('',*,*,#1619,.F.);
#4359=ORIENTED_EDGE('',*,*,#1614,.F.);
#4360=ORIENTED_EDGE('',*,*,#1609,.F.);
#4361=ORIENTED_EDGE('',*,*,#1604,.F.);
#4362=ORIENTED_EDGE('',*,*,#1599,.F.);
#4363=ORIENTED_EDGE('',*,*,#1594,.F.);
#4364=ORIENTED_EDGE('',*,*,#1589,.F.);
#4365=ORIENTED_EDGE('',*,*,#1584,.F.);
#4366=ORIENTED_EDGE('',*,*,#1579,.F.);
#4367=ORIENTED_EDGE('',*,*,#1574,.F.);
#4368=ORIENTED_EDGE('',*,*,#1569,.F.);
#4369=ORIENTED_EDGE('',*,*,#1564,.F.);
#4370=ORIENTED_EDGE('',*,*,#1559,.F.);
#4371=ORIENTED_EDGE('',*,*,#1554,.F.);
#4372=ORIENTED_EDGE('',*,*,#1549,.F.);
#4373=ORIENTED_EDGE('',*,*,#1544,.F.);
#4374=ORIENTED_EDGE('',*,*,#1539,.F.);
#4375=ORIENTED_EDGE('',*,*,#1534,.F.);
#4376=ORIENTED_EDGE('',*,*,#1529,.F.);
#4377=ORIENTED_EDGE('',*,*,#1524,.F.);
#4378=ORIENTED_EDGE('',*,*,#1519,.F.);
#4379=ORIENTED_EDGE('',*,*,#1514,.F.);
#4380=ORIENTED_EDGE('',*,*,#1509,.F.);
#4381=ORIENTED_EDGE('',*,*,#1504,.F.);
#4382=ORIENTED_EDGE('',*,*,#1499,.F.);
#4383=ORIENTED_EDGE('',*,*,#1494,.F.);
#4384=ORIENTED_EDGE('',*,*,#1489,.F.);
#4385=ORIENTED_EDGE('',*,*,#1484,.F.);
#4386=EDGE_LOOP('',(#4306,#4307,#4308,#4309,#4310,#4311,#4312,#4313,#4314,#4315,#4316,#4317,#4318,#4319,#4320,#4321,#4322,#4323,#4324,#4325,#4326,#4327,#4328,#4329,#4330,#4331,#4332,#4333,#4334,#4335,#4336,#4337,#4338,#4339,#4340,#4341,#4342,#4343,#4344,#4345,#4346,#4347,#4348,#4349,#4350,#4351,#4352,#4353,#4354,#4355,#4356,#4357,#4358,#4359,#4360,#4361,#4362,#4363,#4364,#4365,#4366,#4367,#4368,#4369,#4370,#4371,#4372,#4373,#4374,#4375,#4376,#4377,#4378,#4379,#4380,#4381,#4382,#4383,#4384,#4385));
#4387=FACE_BOUND('',#4305,.T.);
#4388=FACE_BOUND('',#4386,.T.);
#4389=ADVANCED_FACE('',(#4387,#4388),#4224,.F.);
#4390=CARTESIAN_POINT('',(-0.710739087062,-2.187429987479,0.000000000000));
#4391=AXIS2_PLACEMENT_3D('',#4390,#47,#32);
#4392=PLANE('',#4391);
#4393=ORIENTED_EDGE('',*,*,#84,.F.);
#4394=ORIENTED_EDGE('',*,*,#2320,.F.);
#4395=ORIENTED_EDGE('',*,*,#106,.F.);
#4396=ORIENTED_EDGE('',*,*,#1060,.F.);
#4397=EDGE_LOOP('',(#4393,#4394,#4395,#4396));
#4398=FACE_OUTER_BOUND('',#4397,.T.);
#4399=ADVANCED_FACE('',(#4398),#4392,.T.);
#4400=CARTESIAN_POINT('',(1.351906080273,1.860739087062,0.000000000000));
#4401=AXIS2_PLACEMENT_3D('',#4400,#1024,#772);
#4402=PLANE('',#4401);
#4403=ORIENTED_EDGE('',*,*,#1434,.F.);
#4404=ORIENTED_EDGE('',*,*,#3755,.F.);
#4405=ORIENTED_EDGE('',*,*,#1915,.F.);
#4406=ORIENTED_EDGE('',*,*,#3773,.F.);
#4407=EDGE_LOOP('',(#4403,#4404,#4405,#4406));
#4408=FACE_OUTER_BOUND('',#4407,.T.);
#4409=ADVANCED_FACE('',(#4408),#4402,.T.);
#4410=CARTESIAN_POINT('',(-0.710739087062,2.187429987479,0.000000000000));
#4411=AXIS2_PLACEMENT_3D('',#4410,#640,#924);
#4412=PLANE('',#4411);
#4413=ORIENTED_EDGE('',*,*,#651,.F.);
#4414=ORIENTED_EDGE('',*,*,#4050,.F.);
#4415=ORIENTED_EDGE('',*,*,#2652,.F.);
#4416=ORIENTED_EDGE('',*,*,#4068,.F.);
#4417=EDGE_LOOP('',(#4413,#4414,#4415,#4416));
#4418=FACE_OUTER_BOUND('',#4417,.T.);
#4419=ADVANCED_FACE('',(#4418),#4412,.T.);
#4420=CARTESIAN_POINT('',(0.359799269593,-2.271683183369,0.000000000000));
#4421=AXIS2_PLACEMENT_3D('',#4420,#627,#619);
#4422=PLANE('',#4421);
#4423=ORIENTED_EDGE('',*,*,#1119,.F.);
#4424=ORIENTED_EDGE('',*,*,#3577,.F.);
#4425=ORIENTED_EDGE('',*,*,#2260,.F.);
#4426=ORIENTED_EDGE('',*,*,#3595,.F.);
#4427=EDGE_LOOP('',(#4423,#4424,#4425,#4426));
#4428=FACE_OUTER_BOUND('',#4427,.T.);
#4429=ADVANCED_FACE('',(#4428),#4422,.T.);
#4430=CARTESIAN_POINT('',(1.860739087062,-1.351906080273,0.000000000000));
#4431=AXIS2_PLACEMENT_3D('',#4430,#772,#764);
#4432=PLANE('',#4431);
#4433=ORIENTED_EDGE('',*,*,#1224,.F.);
#4434=ORIENTED_EDGE('',*,*,#4192,.F.);
#4435=ORIENTED_EDGE('',*,*,#2145,.F.);
#4436=ORIENTED_EDGE('',*,*,#4215,.F.);
#4437=EDGE_LOOP('',(#4433,#4434,#4435,#4436));
#4438=FACE_OUTER_BOUND('',#4437,.T.);
#4439=ADVANCED_FACE('',(#4438),#4432,.T.);
#4440=CARTESIAN_POINT('',(-2.187429987479,-0.710739087062,0.000000000000));
#4441=AXIS2_PLACEMENT_3D('',#4440,#648,#640);
#4442=PLANE('',#4441);
#4443=ORIENTED_EDGE('',*,*,#919,.F.);
#4444=ORIENTED_EDGE('',*,*,#3047,.F.);
#4445=ORIENTED_EDGE('',*,*,#2442,.F.);
#4446=ORIENTED_EDGE('',*,*,#3068,.F.);
#4447=EDGE_LOOP('',(#4443,#4444,#4445,#4446));
#4448=FACE_OUTER_BOUND('',#4447,.T.);
#4449=ADVANCED_FACE('',(#4448),#4442,.T.);
#4450=CARTESIAN_POINT('',(2.049315005633,-1.044178149401,0.000000000000));
#4451=AXIS2_PLACEMENT_3D('',#4450,#801,#793);
#4452=PLANE('',#4451);
#4453=ORIENTED_EDGE('',*,*,#1245,.F.);
#4454=CARTESIAN_POINT('',(2.012995765654,-1.115458671336,0.000000000000));
#4455=LINE('',#4454,#27);
#4456=EDGE_CURVE('',#1237,#2119,#4455,.T.);
#4457=ORIENTED_EDGE('',*,*,#4456,.T.);
#4458=ORIENTED_EDGE('',*,*,#2122,.F.);
#4459=CARTESIAN_POINT('',(2.085634245612,-0.972897627466,0.000000000000));
#4460=LINE('',#4459,#12);
#4461=EDGE_CURVE('',#2113,#1242,#4460,.T.);
#4462=ORIENTED_EDGE('',*,*,#4461,.T.);
#4463=EDGE_LOOP('',(#4453,#4457,#4458,#4462));
#4464=FACE_OUTER_BOUND('',#4463,.T.);
#4465=ADVANCED_FACE('',(#4464),#4452,.T.);
#4466=CARTESIAN_POINT('',(0.036319239979,0.071280521935,0.000000000000));
#4467=AXIS2_PLACEMENT_3D('',#4466,#1049,#801);
#4468=PLANE('',#4467);
#4469=ORIENTED_EDGE('',*,*,#1250,.F.);
#4470=ORIENTED_EDGE('',*,*,#4461,.F.);
#4471=ORIENTED_EDGE('',*,*,#2116,.F.);
#4472=ORIENTED_EDGE('',*,*,#3398,.T.);
#4473=EDGE_LOOP('',(#4469,#4470,#4471,#4472));
#4474=ORIENTED_EDGE('',*,*,#788,.F.);
#4475=ORIENTED_EDGE('',*,*,#3091,.F.);
#4476=ORIENTED_EDGE('',*,*,#2552,.F.);
#4477=CARTESIAN_POINT('',(-2.012995765654,1.115458671336,0.000000000000));
#4478=LINE('',#4477,#12);
#4479=EDGE_CURVE('',#2544,#783,#4478,.T.);
#4480=ORIENTED_EDGE('',*,*,#4479,.T.);
#4481=EDGE_LOOP('',(#4474,#4475,#4476,#4480));
#4482=FACE_OUTER_BOUND('',#4473,.T.);
#4483=ADVANCED_FACE('',(#4482),#4468,.T.);
#4484=FACE_OUTER_BOUND('',#4481,.T.);
#4485=ADVANCED_FACE('',(#4484),#4468,.T.);
#4486=CARTESIAN_POINT('',(-0.036319239979,-0.071280521935,0.000000000000));
#4487=AXIS2_PLACEMENT_3D('',#4486,#793,#785);
#4488=PLANE('',#4487);
#4489=ORIENTED_EDGE('',*,*,#804,.F.);
#4490=CARTESIAN_POINT('',(-2.085634245612,0.972897627466,0.000000000000));
#4491=LINE('',#4490,#27);
#4492=EDGE_CURVE('',#791,#2539,#4491,.T.);
#4493=ORIENTED_EDGE('',*,*,#4492,.T.);
#4494=ORIENTED_EDGE('',*,*,#2541,.F.);
#4495=ORIENTED_EDGE('',*,*,#3105,.T.);
#4496=EDGE_LOOP('',(#4489,#4493,#4494,#4495));
#4497=ORIENTED_EDGE('',*,*,#1239,.F.);
#4498=ORIENTED_EDGE('',*,*,#3191,.F.);
#4499=ORIENTED_EDGE('',*,*,#2128,.F.);
#4500=ORIENTED_EDGE('',*,*,#4456,.F.);
#4501=EDGE_LOOP('',(#4497,#4498,#4499,#4500));
#4502=FACE_OUTER_BOUND('',#4496,.T.);
#4503=ADVANCED_FACE('',(#4502),#4488,.T.);
#4504=FACE_OUTER_BOUND('',#4501,.T.);
#4505=ADVANCED_FACE('',(#4504),#4488,.T.);
#4506=CARTESIAN_POINT('',(-1.626345596729,1.626345596729,0.000000000000));
#4507=AXIS2_PLACEMENT_3D('',#4506,#727,#999);
#4508=PLANE('',#4507);
#4509=ORIENTED_EDGE('',*,*,#738,.F.);
#4510=CARTESIAN_POINT('',(-1.569777054234,1.682914139224,0.000000000000));
#4511=LINE('',#4510,#27);
#4512=EDGE_CURVE('',#725,#2586,#4511,.T.);
#4513=ORIENTED_EDGE('',*,*,#4512,.T.);
#4514=ORIENTED_EDGE('',*,*,#2589,.F.);
#4515=CARTESIAN_POINT('',(-1.682914139224,1.569777054234,0.000000000000));
#4516=LINE('',#4515,#12);
#4517=EDGE_CURVE('',#2581,#733,#4516,.T.);
#4518=ORIENTED_EDGE('',*,*,#4517,.T.);
#4519=EDGE_LOOP('',(#4509,#4513,#4514,#4518));
#4520=FACE_OUTER_BOUND('',#4519,.T.);
#4521=ADVANCED_FACE('',(#4520),#4508,.T.);
#4522=CARTESIAN_POINT('',(-0.056568542495,-0.056568542495,0.000000000000));
#4523=AXIS2_PLACEMENT_3D('',#4522,#735,#727);
#4524=PLANE('',#4523);
#4525=ORIENTED_EDGE('',*,*,#746,.F.);
#4526=ORIENTED_EDGE('',*,*,#4517,.F.);
#4527=ORIENTED_EDGE('',*,*,#2583,.F.);
#4528=ORIENTED_EDGE('',*,*,#3232,.T.);
#4529=EDGE_LOOP('',(#4525,#4526,#4527,#4528));
#4530=ORIENTED_EDGE('',*,*,#1197,.F.);
#4531=ORIENTED_EDGE('',*,*,#3245,.F.);
#4532=ORIENTED_EDGE('',*,*,#2174,.F.);
#4533=CARTESIAN_POINT('',(1.569777054234,-1.682914139224,0.000000000000));
#4534=LINE('',#4533,#12);
#4535=EDGE_CURVE('',#2165,#1195,#4534,.T.);
#4536=ORIENTED_EDGE('',*,*,#4535,.T.);
#4537=EDGE_LOOP('',(#4530,#4531,#4532,#4536));
#4538=FACE_OUTER_BOUND('',#4529,.T.);
#4539=ADVANCED_FACE('',(#4538),#4524,.T.);
#4540=FACE_OUTER_BOUND('',#4537,.T.);
#4541=ADVANCED_FACE('',(#4540),#4524,.T.);
#4542=CARTESIAN_POINT('',(0.056568542495,0.056568542495,0.000000000000));
#4543=AXIS2_PLACEMENT_3D('',#4542,#999,#743);
#4544=PLANE('',#4543);
#4545=ORIENTED_EDGE('',*,*,#730,.F.);
#4546=ORIENTED_EDGE('',*,*,#3448,.F.);
#4547=ORIENTED_EDGE('',*,*,#2594,.F.);
#4548=ORIENTED_EDGE('',*,*,#4512,.F.);
#4549=EDGE_LOOP('',(#4545,#4546,#4547,#4548));
#4550=ORIENTED_EDGE('',*,*,#1208,.F.);
#4551=CARTESIAN_POINT('',(1.682914139224,-1.569777054234,0.000000000000));
#4552=LINE('',#4551,#27);
#4553=EDGE_CURVE('',#1200,#2159,#4552,.T.);
#4554=ORIENTED_EDGE('',*,*,#4553,.T.);
#4555=ORIENTED_EDGE('',*,*,#2162,.F.);
#4556=ORIENTED_EDGE('',*,*,#3259,.T.);
#4557=EDGE_LOOP('',(#4550,#4554,#4555,#4556));
#4558=FACE_OUTER_BOUND('',#4549,.T.);
#4559=ADVANCED_FACE('',(#4558),#4544,.T.);
#4560=FACE_OUTER_BOUND('',#4557,.T.);
#4561=ADVANCED_FACE('',(#4560),#4544,.T.);
#4562=CARTESIAN_POINT('',(-2.187429987479,0.710739087062,0.000000000000));
#4563=AXIS2_PLACEMENT_3D('',#4562,#32,#2);
#4564=PLANE('',#4563);
#4565=ORIENTED_EDGE('',*,*,#821,.F.);
#4566=ORIENTED_EDGE('',*,*,#3806,.F.);
#4567=ORIENTED_EDGE('',*,*,#2526,.F.);
#4568=ORIENTED_EDGE('',*,*,#3829,.F.);
#4569=EDGE_LOOP('',(#4565,#4566,#4567,#4568));
#4570=FACE_OUTER_BOUND('',#4569,.T.);
#4571=ADVANCED_FACE('',(#4570),#4564,.T.);
#4572=CARTESIAN_POINT('',(1.626345596729,-1.626345596729,0.000000000000));
#4573=AXIS2_PLACEMENT_3D('',#4572,#743,#735);
#4574=PLANE('',#4573);
#4575=ORIENTED_EDGE('',*,*,#1203,.F.);
#4576=ORIENTED_EDGE('',*,*,#4535,.F.);
#4577=ORIENTED_EDGE('',*,*,#2168,.F.);
#4578=ORIENTED_EDGE('',*,*,#4553,.F.);
#4579=EDGE_LOOP('',(#4575,#4576,#4577,#4578));
#4580=FACE_OUTER_BOUND('',#4579,.T.);
#4581=ADVANCED_FACE('',(#4580),#4574,.T.);
#4582=CARTESIAN_POINT('',(2.049315005633,1.044178149401,0.000000000000));
#4583=AXIS2_PLACEMENT_3D('',#4582,#949,#685);
#4584=PLANE('',#4583);
#4585=ORIENTED_EDGE('',*,*,#1371,.F.);
#4586=ORIENTED_EDGE('',*,*,#3938,.F.);
#4587=ORIENTED_EDGE('',*,*,#1984,.F.);
#4588=ORIENTED_EDGE('',*,*,#3961,.F.);
#4589=EDGE_LOOP('',(#4585,#4586,#4587,#4588));
#4590=FACE_OUTER_BOUND('',#4589,.T.);
#4591=ADVANCED_FACE('',(#4590),#4584,.T.);
#4592=CARTESIAN_POINT('',(2.271683183369,0.359799269593,0.000000000000));
#4593=AXIS2_PLACEMENT_3D('',#4592,#899,#627);
#4594=PLANE('',#4593);
#4595=ORIENTED_EDGE('',*,*,#1329,.F.);
#4596=ORIENTED_EDGE('',*,*,#4131,.F.);
#4597=ORIENTED_EDGE('',*,*,#2030,.F.);
#4598=ORIENTED_EDGE('',*,*,#4149,.F.);
#4599=EDGE_LOOP('',(#4595,#4596,#4597,#4598));
#4600=FACE_OUTER_BOUND('',#4599,.T.);
#4601=ADVANCED_FACE('',(#4600),#4594,.T.);
#4602=CARTESIAN_POINT('',(0.359799269593,2.271683183369,0.000000000000));
#4603=AXIS2_PLACEMENT_3D('',#4602,#554,#849);
#4604=PLANE('',#4603);
#4605=ORIENTED_EDGE('',*,*,#565,.F.);
#4606=ORIENTED_EDGE('',*,*,#3872,.F.);
#4607=ORIENTED_EDGE('',*,*,#2715,.F.);
#4608=ORIENTED_EDGE('',*,*,#3890,.F.);
#4609=EDGE_LOOP('',(#4605,#4606,#4607,#4608));
#4610=FACE_OUTER_BOUND('',#4609,.T.);
#4611=ADVANCED_FACE('',(#4610),#4604,.T.);
#4612=CARTESIAN_POINT('',(-1.626345596729,-1.626345596729,0.000000000000));
#4613=AXIS2_PLACEMENT_3D('',#4612,#735,#727);
#4614=PLANE('',#4613);
#4615=ORIENTED_EDGE('',*,*,#994,.F.);
#4616=ORIENTED_EDGE('',*,*,#3628,.F.);
#4617=ORIENTED_EDGE('',*,*,#2379,.F.);
#4618=ORIENTED_EDGE('',*,*,#3646,.F.);
#4619=EDGE_LOOP('',(#4615,#4616,#4617,#4618));
#4620=FACE_OUTER_BOUND('',#4619,.T.);
#4621=ADVANCED_FACE('',(#4620),#4614,.T.);
#4622=CARTESIAN_POINT('',(-2.049315005633,1.044178149401,0.000000000000));
#4623=AXIS2_PLACEMENT_3D('',#4622,#785,#1049);
#4624=PLANE('',#4623);
#4625=ORIENTED_EDGE('',*,*,#796,.F.);
#4626=ORIENTED_EDGE('',*,*,#4479,.F.);
#4627=ORIENTED_EDGE('',*,*,#2547,.F.);
#4628=ORIENTED_EDGE('',*,*,#4492,.F.);
#4629=EDGE_LOOP('',(#4625,#4626,#4627,#4628));
#4630=FACE_OUTER_BOUND('',#4629,.T.);
#4631=ADVANCED_FACE('',(#4630),#4624,.T.);
#4632=CLOSED_SHELL('',(#39,#88,#90,#136,#138,#1469,#2729,#2745,#2769,#2771,#2795,#2797,#2813,#2837,#2839,#2863,#2865,#2881,#2905,#2907,#2931,#2933,#2943,#2959,#2983,#2985,#3009,#3011,#3027,#3051,#3053,#3077,#3079,#3491,#3507,#3525,#3527,#3545,#3547,#3563,#3581,#3583,#3601,#3603,#3619,#3637,#3639,#3657,#3659,#3669,#3685,#3703,#3705,#3723,#3725,#3741,#3759,#3761,#3779,#3781,#3797,#3815,#3817,#3835,#3837,#3847,#3863,#3881,#3883,#3901,#3903,#3913,#3929,#3947,#3949,#3967,#3969,#3985,#4003,#4005,#4023,#4025,#4041,#4059,#4061,#4079,#4081,#4091,#4101,#4117,#4135,#4137,#4155,#4157,#4167,#4183,#4201,#4203,#4221,#4223,#4389,#4399,#4409,#4419,#4429,#4439,#4449,#4465,#4483,#4485,#4503,#4505,#4521,#4539,#4541,#4559,#4561,#4571,#4581,#4591,#4601,#4611,#4621,#4631));
#4633=MANIFOLD_SOLID_BREP('dial_side',#4632);
#4634=APPLICATION_CONTEXT('core data for automotive mechanical design processes');
#4635=APPLICATION_PROTOCOL_DEFINITION('international standard','automotive_design',2000,#4634);
#4636=PRODUCT_CONTEXT('',#4634,'mechanical');
#4637=PRODUCT('dial_side','dial_side','',(#4636));
#4638=PRODUCT_DEFINITION_FORMATION('','',#4637);
#4639=PRODUCT_DEFINITION_CONTEXT('part definition',#4634,'design');
#4640=PRODUCT_DEFINITION('','',#4638,#4639);
#4641=PRODUCT_DEFINITION_SHAPE('','',#4640);
#4642=(LENGTH_UNIT()NAMED_UNIT(*)SI_UNIT(.MILLI.,.METRE.));
#4643=(NAMED_UNIT(*)PLANE_ANGLE_UNIT()SI_UNIT($,.RADIAN.));
#4644=(NAMED_UNIT(*)SI_UNIT($,.STERADIAN.)SOLID_ANGLE_UNIT());
#4645=UNCERTAINTY_MEASURE_WITH_UNIT(LENGTH_MEASURE(1.E-07),#4642,'distance_accuracy_value','');
#4646=(GEOMETRIC_REPRESENTATION_CONTEXT(3)GLOBAL_UNCERTAINTY_ASSIGNED_CONTEXT((#4645))GLOBAL_UNIT_ASSIGNED_CONTEXT((#4642,#4643,#4644))REPRESENTATION_CONTEXT('',''));
#4647=ADVANCED_BREP_SHAPE_REPRESENTATION('',(#4633),#4646);
#4648=SHAPE_DEFINITION_REPRESENTATION(#4641,#4647);
ENDSEC;
END-ISO-10303-21;
