ISO-10303-21;
HEADER;
FILE_DESCRIPTION(('26 face(s), 360 edge(s), 336 vertex/vertices confirmed by cade at n=128, half-extent 1.000000000000'),'2;1');
FILE_NAME('hand_setting.step','2026-08-23T00:00:00',('cade'),('cade'),'cade 0.1.0','cade','');
FILE_SCHEMA(('AUTOMOTIVE_DESIGN { 1 0 10303 214 1 1 1 1 }'));
ENDSEC;
DATA;
#1=CARTESIAN_POINT('',(0.000000000000,0.000000000000,0.000000000000));
#2=DIRECTION('',(0.000000000000,0.000000000000,1.000000000000));
#3=DIRECTION('',(0.000000000000,1.000000000000,0.000000000000));
#4=AXIS2_PLACEMENT_3D('',#1,#2,#3);
#5=CYLINDRICAL_SURFACE('',#4,0.460000000000);
#6=CARTESIAN_POINT('',(-0.083505319094,0.452357006891,0.350000000000));
#7=VERTEX_POINT('',#6);
#8=CARTESIAN_POINT('',(-0.128064319925,0.441813908747,0.350000000000));
#9=VERTEX_POINT('',#8);
#10=CARTESIAN_POINT('',(0.000000000000,0.000000000000,0.350000000000));
#11=AXIS2_PLACEMENT_3D('',#10,#2,#3);
#12=CIRCLE('',#11,0.460000000000);
#13=EDGE_CURVE('',#7,#9,#12,.T.);
#14=ORIENTED_EDGE('',*,*,#13,.F.);
#15=CARTESIAN_POINT('',(0.083505319094,0.452357006891,0.350000000000));
#16=VERTEX_POINT('',#15);
#17=CIRCLE('',#11,0.460000000000);
#18=EDGE_CURVE('',#16,#7,#17,.T.);
#19=ORIENTED_EDGE('',*,*,#18,.F.);
#20=CARTESIAN_POINT('',(0.128064319925,0.441813908747,0.350000000000));
#21=VERTEX_POINT('',#20);
#22=CIRCLE('',#11,0.460000000000);
#23=EDGE_CURVE('',#21,#16,#22,.T.);
#24=ORIENTED_EDGE('',*,*,#23,.F.);
#25=CARTESIAN_POINT('',(0.318589908758,0.331813908747,0.350000000000));
#26=VERTEX_POINT('',#25);
#27=CIRCLE('',#11,0.460000000000);
#28=EDGE_CURVE('',#26,#21,#27,.T.);
#29=ORIENTED_EDGE('',*,*,#28,.F.);
#30=CARTESIAN_POINT('',(0.350000000000,0.298496231132,0.350000000000));
#31=VERTEX_POINT('',#30);
#32=CIRCLE('',#11,0.460000000000);
#33=EDGE_CURVE('',#31,#26,#32,.T.);
#34=ORIENTED_EDGE('',*,*,#33,.F.);
#35=CARTESIAN_POINT('',(0.433505319094,0.153860775759,0.350000000000));
#36=VERTEX_POINT('',#35);
#37=CIRCLE('',#11,0.460000000000);
#38=EDGE_CURVE('',#36,#31,#37,.T.);
#39=ORIENTED_EDGE('',*,*,#38,.F.);
#40=CARTESIAN_POINT('',(0.446654228683,0.110000000000,0.350000000000));
#41=VERTEX_POINT('',#40);
#42=CIRCLE('',#11,0.460000000000);
#43=EDGE_CURVE('',#41,#36,#42,.T.);
#44=ORIENTED_EDGE('',*,*,#43,.F.);
#45=CARTESIAN_POINT('',(0.446654228683,-0.110000000000,0.350000000000));
#46=VERTEX_POINT('',#45);
#47=CIRCLE('',#11,0.460000000000);
#48=EDGE_CURVE('',#46,#41,#47,.T.);
#49=ORIENTED_EDGE('',*,*,#48,.F.);
#50=CARTESIAN_POINT('',(0.433505319094,-0.153860775759,0.350000000000));
#51=VERTEX_POINT('',#50);
#52=CIRCLE('',#11,0.460000000000);
#53=EDGE_CURVE('',#51,#46,#52,.T.);
#54=ORIENTED_EDGE('',*,*,#53,.F.);
#55=CARTESIAN_POINT('',(0.350000000000,-0.298496231132,0.350000000000));
#56=VERTEX_POINT('',#55);
#57=CIRCLE('',#11,0.460000000000);
#58=EDGE_CURVE('',#56,#51,#57,.T.);
#59=ORIENTED_EDGE('',*,*,#58,.F.);
#60=CARTESIAN_POINT('',(0.318589908758,-0.331813908747,0.350000000000));
#61=VERTEX_POINT('',#60);
#62=CIRCLE('',#11,0.460000000000);
#63=EDGE_CURVE('',#61,#56,#62,.T.);
#64=ORIENTED_EDGE('',*,*,#63,.F.);
#65=CARTESIAN_POINT('',(0.128064319925,-0.441813908747,0.350000000000));
#66=VERTEX_POINT('',#65);
#67=CIRCLE('',#11,0.460000000000);
#68=EDGE_CURVE('',#66,#61,#67,.T.);
#69=ORIENTED_EDGE('',*,*,#68,.F.);
#70=CARTESIAN_POINT('',(0.083505319094,-0.452357006891,0.350000000000));
#71=VERTEX_POINT('',#70);
#72=CIRCLE('',#11,0.460000000000);
#73=EDGE_CURVE('',#71,#66,#72,.T.);
#74=ORIENTED_EDGE('',*,*,#73,.F.);
#75=CARTESIAN_POINT('',(-0.083505319094,-0.452357006891,0.350000000000));
#76=VERTEX_POINT('',#75);
#77=CIRCLE('',#11,0.460000000000);
#78=EDGE_CURVE('',#76,#71,#77,.T.);
#79=ORIENTED_EDGE('',*,*,#78,.F.);
#80=CARTESIAN_POINT('',(-0.128064319925,-0.441813908747,0.350000000000));
#81=VERTEX_POINT('',#80);
#82=CIRCLE('',#11,0.460000000000);
#83=EDGE_CURVE('',#81,#76,#82,.T.);
#84=ORIENTED_EDGE('',*,*,#83,.F.);
#85=CARTESIAN_POINT('',(-0.318589908758,-0.331813908747,0.350000000000));
#86=VERTEX_POINT('',#85);
#87=CIRCLE('',#11,0.460000000000);
#88=EDGE_CURVE('',#86,#81,#87,.T.);
#89=ORIENTED_EDGE('',*,*,#88,.F.);
#90=CARTESIAN_POINT('',(-0.350000000000,-0.298496231132,0.350000000000));
#91=VERTEX_POINT('',#90);
#92=CIRCLE('',#11,0.460000000000);
#93=EDGE_CURVE('',#91,#86,#92,.T.);
#94=ORIENTED_EDGE('',*,*,#93,.F.);
#95=CARTESIAN_POINT('',(-0.433505319094,-0.153860775759,0.350000000000));
#96=VERTEX_POINT('',#95);
#97=CIRCLE('',#11,0.460000000000);
#98=EDGE_CURVE('',#96,#91,#97,.T.);
#99=ORIENTED_EDGE('',*,*,#98,.F.);
#100=CARTESIAN_POINT('',(-0.446654228683,-0.110000000000,0.350000000000));
#101=VERTEX_POINT('',#100);
#102=CIRCLE('',#11,0.460000000000);
#103=EDGE_CURVE('',#101,#96,#102,.T.);
#104=ORIENTED_EDGE('',*,*,#103,.F.);
#105=CARTESIAN_POINT('',(-0.446654228683,0.110000000000,0.350000000000));
#106=VERTEX_POINT('',#105);
#107=CIRCLE('',#11,0.460000000000);
#108=EDGE_CURVE('',#106,#101,#107,.T.);
#109=ORIENTED_EDGE('',*,*,#108,.F.);
#110=CARTESIAN_POINT('',(-0.433505319094,0.153860775759,0.350000000000));
#111=VERTEX_POINT('',#110);
#112=CIRCLE('',#11,0.460000000000);
#113=EDGE_CURVE('',#111,#106,#112,.T.);
#114=ORIENTED_EDGE('',*,*,#113,.F.);
#115=CARTESIAN_POINT('',(-0.350000000000,0.298496231132,0.350000000000));
#116=VERTEX_POINT('',#115);
#117=CIRCLE('',#11,0.460000000000);
#118=EDGE_CURVE('',#116,#111,#117,.T.);
#119=ORIENTED_EDGE('',*,*,#118,.F.);
#120=CARTESIAN_POINT('',(-0.318589908758,0.331813908747,0.350000000000));
#121=VERTEX_POINT('',#120);
#122=CIRCLE('',#11,0.460000000000);
#123=EDGE_CURVE('',#121,#116,#122,.T.);
#124=ORIENTED_EDGE('',*,*,#123,.F.);
#125=CIRCLE('',#11,0.460000000000);
#126=EDGE_CURVE('',#9,#121,#125,.T.);
#127=ORIENTED_EDGE('',*,*,#126,.F.);
#128=EDGE_LOOP('',(#14,#19,#24,#29,#34,#39,#44,#49,#54,#59,#64,#69,#74,#79,#84,#89,#94,#99,#104,#109,#114,#119,#124,#127));
#129=CARTESIAN_POINT('',(-0.083505319094,0.452357006891,-0.350000000000));
#130=VERTEX_POINT('',#129);
#131=CARTESIAN_POINT('',(-0.128064319925,0.441813908747,-0.350000000000));
#132=VERTEX_POINT('',#131);
#133=CARTESIAN_POINT('',(0.000000000000,0.000000000000,-0.350000000000));
#134=AXIS2_PLACEMENT_3D('',#133,#2,#3);
#135=CIRCLE('',#134,0.460000000000);
#136=EDGE_CURVE('',#130,#132,#135,.T.);
#137=ORIENTED_EDGE('',*,*,#136,.T.);
#138=CARTESIAN_POINT('',(-0.318589908758,0.331813908747,-0.350000000000));
#139=VERTEX_POINT('',#138);
#140=CIRCLE('',#134,0.460000000000);
#141=EDGE_CURVE('',#132,#139,#140,.T.);
#142=ORIENTED_EDGE('',*,*,#141,.T.);
#143=CARTESIAN_POINT('',(-0.350000000000,0.298496231132,-0.350000000000));
#144=VERTEX_POINT('',#143);
#145=CIRCLE('',#134,0.460000000000);
#146=EDGE_CURVE('',#139,#144,#145,.T.);
#147=ORIENTED_EDGE('',*,*,#146,.T.);
#148=CARTESIAN_POINT('',(-0.433505319094,0.153860775759,-0.350000000000));
#149=VERTEX_POINT('',#148);
#150=CIRCLE('',#134,0.460000000000);
#151=EDGE_CURVE('',#144,#149,#150,.T.);
#152=ORIENTED_EDGE('',*,*,#151,.T.);
#153=CARTESIAN_POINT('',(-0.446654228683,0.110000000000,-0.350000000000));
#154=VERTEX_POINT('',#153);
#155=CIRCLE('',#134,0.460000000000);
#156=EDGE_CURVE('',#149,#154,#155,.T.);
#157=ORIENTED_EDGE('',*,*,#156,.T.);
#158=CARTESIAN_POINT('',(-0.446654228683,-0.110000000000,-0.350000000000));
#159=VERTEX_POINT('',#158);
#160=CIRCLE('',#134,0.460000000000);
#161=EDGE_CURVE('',#154,#159,#160,.T.);
#162=ORIENTED_EDGE('',*,*,#161,.T.);
#163=CARTESIAN_POINT('',(-0.433505319094,-0.153860775759,-0.350000000000));
#164=VERTEX_POINT('',#163);
#165=CIRCLE('',#134,0.460000000000);
#166=EDGE_CURVE('',#159,#164,#165,.T.);
#167=ORIENTED_EDGE('',*,*,#166,.T.);
#168=CARTESIAN_POINT('',(-0.350000000000,-0.298496231132,-0.350000000000));
#169=VERTEX_POINT('',#168);
#170=CIRCLE('',#134,0.460000000000);
#171=EDGE_CURVE('',#164,#169,#170,.T.);
#172=ORIENTED_EDGE('',*,*,#171,.T.);
#173=CARTESIAN_POINT('',(-0.318589908758,-0.331813908747,-0.350000000000));
#174=VERTEX_POINT('',#173);
#175=CIRCLE('',#134,0.460000000000);
#176=EDGE_CURVE('',#169,#174,#175,.T.);
#177=ORIENTED_EDGE('',*,*,#176,.T.);
#178=CARTESIAN_POINT('',(-0.128064319925,-0.441813908747,-0.350000000000));
#179=VERTEX_POINT('',#178);
#180=CIRCLE('',#134,0.460000000000);
#181=EDGE_CURVE('',#174,#179,#180,.T.);
#182=ORIENTED_EDGE('',*,*,#181,.T.);
#183=CARTESIAN_POINT('',(-0.083505319094,-0.452357006891,-0.350000000000));
#184=VERTEX_POINT('',#183);
#185=CIRCLE('',#134,0.460000000000);
#186=EDGE_CURVE('',#179,#184,#185,.T.);
#187=ORIENTED_EDGE('',*,*,#186,.T.);
#188=CARTESIAN_POINT('',(0.083505319094,-0.452357006891,-0.350000000000));
#189=VERTEX_POINT('',#188);
#190=CIRCLE('',#134,0.460000000000);
#191=EDGE_CURVE('',#184,#189,#190,.T.);
#192=ORIENTED_EDGE('',*,*,#191,.T.);
#193=CARTESIAN_POINT('',(0.128064319925,-0.441813908747,-0.350000000000));
#194=VERTEX_POINT('',#193);
#195=CIRCLE('',#134,0.460000000000);
#196=EDGE_CURVE('',#189,#194,#195,.T.);
#197=ORIENTED_EDGE('',*,*,#196,.T.);
#198=CARTESIAN_POINT('',(0.318589908758,-0.331813908747,-0.350000000000));
#199=VERTEX_POINT('',#198);
#200=CIRCLE('',#134,0.460000000000);
#201=EDGE_CURVE('',#194,#199,#200,.T.);
#202=ORIENTED_EDGE('',*,*,#201,.T.);
#203=CARTESIAN_POINT('',(0.350000000000,-0.298496231132,-0.350000000000));
#204=VERTEX_POINT('',#203);
#205=CIRCLE('',#134,0.460000000000);
#206=EDGE_CURVE('',#199,#204,#205,.T.);
#207=ORIENTED_EDGE('',*,*,#206,.T.);
#208=CARTESIAN_POINT('',(0.433505319094,-0.153860775759,-0.350000000000));
#209=VERTEX_POINT('',#208);
#210=CIRCLE('',#134,0.460000000000);
#211=EDGE_CURVE('',#204,#209,#210,.T.);
#212=ORIENTED_EDGE('',*,*,#211,.T.);
#213=CARTESIAN_POINT('',(0.446654228683,-0.110000000000,-0.350000000000));
#214=VERTEX_POINT('',#213);
#215=CIRCLE('',#134,0.460000000000);
#216=EDGE_CURVE('',#209,#214,#215,.T.);
#217=ORIENTED_EDGE('',*,*,#216,.T.);
#218=CARTESIAN_POINT('',(0.446654228683,0.110000000000,-0.350000000000));
#219=VERTEX_POINT('',#218);
#220=CIRCLE('',#134,0.460000000000);
#221=EDGE_CURVE('',#214,#219,#220,.T.);
#222=ORIENTED_EDGE('',*,*,#221,.T.);
#223=CARTESIAN_POINT('',(0.433505319094,0.153860775759,-0.350000000000));
#224=VERTEX_POINT('',#223);
#225=CIRCLE('',#134,0.460000000000);
#226=EDGE_CURVE('',#219,#224,#225,.T.);
#227=ORIENTED_EDGE('',*,*,#226,.T.);
#228=CARTESIAN_POINT('',(0.350000000000,0.298496231132,-0.350000000000));
#229=VERTEX_POINT('',#228);
#230=CIRCLE('',#134,0.460000000000);
#231=EDGE_CURVE('',#224,#229,#230,.T.);
#232=ORIENTED_EDGE('',*,*,#231,.T.);
#233=CARTESIAN_POINT('',(0.318589908758,0.331813908747,-0.350000000000));
#234=VERTEX_POINT('',#233);
#235=CIRCLE('',#134,0.460000000000);
#236=EDGE_CURVE('',#229,#234,#235,.T.);
#237=ORIENTED_EDGE('',*,*,#236,.T.);
#238=CARTESIAN_POINT('',(0.128064319925,0.441813908747,-0.350000000000));
#239=VERTEX_POINT('',#238);
#240=CIRCLE('',#134,0.460000000000);
#241=EDGE_CURVE('',#234,#239,#240,.T.);
#242=ORIENTED_EDGE('',*,*,#241,.T.);
#243=CARTESIAN_POINT('',(0.083505319094,0.452357006891,-0.350000000000));
#244=VERTEX_POINT('',#243);
#245=CIRCLE('',#134,0.460000000000);
#246=EDGE_CURVE('',#239,#244,#245,.T.);
#247=ORIENTED_EDGE('',*,*,#246,.T.);
#248=CIRCLE('',#134,0.460000000000);
#249=EDGE_CURVE('',#244,#130,#248,.T.);
#250=ORIENTED_EDGE('',*,*,#249,.T.);
#251=EDGE_LOOP('',(#137,#142,#147,#152,#157,#162,#167,#172,#177,#182,#187,#192,#197,#202,#207,#212,#217,#222,#227,#232,#237,#242,#247,#250));
#252=FACE_BOUND('',#128,.T.);
#253=FACE_BOUND('',#251,.T.);
#254=ADVANCED_FACE('',(#252,#253),#5,.T.);
#255=CARTESIAN_POINT('',(0.000000000000,0.000000000000,0.500000000000));
#256=AXIS2_PLACEMENT_3D('',#255,#2,#3);
#257=CYLINDRICAL_SURFACE('',#256,0.310000000000);
#258=CARTESIAN_POINT('',(-0.049650973046,0.305998007960,-0.650000000000));
#259=VERTEX_POINT('',#258);
#260=CARTESIAN_POINT('',(-0.240176561878,0.195998007960,-0.650000000000));
#261=VERTEX_POINT('',#260);
#262=CARTESIAN_POINT('',(0.000000000000,0.000000000000,-0.650000000000));
#263=AXIS2_PLACEMENT_3D('',#262,#2,#3);
#264=CIRCLE('',#263,0.310000000000);
#265=EDGE_CURVE('',#259,#261,#264,.T.);
#266=ORIENTED_EDGE('',*,*,#265,.F.);
#267=CARTESIAN_POINT('',(0.049650973046,0.305998007960,-0.650000000000));
#268=VERTEX_POINT('',#267);
#269=CIRCLE('',#263,0.310000000000);
#270=EDGE_CURVE('',#268,#259,#269,.T.);
#271=ORIENTED_EDGE('',*,*,#270,.F.);
#272=CARTESIAN_POINT('',(0.240176561878,0.195998007960,-0.650000000000));
#273=VERTEX_POINT('',#272);
#274=CIRCLE('',#263,0.310000000000);
#275=EDGE_CURVE('',#273,#268,#274,.T.);
#276=ORIENTED_EDGE('',*,*,#275,.F.);
#277=CARTESIAN_POINT('',(0.289827534924,0.110000000000,-0.650000000000));
#278=VERTEX_POINT('',#277);
#279=CIRCLE('',#263,0.310000000000);
#280=EDGE_CURVE('',#278,#273,#279,.T.);
#281=ORIENTED_EDGE('',*,*,#280,.F.);
#282=CARTESIAN_POINT('',(0.289827534924,-0.110000000000,-0.650000000000));
#283=VERTEX_POINT('',#282);
#284=CIRCLE('',#263,0.310000000000);
#285=EDGE_CURVE('',#283,#278,#284,.T.);
#286=ORIENTED_EDGE('',*,*,#285,.F.);
#287=CARTESIAN_POINT('',(0.240176561878,-0.195998007960,-0.650000000000));
#288=VERTEX_POINT('',#287);
#289=CIRCLE('',#263,0.310000000000);
#290=EDGE_CURVE('',#288,#283,#289,.T.);
#291=ORIENTED_EDGE('',*,*,#290,.F.);
#292=CARTESIAN_POINT('',(0.049650973046,-0.305998007960,-0.650000000000));
#293=VERTEX_POINT('',#292);
#294=CIRCLE('',#263,0.310000000000);
#295=EDGE_CURVE('',#293,#288,#294,.T.);
#296=ORIENTED_EDGE('',*,*,#295,.F.);
#297=CARTESIAN_POINT('',(-0.049650973046,-0.305998007960,-0.650000000000));
#298=VERTEX_POINT('',#297);
#299=CIRCLE('',#263,0.310000000000);
#300=EDGE_CURVE('',#298,#293,#299,.T.);
#301=ORIENTED_EDGE('',*,*,#300,.F.);
#302=CARTESIAN_POINT('',(-0.240176561878,-0.195998007960,-0.650000000000));
#303=VERTEX_POINT('',#302);
#304=CIRCLE('',#263,0.310000000000);
#305=EDGE_CURVE('',#303,#298,#304,.T.);
#306=ORIENTED_EDGE('',*,*,#305,.F.);
#307=CARTESIAN_POINT('',(-0.289827534924,-0.110000000000,-0.650000000000));
#308=VERTEX_POINT('',#307);
#309=CIRCLE('',#263,0.310000000000);
#310=EDGE_CURVE('',#308,#303,#309,.T.);
#311=ORIENTED_EDGE('',*,*,#310,.F.);
#312=CARTESIAN_POINT('',(-0.289827534924,0.110000000000,-0.650000000000));
#313=VERTEX_POINT('',#312);
#314=CIRCLE('',#263,0.310000000000);
#315=EDGE_CURVE('',#313,#308,#314,.T.);
#316=ORIENTED_EDGE('',*,*,#315,.F.);
#317=CIRCLE('',#263,0.310000000000);
#318=EDGE_CURVE('',#261,#313,#317,.T.);
#319=ORIENTED_EDGE('',*,*,#318,.F.);
#320=EDGE_LOOP('',(#266,#271,#276,#281,#286,#291,#296,#301,#306,#311,#316,#319));
#321=CARTESIAN_POINT('',(-0.049650973046,0.305998007960,0.650000000000));
#322=VERTEX_POINT('',#321);
#323=CARTESIAN_POINT('',(-0.240176561878,0.195998007960,0.650000000000));
#324=VERTEX_POINT('',#323);
#325=CARTESIAN_POINT('',(0.000000000000,0.000000000000,0.650000000000));
#326=AXIS2_PLACEMENT_3D('',#325,#2,#3);
#327=CIRCLE('',#326,0.310000000000);
#328=EDGE_CURVE('',#322,#324,#327,.T.);
#329=ORIENTED_EDGE('',*,*,#328,.T.);
#330=CARTESIAN_POINT('',(-0.289827534924,0.110000000000,0.650000000000));
#331=VERTEX_POINT('',#330);
#332=CIRCLE('',#326,0.310000000000);
#333=EDGE_CURVE('',#324,#331,#332,.T.);
#334=ORIENTED_EDGE('',*,*,#333,.T.);
#335=CARTESIAN_POINT('',(-0.289827534924,-0.110000000000,0.650000000000));
#336=VERTEX_POINT('',#335);
#337=CIRCLE('',#326,0.310000000000);
#338=EDGE_CURVE('',#331,#336,#337,.T.);
#339=ORIENTED_EDGE('',*,*,#338,.T.);
#340=CARTESIAN_POINT('',(-0.240176561878,-0.195998007960,0.650000000000));
#341=VERTEX_POINT('',#340);
#342=CIRCLE('',#326,0.310000000000);
#343=EDGE_CURVE('',#336,#341,#342,.T.);
#344=ORIENTED_EDGE('',*,*,#343,.T.);
#345=CARTESIAN_POINT('',(-0.049650973046,-0.305998007960,0.650000000000));
#346=VERTEX_POINT('',#345);
#347=CIRCLE('',#326,0.310000000000);
#348=EDGE_CURVE('',#341,#346,#347,.T.);
#349=ORIENTED_EDGE('',*,*,#348,.T.);
#350=CARTESIAN_POINT('',(0.049650973046,-0.305998007960,0.650000000000));
#351=VERTEX_POINT('',#350);
#352=CIRCLE('',#326,0.310000000000);
#353=EDGE_CURVE('',#346,#351,#352,.T.);
#354=ORIENTED_EDGE('',*,*,#353,.T.);
#355=CARTESIAN_POINT('',(0.240176561878,-0.195998007960,0.650000000000));
#356=VERTEX_POINT('',#355);
#357=CIRCLE('',#326,0.310000000000);
#358=EDGE_CURVE('',#351,#356,#357,.T.);
#359=ORIENTED_EDGE('',*,*,#358,.T.);
#360=CARTESIAN_POINT('',(0.289827534924,-0.110000000000,0.650000000000));
#361=VERTEX_POINT('',#360);
#362=CIRCLE('',#326,0.310000000000);
#363=EDGE_CURVE('',#356,#361,#362,.T.);
#364=ORIENTED_EDGE('',*,*,#363,.T.);
#365=CARTESIAN_POINT('',(0.289827534924,0.110000000000,0.650000000000));
#366=VERTEX_POINT('',#365);
#367=CIRCLE('',#326,0.310000000000);
#368=EDGE_CURVE('',#361,#366,#367,.T.);
#369=ORIENTED_EDGE('',*,*,#368,.T.);
#370=CARTESIAN_POINT('',(0.240176561878,0.195998007960,0.650000000000));
#371=VERTEX_POINT('',#370);
#372=CIRCLE('',#326,0.310000000000);
#373=EDGE_CURVE('',#366,#371,#372,.T.);
#374=ORIENTED_EDGE('',*,*,#373,.T.);
#375=CARTESIAN_POINT('',(0.049650973046,0.305998007960,0.650000000000));
#376=VERTEX_POINT('',#375);
#377=CIRCLE('',#326,0.310000000000);
#378=EDGE_CURVE('',#371,#376,#377,.T.);
#379=ORIENTED_EDGE('',*,*,#378,.T.);
#380=CIRCLE('',#326,0.310000000000);
#381=EDGE_CURVE('',#376,#322,#380,.T.);
#382=ORIENTED_EDGE('',*,*,#381,.T.);
#383=EDGE_LOOP('',(#329,#334,#339,#344,#349,#354,#359,#364,#369,#374,#379,#382));
#384=FACE_BOUND('',#320,.T.);
#385=FACE_BOUND('',#383,.T.);
#386=ADVANCED_FACE('',(#384,#385),#257,.F.);
#387=CARTESIAN_POINT('',(0.325000000000,-0.562916512460,0.000000000000));
#388=DIRECTION('',(0.500000000000,-0.866025403784,0.000000000000));
#389=DIRECTION('',(-0.866025403784,-0.500000000000,0.000000000000));
#390=AXIS2_PLACEMENT_3D('',#387,#388,#389);
#391=PLANE('',#390);
#392=CARTESIAN_POINT('',(0.420262794416,-0.507916512460,0.650000000000));
#393=VERTEX_POINT('',#392);
#394=CARTESIAN_POINT('',(0.420262794416,-0.507916512460,0.870000000000));
#395=VERTEX_POINT('',#394);
#396=CARTESIAN_POINT('',(0.420262794416,-0.507916512460,0.000000000000));
#397=VECTOR('',#2,1.0);
#398=LINE('',#396,#397);
#399=EDGE_CURVE('',#393,#395,#398,.T.);
#400=ORIENTED_EDGE('',*,*,#399,.T.);
#401=CARTESIAN_POINT('',(0.350000000000,-0.548482755730,0.870000000000));
#402=VERTEX_POINT('',#401);
#403=CARTESIAN_POINT('',(0.325000000000,-0.562916512460,0.870000000000));
#404=VECTOR('',#389,1.0);
#405=LINE('',#403,#404);
#406=EDGE_CURVE('',#395,#402,#405,.T.);
#407=ORIENTED_EDGE('',*,*,#406,.T.);
#408=CARTESIAN_POINT('',(0.300000000000,-0.577350269190,0.870000000000));
#409=VERTEX_POINT('',#408);
#410=LINE('',#403,#404);
#411=EDGE_CURVE('',#402,#409,#410,.T.);
#412=ORIENTED_EDGE('',*,*,#411,.T.);
#413=CARTESIAN_POINT('',(0.229737205584,-0.617916512460,0.870000000000));
#414=VERTEX_POINT('',#413);
#415=LINE('',#403,#404);
#416=EDGE_CURVE('',#409,#414,#415,.T.);
#417=ORIENTED_EDGE('',*,*,#416,.T.);
#418=CARTESIAN_POINT('',(0.229737205584,-0.617916512460,0.650000000000));
#419=VERTEX_POINT('',#418);
#420=CARTESIAN_POINT('',(0.229737205584,-0.617916512460,0.000000000000));
#421=DIRECTION('',(0.000000000000,0.000000000000,-1.000000000000));
#422=VECTOR('',#421,1.0);
#423=LINE('',#420,#422);
#424=EDGE_CURVE('',#414,#419,#423,.T.);
#425=ORIENTED_EDGE('',*,*,#424,.T.);
#426=CARTESIAN_POINT('',(0.300000000000,-0.577350269190,0.650000000000));
#427=VERTEX_POINT('',#426);
#428=CARTESIAN_POINT('',(0.325000000000,-0.562916512460,0.650000000000));
#429=DIRECTION('',(0.866025403784,0.500000000000,0.000000000000));
#430=VECTOR('',#429,1.0);
#431=LINE('',#428,#430);
#432=EDGE_CURVE('',#419,#427,#431,.T.);
#433=ORIENTED_EDGE('',*,*,#432,.T.);
#434=CARTESIAN_POINT('',(0.350000000000,-0.548482755730,0.650000000000));
#435=VERTEX_POINT('',#434);
#436=LINE('',#428,#430);
#437=EDGE_CURVE('',#427,#435,#436,.T.);
#438=ORIENTED_EDGE('',*,*,#437,.T.);
#439=LINE('',#428,#430);
#440=EDGE_CURVE('',#435,#393,#439,.T.);
#441=ORIENTED_EDGE('',*,*,#440,.T.);
#442=EDGE_LOOP('',(#400,#407,#412,#417,#425,#433,#438,#441));
#443=FACE_OUTER_BOUND('',#442,.T.);
#444=ADVANCED_FACE('',(#443),#391,.T.);
#445=CARTESIAN_POINT('',(0.175000000000,-0.303108891325,0.000000000000));
#446=DIRECTION('',(-0.500000000000,0.866025403784,0.000000000000));
#447=AXIS2_PLACEMENT_3D('',#445,#446,#429);
#448=PLANE('',#447);
#449=CARTESIAN_POINT('',(0.270262794416,-0.248108891325,0.870000000000));
#450=VERTEX_POINT('',#449);
#451=CARTESIAN_POINT('',(0.270262794416,-0.248108891325,0.650000000000));
#452=VERTEX_POINT('',#451);
#453=CARTESIAN_POINT('',(0.270262794416,-0.248108891325,0.000000000000));
#454=LINE('',#453,#422);
#455=EDGE_CURVE('',#450,#452,#454,.T.);
#456=ORIENTED_EDGE('',*,*,#455,.T.);
#457=CARTESIAN_POINT('',(0.079737205584,-0.358108891325,0.650000000000));
#458=VERTEX_POINT('',#457);
#459=CARTESIAN_POINT('',(0.175000000000,-0.303108891325,0.650000000000));
#460=LINE('',#459,#404);
#461=EDGE_CURVE('',#452,#458,#460,.T.);
#462=ORIENTED_EDGE('',*,*,#461,.T.);
#463=CARTESIAN_POINT('',(0.079737205584,-0.358108891325,0.870000000000));
#464=VERTEX_POINT('',#463);
#465=CARTESIAN_POINT('',(0.079737205584,-0.358108891325,0.000000000000));
#466=LINE('',#465,#397);
#467=EDGE_CURVE('',#458,#464,#466,.T.);
#468=ORIENTED_EDGE('',*,*,#467,.T.);
#469=CARTESIAN_POINT('',(0.175000000000,-0.303108891325,0.870000000000));
#470=LINE('',#469,#430);
#471=EDGE_CURVE('',#464,#450,#470,.T.);
#472=ORIENTED_EDGE('',*,*,#471,.T.);
#473=EDGE_LOOP('',(#456,#462,#468,#472));
#474=FACE_OUTER_BOUND('',#473,.T.);
#475=ADVANCED_FACE('',(#474),#448,.T.);
#476=CARTESIAN_POINT('',(0.095262794416,0.055000000000,0.000000000000));
#477=AXIS2_PLACEMENT_3D('',#476,#429,#388);
#478=PLANE('',#477);
#479=CARTESIAN_POINT('',(-0.229737205584,0.617916512460,0.870000000000));
#480=VERTEX_POINT('',#479);
#481=CARTESIAN_POINT('',(-0.159474411167,0.496217782649,0.870000000000));
#482=VERTEX_POINT('',#481);
#483=CARTESIAN_POINT('',(0.095262794416,0.055000000000,0.870000000000));
#484=VECTOR('',#388,1.0);
#485=LINE('',#483,#484);
#486=EDGE_CURVE('',#480,#482,#485,.T.);
#487=ORIENTED_EDGE('',*,*,#486,.T.);
#488=CARTESIAN_POINT('',(-0.128064319925,0.441813908747,0.870000000000));
#489=VERTEX_POINT('',#488);
#490=LINE('',#483,#484);
#491=EDGE_CURVE('',#482,#489,#490,.T.);
#492=ORIENTED_EDGE('',*,*,#491,.T.);
#493=CARTESIAN_POINT('',(-0.079737205584,0.358108891325,0.870000000000));
#494=VERTEX_POINT('',#493);
#495=LINE('',#483,#484);
#496=EDGE_CURVE('',#489,#494,#495,.T.);
#497=ORIENTED_EDGE('',*,*,#496,.T.);
#498=CARTESIAN_POINT('',(-0.079737205584,0.358108891325,0.650000000000));
#499=VERTEX_POINT('',#498);
#500=CARTESIAN_POINT('',(-0.079737205584,0.358108891325,0.000000000000));
#501=LINE('',#500,#422);
#502=EDGE_CURVE('',#494,#499,#501,.T.);
#503=ORIENTED_EDGE('',*,*,#502,.T.);
#504=CARTESIAN_POINT('',(-0.128064319925,0.441813908747,0.650000000000));
#505=VERTEX_POINT('',#504);
#506=CARTESIAN_POINT('',(0.095262794416,0.055000000000,0.650000000000));
#507=VECTOR('',#446,1.0);
#508=LINE('',#506,#507);
#509=EDGE_CURVE('',#499,#505,#508,.T.);
#510=ORIENTED_EDGE('',*,*,#509,.T.);
#511=CARTESIAN_POINT('',(-0.159474411167,0.496217782649,0.650000000000));
#512=VERTEX_POINT('',#511);
#513=LINE('',#506,#507);
#514=EDGE_CURVE('',#505,#512,#513,.T.);
#515=ORIENTED_EDGE('',*,*,#514,.T.);
#516=CARTESIAN_POINT('',(-0.229737205584,0.617916512460,0.650000000000));
#517=VERTEX_POINT('',#516);
#518=LINE('',#506,#507);
#519=EDGE_CURVE('',#512,#517,#518,.T.);
#520=ORIENTED_EDGE('',*,*,#519,.T.);
#521=CARTESIAN_POINT('',(-0.229737205584,0.617916512460,0.000000000000));
#522=LINE('',#521,#397);
#523=EDGE_CURVE('',#517,#480,#522,.T.);
#524=ORIENTED_EDGE('',*,*,#523,.T.);
#525=EDGE_LOOP('',(#487,#492,#497,#503,#510,#515,#520,#524));
#526=ORIENTED_EDGE('',*,*,#399,.F.);
#527=CARTESIAN_POINT('',(0.350000000000,-0.386217782649,0.650000000000));
#528=VERTEX_POINT('',#527);
#529=LINE('',#506,#507);
#530=EDGE_CURVE('',#393,#528,#529,.T.);
#531=ORIENTED_EDGE('',*,*,#530,.T.);
#532=CARTESIAN_POINT('',(0.318589908758,-0.331813908747,0.650000000000));
#533=VERTEX_POINT('',#532);
#534=LINE('',#506,#507);
#535=EDGE_CURVE('',#528,#533,#534,.T.);
#536=ORIENTED_EDGE('',*,*,#535,.T.);
#537=LINE('',#506,#507);
#538=EDGE_CURVE('',#533,#452,#537,.T.);
#539=ORIENTED_EDGE('',*,*,#538,.T.);
#540=ORIENTED_EDGE('',*,*,#455,.F.);
#541=CARTESIAN_POINT('',(0.318589908758,-0.331813908747,0.870000000000));
#542=VERTEX_POINT('',#541);
#543=LINE('',#483,#484);
#544=EDGE_CURVE('',#450,#542,#543,.T.);
#545=ORIENTED_EDGE('',*,*,#544,.T.);
#546=CARTESIAN_POINT('',(0.350000000000,-0.386217782649,0.870000000000));
#547=VERTEX_POINT('',#546);
#548=LINE('',#483,#484);
#549=EDGE_CURVE('',#542,#547,#548,.T.);
#550=ORIENTED_EDGE('',*,*,#549,.T.);
#551=LINE('',#483,#484);
#552=EDGE_CURVE('',#547,#395,#551,.T.);
#553=ORIENTED_EDGE('',*,*,#552,.T.);
#554=EDGE_LOOP('',(#526,#531,#536,#539,#540,#545,#550,#553));
#555=FACE_OUTER_BOUND('',#525,.T.);
#556=ADVANCED_FACE('',(#555),#478,.T.);
#557=FACE_OUTER_BOUND('',#554,.T.);
#558=ADVANCED_FACE('',(#557),#478,.T.);
#559=CARTESIAN_POINT('',(-0.095262794416,-0.055000000000,0.000000000000));
#560=AXIS2_PLACEMENT_3D('',#559,#389,#446);
#561=PLANE('',#560);
#562=ORIENTED_EDGE('',*,*,#424,.F.);
#563=CARTESIAN_POINT('',(0.159474411167,-0.496217782649,0.870000000000));
#564=VERTEX_POINT('',#563);
#565=CARTESIAN_POINT('',(-0.095262794416,-0.055000000000,0.870000000000));
#566=LINE('',#565,#507);
#567=EDGE_CURVE('',#414,#564,#566,.T.);
#568=ORIENTED_EDGE('',*,*,#567,.T.);
#569=CARTESIAN_POINT('',(0.128064319925,-0.441813908747,0.870000000000));
#570=VERTEX_POINT('',#569);
#571=LINE('',#565,#507);
#572=EDGE_CURVE('',#564,#570,#571,.T.);
#573=ORIENTED_EDGE('',*,*,#572,.T.);
#574=LINE('',#565,#507);
#575=EDGE_CURVE('',#570,#464,#574,.T.);
#576=ORIENTED_EDGE('',*,*,#575,.T.);
#577=ORIENTED_EDGE('',*,*,#467,.F.);
#578=CARTESIAN_POINT('',(0.128064319925,-0.441813908747,0.650000000000));
#579=VERTEX_POINT('',#578);
#580=CARTESIAN_POINT('',(-0.095262794416,-0.055000000000,0.650000000000));
#581=LINE('',#580,#484);
#582=EDGE_CURVE('',#458,#579,#581,.T.);
#583=ORIENTED_EDGE('',*,*,#582,.T.);
#584=CARTESIAN_POINT('',(0.159474411167,-0.496217782649,0.650000000000));
#585=VERTEX_POINT('',#584);
#586=LINE('',#580,#484);
#587=EDGE_CURVE('',#579,#585,#586,.T.);
#588=ORIENTED_EDGE('',*,*,#587,.T.);
#589=LINE('',#580,#484);
#590=EDGE_CURVE('',#585,#419,#589,.T.);
#591=ORIENTED_EDGE('',*,*,#590,.T.);
#592=EDGE_LOOP('',(#562,#568,#573,#576,#577,#583,#588,#591));
#593=CARTESIAN_POINT('',(-0.270262794416,0.248108891325,0.870000000000));
#594=VERTEX_POINT('',#593);
#595=CARTESIAN_POINT('',(-0.318589908758,0.331813908747,0.870000000000));
#596=VERTEX_POINT('',#595);
#597=LINE('',#565,#507);
#598=EDGE_CURVE('',#594,#596,#597,.T.);
#599=ORIENTED_EDGE('',*,*,#598,.T.);
#600=CARTESIAN_POINT('',(-0.350000000000,0.386217782649,0.870000000000));
#601=VERTEX_POINT('',#600);
#602=LINE('',#565,#507);
#603=EDGE_CURVE('',#596,#601,#602,.T.);
#604=ORIENTED_EDGE('',*,*,#603,.T.);
#605=CARTESIAN_POINT('',(-0.420262794416,0.507916512460,0.870000000000));
#606=VERTEX_POINT('',#605);
#607=LINE('',#565,#507);
#608=EDGE_CURVE('',#601,#606,#607,.T.);
#609=ORIENTED_EDGE('',*,*,#608,.T.);
#610=CARTESIAN_POINT('',(-0.420262794416,0.507916512460,0.650000000000));
#611=VERTEX_POINT('',#610);
#612=CARTESIAN_POINT('',(-0.420262794416,0.507916512460,0.000000000000));
#613=LINE('',#612,#422);
#614=EDGE_CURVE('',#606,#611,#613,.T.);
#615=ORIENTED_EDGE('',*,*,#614,.T.);
#616=CARTESIAN_POINT('',(-0.350000000000,0.386217782649,0.650000000000));
#617=VERTEX_POINT('',#616);
#618=LINE('',#580,#484);
#619=EDGE_CURVE('',#611,#617,#618,.T.);
#620=ORIENTED_EDGE('',*,*,#619,.T.);
#621=CARTESIAN_POINT('',(-0.318589908758,0.331813908747,0.650000000000));
#622=VERTEX_POINT('',#621);
#623=LINE('',#580,#484);
#624=EDGE_CURVE('',#617,#622,#623,.T.);
#625=ORIENTED_EDGE('',*,*,#624,.T.);
#626=CARTESIAN_POINT('',(-0.270262794416,0.248108891325,0.650000000000));
#627=VERTEX_POINT('',#626);
#628=LINE('',#580,#484);
#629=EDGE_CURVE('',#622,#627,#628,.T.);
#630=ORIENTED_EDGE('',*,*,#629,.T.);
#631=CARTESIAN_POINT('',(-0.270262794416,0.248108891325,0.000000000000));
#632=LINE('',#631,#397);
#633=EDGE_CURVE('',#627,#594,#632,.T.);
#634=ORIENTED_EDGE('',*,*,#633,.T.);
#635=EDGE_LOOP('',(#599,#604,#609,#615,#620,#625,#630,#634));
#636=FACE_OUTER_BOUND('',#592,.T.);
#637=ADVANCED_FACE('',(#636),#561,.T.);
#638=FACE_OUTER_BOUND('',#635,.T.);
#639=ADVANCED_FACE('',(#638),#561,.T.);
#640=CARTESIAN_POINT('',(0.000000000000,0.000000000000,0.870000000000));
#641=AXIS2_PLACEMENT_3D('',#640,#2,#3);
#642=PLANE('',#641);
#643=ORIENTED_EDGE('',*,*,#486,.F.);
#644=CARTESIAN_POINT('',(-0.300000000000,0.577350269190,0.870000000000));
#645=VERTEX_POINT('',#644);
#646=CARTESIAN_POINT('',(-0.325000000000,0.562916512460,0.870000000000));
#647=LINE('',#646,#404);
#648=EDGE_CURVE('',#480,#645,#647,.T.);
#649=ORIENTED_EDGE('',*,*,#648,.T.);
#650=CARTESIAN_POINT('',(-0.350000000000,0.548482755730,0.870000000000));
#651=VERTEX_POINT('',#650);
#652=LINE('',#646,#404);
#653=EDGE_CURVE('',#645,#651,#652,.T.);
#654=ORIENTED_EDGE('',*,*,#653,.T.);
#655=LINE('',#646,#404);
#656=EDGE_CURVE('',#651,#606,#655,.T.);
#657=ORIENTED_EDGE('',*,*,#656,.T.);
#658=ORIENTED_EDGE('',*,*,#608,.F.);
#659=ORIENTED_EDGE('',*,*,#603,.F.);
#660=ORIENTED_EDGE('',*,*,#598,.F.);
#661=CARTESIAN_POINT('',(-0.175000000000,0.303108891325,0.870000000000));
#662=LINE('',#661,#430);
#663=EDGE_CURVE('',#594,#494,#662,.T.);
#664=ORIENTED_EDGE('',*,*,#663,.T.);
#665=ORIENTED_EDGE('',*,*,#496,.F.);
#666=ORIENTED_EDGE('',*,*,#491,.F.);
#667=EDGE_LOOP('',(#643,#649,#654,#657,#658,#659,#660,#664,#665,#666));
#668=ORIENTED_EDGE('',*,*,#406,.F.);
#669=ORIENTED_EDGE('',*,*,#552,.F.);
#670=ORIENTED_EDGE('',*,*,#549,.F.);
#671=ORIENTED_EDGE('',*,*,#544,.F.);
#672=ORIENTED_EDGE('',*,*,#471,.F.);
#673=ORIENTED_EDGE('',*,*,#575,.F.);
#674=ORIENTED_EDGE('',*,*,#572,.F.);
#675=ORIENTED_EDGE('',*,*,#567,.F.);
#676=ORIENTED_EDGE('',*,*,#416,.F.);
#677=ORIENTED_EDGE('',*,*,#411,.F.);
#678=EDGE_LOOP('',(#668,#669,#670,#671,#672,#673,#674,#675,#676,#677));
#679=CARTESIAN_POINT('',(0.420262794416,0.507916512460,0.870000000000));
#680=VERTEX_POINT('',#679);
#681=CARTESIAN_POINT('',(0.350000000000,0.548482755730,0.870000000000));
#682=VERTEX_POINT('',#681);
#683=CARTESIAN_POINT('',(0.325000000000,0.562916512460,0.870000000000));
#684=DIRECTION('',(-0.866025403784,0.500000000000,0.000000000000));
#685=VECTOR('',#684,1.0);
#686=LINE('',#683,#685);
#687=EDGE_CURVE('',#680,#682,#686,.T.);
#688=ORIENTED_EDGE('',*,*,#687,.T.);
#689=CARTESIAN_POINT('',(0.300000000000,0.577350269190,0.870000000000));
#690=VERTEX_POINT('',#689);
#691=LINE('',#683,#685);
#692=EDGE_CURVE('',#682,#690,#691,.T.);
#693=ORIENTED_EDGE('',*,*,#692,.T.);
#694=CARTESIAN_POINT('',(0.229737205584,0.617916512460,0.870000000000));
#695=VERTEX_POINT('',#694);
#696=LINE('',#683,#685);
#697=EDGE_CURVE('',#690,#695,#696,.T.);
#698=ORIENTED_EDGE('',*,*,#697,.T.);
#699=CARTESIAN_POINT('',(0.159474411167,0.496217782649,0.870000000000));
#700=VERTEX_POINT('',#699);
#701=CARTESIAN_POINT('',(-0.095262794416,0.055000000000,0.870000000000));
#702=DIRECTION('',(-0.500000000000,-0.866025403784,0.000000000000));
#703=VECTOR('',#702,1.0);
#704=LINE('',#701,#703);
#705=EDGE_CURVE('',#695,#700,#704,.T.);
#706=ORIENTED_EDGE('',*,*,#705,.T.);
#707=CARTESIAN_POINT('',(0.128064319925,0.441813908747,0.870000000000));
#708=VERTEX_POINT('',#707);
#709=LINE('',#701,#703);
#710=EDGE_CURVE('',#700,#708,#709,.T.);
#711=ORIENTED_EDGE('',*,*,#710,.T.);
#712=CARTESIAN_POINT('',(0.079737205584,0.358108891325,0.870000000000));
#713=VERTEX_POINT('',#712);
#714=LINE('',#701,#703);
#715=EDGE_CURVE('',#708,#713,#714,.T.);
#716=ORIENTED_EDGE('',*,*,#715,.T.);
#717=CARTESIAN_POINT('',(0.270262794416,0.248108891325,0.870000000000));
#718=VERTEX_POINT('',#717);
#719=CARTESIAN_POINT('',(0.175000000000,0.303108891325,0.870000000000));
#720=DIRECTION('',(0.866025403784,-0.500000000000,0.000000000000));
#721=VECTOR('',#720,1.0);
#722=LINE('',#719,#721);
#723=EDGE_CURVE('',#713,#718,#722,.T.);
#724=ORIENTED_EDGE('',*,*,#723,.T.);
#725=CARTESIAN_POINT('',(0.318589908758,0.331813908747,0.870000000000));
#726=VERTEX_POINT('',#725);
#727=CARTESIAN_POINT('',(0.095262794416,-0.055000000000,0.870000000000));
#728=DIRECTION('',(0.500000000000,0.866025403784,0.000000000000));
#729=VECTOR('',#728,1.0);
#730=LINE('',#727,#729);
#731=EDGE_CURVE('',#718,#726,#730,.T.);
#732=ORIENTED_EDGE('',*,*,#731,.T.);
#733=CARTESIAN_POINT('',(0.350000000000,0.386217782649,0.870000000000));
#734=VERTEX_POINT('',#733);
#735=LINE('',#727,#729);
#736=EDGE_CURVE('',#726,#734,#735,.T.);
#737=ORIENTED_EDGE('',*,*,#736,.T.);
#738=LINE('',#727,#729);
#739=EDGE_CURVE('',#734,#680,#738,.T.);
#740=ORIENTED_EDGE('',*,*,#739,.T.);
#741=EDGE_LOOP('',(#688,#693,#698,#706,#711,#716,#724,#732,#737,#740));
#742=CARTESIAN_POINT('',(0.650000000000,-0.110000000000,0.870000000000));
#743=VERTEX_POINT('',#742);
#744=CARTESIAN_POINT('',(0.650000000000,-0.028867513459,0.870000000000));
#745=VERTEX_POINT('',#744);
#746=CARTESIAN_POINT('',(0.650000000000,0.000000000000,0.870000000000));
#747=VECTOR('',#3,1.0);
#748=LINE('',#746,#747);
#749=EDGE_CURVE('',#743,#745,#748,.T.);
#750=ORIENTED_EDGE('',*,*,#749,.T.);
#751=CARTESIAN_POINT('',(0.650000000000,0.028867513459,0.870000000000));
#752=VERTEX_POINT('',#751);
#753=LINE('',#746,#747);
#754=EDGE_CURVE('',#745,#752,#753,.T.);
#755=ORIENTED_EDGE('',*,*,#754,.T.);
#756=CARTESIAN_POINT('',(0.650000000000,0.110000000000,0.870000000000));
#757=VERTEX_POINT('',#756);
#758=LINE('',#746,#747);
#759=EDGE_CURVE('',#752,#757,#758,.T.);
#760=ORIENTED_EDGE('',*,*,#759,.T.);
#761=CARTESIAN_POINT('',(0.509474411167,0.110000000000,0.870000000000));
#762=VERTEX_POINT('',#761);
#763=CARTESIAN_POINT('',(0.000000000000,0.110000000000,0.870000000000));
#764=DIRECTION('',(-1.000000000000,0.000000000000,0.000000000000));
#765=VECTOR('',#764,1.0);
#766=LINE('',#763,#765);
#767=EDGE_CURVE('',#757,#762,#766,.T.);
#768=ORIENTED_EDGE('',*,*,#767,.T.);
#769=CARTESIAN_POINT('',(0.446654228683,0.110000000000,0.870000000000));
#770=VERTEX_POINT('',#769);
#771=LINE('',#763,#765);
#772=EDGE_CURVE('',#762,#770,#771,.T.);
#773=ORIENTED_EDGE('',*,*,#772,.T.);
#774=CARTESIAN_POINT('',(0.350000000000,0.110000000000,0.870000000000));
#775=VERTEX_POINT('',#774);
#776=LINE('',#763,#765);
#777=EDGE_CURVE('',#770,#775,#776,.T.);
#778=ORIENTED_EDGE('',*,*,#777,.T.);
#779=CARTESIAN_POINT('',(0.350000000000,-0.110000000000,0.870000000000));
#780=VERTEX_POINT('',#779);
#781=CARTESIAN_POINT('',(0.350000000000,0.000000000000,0.870000000000));
#782=DIRECTION('',(0.000000000000,-1.000000000000,0.000000000000));
#783=VECTOR('',#782,1.0);
#784=LINE('',#781,#783);
#785=EDGE_CURVE('',#775,#780,#784,.T.);
#786=ORIENTED_EDGE('',*,*,#785,.T.);
#787=CARTESIAN_POINT('',(0.446654228683,-0.110000000000,0.870000000000));
#788=VERTEX_POINT('',#787);
#789=CARTESIAN_POINT('',(0.000000000000,-0.110000000000,0.870000000000));
#790=DIRECTION('',(1.000000000000,0.000000000000,0.000000000000));
#791=VECTOR('',#790,1.0);
#792=LINE('',#789,#791);
#793=EDGE_CURVE('',#780,#788,#792,.T.);
#794=ORIENTED_EDGE('',*,*,#793,.T.);
#795=CARTESIAN_POINT('',(0.509474411167,-0.110000000000,0.870000000000));
#796=VERTEX_POINT('',#795);
#797=LINE('',#789,#791);
#798=EDGE_CURVE('',#788,#796,#797,.T.);
#799=ORIENTED_EDGE('',*,*,#798,.T.);
#800=LINE('',#789,#791);
#801=EDGE_CURVE('',#796,#743,#800,.T.);
#802=ORIENTED_EDGE('',*,*,#801,.T.);
#803=EDGE_LOOP('',(#750,#755,#760,#768,#773,#778,#786,#794,#799,#802));
#804=CARTESIAN_POINT('',(-0.350000000000,0.110000000000,0.870000000000));
#805=VERTEX_POINT('',#804);
#806=CARTESIAN_POINT('',(-0.446654228683,0.110000000000,0.870000000000));
#807=VERTEX_POINT('',#806);
#808=LINE('',#763,#765);
#809=EDGE_CURVE('',#805,#807,#808,.T.);
#810=ORIENTED_EDGE('',*,*,#809,.T.);
#811=CARTESIAN_POINT('',(-0.509474411167,0.110000000000,0.870000000000));
#812=VERTEX_POINT('',#811);
#813=LINE('',#763,#765);
#814=EDGE_CURVE('',#807,#812,#813,.T.);
#815=ORIENTED_EDGE('',*,*,#814,.T.);
#816=CARTESIAN_POINT('',(-0.650000000000,0.110000000000,0.870000000000));
#817=VERTEX_POINT('',#816);
#818=LINE('',#763,#765);
#819=EDGE_CURVE('',#812,#817,#818,.T.);
#820=ORIENTED_EDGE('',*,*,#819,.T.);
#821=CARTESIAN_POINT('',(-0.650000000000,0.028867513459,0.870000000000));
#822=VERTEX_POINT('',#821);
#823=CARTESIAN_POINT('',(-0.650000000000,0.000000000000,0.870000000000));
#824=LINE('',#823,#783);
#825=EDGE_CURVE('',#817,#822,#824,.T.);
#826=ORIENTED_EDGE('',*,*,#825,.T.);
#827=CARTESIAN_POINT('',(-0.650000000000,-0.028867513459,0.870000000000));
#828=VERTEX_POINT('',#827);
#829=LINE('',#823,#783);
#830=EDGE_CURVE('',#822,#828,#829,.T.);
#831=ORIENTED_EDGE('',*,*,#830,.T.);
#832=CARTESIAN_POINT('',(-0.650000000000,-0.110000000000,0.870000000000));
#833=VERTEX_POINT('',#832);
#834=LINE('',#823,#783);
#835=EDGE_CURVE('',#828,#833,#834,.T.);
#836=ORIENTED_EDGE('',*,*,#835,.T.);
#837=CARTESIAN_POINT('',(-0.509474411167,-0.110000000000,0.870000000000));
#838=VERTEX_POINT('',#837);
#839=LINE('',#789,#791);
#840=EDGE_CURVE('',#833,#838,#839,.T.);
#841=ORIENTED_EDGE('',*,*,#840,.T.);
#842=CARTESIAN_POINT('',(-0.446654228683,-0.110000000000,0.870000000000));
#843=VERTEX_POINT('',#842);
#844=LINE('',#789,#791);
#845=EDGE_CURVE('',#838,#843,#844,.T.);
#846=ORIENTED_EDGE('',*,*,#845,.T.);
#847=CARTESIAN_POINT('',(-0.350000000000,-0.110000000000,0.870000000000));
#848=VERTEX_POINT('',#847);
#849=LINE('',#789,#791);
#850=EDGE_CURVE('',#843,#848,#849,.T.);
#851=ORIENTED_EDGE('',*,*,#850,.T.);
#852=CARTESIAN_POINT('',(-0.350000000000,0.000000000000,0.870000000000));
#853=LINE('',#852,#747);
#854=EDGE_CURVE('',#848,#805,#853,.T.);
#855=ORIENTED_EDGE('',*,*,#854,.T.);
#856=EDGE_LOOP('',(#810,#815,#820,#826,#831,#836,#841,#846,#851,#855));
#857=CARTESIAN_POINT('',(-0.270262794416,-0.248108891325,0.870000000000));
#858=VERTEX_POINT('',#857);
#859=CARTESIAN_POINT('',(-0.318589908758,-0.331813908747,0.870000000000));
#860=VERTEX_POINT('',#859);
#861=LINE('',#701,#703);
#862=EDGE_CURVE('',#858,#860,#861,.T.);
#863=ORIENTED_EDGE('',*,*,#862,.T.);
#864=CARTESIAN_POINT('',(-0.350000000000,-0.386217782649,0.870000000000));
#865=VERTEX_POINT('',#864);
#866=LINE('',#701,#703);
#867=EDGE_CURVE('',#860,#865,#866,.T.);
#868=ORIENTED_EDGE('',*,*,#867,.T.);
#869=CARTESIAN_POINT('',(-0.420262794416,-0.507916512460,0.870000000000));
#870=VERTEX_POINT('',#869);
#871=LINE('',#701,#703);
#872=EDGE_CURVE('',#865,#870,#871,.T.);
#873=ORIENTED_EDGE('',*,*,#872,.T.);
#874=CARTESIAN_POINT('',(-0.350000000000,-0.548482755730,0.870000000000));
#875=VERTEX_POINT('',#874);
#876=CARTESIAN_POINT('',(-0.325000000000,-0.562916512460,0.870000000000));
#877=LINE('',#876,#721);
#878=EDGE_CURVE('',#870,#875,#877,.T.);
#879=ORIENTED_EDGE('',*,*,#878,.T.);
#880=CARTESIAN_POINT('',(-0.300000000000,-0.577350269190,0.870000000000));
#881=VERTEX_POINT('',#880);
#882=LINE('',#876,#721);
#883=EDGE_CURVE('',#875,#881,#882,.T.);
#884=ORIENTED_EDGE('',*,*,#883,.T.);
#885=CARTESIAN_POINT('',(-0.229737205584,-0.617916512460,0.870000000000));
#886=VERTEX_POINT('',#885);
#887=LINE('',#876,#721);
#888=EDGE_CURVE('',#881,#886,#887,.T.);
#889=ORIENTED_EDGE('',*,*,#888,.T.);
#890=CARTESIAN_POINT('',(-0.159474411167,-0.496217782649,0.870000000000));
#891=VERTEX_POINT('',#890);
#892=LINE('',#727,#729);
#893=EDGE_CURVE('',#886,#891,#892,.T.);
#894=ORIENTED_EDGE('',*,*,#893,.T.);
#895=CARTESIAN_POINT('',(-0.128064319925,-0.441813908747,0.870000000000));
#896=VERTEX_POINT('',#895);
#897=LINE('',#727,#729);
#898=EDGE_CURVE('',#891,#896,#897,.T.);
#899=ORIENTED_EDGE('',*,*,#898,.T.);
#900=CARTESIAN_POINT('',(-0.079737205584,-0.358108891325,0.870000000000));
#901=VERTEX_POINT('',#900);
#902=LINE('',#727,#729);
#903=EDGE_CURVE('',#896,#901,#902,.T.);
#904=ORIENTED_EDGE('',*,*,#903,.T.);
#905=CARTESIAN_POINT('',(-0.175000000000,-0.303108891325,0.870000000000));
#906=LINE('',#905,#685);
#907=EDGE_CURVE('',#901,#858,#906,.T.);
#908=ORIENTED_EDGE('',*,*,#907,.T.);
#909=EDGE_LOOP('',(#863,#868,#873,#879,#884,#889,#894,#899,#904,#908));
#910=FACE_OUTER_BOUND('',#667,.T.);
#911=ADVANCED_FACE('',(#910),#642,.T.);
#912=FACE_OUTER_BOUND('',#678,.T.);
#913=ADVANCED_FACE('',(#912),#642,.T.);
#914=FACE_OUTER_BOUND('',#741,.T.);
#915=ADVANCED_FACE('',(#914),#642,.T.);
#916=FACE_OUTER_BOUND('',#803,.T.);
#917=ADVANCED_FACE('',(#916),#642,.T.);
#918=FACE_OUTER_BOUND('',#856,.T.);
#919=ADVANCED_FACE('',(#918),#642,.T.);
#920=FACE_OUTER_BOUND('',#909,.T.);
#921=ADVANCED_FACE('',(#920),#642,.T.);
#922=AXIS2_PLACEMENT_3D('',#325,#421,#782);
#923=PLANE('',#922);
#924=CARTESIAN_POINT('',(0.229737205584,0.617916512460,0.650000000000));
#925=VERTEX_POINT('',#924);
#926=CARTESIAN_POINT('',(0.300000000000,0.577350269190,0.650000000000));
#927=VERTEX_POINT('',#926);
#928=CARTESIAN_POINT('',(0.325000000000,0.562916512460,0.650000000000));
#929=LINE('',#928,#721);
#930=EDGE_CURVE('',#925,#927,#929,.T.);
#931=ORIENTED_EDGE('',*,*,#930,.T.);
#932=CARTESIAN_POINT('',(0.350000000000,0.548482755730,0.650000000000));
#933=VERTEX_POINT('',#932);
#934=LINE('',#928,#721);
#935=EDGE_CURVE('',#927,#933,#934,.T.);
#936=ORIENTED_EDGE('',*,*,#935,.T.);
#937=CARTESIAN_POINT('',(0.420262794416,0.507916512460,0.650000000000));
#938=VERTEX_POINT('',#937);
#939=LINE('',#928,#721);
#940=EDGE_CURVE('',#933,#938,#939,.T.);
#941=ORIENTED_EDGE('',*,*,#940,.T.);
#942=CARTESIAN_POINT('',(0.350000000000,0.386217782649,0.650000000000));
#943=VERTEX_POINT('',#942);
#944=CARTESIAN_POINT('',(0.095262794416,-0.055000000000,0.650000000000));
#945=LINE('',#944,#703);
#946=EDGE_CURVE('',#938,#943,#945,.T.);
#947=ORIENTED_EDGE('',*,*,#946,.T.);
#948=CARTESIAN_POINT('',(0.318589908758,0.331813908747,0.650000000000));
#949=VERTEX_POINT('',#948);
#950=LINE('',#944,#703);
#951=EDGE_CURVE('',#943,#949,#950,.T.);
#952=ORIENTED_EDGE('',*,*,#951,.T.);
#953=CARTESIAN_POINT('',(0.270262794416,0.248108891325,0.650000000000));
#954=VERTEX_POINT('',#953);
#955=LINE('',#944,#703);
#956=EDGE_CURVE('',#949,#954,#955,.T.);
#957=ORIENTED_EDGE('',*,*,#956,.T.);
#958=CARTESIAN_POINT('',(0.079737205584,0.358108891325,0.650000000000));
#959=VERTEX_POINT('',#958);
#960=CARTESIAN_POINT('',(0.175000000000,0.303108891325,0.650000000000));
#961=LINE('',#960,#685);
#962=EDGE_CURVE('',#954,#959,#961,.T.);
#963=ORIENTED_EDGE('',*,*,#962,.T.);
#964=CARTESIAN_POINT('',(0.128064319925,0.441813908747,0.650000000000));
#965=VERTEX_POINT('',#964);
#966=CARTESIAN_POINT('',(-0.095262794416,0.055000000000,0.650000000000));
#967=LINE('',#966,#729);
#968=EDGE_CURVE('',#959,#965,#967,.T.);
#969=ORIENTED_EDGE('',*,*,#968,.T.);
#970=CARTESIAN_POINT('',(0.159474411167,0.496217782649,0.650000000000));
#971=VERTEX_POINT('',#970);
#972=LINE('',#966,#729);
#973=EDGE_CURVE('',#965,#971,#972,.T.);
#974=ORIENTED_EDGE('',*,*,#973,.T.);
#975=LINE('',#966,#729);
#976=EDGE_CURVE('',#971,#925,#975,.T.);
#977=ORIENTED_EDGE('',*,*,#976,.T.);
#978=EDGE_LOOP('',(#931,#936,#941,#947,#952,#957,#963,#969,#974,#977));
#979=ORIENTED_EDGE('',*,*,#432,.F.);
#980=ORIENTED_EDGE('',*,*,#590,.F.);
#981=ORIENTED_EDGE('',*,*,#587,.F.);
#982=ORIENTED_EDGE('',*,*,#582,.F.);
#983=ORIENTED_EDGE('',*,*,#461,.F.);
#984=ORIENTED_EDGE('',*,*,#538,.F.);
#985=ORIENTED_EDGE('',*,*,#535,.F.);
#986=ORIENTED_EDGE('',*,*,#530,.F.);
#987=ORIENTED_EDGE('',*,*,#440,.F.);
#988=ORIENTED_EDGE('',*,*,#437,.F.);
#989=EDGE_LOOP('',(#979,#980,#981,#982,#983,#984,#985,#986,#987,#988));
#990=CARTESIAN_POINT('',(-0.650000000000,0.110000000000,0.650000000000));
#991=VERTEX_POINT('',#990);
#992=CARTESIAN_POINT('',(-0.509474411167,0.110000000000,0.650000000000));
#993=VERTEX_POINT('',#992);
#994=CARTESIAN_POINT('',(0.000000000000,0.110000000000,0.650000000000));
#995=LINE('',#994,#791);
#996=EDGE_CURVE('',#991,#993,#995,.T.);
#997=ORIENTED_EDGE('',*,*,#996,.T.);
#998=CARTESIAN_POINT('',(-0.446654228683,0.110000000000,0.650000000000));
#999=VERTEX_POINT('',#998);
#1000=LINE('',#994,#791);
#1001=EDGE_CURVE('',#993,#999,#1000,.T.);
#1002=ORIENTED_EDGE('',*,*,#1001,.T.);
#1003=CARTESIAN_POINT('',(-0.350000000000,0.110000000000,0.650000000000));
#1004=VERTEX_POINT('',#1003);
#1005=LINE('',#994,#791);
#1006=EDGE_CURVE('',#999,#1004,#1005,.T.);
#1007=ORIENTED_EDGE('',*,*,#1006,.T.);
#1008=CARTESIAN_POINT('',(-0.350000000000,-0.110000000000,0.650000000000));
#1009=VERTEX_POINT('',#1008);
#1010=CARTESIAN_POINT('',(-0.350000000000,0.000000000000,0.650000000000));
#1011=LINE('',#1010,#783);
#1012=EDGE_CURVE('',#1004,#1009,#1011,.T.);
#1013=ORIENTED_EDGE('',*,*,#1012,.T.);
#1014=CARTESIAN_POINT('',(-0.446654228683,-0.110000000000,0.650000000000));
#1015=VERTEX_POINT('',#1014);
#1016=CARTESIAN_POINT('',(0.000000000000,-0.110000000000,0.650000000000));
#1017=LINE('',#1016,#765);
#1018=EDGE_CURVE('',#1009,#1015,#1017,.T.);
#1019=ORIENTED_EDGE('',*,*,#1018,.T.);
#1020=CARTESIAN_POINT('',(-0.509474411167,-0.110000000000,0.650000000000));
#1021=VERTEX_POINT('',#1020);
#1022=LINE('',#1016,#765);
#1023=EDGE_CURVE('',#1015,#1021,#1022,.T.);
#1024=ORIENTED_EDGE('',*,*,#1023,.T.);
#1025=CARTESIAN_POINT('',(-0.650000000000,-0.110000000000,0.650000000000));
#1026=VERTEX_POINT('',#1025);
#1027=LINE('',#1016,#765);
#1028=EDGE_CURVE('',#1021,#1026,#1027,.T.);
#1029=ORIENTED_EDGE('',*,*,#1028,.T.);
#1030=CARTESIAN_POINT('',(-0.650000000000,-0.028867513459,0.650000000000));
#1031=VERTEX_POINT('',#1030);
#1032=CARTESIAN_POINT('',(-0.650000000000,0.000000000000,0.650000000000));
#1033=LINE('',#1032,#747);
#1034=EDGE_CURVE('',#1026,#1031,#1033,.T.);
#1035=ORIENTED_EDGE('',*,*,#1034,.T.);
#1036=CARTESIAN_POINT('',(-0.650000000000,0.028867513459,0.650000000000));
#1037=VERTEX_POINT('',#1036);
#1038=LINE('',#1032,#747);
#1039=EDGE_CURVE('',#1031,#1037,#1038,.T.);
#1040=ORIENTED_EDGE('',*,*,#1039,.T.);
#1041=LINE('',#1032,#747);
#1042=EDGE_CURVE('',#1037,#991,#1041,.T.);
#1043=ORIENTED_EDGE('',*,*,#1042,.T.);
#1044=EDGE_LOOP('',(#997,#1002,#1007,#1013,#1019,#1024,#1029,#1035,#1040,#1043));
#1045=CARTESIAN_POINT('',(0.650000000000,0.110000000000,0.650000000000));
#1046=VERTEX_POINT('',#1045);
#1047=CARTESIAN_POINT('',(0.650000000000,0.028867513459,0.650000000000));
#1048=VERTEX_POINT('',#1047);
#1049=CARTESIAN_POINT('',(0.650000000000,0.000000000000,0.650000000000));
#1050=LINE('',#1049,#783);
#1051=EDGE_CURVE('',#1046,#1048,#1050,.T.);
#1052=ORIENTED_EDGE('',*,*,#1051,.T.);
#1053=CARTESIAN_POINT('',(0.650000000000,-0.028867513459,0.650000000000));
#1054=VERTEX_POINT('',#1053);
#1055=LINE('',#1049,#783);
#1056=EDGE_CURVE('',#1048,#1054,#1055,.T.);
#1057=ORIENTED_EDGE('',*,*,#1056,.T.);
#1058=CARTESIAN_POINT('',(0.650000000000,-0.110000000000,0.650000000000));
#1059=VERTEX_POINT('',#1058);
#1060=LINE('',#1049,#783);
#1061=EDGE_CURVE('',#1054,#1059,#1060,.T.);
#1062=ORIENTED_EDGE('',*,*,#1061,.T.);
#1063=CARTESIAN_POINT('',(0.509474411167,-0.110000000000,0.650000000000));
#1064=VERTEX_POINT('',#1063);
#1065=LINE('',#1016,#765);
#1066=EDGE_CURVE('',#1059,#1064,#1065,.T.);
#1067=ORIENTED_EDGE('',*,*,#1066,.T.);
#1068=CARTESIAN_POINT('',(0.446654228683,-0.110000000000,0.650000000000));
#1069=VERTEX_POINT('',#1068);
#1070=LINE('',#1016,#765);
#1071=EDGE_CURVE('',#1064,#1069,#1070,.T.);
#1072=ORIENTED_EDGE('',*,*,#1071,.T.);
#1073=CARTESIAN_POINT('',(0.350000000000,-0.110000000000,0.650000000000));
#1074=VERTEX_POINT('',#1073);
#1075=LINE('',#1016,#765);
#1076=EDGE_CURVE('',#1069,#1074,#1075,.T.);
#1077=ORIENTED_EDGE('',*,*,#1076,.T.);
#1078=CARTESIAN_POINT('',(0.350000000000,0.110000000000,0.650000000000));
#1079=VERTEX_POINT('',#1078);
#1080=CARTESIAN_POINT('',(0.350000000000,0.000000000000,0.650000000000));
#1081=LINE('',#1080,#747);
#1082=EDGE_CURVE('',#1074,#1079,#1081,.T.);
#1083=ORIENTED_EDGE('',*,*,#1082,.T.);
#1084=CARTESIAN_POINT('',(0.446654228683,0.110000000000,0.650000000000));
#1085=VERTEX_POINT('',#1084);
#1086=LINE('',#994,#791);
#1087=EDGE_CURVE('',#1079,#1085,#1086,.T.);
#1088=ORIENTED_EDGE('',*,*,#1087,.T.);
#1089=CARTESIAN_POINT('',(0.509474411167,0.110000000000,0.650000000000));
#1090=VERTEX_POINT('',#1089);
#1091=LINE('',#994,#791);
#1092=EDGE_CURVE('',#1085,#1090,#1091,.T.);
#1093=ORIENTED_EDGE('',*,*,#1092,.T.);
#1094=LINE('',#994,#791);
#1095=EDGE_CURVE('',#1090,#1046,#1094,.T.);
#1096=ORIENTED_EDGE('',*,*,#1095,.T.);
#1097=EDGE_LOOP('',(#1052,#1057,#1062,#1067,#1072,#1077,#1083,#1088,#1093,#1096));
#1098=CARTESIAN_POINT('',(-0.420262794416,-0.507916512460,0.650000000000));
#1099=VERTEX_POINT('',#1098);
#1100=CARTESIAN_POINT('',(-0.350000000000,-0.386217782649,0.650000000000));
#1101=VERTEX_POINT('',#1100);
#1102=LINE('',#966,#729);
#1103=EDGE_CURVE('',#1099,#1101,#1102,.T.);
#1104=ORIENTED_EDGE('',*,*,#1103,.T.);
#1105=CARTESIAN_POINT('',(-0.318589908758,-0.331813908747,0.650000000000));
#1106=VERTEX_POINT('',#1105);
#1107=LINE('',#966,#729);
#1108=EDGE_CURVE('',#1101,#1106,#1107,.T.);
#1109=ORIENTED_EDGE('',*,*,#1108,.T.);
#1110=CARTESIAN_POINT('',(-0.270262794416,-0.248108891325,0.650000000000));
#1111=VERTEX_POINT('',#1110);
#1112=LINE('',#966,#729);
#1113=EDGE_CURVE('',#1106,#1111,#1112,.T.);
#1114=ORIENTED_EDGE('',*,*,#1113,.T.);
#1115=CARTESIAN_POINT('',(-0.079737205584,-0.358108891325,0.650000000000));
#1116=VERTEX_POINT('',#1115);
#1117=CARTESIAN_POINT('',(-0.175000000000,-0.303108891325,0.650000000000));
#1118=LINE('',#1117,#721);
#1119=EDGE_CURVE('',#1111,#1116,#1118,.T.);
#1120=ORIENTED_EDGE('',*,*,#1119,.T.);
#1121=CARTESIAN_POINT('',(-0.128064319925,-0.441813908747,0.650000000000));
#1122=VERTEX_POINT('',#1121);
#1123=LINE('',#944,#703);
#1124=EDGE_CURVE('',#1116,#1122,#1123,.T.);
#1125=ORIENTED_EDGE('',*,*,#1124,.T.);
#1126=CARTESIAN_POINT('',(-0.159474411167,-0.496217782649,0.650000000000));
#1127=VERTEX_POINT('',#1126);
#1128=LINE('',#944,#703);
#1129=EDGE_CURVE('',#1122,#1127,#1128,.T.);
#1130=ORIENTED_EDGE('',*,*,#1129,.T.);
#1131=CARTESIAN_POINT('',(-0.229737205584,-0.617916512460,0.650000000000));
#1132=VERTEX_POINT('',#1131);
#1133=LINE('',#944,#703);
#1134=EDGE_CURVE('',#1127,#1132,#1133,.T.);
#1135=ORIENTED_EDGE('',*,*,#1134,.T.);
#1136=CARTESIAN_POINT('',(-0.300000000000,-0.577350269190,0.650000000000));
#1137=VERTEX_POINT('',#1136);
#1138=CARTESIAN_POINT('',(-0.325000000000,-0.562916512460,0.650000000000));
#1139=LINE('',#1138,#685);
#1140=EDGE_CURVE('',#1132,#1137,#1139,.T.);
#1141=ORIENTED_EDGE('',*,*,#1140,.T.);
#1142=CARTESIAN_POINT('',(-0.350000000000,-0.548482755730,0.650000000000));
#1143=VERTEX_POINT('',#1142);
#1144=LINE('',#1138,#685);
#1145=EDGE_CURVE('',#1137,#1143,#1144,.T.);
#1146=ORIENTED_EDGE('',*,*,#1145,.T.);
#1147=LINE('',#1138,#685);
#1148=EDGE_CURVE('',#1143,#1099,#1147,.T.);
#1149=ORIENTED_EDGE('',*,*,#1148,.T.);
#1150=EDGE_LOOP('',(#1104,#1109,#1114,#1120,#1125,#1130,#1135,#1141,#1146,#1149));
#1151=ORIENTED_EDGE('',*,*,#509,.F.);
#1152=CARTESIAN_POINT('',(-0.175000000000,0.303108891325,0.650000000000));
#1153=LINE('',#1152,#404);
#1154=EDGE_CURVE('',#499,#627,#1153,.T.);
#1155=ORIENTED_EDGE('',*,*,#1154,.T.);
#1156=ORIENTED_EDGE('',*,*,#629,.F.);
#1157=ORIENTED_EDGE('',*,*,#624,.F.);
#1158=ORIENTED_EDGE('',*,*,#619,.F.);
#1159=CARTESIAN_POINT('',(-0.350000000000,0.548482755730,0.650000000000));
#1160=VERTEX_POINT('',#1159);
#1161=CARTESIAN_POINT('',(-0.325000000000,0.562916512460,0.650000000000));
#1162=LINE('',#1161,#430);
#1163=EDGE_CURVE('',#611,#1160,#1162,.T.);
#1164=ORIENTED_EDGE('',*,*,#1163,.T.);
#1165=CARTESIAN_POINT('',(-0.300000000000,0.577350269190,0.650000000000));
#1166=VERTEX_POINT('',#1165);
#1167=LINE('',#1161,#430);
#1168=EDGE_CURVE('',#1160,#1166,#1167,.T.);
#1169=ORIENTED_EDGE('',*,*,#1168,.T.);
#1170=LINE('',#1161,#430);
#1171=EDGE_CURVE('',#1166,#517,#1170,.T.);
#1172=ORIENTED_EDGE('',*,*,#1171,.T.);
#1173=ORIENTED_EDGE('',*,*,#519,.F.);
#1174=ORIENTED_EDGE('',*,*,#514,.F.);
#1175=EDGE_LOOP('',(#1151,#1155,#1156,#1157,#1158,#1164,#1169,#1172,#1173,#1174));
#1176=ORIENTED_EDGE('',*,*,#328,.F.);
#1177=ORIENTED_EDGE('',*,*,#381,.F.);
#1178=ORIENTED_EDGE('',*,*,#378,.F.);
#1179=ORIENTED_EDGE('',*,*,#373,.F.);
#1180=ORIENTED_EDGE('',*,*,#368,.F.);
#1181=ORIENTED_EDGE('',*,*,#363,.F.);
#1182=ORIENTED_EDGE('',*,*,#358,.F.);
#1183=ORIENTED_EDGE('',*,*,#353,.F.);
#1184=ORIENTED_EDGE('',*,*,#348,.F.);
#1185=ORIENTED_EDGE('',*,*,#343,.F.);
#1186=ORIENTED_EDGE('',*,*,#338,.F.);
#1187=ORIENTED_EDGE('',*,*,#333,.F.);
#1188=EDGE_LOOP('',(#1176,#1177,#1178,#1179,#1180,#1181,#1182,#1183,#1184,#1185,#1186,#1187));
#1189=CARTESIAN_POINT('',(-0.046892556734,0.723481919693,0.650000000000));
#1190=VERTEX_POINT('',#1189);
#1191=CARTESIAN_POINT('',(-0.263040498898,0.675599508540,0.650000000000));
#1192=VERTEX_POINT('',#1191);
#1193=CIRCLE('',#326,0.725000000000);
#1194=EDGE_CURVE('',#1190,#1192,#1193,.T.);
#1195=ORIENTED_EDGE('',*,*,#1194,.T.);
#1196=CARTESIAN_POINT('',(-0.350000000000,0.634921254960,0.650000000000));
#1197=VERTEX_POINT('',#1196);
#1198=CIRCLE('',#326,0.725000000000);
#1199=EDGE_CURVE('',#1192,#1197,#1198,.T.);
#1200=ORIENTED_EDGE('',*,*,#1199,.T.);
#1201=CARTESIAN_POINT('',(-0.374857936198,0.620569518805,0.650000000000));
#1202=VERTEX_POINT('',#1201);
#1203=CIRCLE('',#326,0.725000000000);
#1204=EDGE_CURVE('',#1197,#1202,#1203,.T.);
#1205=ORIENTED_EDGE('',*,*,#1204,.T.);
#1206=CARTESIAN_POINT('',(-0.453566087731,0.565599508540,0.650000000000));
#1207=VERTEX_POINT('',#1206);
#1208=CIRCLE('',#326,0.725000000000);
#1209=EDGE_CURVE('',#1202,#1207,#1208,.T.);
#1210=ORIENTED_EDGE('',*,*,#1209,.T.);
#1211=CARTESIAN_POINT('',(-0.603107443266,0.402351105227,0.650000000000));
#1212=VERTEX_POINT('',#1211);
#1213=CIRCLE('',#326,0.725000000000);
#1214=EDGE_CURVE('',#1207,#1212,#1213,.T.);
#1215=ORIENTED_EDGE('',*,*,#1214,.T.);
#1216=CARTESIAN_POINT('',(-0.650000000000,0.321130814467,0.650000000000));
#1217=VERTEX_POINT('',#1216);
#1218=CIRCLE('',#326,0.725000000000);
#1219=EDGE_CURVE('',#1212,#1217,#1218,.T.);
#1220=ORIENTED_EDGE('',*,*,#1219,.T.);
#1221=CARTESIAN_POINT('',(-0.716606586629,0.110000000000,0.650000000000));
#1222=VERTEX_POINT('',#1221);
#1223=CIRCLE('',#326,0.725000000000);
#1224=EDGE_CURVE('',#1217,#1222,#1223,.T.);
#1225=ORIENTED_EDGE('',*,*,#1224,.T.);
#1226=CARTESIAN_POINT('',(-0.724857936198,0.014351736155,0.650000000000));
#1227=VERTEX_POINT('',#1226);
#1228=CIRCLE('',#326,0.725000000000);
#1229=EDGE_CURVE('',#1222,#1227,#1228,.T.);
#1230=ORIENTED_EDGE('',*,*,#1229,.T.);
#1231=CARTESIAN_POINT('',(-0.724857936198,-0.014351736155,0.650000000000));
#1232=VERTEX_POINT('',#1231);
#1233=CIRCLE('',#326,0.725000000000);
#1234=EDGE_CURVE('',#1227,#1232,#1233,.T.);
#1235=ORIENTED_EDGE('',*,*,#1234,.T.);
#1236=CARTESIAN_POINT('',(-0.716606586629,-0.110000000000,0.650000000000));
#1237=VERTEX_POINT('',#1236);
#1238=CIRCLE('',#326,0.725000000000);
#1239=EDGE_CURVE('',#1232,#1237,#1238,.T.);
#1240=ORIENTED_EDGE('',*,*,#1239,.T.);
#1241=CARTESIAN_POINT('',(-0.650000000000,-0.321130814467,0.650000000000));
#1242=VERTEX_POINT('',#1241);
#1243=CIRCLE('',#326,0.725000000000);
#1244=EDGE_CURVE('',#1237,#1242,#1243,.T.);
#1245=ORIENTED_EDGE('',*,*,#1244,.T.);
#1246=CARTESIAN_POINT('',(-0.603107443266,-0.402351105227,0.650000000000));
#1247=VERTEX_POINT('',#1246);
#1248=CIRCLE('',#326,0.725000000000);
#1249=EDGE_CURVE('',#1242,#1247,#1248,.T.);
#1250=ORIENTED_EDGE('',*,*,#1249,.T.);
#1251=CARTESIAN_POINT('',(-0.453566087731,-0.565599508540,0.650000000000));
#1252=VERTEX_POINT('',#1251);
#1253=CIRCLE('',#326,0.725000000000);
#1254=EDGE_CURVE('',#1247,#1252,#1253,.T.);
#1255=ORIENTED_EDGE('',*,*,#1254,.T.);
#1256=CARTESIAN_POINT('',(-0.374857936198,-0.620569518805,0.650000000000));
#1257=VERTEX_POINT('',#1256);
#1258=CIRCLE('',#326,0.725000000000);
#1259=EDGE_CURVE('',#1252,#1257,#1258,.T.);
#1260=ORIENTED_EDGE('',*,*,#1259,.T.);
#1261=CARTESIAN_POINT('',(-0.350000000000,-0.634921254960,0.650000000000));
#1262=VERTEX_POINT('',#1261);
#1263=CIRCLE('',#326,0.725000000000);
#1264=EDGE_CURVE('',#1257,#1262,#1263,.T.);
#1265=ORIENTED_EDGE('',*,*,#1264,.T.);
#1266=CARTESIAN_POINT('',(-0.263040498898,-0.675599508540,0.650000000000));
#1267=VERTEX_POINT('',#1266);
#1268=CIRCLE('',#326,0.725000000000);
#1269=EDGE_CURVE('',#1262,#1267,#1268,.T.);
#1270=ORIENTED_EDGE('',*,*,#1269,.T.);
#1271=CARTESIAN_POINT('',(-0.046892556734,-0.723481919693,0.650000000000));
#1272=VERTEX_POINT('',#1271);
#1273=CIRCLE('',#326,0.725000000000);
#1274=EDGE_CURVE('',#1267,#1272,#1273,.T.);
#1275=ORIENTED_EDGE('',*,*,#1274,.T.);
#1276=CARTESIAN_POINT('',(0.046892556734,-0.723481919693,0.650000000000));
#1277=VERTEX_POINT('',#1276);
#1278=CIRCLE('',#326,0.725000000000);
#1279=EDGE_CURVE('',#1272,#1277,#1278,.T.);
#1280=ORIENTED_EDGE('',*,*,#1279,.T.);
#1281=CARTESIAN_POINT('',(0.263040498898,-0.675599508540,0.650000000000));
#1282=VERTEX_POINT('',#1281);
#1283=CIRCLE('',#326,0.725000000000);
#1284=EDGE_CURVE('',#1277,#1282,#1283,.T.);
#1285=ORIENTED_EDGE('',*,*,#1284,.T.);
#1286=CARTESIAN_POINT('',(0.350000000000,-0.634921254960,0.650000000000));
#1287=VERTEX_POINT('',#1286);
#1288=CIRCLE('',#326,0.725000000000);
#1289=EDGE_CURVE('',#1282,#1287,#1288,.T.);
#1290=ORIENTED_EDGE('',*,*,#1289,.T.);
#1291=CARTESIAN_POINT('',(0.374857936198,-0.620569518805,0.650000000000));
#1292=VERTEX_POINT('',#1291);
#1293=CIRCLE('',#326,0.725000000000);
#1294=EDGE_CURVE('',#1287,#1292,#1293,.T.);
#1295=ORIENTED_EDGE('',*,*,#1294,.T.);
#1296=CARTESIAN_POINT('',(0.453566087731,-0.565599508540,0.650000000000));
#1297=VERTEX_POINT('',#1296);
#1298=CIRCLE('',#326,0.725000000000);
#1299=EDGE_CURVE('',#1292,#1297,#1298,.T.);
#1300=ORIENTED_EDGE('',*,*,#1299,.T.);
#1301=CARTESIAN_POINT('',(0.603107443266,-0.402351105227,0.650000000000));
#1302=VERTEX_POINT('',#1301);
#1303=CIRCLE('',#326,0.725000000000);
#1304=EDGE_CURVE('',#1297,#1302,#1303,.T.);
#1305=ORIENTED_EDGE('',*,*,#1304,.T.);
#1306=CARTESIAN_POINT('',(0.650000000000,-0.321130814467,0.650000000000));
#1307=VERTEX_POINT('',#1306);
#1308=CIRCLE('',#326,0.725000000000);
#1309=EDGE_CURVE('',#1302,#1307,#1308,.T.);
#1310=ORIENTED_EDGE('',*,*,#1309,.T.);
#1311=CARTESIAN_POINT('',(0.716606586629,-0.110000000000,0.650000000000));
#1312=VERTEX_POINT('',#1311);
#1313=CIRCLE('',#326,0.725000000000);
#1314=EDGE_CURVE('',#1307,#1312,#1313,.T.);
#1315=ORIENTED_EDGE('',*,*,#1314,.T.);
#1316=CARTESIAN_POINT('',(0.724857936198,-0.014351736155,0.650000000000));
#1317=VERTEX_POINT('',#1316);
#1318=CIRCLE('',#326,0.725000000000);
#1319=EDGE_CURVE('',#1312,#1317,#1318,.T.);
#1320=ORIENTED_EDGE('',*,*,#1319,.T.);
#1321=CARTESIAN_POINT('',(0.724857936198,0.014351736155,0.650000000000));
#1322=VERTEX_POINT('',#1321);
#1323=CIRCLE('',#326,0.725000000000);
#1324=EDGE_CURVE('',#1317,#1322,#1323,.T.);
#1325=ORIENTED_EDGE('',*,*,#1324,.T.);
#1326=CARTESIAN_POINT('',(0.716606586629,0.110000000000,0.650000000000));
#1327=VERTEX_POINT('',#1326);
#1328=CIRCLE('',#326,0.725000000000);
#1329=EDGE_CURVE('',#1322,#1327,#1328,.T.);
#1330=ORIENTED_EDGE('',*,*,#1329,.T.);
#1331=CARTESIAN_POINT('',(0.650000000000,0.321130814467,0.650000000000));
#1332=VERTEX_POINT('',#1331);
#1333=CIRCLE('',#326,0.725000000000);
#1334=EDGE_CURVE('',#1327,#1332,#1333,.T.);
#1335=ORIENTED_EDGE('',*,*,#1334,.T.);
#1336=CARTESIAN_POINT('',(0.603107443266,0.402351105227,0.650000000000));
#1337=VERTEX_POINT('',#1336);
#1338=CIRCLE('',#326,0.725000000000);
#1339=EDGE_CURVE('',#1332,#1337,#1338,.T.);
#1340=ORIENTED_EDGE('',*,*,#1339,.T.);
#1341=CARTESIAN_POINT('',(0.453566087731,0.565599508540,0.650000000000));
#1342=VERTEX_POINT('',#1341);
#1343=CIRCLE('',#326,0.725000000000);
#1344=EDGE_CURVE('',#1337,#1342,#1343,.T.);
#1345=ORIENTED_EDGE('',*,*,#1344,.T.);
#1346=CARTESIAN_POINT('',(0.374857936198,0.620569518805,0.650000000000));
#1347=VERTEX_POINT('',#1346);
#1348=CIRCLE('',#326,0.725000000000);
#1349=EDGE_CURVE('',#1342,#1347,#1348,.T.);
#1350=ORIENTED_EDGE('',*,*,#1349,.T.);
#1351=CARTESIAN_POINT('',(0.350000000000,0.634921254960,0.650000000000));
#1352=VERTEX_POINT('',#1351);
#1353=CIRCLE('',#326,0.725000000000);
#1354=EDGE_CURVE('',#1347,#1352,#1353,.T.);
#1355=ORIENTED_EDGE('',*,*,#1354,.T.);
#1356=CARTESIAN_POINT('',(0.263040498898,0.675599508540,0.650000000000));
#1357=VERTEX_POINT('',#1356);
#1358=CIRCLE('',#326,0.725000000000);
#1359=EDGE_CURVE('',#1352,#1357,#1358,.T.);
#1360=ORIENTED_EDGE('',*,*,#1359,.T.);
#1361=CARTESIAN_POINT('',(0.046892556734,0.723481919693,0.650000000000));
#1362=VERTEX_POINT('',#1361);
#1363=CIRCLE('',#326,0.725000000000);
#1364=EDGE_CURVE('',#1357,#1362,#1363,.T.);
#1365=ORIENTED_EDGE('',*,*,#1364,.T.);
#1366=CIRCLE('',#326,0.725000000000);
#1367=EDGE_CURVE('',#1362,#1190,#1366,.T.);
#1368=ORIENTED_EDGE('',*,*,#1367,.T.);
#1369=EDGE_LOOP('',(#1195,#1200,#1205,#1210,#1215,#1220,#1225,#1230,#1235,#1240,#1245,#1250,#1255,#1260,#1265,#1270,#1275,#1280,#1285,#1290,#1295,#1300,#1305,#1310,#1315,#1320,#1325,#1330,#1335,#1340,#1345,#1350,#1355,#1360,#1365,#1368));
#1370=FACE_BOUND('',#978,.T.);
#1371=FACE_BOUND('',#989,.T.);
#1372=FACE_BOUND('',#1044,.T.);
#1373=FACE_BOUND('',#1097,.T.);
#1374=FACE_BOUND('',#1150,.T.);
#1375=FACE_BOUND('',#1175,.T.);
#1376=FACE_BOUND('',#1188,.T.);
#1377=FACE_OUTER_BOUND('',#1369,.T.);
#1378=ADVANCED_FACE('',(#1370,#1371,#1372,#1373,#1374,#1375,#1376,#1377),#923,.F.);
#1379=CARTESIAN_POINT('',(0.650000000000,0.000000000000,0.000000000000));
#1380=AXIS2_PLACEMENT_3D('',#1379,#790,#2);
#1381=PLANE('',#1380);
#1382=ORIENTED_EDGE('',*,*,#749,.F.);
#1383=CARTESIAN_POINT('',(0.650000000000,-0.110000000000,0.000000000000));
#1384=LINE('',#1383,#422);
#1385=EDGE_CURVE('',#743,#1059,#1384,.T.);
#1386=ORIENTED_EDGE('',*,*,#1385,.T.);
#1387=ORIENTED_EDGE('',*,*,#1061,.F.);
#1388=ORIENTED_EDGE('',*,*,#1056,.F.);
#1389=ORIENTED_EDGE('',*,*,#1051,.F.);
#1390=CARTESIAN_POINT('',(0.650000000000,0.110000000000,0.000000000000));
#1391=LINE('',#1390,#397);
#1392=EDGE_CURVE('',#1046,#757,#1391,.T.);
#1393=ORIENTED_EDGE('',*,*,#1392,.T.);
#1394=ORIENTED_EDGE('',*,*,#759,.F.);
#1395=ORIENTED_EDGE('',*,*,#754,.F.);
#1396=EDGE_LOOP('',(#1382,#1386,#1387,#1388,#1389,#1393,#1394,#1395));
#1397=FACE_OUTER_BOUND('',#1396,.T.);
#1398=ADVANCED_FACE('',(#1397),#1381,.T.);
#1399=CARTESIAN_POINT('',(0.350000000000,0.000000000000,0.000000000000));
#1400=AXIS2_PLACEMENT_3D('',#1399,#764,#421);
#1401=PLANE('',#1400);
#1402=ORIENTED_EDGE('',*,*,#785,.F.);
#1403=CARTESIAN_POINT('',(0.350000000000,0.110000000000,0.000000000000));
#1404=LINE('',#1403,#422);
#1405=EDGE_CURVE('',#775,#1079,#1404,.T.);
#1406=ORIENTED_EDGE('',*,*,#1405,.T.);
#1407=ORIENTED_EDGE('',*,*,#1082,.F.);
#1408=CARTESIAN_POINT('',(0.350000000000,-0.110000000000,0.000000000000));
#1409=LINE('',#1408,#397);
#1410=EDGE_CURVE('',#1074,#780,#1409,.T.);
#1411=ORIENTED_EDGE('',*,*,#1410,.T.);
#1412=EDGE_LOOP('',(#1402,#1406,#1407,#1411));
#1413=FACE_OUTER_BOUND('',#1412,.T.);
#1414=ADVANCED_FACE('',(#1413),#1401,.T.);
#1415=CARTESIAN_POINT('',(0.000000000000,0.110000000000,0.000000000000));
#1416=AXIS2_PLACEMENT_3D('',#1415,#3,#421);
#1417=PLANE('',#1416);
#1418=ORIENTED_EDGE('',*,*,#767,.F.);
#1419=ORIENTED_EDGE('',*,*,#1392,.F.);
#1420=ORIENTED_EDGE('',*,*,#1095,.F.);
#1421=ORIENTED_EDGE('',*,*,#1092,.F.);
#1422=ORIENTED_EDGE('',*,*,#1087,.F.);
#1423=ORIENTED_EDGE('',*,*,#1405,.F.);
#1424=ORIENTED_EDGE('',*,*,#777,.F.);
#1425=ORIENTED_EDGE('',*,*,#772,.F.);
#1426=EDGE_LOOP('',(#1418,#1419,#1420,#1421,#1422,#1423,#1424,#1425));
#1427=ORIENTED_EDGE('',*,*,#809,.F.);
#1428=CARTESIAN_POINT('',(-0.350000000000,0.110000000000,0.000000000000));
#1429=LINE('',#1428,#422);
#1430=EDGE_CURVE('',#805,#1004,#1429,.T.);
#1431=ORIENTED_EDGE('',*,*,#1430,.T.);
#1432=ORIENTED_EDGE('',*,*,#1006,.F.);
#1433=ORIENTED_EDGE('',*,*,#1001,.F.);
#1434=ORIENTED_EDGE('',*,*,#996,.F.);
#1435=CARTESIAN_POINT('',(-0.650000000000,0.110000000000,0.000000000000));
#1436=LINE('',#1435,#397);
#1437=EDGE_CURVE('',#991,#817,#1436,.T.);
#1438=ORIENTED_EDGE('',*,*,#1437,.T.);
#1439=ORIENTED_EDGE('',*,*,#819,.F.);
#1440=ORIENTED_EDGE('',*,*,#814,.F.);
#1441=EDGE_LOOP('',(#1427,#1431,#1432,#1433,#1434,#1438,#1439,#1440));
#1442=FACE_OUTER_BOUND('',#1426,.T.);
#1443=ADVANCED_FACE('',(#1442),#1417,.T.);
#1444=FACE_OUTER_BOUND('',#1441,.T.);
#1445=ADVANCED_FACE('',(#1444),#1417,.T.);
#1446=CARTESIAN_POINT('',(0.000000000000,-0.110000000000,0.000000000000));
#1447=AXIS2_PLACEMENT_3D('',#1446,#782,#2);
#1448=PLANE('',#1447);
#1449=ORIENTED_EDGE('',*,*,#840,.F.);
#1450=CARTESIAN_POINT('',(-0.650000000000,-0.110000000000,0.000000000000));
#1451=LINE('',#1450,#422);
#1452=EDGE_CURVE('',#833,#1026,#1451,.T.);
#1453=ORIENTED_EDGE('',*,*,#1452,.T.);
#1454=ORIENTED_EDGE('',*,*,#1028,.F.);
#1455=ORIENTED_EDGE('',*,*,#1023,.F.);
#1456=ORIENTED_EDGE('',*,*,#1018,.F.);
#1457=CARTESIAN_POINT('',(-0.350000000000,-0.110000000000,0.000000000000));
#1458=LINE('',#1457,#397);
#1459=EDGE_CURVE('',#1009,#848,#1458,.T.);
#1460=ORIENTED_EDGE('',*,*,#1459,.T.);
#1461=ORIENTED_EDGE('',*,*,#850,.F.);
#1462=ORIENTED_EDGE('',*,*,#845,.F.);
#1463=EDGE_LOOP('',(#1449,#1453,#1454,#1455,#1456,#1460,#1461,#1462));
#1464=ORIENTED_EDGE('',*,*,#793,.F.);
#1465=ORIENTED_EDGE('',*,*,#1410,.F.);
#1466=ORIENTED_EDGE('',*,*,#1076,.F.);
#1467=ORIENTED_EDGE('',*,*,#1071,.F.);
#1468=ORIENTED_EDGE('',*,*,#1066,.F.);
#1469=ORIENTED_EDGE('',*,*,#1385,.F.);
#1470=ORIENTED_EDGE('',*,*,#801,.F.);
#1471=ORIENTED_EDGE('',*,*,#798,.F.);
#1472=EDGE_LOOP('',(#1464,#1465,#1466,#1467,#1468,#1469,#1470,#1471));
#1473=FACE_OUTER_BOUND('',#1463,.T.);
#1474=ADVANCED_FACE('',(#1473),#1448,.T.);
#1475=FACE_OUTER_BOUND('',#1472,.T.);
#1476=ADVANCED_FACE('',(#1475),#1448,.T.);
#1477=CARTESIAN_POINT('',(-0.650000000000,0.000000000000,0.000000000000));
#1478=AXIS2_PLACEMENT_3D('',#1477,#764,#3);
#1479=PLANE('',#1478);
#1480=ORIENTED_EDGE('',*,*,#825,.F.);
#1481=ORIENTED_EDGE('',*,*,#1437,.F.);
#1482=ORIENTED_EDGE('',*,*,#1042,.F.);
#1483=ORIENTED_EDGE('',*,*,#1039,.F.);
#1484=ORIENTED_EDGE('',*,*,#1034,.F.);
#1485=ORIENTED_EDGE('',*,*,#1452,.F.);
#1486=ORIENTED_EDGE('',*,*,#835,.F.);
#1487=ORIENTED_EDGE('',*,*,#830,.F.);
#1488=EDGE_LOOP('',(#1480,#1481,#1482,#1483,#1484,#1485,#1486,#1487));
#1489=FACE_OUTER_BOUND('',#1488,.T.);
#1490=ADVANCED_FACE('',(#1489),#1479,.T.);
#1491=CARTESIAN_POINT('',(-0.350000000000,0.000000000000,0.000000000000));
#1492=AXIS2_PLACEMENT_3D('',#1491,#790,#782);
#1493=PLANE('',#1492);
#1494=ORIENTED_EDGE('',*,*,#854,.F.);
#1495=ORIENTED_EDGE('',*,*,#1459,.F.);
#1496=ORIENTED_EDGE('',*,*,#1012,.F.);
#1497=ORIENTED_EDGE('',*,*,#1430,.F.);
#1498=EDGE_LOOP('',(#1494,#1495,#1496,#1497));
#1499=FACE_OUTER_BOUND('',#1498,.T.);
#1500=ADVANCED_FACE('',(#1499),#1493,.T.);
#1501=CARTESIAN_POINT('',(0.000000000000,0.000000000000,-0.500000000000));
#1502=AXIS2_PLACEMENT_3D('',#1501,#2,#3);
#1503=CYLINDRICAL_SURFACE('',#1502,0.725000000000);
#1504=CARTESIAN_POINT('',(-0.046892556734,0.723481919693,0.350000000000));
#1505=VERTEX_POINT('',#1504);
#1506=CARTESIAN_POINT('',(-0.263040498898,0.675599508540,0.350000000000));
#1507=VERTEX_POINT('',#1506);
#1508=CIRCLE('',#11,0.725000000000);
#1509=EDGE_CURVE('',#1505,#1507,#1508,.T.);
#1510=ORIENTED_EDGE('',*,*,#1509,.T.);
#1511=CARTESIAN_POINT('',(-0.350000000000,0.634921254960,0.350000000000));
#1512=VERTEX_POINT('',#1511);
#1513=CIRCLE('',#11,0.725000000000);
#1514=EDGE_CURVE('',#1507,#1512,#1513,.T.);
#1515=ORIENTED_EDGE('',*,*,#1514,.T.);
#1516=CARTESIAN_POINT('',(-0.374857936198,0.620569518805,0.350000000000));
#1517=VERTEX_POINT('',#1516);
#1518=CIRCLE('',#11,0.725000000000);
#1519=EDGE_CURVE('',#1512,#1517,#1518,.T.);
#1520=ORIENTED_EDGE('',*,*,#1519,.T.);
#1521=CARTESIAN_POINT('',(-0.453566087731,0.565599508540,0.350000000000));
#1522=VERTEX_POINT('',#1521);
#1523=CIRCLE('',#11,0.725000000000);
#1524=EDGE_CURVE('',#1517,#1522,#1523,.T.);
#1525=ORIENTED_EDGE('',*,*,#1524,.T.);
#1526=CARTESIAN_POINT('',(-0.603107443266,0.402351105227,0.350000000000));
#1527=VERTEX_POINT('',#1526);
#1528=CIRCLE('',#11,0.725000000000);
#1529=EDGE_CURVE('',#1522,#1527,#1528,.T.);
#1530=ORIENTED_EDGE('',*,*,#1529,.T.);
#1531=CARTESIAN_POINT('',(-0.650000000000,0.321130814467,0.350000000000));
#1532=VERTEX_POINT('',#1531);
#1533=CIRCLE('',#11,0.725000000000);
#1534=EDGE_CURVE('',#1527,#1532,#1533,.T.);
#1535=ORIENTED_EDGE('',*,*,#1534,.T.);
#1536=CARTESIAN_POINT('',(-0.716606586629,0.110000000000,0.350000000000));
#1537=VERTEX_POINT('',#1536);
#1538=CIRCLE('',#11,0.725000000000);
#1539=EDGE_CURVE('',#1532,#1537,#1538,.T.);
#1540=ORIENTED_EDGE('',*,*,#1539,.T.);
#1541=CARTESIAN_POINT('',(-0.724857936198,0.014351736155,0.350000000000));
#1542=VERTEX_POINT('',#1541);
#1543=CIRCLE('',#11,0.725000000000);
#1544=EDGE_CURVE('',#1537,#1542,#1543,.T.);
#1545=ORIENTED_EDGE('',*,*,#1544,.T.);
#1546=CARTESIAN_POINT('',(-0.724857936198,-0.014351736155,0.350000000000));
#1547=VERTEX_POINT('',#1546);
#1548=CIRCLE('',#11,0.725000000000);
#1549=EDGE_CURVE('',#1542,#1547,#1548,.T.);
#1550=ORIENTED_EDGE('',*,*,#1549,.T.);
#1551=CARTESIAN_POINT('',(-0.716606586629,-0.110000000000,0.350000000000));
#1552=VERTEX_POINT('',#1551);
#1553=CIRCLE('',#11,0.725000000000);
#1554=EDGE_CURVE('',#1547,#1552,#1553,.T.);
#1555=ORIENTED_EDGE('',*,*,#1554,.T.);
#1556=CARTESIAN_POINT('',(-0.650000000000,-0.321130814467,0.350000000000));
#1557=VERTEX_POINT('',#1556);
#1558=CIRCLE('',#11,0.725000000000);
#1559=EDGE_CURVE('',#1552,#1557,#1558,.T.);
#1560=ORIENTED_EDGE('',*,*,#1559,.T.);
#1561=CARTESIAN_POINT('',(-0.603107443266,-0.402351105227,0.350000000000));
#1562=VERTEX_POINT('',#1561);
#1563=CIRCLE('',#11,0.725000000000);
#1564=EDGE_CURVE('',#1557,#1562,#1563,.T.);
#1565=ORIENTED_EDGE('',*,*,#1564,.T.);
#1566=CARTESIAN_POINT('',(-0.453566087731,-0.565599508540,0.350000000000));
#1567=VERTEX_POINT('',#1566);
#1568=CIRCLE('',#11,0.725000000000);
#1569=EDGE_CURVE('',#1562,#1567,#1568,.T.);
#1570=ORIENTED_EDGE('',*,*,#1569,.T.);
#1571=CARTESIAN_POINT('',(-0.374857936198,-0.620569518805,0.350000000000));
#1572=VERTEX_POINT('',#1571);
#1573=CIRCLE('',#11,0.725000000000);
#1574=EDGE_CURVE('',#1567,#1572,#1573,.T.);
#1575=ORIENTED_EDGE('',*,*,#1574,.T.);
#1576=CARTESIAN_POINT('',(-0.350000000000,-0.634921254960,0.350000000000));
#1577=VERTEX_POINT('',#1576);
#1578=CIRCLE('',#11,0.725000000000);
#1579=EDGE_CURVE('',#1572,#1577,#1578,.T.);
#1580=ORIENTED_EDGE('',*,*,#1579,.T.);
#1581=CARTESIAN_POINT('',(-0.263040498898,-0.675599508540,0.350000000000));
#1582=VERTEX_POINT('',#1581);
#1583=CIRCLE('',#11,0.725000000000);
#1584=EDGE_CURVE('',#1577,#1582,#1583,.T.);
#1585=ORIENTED_EDGE('',*,*,#1584,.T.);
#1586=CARTESIAN_POINT('',(-0.046892556734,-0.723481919693,0.350000000000));
#1587=VERTEX_POINT('',#1586);
#1588=CIRCLE('',#11,0.725000000000);
#1589=EDGE_CURVE('',#1582,#1587,#1588,.T.);
#1590=ORIENTED_EDGE('',*,*,#1589,.T.);
#1591=CARTESIAN_POINT('',(0.046892556734,-0.723481919693,0.350000000000));
#1592=VERTEX_POINT('',#1591);
#1593=CIRCLE('',#11,0.725000000000);
#1594=EDGE_CURVE('',#1587,#1592,#1593,.T.);
#1595=ORIENTED_EDGE('',*,*,#1594,.T.);
#1596=CARTESIAN_POINT('',(0.263040498898,-0.675599508540,0.350000000000));
#1597=VERTEX_POINT('',#1596);
#1598=CIRCLE('',#11,0.725000000000);
#1599=EDGE_CURVE('',#1592,#1597,#1598,.T.);
#1600=ORIENTED_EDGE('',*,*,#1599,.T.);
#1601=CARTESIAN_POINT('',(0.350000000000,-0.634921254960,0.350000000000));
#1602=VERTEX_POINT('',#1601);
#1603=CIRCLE('',#11,0.725000000000);
#1604=EDGE_CURVE('',#1597,#1602,#1603,.T.);
#1605=ORIENTED_EDGE('',*,*,#1604,.T.);
#1606=CARTESIAN_POINT('',(0.374857936198,-0.620569518805,0.350000000000));
#1607=VERTEX_POINT('',#1606);
#1608=CIRCLE('',#11,0.725000000000);
#1609=EDGE_CURVE('',#1602,#1607,#1608,.T.);
#1610=ORIENTED_EDGE('',*,*,#1609,.T.);
#1611=CARTESIAN_POINT('',(0.453566087731,-0.565599508540,0.350000000000));
#1612=VERTEX_POINT('',#1611);
#1613=CIRCLE('',#11,0.725000000000);
#1614=EDGE_CURVE('',#1607,#1612,#1613,.T.);
#1615=ORIENTED_EDGE('',*,*,#1614,.T.);
#1616=CARTESIAN_POINT('',(0.603107443266,-0.402351105227,0.350000000000));
#1617=VERTEX_POINT('',#1616);
#1618=CIRCLE('',#11,0.725000000000);
#1619=EDGE_CURVE('',#1612,#1617,#1618,.T.);
#1620=ORIENTED_EDGE('',*,*,#1619,.T.);
#1621=CARTESIAN_POINT('',(0.650000000000,-0.321130814467,0.350000000000));
#1622=VERTEX_POINT('',#1621);
#1623=CIRCLE('',#11,0.725000000000);
#1624=EDGE_CURVE('',#1617,#1622,#1623,.T.);
#1625=ORIENTED_EDGE('',*,*,#1624,.T.);
#1626=CARTESIAN_POINT('',(0.716606586629,-0.110000000000,0.350000000000));
#1627=VERTEX_POINT('',#1626);
#1628=CIRCLE('',#11,0.725000000000);
#1629=EDGE_CURVE('',#1622,#1627,#1628,.T.);
#1630=ORIENTED_EDGE('',*,*,#1629,.T.);
#1631=CARTESIAN_POINT('',(0.724857936198,-0.014351736155,0.350000000000));
#1632=VERTEX_POINT('',#1631);
#1633=CIRCLE('',#11,0.725000000000);
#1634=EDGE_CURVE('',#1627,#1632,#1633,.T.);
#1635=ORIENTED_EDGE('',*,*,#1634,.T.);
#1636=CARTESIAN_POINT('',(0.724857936198,0.014351736155,0.350000000000));
#1637=VERTEX_POINT('',#1636);
#1638=CIRCLE('',#11,0.725000000000);
#1639=EDGE_CURVE('',#1632,#1637,#1638,.T.);
#1640=ORIENTED_EDGE('',*,*,#1639,.T.);
#1641=CARTESIAN_POINT('',(0.716606586629,0.110000000000,0.350000000000));
#1642=VERTEX_POINT('',#1641);
#1643=CIRCLE('',#11,0.725000000000);
#1644=EDGE_CURVE('',#1637,#1642,#1643,.T.);
#1645=ORIENTED_EDGE('',*,*,#1644,.T.);
#1646=CARTESIAN_POINT('',(0.650000000000,0.321130814467,0.350000000000));
#1647=VERTEX_POINT('',#1646);
#1648=CIRCLE('',#11,0.725000000000);
#1649=EDGE_CURVE('',#1642,#1647,#1648,.T.);
#1650=ORIENTED_EDGE('',*,*,#1649,.T.);
#1651=CARTESIAN_POINT('',(0.603107443266,0.402351105227,0.350000000000));
#1652=VERTEX_POINT('',#1651);
#1653=CIRCLE('',#11,0.725000000000);
#1654=EDGE_CURVE('',#1647,#1652,#1653,.T.);
#1655=ORIENTED_EDGE('',*,*,#1654,.T.);
#1656=CARTESIAN_POINT('',(0.453566087731,0.565599508540,0.350000000000));
#1657=VERTEX_POINT('',#1656);
#1658=CIRCLE('',#11,0.725000000000);
#1659=EDGE_CURVE('',#1652,#1657,#1658,.T.);
#1660=ORIENTED_EDGE('',*,*,#1659,.T.);
#1661=CARTESIAN_POINT('',(0.374857936198,0.620569518805,0.350000000000));
#1662=VERTEX_POINT('',#1661);
#1663=CIRCLE('',#11,0.725000000000);
#1664=EDGE_CURVE('',#1657,#1662,#1663,.T.);
#1665=ORIENTED_EDGE('',*,*,#1664,.T.);
#1666=CARTESIAN_POINT('',(0.350000000000,0.634921254960,0.350000000000));
#1667=VERTEX_POINT('',#1666);
#1668=CIRCLE('',#11,0.725000000000);
#1669=EDGE_CURVE('',#1662,#1667,#1668,.T.);
#1670=ORIENTED_EDGE('',*,*,#1669,.T.);
#1671=CARTESIAN_POINT('',(0.263040498898,0.675599508540,0.350000000000));
#1672=VERTEX_POINT('',#1671);
#1673=CIRCLE('',#11,0.725000000000);
#1674=EDGE_CURVE('',#1667,#1672,#1673,.T.);
#1675=ORIENTED_EDGE('',*,*,#1674,.T.);
#1676=CARTESIAN_POINT('',(0.046892556734,0.723481919693,0.350000000000));
#1677=VERTEX_POINT('',#1676);
#1678=CIRCLE('',#11,0.725000000000);
#1679=EDGE_CURVE('',#1672,#1677,#1678,.T.);
#1680=ORIENTED_EDGE('',*,*,#1679,.T.);
#1681=CIRCLE('',#11,0.725000000000);
#1682=EDGE_CURVE('',#1677,#1505,#1681,.T.);
#1683=ORIENTED_EDGE('',*,*,#1682,.T.);
#1684=EDGE_LOOP('',(#1510,#1515,#1520,#1525,#1530,#1535,#1540,#1545,#1550,#1555,#1560,#1565,#1570,#1575,#1580,#1585,#1590,#1595,#1600,#1605,#1610,#1615,#1620,#1625,#1630,#1635,#1640,#1645,#1650,#1655,#1660,#1665,#1670,#1675,#1680,#1683));
#1685=CARTESIAN_POINT('',(-0.046892556734,0.723481919693,-0.350000000000));
#1686=VERTEX_POINT('',#1685);
#1687=CARTESIAN_POINT('',(-0.263040498898,0.675599508540,-0.350000000000));
#1688=VERTEX_POINT('',#1687);
#1689=CIRCLE('',#134,0.725000000000);
#1690=EDGE_CURVE('',#1686,#1688,#1689,.T.);
#1691=ORIENTED_EDGE('',*,*,#1690,.F.);
#1692=CARTESIAN_POINT('',(0.046892556734,0.723481919693,-0.350000000000));
#1693=VERTEX_POINT('',#1692);
#1694=CIRCLE('',#134,0.725000000000);
#1695=EDGE_CURVE('',#1693,#1686,#1694,.T.);
#1696=ORIENTED_EDGE('',*,*,#1695,.F.);
#1697=CARTESIAN_POINT('',(0.263040498898,0.675599508540,-0.350000000000));
#1698=VERTEX_POINT('',#1697);
#1699=CIRCLE('',#134,0.725000000000);
#1700=EDGE_CURVE('',#1698,#1693,#1699,.T.);
#1701=ORIENTED_EDGE('',*,*,#1700,.F.);
#1702=CARTESIAN_POINT('',(0.350000000000,0.634921254960,-0.350000000000));
#1703=VERTEX_POINT('',#1702);
#1704=CIRCLE('',#134,0.725000000000);
#1705=EDGE_CURVE('',#1703,#1698,#1704,.T.);
#1706=ORIENTED_EDGE('',*,*,#1705,.F.);
#1707=CARTESIAN_POINT('',(0.374857936198,0.620569518805,-0.350000000000));
#1708=VERTEX_POINT('',#1707);
#1709=CIRCLE('',#134,0.725000000000);
#1710=EDGE_CURVE('',#1708,#1703,#1709,.T.);
#1711=ORIENTED_EDGE('',*,*,#1710,.F.);
#1712=CARTESIAN_POINT('',(0.453566087731,0.565599508540,-0.350000000000));
#1713=VERTEX_POINT('',#1712);
#1714=CIRCLE('',#134,0.725000000000);
#1715=EDGE_CURVE('',#1713,#1708,#1714,.T.);
#1716=ORIENTED_EDGE('',*,*,#1715,.F.);
#1717=CARTESIAN_POINT('',(0.603107443266,0.402351105227,-0.350000000000));
#1718=VERTEX_POINT('',#1717);
#1719=CIRCLE('',#134,0.725000000000);
#1720=EDGE_CURVE('',#1718,#1713,#1719,.T.);
#1721=ORIENTED_EDGE('',*,*,#1720,.F.);
#1722=CARTESIAN_POINT('',(0.650000000000,0.321130814467,-0.350000000000));
#1723=VERTEX_POINT('',#1722);
#1724=CIRCLE('',#134,0.725000000000);
#1725=EDGE_CURVE('',#1723,#1718,#1724,.T.);
#1726=ORIENTED_EDGE('',*,*,#1725,.F.);
#1727=CARTESIAN_POINT('',(0.716606586629,0.110000000000,-0.350000000000));
#1728=VERTEX_POINT('',#1727);
#1729=CIRCLE('',#134,0.725000000000);
#1730=EDGE_CURVE('',#1728,#1723,#1729,.T.);
#1731=ORIENTED_EDGE('',*,*,#1730,.F.);
#1732=CARTESIAN_POINT('',(0.724857936198,0.014351736155,-0.350000000000));
#1733=VERTEX_POINT('',#1732);
#1734=CIRCLE('',#134,0.725000000000);
#1735=EDGE_CURVE('',#1733,#1728,#1734,.T.);
#1736=ORIENTED_EDGE('',*,*,#1735,.F.);
#1737=CARTESIAN_POINT('',(0.724857936198,-0.014351736155,-0.350000000000));
#1738=VERTEX_POINT('',#1737);
#1739=CIRCLE('',#134,0.725000000000);
#1740=EDGE_CURVE('',#1738,#1733,#1739,.T.);
#1741=ORIENTED_EDGE('',*,*,#1740,.F.);
#1742=CARTESIAN_POINT('',(0.716606586629,-0.110000000000,-0.350000000000));
#1743=VERTEX_POINT('',#1742);
#1744=CIRCLE('',#134,0.725000000000);
#1745=EDGE_CURVE('',#1743,#1738,#1744,.T.);
#1746=ORIENTED_EDGE('',*,*,#1745,.F.);
#1747=CARTESIAN_POINT('',(0.650000000000,-0.321130814467,-0.350000000000));
#1748=VERTEX_POINT('',#1747);
#1749=CIRCLE('',#134,0.725000000000);
#1750=EDGE_CURVE('',#1748,#1743,#1749,.T.);
#1751=ORIENTED_EDGE('',*,*,#1750,.F.);
#1752=CARTESIAN_POINT('',(0.603107443266,-0.402351105227,-0.350000000000));
#1753=VERTEX_POINT('',#1752);
#1754=CIRCLE('',#134,0.725000000000);
#1755=EDGE_CURVE('',#1753,#1748,#1754,.T.);
#1756=ORIENTED_EDGE('',*,*,#1755,.F.);
#1757=CARTESIAN_POINT('',(0.453566087731,-0.565599508540,-0.350000000000));
#1758=VERTEX_POINT('',#1757);
#1759=CIRCLE('',#134,0.725000000000);
#1760=EDGE_CURVE('',#1758,#1753,#1759,.T.);
#1761=ORIENTED_EDGE('',*,*,#1760,.F.);
#1762=CARTESIAN_POINT('',(0.374857936198,-0.620569518805,-0.350000000000));
#1763=VERTEX_POINT('',#1762);
#1764=CIRCLE('',#134,0.725000000000);
#1765=EDGE_CURVE('',#1763,#1758,#1764,.T.);
#1766=ORIENTED_EDGE('',*,*,#1765,.F.);
#1767=CARTESIAN_POINT('',(0.350000000000,-0.634921254960,-0.350000000000));
#1768=VERTEX_POINT('',#1767);
#1769=CIRCLE('',#134,0.725000000000);
#1770=EDGE_CURVE('',#1768,#1763,#1769,.T.);
#1771=ORIENTED_EDGE('',*,*,#1770,.F.);
#1772=CARTESIAN_POINT('',(0.263040498898,-0.675599508540,-0.350000000000));
#1773=VERTEX_POINT('',#1772);
#1774=CIRCLE('',#134,0.725000000000);
#1775=EDGE_CURVE('',#1773,#1768,#1774,.T.);
#1776=ORIENTED_EDGE('',*,*,#1775,.F.);
#1777=CARTESIAN_POINT('',(0.046892556734,-0.723481919693,-0.350000000000));
#1778=VERTEX_POINT('',#1777);
#1779=CIRCLE('',#134,0.725000000000);
#1780=EDGE_CURVE('',#1778,#1773,#1779,.T.);
#1781=ORIENTED_EDGE('',*,*,#1780,.F.);
#1782=CARTESIAN_POINT('',(-0.046892556734,-0.723481919693,-0.350000000000));
#1783=VERTEX_POINT('',#1782);
#1784=CIRCLE('',#134,0.725000000000);
#1785=EDGE_CURVE('',#1783,#1778,#1784,.T.);
#1786=ORIENTED_EDGE('',*,*,#1785,.F.);
#1787=CARTESIAN_POINT('',(-0.263040498898,-0.675599508540,-0.350000000000));
#1788=VERTEX_POINT('',#1787);
#1789=CIRCLE('',#134,0.725000000000);
#1790=EDGE_CURVE('',#1788,#1783,#1789,.T.);
#1791=ORIENTED_EDGE('',*,*,#1790,.F.);
#1792=CARTESIAN_POINT('',(-0.350000000000,-0.634921254960,-0.350000000000));
#1793=VERTEX_POINT('',#1792);
#1794=CIRCLE('',#134,0.725000000000);
#1795=EDGE_CURVE('',#1793,#1788,#1794,.T.);
#1796=ORIENTED_EDGE('',*,*,#1795,.F.);
#1797=CARTESIAN_POINT('',(-0.374857936198,-0.620569518805,-0.350000000000));
#1798=VERTEX_POINT('',#1797);
#1799=CIRCLE('',#134,0.725000000000);
#1800=EDGE_CURVE('',#1798,#1793,#1799,.T.);
#1801=ORIENTED_EDGE('',*,*,#1800,.F.);
#1802=CARTESIAN_POINT('',(-0.453566087731,-0.565599508540,-0.350000000000));
#1803=VERTEX_POINT('',#1802);
#1804=CIRCLE('',#134,0.725000000000);
#1805=EDGE_CURVE('',#1803,#1798,#1804,.T.);
#1806=ORIENTED_EDGE('',*,*,#1805,.F.);
#1807=CARTESIAN_POINT('',(-0.603107443266,-0.402351105227,-0.350000000000));
#1808=VERTEX_POINT('',#1807);
#1809=CIRCLE('',#134,0.725000000000);
#1810=EDGE_CURVE('',#1808,#1803,#1809,.T.);
#1811=ORIENTED_EDGE('',*,*,#1810,.F.);
#1812=CARTESIAN_POINT('',(-0.650000000000,-0.321130814467,-0.350000000000));
#1813=VERTEX_POINT('',#1812);
#1814=CIRCLE('',#134,0.725000000000);
#1815=EDGE_CURVE('',#1813,#1808,#1814,.T.);
#1816=ORIENTED_EDGE('',*,*,#1815,.F.);
#1817=CARTESIAN_POINT('',(-0.716606586629,-0.110000000000,-0.350000000000));
#1818=VERTEX_POINT('',#1817);
#1819=CIRCLE('',#134,0.725000000000);
#1820=EDGE_CURVE('',#1818,#1813,#1819,.T.);
#1821=ORIENTED_EDGE('',*,*,#1820,.F.);
#1822=CARTESIAN_POINT('',(-0.724857936198,-0.014351736155,-0.350000000000));
#1823=VERTEX_POINT('',#1822);
#1824=CIRCLE('',#134,0.725000000000);
#1825=EDGE_CURVE('',#1823,#1818,#1824,.T.);
#1826=ORIENTED_EDGE('',*,*,#1825,.F.);
#1827=CARTESIAN_POINT('',(-0.724857936198,0.014351736155,-0.350000000000));
#1828=VERTEX_POINT('',#1827);
#1829=CIRCLE('',#134,0.725000000000);
#1830=EDGE_CURVE('',#1828,#1823,#1829,.T.);
#1831=ORIENTED_EDGE('',*,*,#1830,.F.);
#1832=CARTESIAN_POINT('',(-0.716606586629,0.110000000000,-0.350000000000));
#1833=VERTEX_POINT('',#1832);
#1834=CIRCLE('',#134,0.725000000000);
#1835=EDGE_CURVE('',#1833,#1828,#1834,.T.);
#1836=ORIENTED_EDGE('',*,*,#1835,.F.);
#1837=CARTESIAN_POINT('',(-0.650000000000,0.321130814467,-0.350000000000));
#1838=VERTEX_POINT('',#1837);
#1839=CIRCLE('',#134,0.725000000000);
#1840=EDGE_CURVE('',#1838,#1833,#1839,.T.);
#1841=ORIENTED_EDGE('',*,*,#1840,.F.);
#1842=CARTESIAN_POINT('',(-0.603107443266,0.402351105227,-0.350000000000));
#1843=VERTEX_POINT('',#1842);
#1844=CIRCLE('',#134,0.725000000000);
#1845=EDGE_CURVE('',#1843,#1838,#1844,.T.);
#1846=ORIENTED_EDGE('',*,*,#1845,.F.);
#1847=CARTESIAN_POINT('',(-0.453566087731,0.565599508540,-0.350000000000));
#1848=VERTEX_POINT('',#1847);
#1849=CIRCLE('',#134,0.725000000000);
#1850=EDGE_CURVE('',#1848,#1843,#1849,.T.);
#1851=ORIENTED_EDGE('',*,*,#1850,.F.);
#1852=CARTESIAN_POINT('',(-0.374857936198,0.620569518805,-0.350000000000));
#1853=VERTEX_POINT('',#1852);
#1854=CIRCLE('',#134,0.725000000000);
#1855=EDGE_CURVE('',#1853,#1848,#1854,.T.);
#1856=ORIENTED_EDGE('',*,*,#1855,.F.);
#1857=CARTESIAN_POINT('',(-0.350000000000,0.634921254960,-0.350000000000));
#1858=VERTEX_POINT('',#1857);
#1859=CIRCLE('',#134,0.725000000000);
#1860=EDGE_CURVE('',#1858,#1853,#1859,.T.);
#1861=ORIENTED_EDGE('',*,*,#1860,.F.);
#1862=CIRCLE('',#134,0.725000000000);
#1863=EDGE_CURVE('',#1688,#1858,#1862,.T.);
#1864=ORIENTED_EDGE('',*,*,#1863,.F.);
#1865=EDGE_LOOP('',(#1691,#1696,#1701,#1706,#1711,#1716,#1721,#1726,#1731,#1736,#1741,#1746,#1751,#1756,#1761,#1766,#1771,#1776,#1781,#1786,#1791,#1796,#1801,#1806,#1811,#1816,#1821,#1826,#1831,#1836,#1841,#1846,#1851,#1856,#1861,#1864));
#1866=CARTESIAN_POINT('',(-0.046892556734,0.723481919693,-0.650000000000));
#1867=VERTEX_POINT('',#1866);
#1868=CARTESIAN_POINT('',(-0.263040498898,0.675599508540,-0.650000000000));
#1869=VERTEX_POINT('',#1868);
#1870=CIRCLE('',#263,0.725000000000);
#1871=EDGE_CURVE('',#1867,#1869,#1870,.T.);
#1872=ORIENTED_EDGE('',*,*,#1871,.T.);
#1873=CARTESIAN_POINT('',(-0.350000000000,0.634921254960,-0.650000000000));
#1874=VERTEX_POINT('',#1873);
#1875=CIRCLE('',#263,0.725000000000);
#1876=EDGE_CURVE('',#1869,#1874,#1875,.T.);
#1877=ORIENTED_EDGE('',*,*,#1876,.T.);
#1878=CARTESIAN_POINT('',(-0.374857936198,0.620569518805,-0.650000000000));
#1879=VERTEX_POINT('',#1878);
#1880=CIRCLE('',#263,0.725000000000);
#1881=EDGE_CURVE('',#1874,#1879,#1880,.T.);
#1882=ORIENTED_EDGE('',*,*,#1881,.T.);
#1883=CARTESIAN_POINT('',(-0.453566087731,0.565599508540,-0.650000000000));
#1884=VERTEX_POINT('',#1883);
#1885=CIRCLE('',#263,0.725000000000);
#1886=EDGE_CURVE('',#1879,#1884,#1885,.T.);
#1887=ORIENTED_EDGE('',*,*,#1886,.T.);
#1888=CARTESIAN_POINT('',(-0.603107443266,0.402351105227,-0.650000000000));
#1889=VERTEX_POINT('',#1888);
#1890=CIRCLE('',#263,0.725000000000);
#1891=EDGE_CURVE('',#1884,#1889,#1890,.T.);
#1892=ORIENTED_EDGE('',*,*,#1891,.T.);
#1893=CARTESIAN_POINT('',(-0.650000000000,0.321130814467,-0.650000000000));
#1894=VERTEX_POINT('',#1893);
#1895=CIRCLE('',#263,0.725000000000);
#1896=EDGE_CURVE('',#1889,#1894,#1895,.T.);
#1897=ORIENTED_EDGE('',*,*,#1896,.T.);
#1898=CARTESIAN_POINT('',(-0.716606586629,0.110000000000,-0.650000000000));
#1899=VERTEX_POINT('',#1898);
#1900=CIRCLE('',#263,0.725000000000);
#1901=EDGE_CURVE('',#1894,#1899,#1900,.T.);
#1902=ORIENTED_EDGE('',*,*,#1901,.T.);
#1903=CARTESIAN_POINT('',(-0.724857936198,0.014351736155,-0.650000000000));
#1904=VERTEX_POINT('',#1903);
#1905=CIRCLE('',#263,0.725000000000);
#1906=EDGE_CURVE('',#1899,#1904,#1905,.T.);
#1907=ORIENTED_EDGE('',*,*,#1906,.T.);
#1908=CARTESIAN_POINT('',(-0.724857936198,-0.014351736155,-0.650000000000));
#1909=VERTEX_POINT('',#1908);
#1910=CIRCLE('',#263,0.725000000000);
#1911=EDGE_CURVE('',#1904,#1909,#1910,.T.);
#1912=ORIENTED_EDGE('',*,*,#1911,.T.);
#1913=CARTESIAN_POINT('',(-0.716606586629,-0.110000000000,-0.650000000000));
#1914=VERTEX_POINT('',#1913);
#1915=CIRCLE('',#263,0.725000000000);
#1916=EDGE_CURVE('',#1909,#1914,#1915,.T.);
#1917=ORIENTED_EDGE('',*,*,#1916,.T.);
#1918=CARTESIAN_POINT('',(-0.650000000000,-0.321130814467,-0.650000000000));
#1919=VERTEX_POINT('',#1918);
#1920=CIRCLE('',#263,0.725000000000);
#1921=EDGE_CURVE('',#1914,#1919,#1920,.T.);
#1922=ORIENTED_EDGE('',*,*,#1921,.T.);
#1923=CARTESIAN_POINT('',(-0.603107443266,-0.402351105227,-0.650000000000));
#1924=VERTEX_POINT('',#1923);
#1925=CIRCLE('',#263,0.725000000000);
#1926=EDGE_CURVE('',#1919,#1924,#1925,.T.);
#1927=ORIENTED_EDGE('',*,*,#1926,.T.);
#1928=CARTESIAN_POINT('',(-0.453566087731,-0.565599508540,-0.650000000000));
#1929=VERTEX_POINT('',#1928);
#1930=CIRCLE('',#263,0.725000000000);
#1931=EDGE_CURVE('',#1924,#1929,#1930,.T.);
#1932=ORIENTED_EDGE('',*,*,#1931,.T.);
#1933=CARTESIAN_POINT('',(-0.374857936198,-0.620569518805,-0.650000000000));
#1934=VERTEX_POINT('',#1933);
#1935=CIRCLE('',#263,0.725000000000);
#1936=EDGE_CURVE('',#1929,#1934,#1935,.T.);
#1937=ORIENTED_EDGE('',*,*,#1936,.T.);
#1938=CARTESIAN_POINT('',(-0.350000000000,-0.634921254960,-0.650000000000));
#1939=VERTEX_POINT('',#1938);
#1940=CIRCLE('',#263,0.725000000000);
#1941=EDGE_CURVE('',#1934,#1939,#1940,.T.);
#1942=ORIENTED_EDGE('',*,*,#1941,.T.);
#1943=CARTESIAN_POINT('',(-0.263040498898,-0.675599508540,-0.650000000000));
#1944=VERTEX_POINT('',#1943);
#1945=CIRCLE('',#263,0.725000000000);
#1946=EDGE_CURVE('',#1939,#1944,#1945,.T.);
#1947=ORIENTED_EDGE('',*,*,#1946,.T.);
#1948=CARTESIAN_POINT('',(-0.046892556734,-0.723481919693,-0.650000000000));
#1949=VERTEX_POINT('',#1948);
#1950=CIRCLE('',#263,0.725000000000);
#1951=EDGE_CURVE('',#1944,#1949,#1950,.T.);
#1952=ORIENTED_EDGE('',*,*,#1951,.T.);
#1953=CARTESIAN_POINT('',(0.046892556734,-0.723481919693,-0.650000000000));
#1954=VERTEX_POINT('',#1953);
#1955=CIRCLE('',#263,0.725000000000);
#1956=EDGE_CURVE('',#1949,#1954,#1955,.T.);
#1957=ORIENTED_EDGE('',*,*,#1956,.T.);
#1958=CARTESIAN_POINT('',(0.263040498898,-0.675599508540,-0.650000000000));
#1959=VERTEX_POINT('',#1958);
#1960=CIRCLE('',#263,0.725000000000);
#1961=EDGE_CURVE('',#1954,#1959,#1960,.T.);
#1962=ORIENTED_EDGE('',*,*,#1961,.T.);
#1963=CARTESIAN_POINT('',(0.350000000000,-0.634921254960,-0.650000000000));
#1964=VERTEX_POINT('',#1963);
#1965=CIRCLE('',#263,0.725000000000);
#1966=EDGE_CURVE('',#1959,#1964,#1965,.T.);
#1967=ORIENTED_EDGE('',*,*,#1966,.T.);
#1968=CARTESIAN_POINT('',(0.374857936198,-0.620569518805,-0.650000000000));
#1969=VERTEX_POINT('',#1968);
#1970=CIRCLE('',#263,0.725000000000);
#1971=EDGE_CURVE('',#1964,#1969,#1970,.T.);
#1972=ORIENTED_EDGE('',*,*,#1971,.T.);
#1973=CARTESIAN_POINT('',(0.453566087731,-0.565599508540,-0.650000000000));
#1974=VERTEX_POINT('',#1973);
#1975=CIRCLE('',#263,0.725000000000);
#1976=EDGE_CURVE('',#1969,#1974,#1975,.T.);
#1977=ORIENTED_EDGE('',*,*,#1976,.T.);
#1978=CARTESIAN_POINT('',(0.603107443266,-0.402351105227,-0.650000000000));
#1979=VERTEX_POINT('',#1978);
#1980=CIRCLE('',#263,0.725000000000);
#1981=EDGE_CURVE('',#1974,#1979,#1980,.T.);
#1982=ORIENTED_EDGE('',*,*,#1981,.T.);
#1983=CARTESIAN_POINT('',(0.650000000000,-0.321130814467,-0.650000000000));
#1984=VERTEX_POINT('',#1983);
#1985=CIRCLE('',#263,0.725000000000);
#1986=EDGE_CURVE('',#1979,#1984,#1985,.T.);
#1987=ORIENTED_EDGE('',*,*,#1986,.T.);
#1988=CARTESIAN_POINT('',(0.716606586629,-0.110000000000,-0.650000000000));
#1989=VERTEX_POINT('',#1988);
#1990=CIRCLE('',#263,0.725000000000);
#1991=EDGE_CURVE('',#1984,#1989,#1990,.T.);
#1992=ORIENTED_EDGE('',*,*,#1991,.T.);
#1993=CARTESIAN_POINT('',(0.724857936198,-0.014351736155,-0.650000000000));
#1994=VERTEX_POINT('',#1993);
#1995=CIRCLE('',#263,0.725000000000);
#1996=EDGE_CURVE('',#1989,#1994,#1995,.T.);
#1997=ORIENTED_EDGE('',*,*,#1996,.T.);
#1998=CARTESIAN_POINT('',(0.724857936198,0.014351736155,-0.650000000000));
#1999=VERTEX_POINT('',#1998);
#2000=CIRCLE('',#263,0.725000000000);
#2001=EDGE_CURVE('',#1994,#1999,#2000,.T.);
#2002=ORIENTED_EDGE('',*,*,#2001,.T.);
#2003=CARTESIAN_POINT('',(0.716606586629,0.110000000000,-0.650000000000));
#2004=VERTEX_POINT('',#2003);
#2005=CIRCLE('',#263,0.725000000000);
#2006=EDGE_CURVE('',#1999,#2004,#2005,.T.);
#2007=ORIENTED_EDGE('',*,*,#2006,.T.);
#2008=CARTESIAN_POINT('',(0.650000000000,0.321130814467,-0.650000000000));
#2009=VERTEX_POINT('',#2008);
#2010=CIRCLE('',#263,0.725000000000);
#2011=EDGE_CURVE('',#2004,#2009,#2010,.T.);
#2012=ORIENTED_EDGE('',*,*,#2011,.T.);
#2013=CARTESIAN_POINT('',(0.603107443266,0.402351105227,-0.650000000000));
#2014=VERTEX_POINT('',#2013);
#2015=CIRCLE('',#263,0.725000000000);
#2016=EDGE_CURVE('',#2009,#2014,#2015,.T.);
#2017=ORIENTED_EDGE('',*,*,#2016,.T.);
#2018=CARTESIAN_POINT('',(0.453566087731,0.565599508540,-0.650000000000));
#2019=VERTEX_POINT('',#2018);
#2020=CIRCLE('',#263,0.725000000000);
#2021=EDGE_CURVE('',#2014,#2019,#2020,.T.);
#2022=ORIENTED_EDGE('',*,*,#2021,.T.);
#2023=CARTESIAN_POINT('',(0.374857936198,0.620569518805,-0.650000000000));
#2024=VERTEX_POINT('',#2023);
#2025=CIRCLE('',#263,0.725000000000);
#2026=EDGE_CURVE('',#2019,#2024,#2025,.T.);
#2027=ORIENTED_EDGE('',*,*,#2026,.T.);
#2028=CARTESIAN_POINT('',(0.350000000000,0.634921254960,-0.650000000000));
#2029=VERTEX_POINT('',#2028);
#2030=CIRCLE('',#263,0.725000000000);
#2031=EDGE_CURVE('',#2024,#2029,#2030,.T.);
#2032=ORIENTED_EDGE('',*,*,#2031,.T.);
#2033=CARTESIAN_POINT('',(0.263040498898,0.675599508540,-0.650000000000));
#2034=VERTEX_POINT('',#2033);
#2035=CIRCLE('',#263,0.725000000000);
#2036=EDGE_CURVE('',#2029,#2034,#2035,.T.);
#2037=ORIENTED_EDGE('',*,*,#2036,.T.);
#2038=CARTESIAN_POINT('',(0.046892556734,0.723481919693,-0.650000000000));
#2039=VERTEX_POINT('',#2038);
#2040=CIRCLE('',#263,0.725000000000);
#2041=EDGE_CURVE('',#2034,#2039,#2040,.T.);
#2042=ORIENTED_EDGE('',*,*,#2041,.T.);
#2043=CIRCLE('',#263,0.725000000000);
#2044=EDGE_CURVE('',#2039,#1867,#2043,.T.);
#2045=ORIENTED_EDGE('',*,*,#2044,.T.);
#2046=EDGE_LOOP('',(#1872,#1877,#1882,#1887,#1892,#1897,#1902,#1907,#1912,#1917,#1922,#1927,#1932,#1937,#1942,#1947,#1952,#1957,#1962,#1967,#1972,#1977,#1982,#1987,#1992,#1997,#2002,#2007,#2012,#2017,#2022,#2027,#2032,#2037,#2042,#2045));
#2047=ORIENTED_EDGE('',*,*,#1194,.F.);
#2048=ORIENTED_EDGE('',*,*,#1367,.F.);
#2049=ORIENTED_EDGE('',*,*,#1364,.F.);
#2050=ORIENTED_EDGE('',*,*,#1359,.F.);
#2051=ORIENTED_EDGE('',*,*,#1354,.F.);
#2052=ORIENTED_EDGE('',*,*,#1349,.F.);
#2053=ORIENTED_EDGE('',*,*,#1344,.F.);
#2054=ORIENTED_EDGE('',*,*,#1339,.F.);
#2055=ORIENTED_EDGE('',*,*,#1334,.F.);
#2056=ORIENTED_EDGE('',*,*,#1329,.F.);
#2057=ORIENTED_EDGE('',*,*,#1324,.F.);
#2058=ORIENTED_EDGE('',*,*,#1319,.F.);
#2059=ORIENTED_EDGE('',*,*,#1314,.F.);
#2060=ORIENTED_EDGE('',*,*,#1309,.F.);
#2061=ORIENTED_EDGE('',*,*,#1304,.F.);
#2062=ORIENTED_EDGE('',*,*,#1299,.F.);
#2063=ORIENTED_EDGE('',*,*,#1294,.F.);
#2064=ORIENTED_EDGE('',*,*,#1289,.F.);
#2065=ORIENTED_EDGE('',*,*,#1284,.F.);
#2066=ORIENTED_EDGE('',*,*,#1279,.F.);
#2067=ORIENTED_EDGE('',*,*,#1274,.F.);
#2068=ORIENTED_EDGE('',*,*,#1269,.F.);
#2069=ORIENTED_EDGE('',*,*,#1264,.F.);
#2070=ORIENTED_EDGE('',*,*,#1259,.F.);
#2071=ORIENTED_EDGE('',*,*,#1254,.F.);
#2072=ORIENTED_EDGE('',*,*,#1249,.F.);
#2073=ORIENTED_EDGE('',*,*,#1244,.F.);
#2074=ORIENTED_EDGE('',*,*,#1239,.F.);
#2075=ORIENTED_EDGE('',*,*,#1234,.F.);
#2076=ORIENTED_EDGE('',*,*,#1229,.F.);
#2077=ORIENTED_EDGE('',*,*,#1224,.F.);
#2078=ORIENTED_EDGE('',*,*,#1219,.F.);
#2079=ORIENTED_EDGE('',*,*,#1214,.F.);
#2080=ORIENTED_EDGE('',*,*,#1209,.F.);
#2081=ORIENTED_EDGE('',*,*,#1204,.F.);
#2082=ORIENTED_EDGE('',*,*,#1199,.F.);
#2083=EDGE_LOOP('',(#2047,#2048,#2049,#2050,#2051,#2052,#2053,#2054,#2055,#2056,#2057,#2058,#2059,#2060,#2061,#2062,#2063,#2064,#2065,#2066,#2067,#2068,#2069,#2070,#2071,#2072,#2073,#2074,#2075,#2076,#2077,#2078,#2079,#2080,#2081,#2082));
#2084=FACE_BOUND('',#1865,.T.);
#2085=FACE_BOUND('',#2046,.T.);
#2086=ADVANCED_FACE('',(#2084,#2085),#1503,.T.);
#2087=FACE_BOUND('',#1684,.T.);
#2088=FACE_BOUND('',#2083,.T.);
#2089=ADVANCED_FACE('',(#2087,#2088),#1503,.T.);
#2090=PLANE('',#134);
#2091=ORIENTED_EDGE('',*,*,#136,.F.);
#2092=ORIENTED_EDGE('',*,*,#249,.F.);
#2093=ORIENTED_EDGE('',*,*,#246,.F.);
#2094=ORIENTED_EDGE('',*,*,#241,.F.);
#2095=ORIENTED_EDGE('',*,*,#236,.F.);
#2096=ORIENTED_EDGE('',*,*,#231,.F.);
#2097=ORIENTED_EDGE('',*,*,#226,.F.);
#2098=ORIENTED_EDGE('',*,*,#221,.F.);
#2099=ORIENTED_EDGE('',*,*,#216,.F.);
#2100=ORIENTED_EDGE('',*,*,#211,.F.);
#2101=ORIENTED_EDGE('',*,*,#206,.F.);
#2102=ORIENTED_EDGE('',*,*,#201,.F.);
#2103=ORIENTED_EDGE('',*,*,#196,.F.);
#2104=ORIENTED_EDGE('',*,*,#191,.F.);
#2105=ORIENTED_EDGE('',*,*,#186,.F.);
#2106=ORIENTED_EDGE('',*,*,#181,.F.);
#2107=ORIENTED_EDGE('',*,*,#176,.F.);
#2108=ORIENTED_EDGE('',*,*,#171,.F.);
#2109=ORIENTED_EDGE('',*,*,#166,.F.);
#2110=ORIENTED_EDGE('',*,*,#161,.F.);
#2111=ORIENTED_EDGE('',*,*,#156,.F.);
#2112=ORIENTED_EDGE('',*,*,#151,.F.);
#2113=ORIENTED_EDGE('',*,*,#146,.F.);
#2114=ORIENTED_EDGE('',*,*,#141,.F.);
#2115=EDGE_LOOP('',(#2091,#2092,#2093,#2094,#2095,#2096,#2097,#2098,#2099,#2100,#2101,#2102,#2103,#2104,#2105,#2106,#2107,#2108,#2109,#2110,#2111,#2112,#2113,#2114));
#2116=ORIENTED_EDGE('',*,*,#1690,.T.);
#2117=ORIENTED_EDGE('',*,*,#1863,.T.);
#2118=ORIENTED_EDGE('',*,*,#1860,.T.);
#2119=ORIENTED_EDGE('',*,*,#1855,.T.);
#2120=ORIENTED_EDGE('',*,*,#1850,.T.);
#2121=ORIENTED_EDGE('',*,*,#1845,.T.);
#2122=ORIENTED_EDGE('',*,*,#1840,.T.);
#2123=ORIENTED_EDGE('',*,*,#1835,.T.);
#2124=ORIENTED_EDGE('',*,*,#1830,.T.);
#2125=ORIENTED_EDGE('',*,*,#1825,.T.);
#2126=ORIENTED_EDGE('',*,*,#1820,.T.);
#2127=ORIENTED_EDGE('',*,*,#1815,.T.);
#2128=ORIENTED_EDGE('',*,*,#1810,.T.);
#2129=ORIENTED_EDGE('',*,*,#1805,.T.);
#2130=ORIENTED_EDGE('',*,*,#1800,.T.);
#2131=ORIENTED_EDGE('',*,*,#1795,.T.);
#2132=ORIENTED_EDGE('',*,*,#1790,.T.);
#2133=ORIENTED_EDGE('',*,*,#1785,.T.);
#2134=ORIENTED_EDGE('',*,*,#1780,.T.);
#2135=ORIENTED_EDGE('',*,*,#1775,.T.);
#2136=ORIENTED_EDGE('',*,*,#1770,.T.);
#2137=ORIENTED_EDGE('',*,*,#1765,.T.);
#2138=ORIENTED_EDGE('',*,*,#1760,.T.);
#2139=ORIENTED_EDGE('',*,*,#1755,.T.);
#2140=ORIENTED_EDGE('',*,*,#1750,.T.);
#2141=ORIENTED_EDGE('',*,*,#1745,.T.);
#2142=ORIENTED_EDGE('',*,*,#1740,.T.);
#2143=ORIENTED_EDGE('',*,*,#1735,.T.);
#2144=ORIENTED_EDGE('',*,*,#1730,.T.);
#2145=ORIENTED_EDGE('',*,*,#1725,.T.);
#2146=ORIENTED_EDGE('',*,*,#1720,.T.);
#2147=ORIENTED_EDGE('',*,*,#1715,.T.);
#2148=ORIENTED_EDGE('',*,*,#1710,.T.);
#2149=ORIENTED_EDGE('',*,*,#1705,.T.);
#2150=ORIENTED_EDGE('',*,*,#1700,.T.);
#2151=ORIENTED_EDGE('',*,*,#1695,.T.);
#2152=EDGE_LOOP('',(#2116,#2117,#2118,#2119,#2120,#2121,#2122,#2123,#2124,#2125,#2126,#2127,#2128,#2129,#2130,#2131,#2132,#2133,#2134,#2135,#2136,#2137,#2138,#2139,#2140,#2141,#2142,#2143,#2144,#2145,#2146,#2147,#2148,#2149,#2150,#2151));
#2153=FACE_BOUND('',#2115,.T.);
#2154=FACE_OUTER_BOUND('',#2152,.T.);
#2155=ADVANCED_FACE('',(#2153,#2154),#2090,.T.);
#2156=AXIS2_PLACEMENT_3D('',#262,#421,#782);
#2157=PLANE('',#2156);
#2158=ORIENTED_EDGE('',*,*,#265,.T.);
#2159=ORIENTED_EDGE('',*,*,#318,.T.);
#2160=ORIENTED_EDGE('',*,*,#315,.T.);
#2161=ORIENTED_EDGE('',*,*,#310,.T.);
#2162=ORIENTED_EDGE('',*,*,#305,.T.);
#2163=ORIENTED_EDGE('',*,*,#300,.T.);
#2164=ORIENTED_EDGE('',*,*,#295,.T.);
#2165=ORIENTED_EDGE('',*,*,#290,.T.);
#2166=ORIENTED_EDGE('',*,*,#285,.T.);
#2167=ORIENTED_EDGE('',*,*,#280,.T.);
#2168=ORIENTED_EDGE('',*,*,#275,.T.);
#2169=ORIENTED_EDGE('',*,*,#270,.T.);
#2170=EDGE_LOOP('',(#2158,#2159,#2160,#2161,#2162,#2163,#2164,#2165,#2166,#2167,#2168,#2169));
#2171=ORIENTED_EDGE('',*,*,#1871,.F.);
#2172=ORIENTED_EDGE('',*,*,#2044,.F.);
#2173=ORIENTED_EDGE('',*,*,#2041,.F.);
#2174=ORIENTED_EDGE('',*,*,#2036,.F.);
#2175=ORIENTED_EDGE('',*,*,#2031,.F.);
#2176=ORIENTED_EDGE('',*,*,#2026,.F.);
#2177=ORIENTED_EDGE('',*,*,#2021,.F.);
#2178=ORIENTED_EDGE('',*,*,#2016,.F.);
#2179=ORIENTED_EDGE('',*,*,#2011,.F.);
#2180=ORIENTED_EDGE('',*,*,#2006,.F.);
#2181=ORIENTED_EDGE('',*,*,#2001,.F.);
#2182=ORIENTED_EDGE('',*,*,#1996,.F.);
#2183=ORIENTED_EDGE('',*,*,#1991,.F.);
#2184=ORIENTED_EDGE('',*,*,#1986,.F.);
#2185=ORIENTED_EDGE('',*,*,#1981,.F.);
#2186=ORIENTED_EDGE('',*,*,#1976,.F.);
#2187=ORIENTED_EDGE('',*,*,#1971,.F.);
#2188=ORIENTED_EDGE('',*,*,#1966,.F.);
#2189=ORIENTED_EDGE('',*,*,#1961,.F.);
#2190=ORIENTED_EDGE('',*,*,#1956,.F.);
#2191=ORIENTED_EDGE('',*,*,#1951,.F.);
#2192=ORIENTED_EDGE('',*,*,#1946,.F.);
#2193=ORIENTED_EDGE('',*,*,#1941,.F.);
#2194=ORIENTED_EDGE('',*,*,#1936,.F.);
#2195=ORIENTED_EDGE('',*,*,#1931,.F.);
#2196=ORIENTED_EDGE('',*,*,#1926,.F.);
#2197=ORIENTED_EDGE('',*,*,#1921,.F.);
#2198=ORIENTED_EDGE('',*,*,#1916,.F.);
#2199=ORIENTED_EDGE('',*,*,#1911,.F.);
#2200=ORIENTED_EDGE('',*,*,#1906,.F.);
#2201=ORIENTED_EDGE('',*,*,#1901,.F.);
#2202=ORIENTED_EDGE('',*,*,#1896,.F.);
#2203=ORIENTED_EDGE('',*,*,#1891,.F.);
#2204=ORIENTED_EDGE('',*,*,#1886,.F.);
#2205=ORIENTED_EDGE('',*,*,#1881,.F.);
#2206=ORIENTED_EDGE('',*,*,#1876,.F.);
#2207=EDGE_LOOP('',(#2171,#2172,#2173,#2174,#2175,#2176,#2177,#2178,#2179,#2180,#2181,#2182,#2183,#2184,#2185,#2186,#2187,#2188,#2189,#2190,#2191,#2192,#2193,#2194,#2195,#2196,#2197,#2198,#2199,#2200,#2201,#2202,#2203,#2204,#2205,#2206));
#2208=FACE_BOUND('',#2170,.T.);
#2209=FACE_OUTER_BOUND('',#2207,.T.);
#2210=ADVANCED_FACE('',(#2208,#2209),#2157,.T.);
#2211=AXIS2_PLACEMENT_3D('',#10,#421,#782);
#2212=PLANE('',#2211);
#2213=ORIENTED_EDGE('',*,*,#13,.T.);
#2214=ORIENTED_EDGE('',*,*,#126,.T.);
#2215=ORIENTED_EDGE('',*,*,#123,.T.);
#2216=ORIENTED_EDGE('',*,*,#118,.T.);
#2217=ORIENTED_EDGE('',*,*,#113,.T.);
#2218=ORIENTED_EDGE('',*,*,#108,.T.);
#2219=ORIENTED_EDGE('',*,*,#103,.T.);
#2220=ORIENTED_EDGE('',*,*,#98,.T.);
#2221=ORIENTED_EDGE('',*,*,#93,.T.);
#2222=ORIENTED_EDGE('',*,*,#88,.T.);
#2223=ORIENTED_EDGE('',*,*,#83,.T.);
#2224=ORIENTED_EDGE('',*,*,#78,.T.);
#2225=ORIENTED_EDGE('',*,*,#73,.T.);
#2226=ORIENTED_EDGE('',*,*,#68,.T.);
#2227=ORIENTED_EDGE('',*,*,#63,.T.);
#2228=ORIENTED_EDGE('',*,*,#58,.T.);
#2229=ORIENTED_EDGE('',*,*,#53,.T.);
#2230=ORIENTED_EDGE('',*,*,#48,.T.);
#2231=ORIENTED_EDGE('',*,*,#43,.T.);
#2232=ORIENTED_EDGE('',*,*,#38,.T.);
#2233=ORIENTED_EDGE('',*,*,#33,.T.);
#2234=ORIENTED_EDGE('',*,*,#28,.T.);
#2235=ORIENTED_EDGE('',*,*,#23,.T.);
#2236=ORIENTED_EDGE('',*,*,#18,.T.);
#2237=EDGE_LOOP('',(#2213,#2214,#2215,#2216,#2217,#2218,#2219,#2220,#2221,#2222,#2223,#2224,#2225,#2226,#2227,#2228,#2229,#2230,#2231,#2232,#2233,#2234,#2235,#2236));
#2238=ORIENTED_EDGE('',*,*,#1509,.F.);
#2239=ORIENTED_EDGE('',*,*,#1682,.F.);
#2240=ORIENTED_EDGE('',*,*,#1679,.F.);
#2241=ORIENTED_EDGE('',*,*,#1674,.F.);
#2242=ORIENTED_EDGE('',*,*,#1669,.F.);
#2243=ORIENTED_EDGE('',*,*,#1664,.F.);
#2244=ORIENTED_EDGE('',*,*,#1659,.F.);
#2245=ORIENTED_EDGE('',*,*,#1654,.F.);
#2246=ORIENTED_EDGE('',*,*,#1649,.F.);
#2247=ORIENTED_EDGE('',*,*,#1644,.F.);
#2248=ORIENTED_EDGE('',*,*,#1639,.F.);
#2249=ORIENTED_EDGE('',*,*,#1634,.F.);
#2250=ORIENTED_EDGE('',*,*,#1629,.F.);
#2251=ORIENTED_EDGE('',*,*,#1624,.F.);
#2252=ORIENTED_EDGE('',*,*,#1619,.F.);
#2253=ORIENTED_EDGE('',*,*,#1614,.F.);
#2254=ORIENTED_EDGE('',*,*,#1609,.F.);
#2255=ORIENTED_EDGE('',*,*,#1604,.F.);
#2256=ORIENTED_EDGE('',*,*,#1599,.F.);
#2257=ORIENTED_EDGE('',*,*,#1594,.F.);
#2258=ORIENTED_EDGE('',*,*,#1589,.F.);
#2259=ORIENTED_EDGE('',*,*,#1584,.F.);
#2260=ORIENTED_EDGE('',*,*,#1579,.F.);
#2261=ORIENTED_EDGE('',*,*,#1574,.F.);
#2262=ORIENTED_EDGE('',*,*,#1569,.F.);
#2263=ORIENTED_EDGE('',*,*,#1564,.F.);
#2264=ORIENTED_EDGE('',*,*,#1559,.F.);
#2265=ORIENTED_EDGE('',*,*,#1554,.F.);
#2266=ORIENTED_EDGE('',*,*,#1549,.F.);
#2267=ORIENTED_EDGE('',*,*,#1544,.F.);
#2268=ORIENTED_EDGE('',*,*,#1539,.F.);
#2269=ORIENTED_EDGE('',*,*,#1534,.F.);
#2270=ORIENTED_EDGE('',*,*,#1529,.F.);
#2271=ORIENTED_EDGE('',*,*,#1524,.F.);
#2272=ORIENTED_EDGE('',*,*,#1519,.F.);
#2273=ORIENTED_EDGE('',*,*,#1514,.F.);
#2274=EDGE_LOOP('',(#2238,#2239,#2240,#2241,#2242,#2243,#2244,#2245,#2246,#2247,#2248,#2249,#2250,#2251,#2252,#2253,#2254,#2255,#2256,#2257,#2258,#2259,#2260,#2261,#2262,#2263,#2264,#2265,#2266,#2267,#2268,#2269,#2270,#2271,#2272,#2273));
#2275=FACE_BOUND('',#2237,.T.);
#2276=FACE_OUTER_BOUND('',#2274,.T.);
#2277=ADVANCED_FACE('',(#2275,#2276),#2212,.T.);
#2278=CARTESIAN_POINT('',(0.325000000000,0.562916512460,0.000000000000));
#2279=AXIS2_PLACEMENT_3D('',#2278,#728,#720);
#2280=PLANE('',#2279);
#2281=ORIENTED_EDGE('',*,*,#687,.F.);
#2282=CARTESIAN_POINT('',(0.420262794416,0.507916512460,0.000000000000));
#2283=LINE('',#2282,#422);
#2284=EDGE_CURVE('',#680,#938,#2283,.T.);
#2285=ORIENTED_EDGE('',*,*,#2284,.T.);
#2286=ORIENTED_EDGE('',*,*,#940,.F.);
#2287=ORIENTED_EDGE('',*,*,#935,.F.);
#2288=ORIENTED_EDGE('',*,*,#930,.F.);
#2289=CARTESIAN_POINT('',(0.229737205584,0.617916512460,0.000000000000));
#2290=LINE('',#2289,#397);
#2291=EDGE_CURVE('',#925,#695,#2290,.T.);
#2292=ORIENTED_EDGE('',*,*,#2291,.T.);
#2293=ORIENTED_EDGE('',*,*,#697,.F.);
#2294=ORIENTED_EDGE('',*,*,#692,.F.);
#2295=EDGE_LOOP('',(#2281,#2285,#2286,#2287,#2288,#2292,#2293,#2294));
#2296=FACE_OUTER_BOUND('',#2295,.T.);
#2297=ADVANCED_FACE('',(#2296),#2280,.T.);
#2298=CARTESIAN_POINT('',(0.175000000000,0.303108891325,0.000000000000));
#2299=AXIS2_PLACEMENT_3D('',#2298,#702,#684);
#2300=PLANE('',#2299);
#2301=ORIENTED_EDGE('',*,*,#723,.F.);
#2302=CARTESIAN_POINT('',(0.079737205584,0.358108891325,0.000000000000));
#2303=LINE('',#2302,#422);
#2304=EDGE_CURVE('',#713,#959,#2303,.T.);
#2305=ORIENTED_EDGE('',*,*,#2304,.T.);
#2306=ORIENTED_EDGE('',*,*,#962,.F.);
#2307=CARTESIAN_POINT('',(0.270262794416,0.248108891325,0.000000000000));
#2308=LINE('',#2307,#397);
#2309=EDGE_CURVE('',#954,#718,#2308,.T.);
#2310=ORIENTED_EDGE('',*,*,#2309,.T.);
#2311=EDGE_LOOP('',(#2301,#2305,#2306,#2310));
#2312=FACE_OUTER_BOUND('',#2311,.T.);
#2313=ADVANCED_FACE('',(#2312),#2300,.T.);
#2314=CARTESIAN_POINT('',(-0.095262794416,0.055000000000,0.000000000000));
#2315=AXIS2_PLACEMENT_3D('',#2314,#684,#728);
#2316=PLANE('',#2315);
#2317=ORIENTED_EDGE('',*,*,#705,.F.);
#2318=ORIENTED_EDGE('',*,*,#2291,.F.);
#2319=ORIENTED_EDGE('',*,*,#976,.F.);
#2320=ORIENTED_EDGE('',*,*,#973,.F.);
#2321=ORIENTED_EDGE('',*,*,#968,.F.);
#2322=ORIENTED_EDGE('',*,*,#2304,.F.);
#2323=ORIENTED_EDGE('',*,*,#715,.F.);
#2324=ORIENTED_EDGE('',*,*,#710,.F.);
#2325=EDGE_LOOP('',(#2317,#2318,#2319,#2320,#2321,#2322,#2323,#2324));
#2326=ORIENTED_EDGE('',*,*,#862,.F.);
#2327=CARTESIAN_POINT('',(-0.270262794416,-0.248108891325,0.000000000000));
#2328=LINE('',#2327,#422);
#2329=EDGE_CURVE('',#858,#1111,#2328,.T.);
#2330=ORIENTED_EDGE('',*,*,#2329,.T.);
#2331=ORIENTED_EDGE('',*,*,#1113,.F.);
#2332=ORIENTED_EDGE('',*,*,#1108,.F.);
#2333=ORIENTED_EDGE('',*,*,#1103,.F.);
#2334=CARTESIAN_POINT('',(-0.420262794416,-0.507916512460,0.000000000000));
#2335=LINE('',#2334,#397);
#2336=EDGE_CURVE('',#1099,#870,#2335,.T.);
#2337=ORIENTED_EDGE('',*,*,#2336,.T.);
#2338=ORIENTED_EDGE('',*,*,#872,.F.);
#2339=ORIENTED_EDGE('',*,*,#867,.F.);
#2340=EDGE_LOOP('',(#2326,#2330,#2331,#2332,#2333,#2337,#2338,#2339));
#2341=FACE_OUTER_BOUND('',#2325,.T.);
#2342=ADVANCED_FACE('',(#2341),#2316,.T.);
#2343=FACE_OUTER_BOUND('',#2340,.T.);
#2344=ADVANCED_FACE('',(#2343),#2316,.T.);
#2345=CARTESIAN_POINT('',(0.095262794416,-0.055000000000,0.000000000000));
#2346=AXIS2_PLACEMENT_3D('',#2345,#720,#702);
#2347=PLANE('',#2346);
#2348=ORIENTED_EDGE('',*,*,#893,.F.);
#2349=CARTESIAN_POINT('',(-0.229737205584,-0.617916512460,0.000000000000));
#2350=LINE('',#2349,#422);
#2351=EDGE_CURVE('',#886,#1132,#2350,.T.);
#2352=ORIENTED_EDGE('',*,*,#2351,.T.);
#2353=ORIENTED_EDGE('',*,*,#1134,.F.);
#2354=ORIENTED_EDGE('',*,*,#1129,.F.);
#2355=ORIENTED_EDGE('',*,*,#1124,.F.);
#2356=CARTESIAN_POINT('',(-0.079737205584,-0.358108891325,0.000000000000));
#2357=LINE('',#2356,#397);
#2358=EDGE_CURVE('',#1116,#901,#2357,.T.);
#2359=ORIENTED_EDGE('',*,*,#2358,.T.);
#2360=ORIENTED_EDGE('',*,*,#903,.F.);
#2361=ORIENTED_EDGE('',*,*,#898,.F.);
#2362=EDGE_LOOP('',(#2348,#2352,#2353,#2354,#2355,#2359,#2360,#2361));
#2363=ORIENTED_EDGE('',*,*,#731,.F.);
#2364=ORIENTED_EDGE('',*,*,#2309,.F.);
#2365=ORIENTED_EDGE('',*,*,#956,.F.);
#2366=ORIENTED_EDGE('',*,*,#951,.F.);
#2367=ORIENTED_EDGE('',*,*,#946,.F.);
#2368=ORIENTED_EDGE('',*,*,#2284,.F.);
#2369=ORIENTED_EDGE('',*,*,#739,.F.);
#2370=ORIENTED_EDGE('',*,*,#736,.F.);
#2371=EDGE_LOOP('',(#2363,#2364,#2365,#2366,#2367,#2368,#2369,#2370));
#2372=FACE_OUTER_BOUND('',#2362,.T.);
#2373=ADVANCED_FACE('',(#2372),#2347,.T.);
#2374=FACE_OUTER_BOUND('',#2371,.T.);
#2375=ADVANCED_FACE('',(#2374),#2347,.T.);
#2376=CARTESIAN_POINT('',(-0.325000000000,-0.562916512460,0.000000000000));
#2377=AXIS2_PLACEMENT_3D('',#2376,#702,#684);
#2378=PLANE('',#2377);
#2379=ORIENTED_EDGE('',*,*,#878,.F.);
#2380=ORIENTED_EDGE('',*,*,#2336,.F.);
#2381=ORIENTED_EDGE('',*,*,#1148,.F.);
#2382=ORIENTED_EDGE('',*,*,#1145,.F.);
#2383=ORIENTED_EDGE('',*,*,#1140,.F.);
#2384=ORIENTED_EDGE('',*,*,#2351,.F.);
#2385=ORIENTED_EDGE('',*,*,#888,.F.);
#2386=ORIENTED_EDGE('',*,*,#883,.F.);
#2387=EDGE_LOOP('',(#2379,#2380,#2381,#2382,#2383,#2384,#2385,#2386));
#2388=FACE_OUTER_BOUND('',#2387,.T.);
#2389=ADVANCED_FACE('',(#2388),#2378,.T.);
#2390=CARTESIAN_POINT('',(-0.175000000000,-0.303108891325,0.000000000000));
#2391=AXIS2_PLACEMENT_3D('',#2390,#728,#720);
#2392=PLANE('',#2391);
#2393=ORIENTED_EDGE('',*,*,#907,.F.);
#2394=ORIENTED_EDGE('',*,*,#2358,.F.);
#2395=ORIENTED_EDGE('',*,*,#1119,.F.);
#2396=ORIENTED_EDGE('',*,*,#2329,.F.);
#2397=EDGE_LOOP('',(#2393,#2394,#2395,#2396));
#2398=FACE_OUTER_BOUND('',#2397,.T.);
#2399=ADVANCED_FACE('',(#2398),#2392,.T.);
#2400=CARTESIAN_POINT('',(-0.325000000000,0.562916512460,0.000000000000));
#2401=AXIS2_PLACEMENT_3D('',#2400,#446,#429);
#2402=PLANE('',#2401);
#2403=ORIENTED_EDGE('',*,*,#523,.F.);
#2404=ORIENTED_EDGE('',*,*,#1171,.F.);
#2405=ORIENTED_EDGE('',*,*,#1168,.F.);
#2406=ORIENTED_EDGE('',*,*,#1163,.F.);
#2407=ORIENTED_EDGE('',*,*,#614,.F.);
#2408=ORIENTED_EDGE('',*,*,#656,.F.);
#2409=ORIENTED_EDGE('',*,*,#653,.F.);
#2410=ORIENTED_EDGE('',*,*,#648,.F.);
#2411=EDGE_LOOP('',(#2403,#2404,#2405,#2406,#2407,#2408,#2409,#2410));
#2412=FACE_OUTER_BOUND('',#2411,.T.);
#2413=ADVANCED_FACE('',(#2412),#2402,.T.);
#2414=CARTESIAN_POINT('',(-0.175000000000,0.303108891325,0.000000000000));
#2415=AXIS2_PLACEMENT_3D('',#2414,#388,#389);
#2416=PLANE('',#2415);
#2417=ORIENTED_EDGE('',*,*,#502,.F.);
#2418=ORIENTED_EDGE('',*,*,#663,.F.);
#2419=ORIENTED_EDGE('',*,*,#633,.F.);
#2420=ORIENTED_EDGE('',*,*,#1154,.F.);
#2421=EDGE_LOOP('',(#2417,#2418,#2419,#2420));
#2422=FACE_OUTER_BOUND('',#2421,.T.);
#2423=ADVANCED_FACE('',(#2422),#2416,.T.);
#2424=CLOSED_SHELL('',(#254,#386,#444,#475,#556,#558,#637,#639,#911,#913,#915,#917,#919,#921,#1378,#1398,#1414,#1443,#1445,#1474,#1476,#1490,#1500,#2086,#2089,#2155,#2210,#2277,#2297,#2313,#2342,#2344,#2373,#2375,#2389,#2399,#2413,#2423));
#2425=MANIFOLD_SOLID_BREP('hand_setting',#2424);
#2426=APPLICATION_CONTEXT('core data for automotive mechanical design processes');
#2427=APPLICATION_PROTOCOL_DEFINITION('international standard','automotive_design',2000,#2426);
#2428=PRODUCT_CONTEXT('',#2426,'mechanical');
#2429=PRODUCT('hand_setting','hand_setting','',(#2428));
#2430=PRODUCT_DEFINITION_FORMATION('','',#2429);
#2431=PRODUCT_DEFINITION_CONTEXT('part definition',#2426,'design');
#2432=PRODUCT_DEFINITION('','',#2430,#2431);
#2433=PRODUCT_DEFINITION_SHAPE('','',#2432);
#2434=(LENGTH_UNIT()NAMED_UNIT(*)SI_UNIT(.MILLI.,.METRE.));
#2435=(NAMED_UNIT(*)PLANE_ANGLE_UNIT()SI_UNIT($,.RADIAN.));
#2436=(NAMED_UNIT(*)SI_UNIT($,.STERADIAN.)SOLID_ANGLE_UNIT());
#2437=UNCERTAINTY_MEASURE_WITH_UNIT(LENGTH_MEASURE(1.E-07),#2434,'distance_accuracy_value','');
#2438=(GEOMETRIC_REPRESENTATION_CONTEXT(3)GLOBAL_UNCERTAINTY_ASSIGNED_CONTEXT((#2437))GLOBAL_UNIT_ASSIGNED_CONTEXT((#2434,#2435,#2436))REPRESENTATION_CONTEXT('',''));
#2439=ADVANCED_BREP_SHAPE_REPRESENTATION('',(#2425),#2438);
#2440=SHAPE_DEFINITION_REPRESENTATION(#2433,#2439);
ENDSEC;
END-ISO-10303-21;
