ISO-10303-21;
HEADER;
FILE_DESCRIPTION(('72 face(s), 544 edge(s), 408 vertex/vertices confirmed by cade at n=128, half-extent 2.500000000000'),'2;1');
FILE_NAME('automatic_winding.step','2026-08-23T00:00:00',('cade'),('cade'),'cade 0.1.0','cade','');
FILE_SCHEMA(('AUTOMOTIVE_DESIGN { 1 0 10303 214 1 1 1 1 }'));
ENDSEC;
DATA;
#1=CARTESIAN_POINT('',(-0.156856211088,-1.692748099702,0.000000000000));
#2=DIRECTION('',(-0.092268359463,-0.995734176295,0.000000000000));
#3=DIRECTION('',(-0.995734176295,0.092268359463,0.000000000000));
#4=AXIS2_PLACEMENT_3D('',#1,#2,#3);
#5=PLANE('',#4);
#6=CARTESIAN_POINT('',(-0.082176147865,-1.699668226661,-0.170000000000));
#7=VERTEX_POINT('',#6);
#8=CARTESIAN_POINT('',(-0.082176147865,-1.699668226661,0.170000000000));
#9=VERTEX_POINT('',#8);
#10=CARTESIAN_POINT('',(-0.082176147865,-1.699668226661,0.000000000000));
#11=DIRECTION('',(0.000000000000,0.000000000000,1.000000000000));
#12=VECTOR('',#11,1.0);
#13=LINE('',#10,#12);
#14=EDGE_CURVE('',#7,#9,#13,.T.);
#15=ORIENTED_EDGE('',*,*,#14,.T.);
#16=CARTESIAN_POINT('',(-0.231536274310,-1.685827972742,0.170000000000));
#17=VERTEX_POINT('',#16);
#18=CARTESIAN_POINT('',(-0.156856211088,-1.692748099702,0.170000000000));
#19=VECTOR('',#3,1.0);
#20=LINE('',#18,#19);
#21=EDGE_CURVE('',#9,#17,#20,.T.);
#22=ORIENTED_EDGE('',*,*,#21,.T.);
#23=CARTESIAN_POINT('',(-0.231536274310,-1.685827972742,-0.170000000000));
#24=VERTEX_POINT('',#23);
#25=CARTESIAN_POINT('',(-0.231536274310,-1.685827972742,0.000000000000));
#26=DIRECTION('',(0.000000000000,0.000000000000,-1.000000000000));
#27=VECTOR('',#26,1.0);
#28=LINE('',#25,#27);
#29=EDGE_CURVE('',#17,#24,#28,.T.);
#30=ORIENTED_EDGE('',*,*,#29,.T.);
#31=CARTESIAN_POINT('',(-0.156856211088,-1.692748099702,-0.170000000000));
#32=DIRECTION('',(0.995734176295,-0.092268359463,0.000000000000));
#33=VECTOR('',#32,1.0);
#34=LINE('',#31,#33);
#35=EDGE_CURVE('',#24,#7,#34,.T.);
#36=ORIENTED_EDGE('',*,*,#35,.T.);
#37=EDGE_LOOP('',(#15,#22,#30,#36));
#38=FACE_OUTER_BOUND('',#37,.T.);
#39=ADVANCED_FACE('',(#38),#5,.T.);
#40=CARTESIAN_POINT('',(0.074680063222,-0.006920126960,0.000000000000));
#41=AXIS2_PLACEMENT_3D('',#40,#32,#2);
#42=PLANE('',#41);
#43=ORIENTED_EDGE('',*,*,#14,.F.);
#44=CARTESIAN_POINT('',(-0.069092132099,-1.558469209603,-0.170000000000));
#45=VERTEX_POINT('',#44);
#46=CARTESIAN_POINT('',(0.074680063222,-0.006920126960,-0.170000000000));
#47=DIRECTION('',(0.092268359463,0.995734176295,0.000000000000));
#48=VECTOR('',#47,1.0);
#49=LINE('',#46,#48);
#50=EDGE_CURVE('',#7,#45,#49,.T.);
#51=ORIENTED_EDGE('',*,*,#50,.T.);
#52=CARTESIAN_POINT('',(-0.069092132099,-1.558469209603,0.170000000000));
#53=VERTEX_POINT('',#52);
#54=CARTESIAN_POINT('',(-0.069092132099,-1.558469209603,0.000000000000));
#55=LINE('',#54,#12);
#56=EDGE_CURVE('',#45,#53,#55,.T.);
#57=ORIENTED_EDGE('',*,*,#56,.T.);
#58=CARTESIAN_POINT('',(0.074680063222,-0.006920126960,0.170000000000));
#59=VECTOR('',#2,1.0);
#60=LINE('',#58,#59);
#61=EDGE_CURVE('',#53,#9,#60,.T.);
#62=ORIENTED_EDGE('',*,*,#61,.T.);
#63=EDGE_LOOP('',(#43,#51,#57,#62));
#64=CARTESIAN_POINT('',(0.231536274310,1.685827972742,0.170000000000));
#65=VERTEX_POINT('',#64);
#66=CARTESIAN_POINT('',(0.218452258543,1.544628955684,0.170000000000));
#67=VERTEX_POINT('',#66);
#68=LINE('',#58,#59);
#69=EDGE_CURVE('',#65,#67,#68,.T.);
#70=ORIENTED_EDGE('',*,*,#69,.T.);
#71=CARTESIAN_POINT('',(0.218452258543,1.544628955684,-0.170000000000));
#72=VERTEX_POINT('',#71);
#73=CARTESIAN_POINT('',(0.218452258543,1.544628955684,0.000000000000));
#74=LINE('',#73,#12);
#75=EDGE_CURVE('',#72,#67,#74,.T.);
#76=ORIENTED_EDGE('',*,*,#75,.F.);
#77=CARTESIAN_POINT('',(0.231536274310,1.685827972742,-0.170000000000));
#78=VERTEX_POINT('',#77);
#79=LINE('',#46,#48);
#80=EDGE_CURVE('',#72,#78,#79,.T.);
#81=ORIENTED_EDGE('',*,*,#80,.T.);
#82=CARTESIAN_POINT('',(0.231536274310,1.685827972742,0.000000000000));
#83=LINE('',#82,#12);
#84=EDGE_CURVE('',#78,#65,#83,.T.);
#85=ORIENTED_EDGE('',*,*,#84,.T.);
#86=EDGE_LOOP('',(#70,#76,#81,#85));
#87=FACE_OUTER_BOUND('',#63,.T.);
#88=ADVANCED_FACE('',(#87),#42,.T.);
#89=FACE_OUTER_BOUND('',#86,.T.);
#90=ADVANCED_FACE('',(#89),#42,.T.);
#91=CARTESIAN_POINT('',(-0.074680063222,0.006920126960,0.000000000000));
#92=AXIS2_PLACEMENT_3D('',#91,#3,#47);
#93=PLANE('',#92);
#94=ORIENTED_EDGE('',*,*,#29,.F.);
#95=CARTESIAN_POINT('',(-0.218452258543,-1.544628955684,0.170000000000));
#96=VERTEX_POINT('',#95);
#97=CARTESIAN_POINT('',(-0.074680063222,0.006920126960,0.170000000000));
#98=LINE('',#97,#48);
#99=EDGE_CURVE('',#17,#96,#98,.T.);
#100=ORIENTED_EDGE('',*,*,#99,.T.);
#101=CARTESIAN_POINT('',(-0.218452258543,-1.544628955684,-0.170000000000));
#102=VERTEX_POINT('',#101);
#103=CARTESIAN_POINT('',(-0.218452258543,-1.544628955684,0.000000000000));
#104=LINE('',#103,#12);
#105=EDGE_CURVE('',#102,#96,#104,.T.);
#106=ORIENTED_EDGE('',*,*,#105,.F.);
#107=CARTESIAN_POINT('',(-0.074680063222,0.006920126960,-0.170000000000));
#108=LINE('',#107,#59);
#109=EDGE_CURVE('',#102,#24,#108,.T.);
#110=ORIENTED_EDGE('',*,*,#109,.T.);
#111=EDGE_LOOP('',(#94,#100,#106,#110));
#112=CARTESIAN_POINT('',(0.069092132099,1.558469209603,0.170000000000));
#113=VERTEX_POINT('',#112);
#114=CARTESIAN_POINT('',(0.082176147865,1.699668226661,0.170000000000));
#115=VERTEX_POINT('',#114);
#116=LINE('',#97,#48);
#117=EDGE_CURVE('',#113,#115,#116,.T.);
#118=ORIENTED_EDGE('',*,*,#117,.T.);
#119=CARTESIAN_POINT('',(0.082176147865,1.699668226661,-0.170000000000));
#120=VERTEX_POINT('',#119);
#121=CARTESIAN_POINT('',(0.082176147865,1.699668226661,0.000000000000));
#122=LINE('',#121,#27);
#123=EDGE_CURVE('',#115,#120,#122,.T.);
#124=ORIENTED_EDGE('',*,*,#123,.T.);
#125=CARTESIAN_POINT('',(0.069092132099,1.558469209603,-0.170000000000));
#126=VERTEX_POINT('',#125);
#127=LINE('',#107,#59);
#128=EDGE_CURVE('',#120,#126,#127,.T.);
#129=ORIENTED_EDGE('',*,*,#128,.T.);
#130=CARTESIAN_POINT('',(0.069092132099,1.558469209603,0.000000000000));
#131=LINE('',#130,#12);
#132=EDGE_CURVE('',#126,#113,#131,.T.);
#133=ORIENTED_EDGE('',*,*,#132,.T.);
#134=EDGE_LOOP('',(#118,#124,#129,#133));
#135=FACE_OUTER_BOUND('',#111,.T.);
#136=ADVANCED_FACE('',(#135),#93,.T.);
#137=FACE_OUTER_BOUND('',#134,.T.);
#138=ADVANCED_FACE('',(#137),#93,.T.);
#139=CARTESIAN_POINT('',(0.000000000000,0.000000000000,0.170000000000));
#140=DIRECTION('',(0.000000000000,1.000000000000,0.000000000000));
#141=AXIS2_PLACEMENT_3D('',#139,#11,#140);
#142=PLANE('',#141);
#143=CARTESIAN_POINT('',(-0.015537621037,0.219450637576,0.170000000000));
#144=VERTEX_POINT('',#143);
#145=CARTESIAN_POINT('',(-0.025050885326,0.218569103819,0.170000000000));
#146=VERTEX_POINT('',#145);
#147=CIRCLE('',#141,0.220000000000);
#148=EDGE_CURVE('',#144,#146,#147,.T.);
#149=ORIENTED_EDGE('',*,*,#148,.F.);
#150=CARTESIAN_POINT('',(0.015537621037,0.219450637576,0.170000000000));
#151=VERTEX_POINT('',#150);
#152=CIRCLE('',#141,0.220000000000);
#153=EDGE_CURVE('',#151,#144,#152,.T.);
#154=ORIENTED_EDGE('',*,*,#153,.F.);
#155=CARTESIAN_POINT('',(0.025050885326,0.218569103819,0.170000000000));
#156=VERTEX_POINT('',#155);
#157=CIRCLE('',#141,0.220000000000);
#158=EDGE_CURVE('',#156,#151,#157,.T.);
#159=ORIENTED_EDGE('',*,*,#158,.F.);
#160=CARTESIAN_POINT('',(0.055597012352,0.212859043072,0.170000000000));
#161=VERTEX_POINT('',#160);
#162=CIRCLE('',#141,0.220000000000);
#163=EDGE_CURVE('',#161,#156,#162,.T.);
#164=ORIENTED_EDGE('',*,*,#163,.F.);
#165=CARTESIAN_POINT('',(0.064786313835,0.210244461377,0.170000000000));
#166=VERTEX_POINT('',#165);
#167=CIRCLE('',#141,0.220000000000);
#168=EDGE_CURVE('',#166,#161,#167,.T.);
#169=ORIENTED_EDGE('',*,*,#168,.F.);
#170=CARTESIAN_POINT('',(0.093763114092,0.199018789153,0.170000000000));
#171=VERTEX_POINT('',#170);
#172=CIRCLE('',#141,0.220000000000);
#173=EDGE_CURVE('',#171,#166,#172,.T.);
#174=ORIENTED_EDGE('',*,*,#173,.F.);
#175=CARTESIAN_POINT('',(0.102315522129,0.194760195963,0.170000000000));
#176=VERTEX_POINT('',#175);
#177=CIRCLE('',#141,0.220000000000);
#178=EDGE_CURVE('',#176,#171,#177,.T.);
#179=ORIENTED_EDGE('',*,*,#178,.F.);
#180=CARTESIAN_POINT('',(0.128736225438,0.178401189065,0.170000000000));
#181=VERTEX_POINT('',#180);
#182=CIRCLE('',#141,0.220000000000);
#183=EDGE_CURVE('',#181,#176,#182,.T.);
#184=ORIENTED_EDGE('',*,*,#183,.F.);
#185=CARTESIAN_POINT('',(0.136360498031,0.172643605664,0.170000000000));
#186=VERTEX_POINT('',#185);
#187=CIRCLE('',#141,0.220000000000);
#188=EDGE_CURVE('',#186,#181,#187,.T.);
#189=ORIENTED_EDGE('',*,*,#188,.F.);
#190=CARTESIAN_POINT('',(0.159325379029,0.151708350453,0.170000000000));
#191=VERTEX_POINT('',#190);
#192=CIRCLE('',#141,0.220000000000);
#193=EDGE_CURVE('',#191,#186,#192,.T.);
#194=ORIENTED_EDGE('',*,*,#193,.F.);
#195=CARTESIAN_POINT('',(0.165761880719,0.144647844438,0.170000000000));
#196=VERTEX_POINT('',#195);
#197=CIRCLE('',#141,0.220000000000);
#198=EDGE_CURVE('',#196,#191,#197,.T.);
#199=ORIENTED_EDGE('',*,*,#198,.F.);
#200=CARTESIAN_POINT('',(0.184488897927,0.119849265920,0.170000000000));
#201=VERTEX_POINT('',#200);
#202=CIRCLE('',#141,0.220000000000);
#203=EDGE_CURVE('',#201,#196,#202,.T.);
#204=ORIENTED_EDGE('',*,*,#203,.F.);
#205=CARTESIAN_POINT('',(0.189518441369,0.111726274355,0.170000000000));
#206=VERTEX_POINT('',#205);
#207=CIRCLE('',#141,0.220000000000);
#208=EDGE_CURVE('',#206,#201,#207,.T.);
#209=ORIENTED_EDGE('',*,*,#208,.F.);
#210=CARTESIAN_POINT('',(0.203369868676,0.083908858379,0.170000000000));
#211=VERTEX_POINT('',#210);
#212=CIRCLE('',#141,0.220000000000);
#213=EDGE_CURVE('',#211,#206,#212,.T.);
#214=ORIENTED_EDGE('',*,*,#213,.F.);
#215=CARTESIAN_POINT('',(0.206821178799,0.075000000000,0.170000000000));
#216=VERTEX_POINT('',#215);
#217=CIRCLE('',#141,0.220000000000);
#218=EDGE_CURVE('',#216,#211,#217,.T.);
#219=ORIENTED_EDGE('',*,*,#218,.F.);
#220=CARTESIAN_POINT('',(0.215325322463,0.045111035305,0.170000000000));
#221=VERTEX_POINT('',#220);
#222=CIRCLE('',#141,0.220000000000);
#223=EDGE_CURVE('',#221,#216,#222,.T.);
#224=ORIENTED_EDGE('',*,*,#223,.F.);
#225=CARTESIAN_POINT('',(0.217080869041,0.035719690598,0.170000000000));
#226=VERTEX_POINT('',#225);
#227=CIRCLE('',#141,0.220000000000);
#228=EDGE_CURVE('',#226,#221,#227,.T.);
#229=ORIENTED_EDGE('',*,*,#228,.F.);
#230=CARTESIAN_POINT('',(0.219948130647,0.004777010027,0.170000000000));
#231=VERTEX_POINT('',#230);
#232=CIRCLE('',#141,0.220000000000);
#233=EDGE_CURVE('',#231,#226,#232,.T.);
#234=ORIENTED_EDGE('',*,*,#233,.F.);
#235=CARTESIAN_POINT('',(0.219948130647,-0.004777010027,0.170000000000));
#236=VERTEX_POINT('',#235);
#237=CIRCLE('',#141,0.220000000000);
#238=EDGE_CURVE('',#236,#231,#237,.T.);
#239=ORIENTED_EDGE('',*,*,#238,.F.);
#240=CARTESIAN_POINT('',(0.217080869041,-0.035719690598,0.170000000000));
#241=VERTEX_POINT('',#240);
#242=CIRCLE('',#141,0.220000000000);
#243=EDGE_CURVE('',#241,#236,#242,.T.);
#244=ORIENTED_EDGE('',*,*,#243,.F.);
#245=CARTESIAN_POINT('',(0.215325322463,-0.045111035305,0.170000000000));
#246=VERTEX_POINT('',#245);
#247=CIRCLE('',#141,0.220000000000);
#248=EDGE_CURVE('',#246,#241,#247,.T.);
#249=ORIENTED_EDGE('',*,*,#248,.F.);
#250=CARTESIAN_POINT('',(0.206821178799,-0.075000000000,0.170000000000));
#251=VERTEX_POINT('',#250);
#252=CIRCLE('',#141,0.220000000000);
#253=EDGE_CURVE('',#251,#246,#252,.T.);
#254=ORIENTED_EDGE('',*,*,#253,.F.);
#255=CARTESIAN_POINT('',(0.203369868676,-0.083908858379,0.170000000000));
#256=VERTEX_POINT('',#255);
#257=CIRCLE('',#141,0.220000000000);
#258=EDGE_CURVE('',#256,#251,#257,.T.);
#259=ORIENTED_EDGE('',*,*,#258,.F.);
#260=CARTESIAN_POINT('',(0.189518441369,-0.111726274355,0.170000000000));
#261=VERTEX_POINT('',#260);
#262=CIRCLE('',#141,0.220000000000);
#263=EDGE_CURVE('',#261,#256,#262,.T.);
#264=ORIENTED_EDGE('',*,*,#263,.F.);
#265=CARTESIAN_POINT('',(0.184488897927,-0.119849265920,0.170000000000));
#266=VERTEX_POINT('',#265);
#267=CIRCLE('',#141,0.220000000000);
#268=EDGE_CURVE('',#266,#261,#267,.T.);
#269=ORIENTED_EDGE('',*,*,#268,.F.);
#270=CARTESIAN_POINT('',(0.165761880719,-0.144647844438,0.170000000000));
#271=VERTEX_POINT('',#270);
#272=CIRCLE('',#141,0.220000000000);
#273=EDGE_CURVE('',#271,#266,#272,.T.);
#274=ORIENTED_EDGE('',*,*,#273,.F.);
#275=CARTESIAN_POINT('',(0.159325379029,-0.151708350453,0.170000000000));
#276=VERTEX_POINT('',#275);
#277=CIRCLE('',#141,0.220000000000);
#278=EDGE_CURVE('',#276,#271,#277,.T.);
#279=ORIENTED_EDGE('',*,*,#278,.F.);
#280=CARTESIAN_POINT('',(0.136360498031,-0.172643605664,0.170000000000));
#281=VERTEX_POINT('',#280);
#282=CIRCLE('',#141,0.220000000000);
#283=EDGE_CURVE('',#281,#276,#282,.T.);
#284=ORIENTED_EDGE('',*,*,#283,.F.);
#285=CARTESIAN_POINT('',(0.128736225438,-0.178401189065,0.170000000000));
#286=VERTEX_POINT('',#285);
#287=CIRCLE('',#141,0.220000000000);
#288=EDGE_CURVE('',#286,#281,#287,.T.);
#289=ORIENTED_EDGE('',*,*,#288,.F.);
#290=CARTESIAN_POINT('',(0.102315522129,-0.194760195963,0.170000000000));
#291=VERTEX_POINT('',#290);
#292=CIRCLE('',#141,0.220000000000);
#293=EDGE_CURVE('',#291,#286,#292,.T.);
#294=ORIENTED_EDGE('',*,*,#293,.F.);
#295=CARTESIAN_POINT('',(0.093763114092,-0.199018789153,0.170000000000));
#296=VERTEX_POINT('',#295);
#297=CIRCLE('',#141,0.220000000000);
#298=EDGE_CURVE('',#296,#291,#297,.T.);
#299=ORIENTED_EDGE('',*,*,#298,.F.);
#300=CARTESIAN_POINT('',(0.064786313835,-0.210244461377,0.170000000000));
#301=VERTEX_POINT('',#300);
#302=CIRCLE('',#141,0.220000000000);
#303=EDGE_CURVE('',#301,#296,#302,.T.);
#304=ORIENTED_EDGE('',*,*,#303,.F.);
#305=CARTESIAN_POINT('',(0.055597012352,-0.212859043072,0.170000000000));
#306=VERTEX_POINT('',#305);
#307=CIRCLE('',#141,0.220000000000);
#308=EDGE_CURVE('',#306,#301,#307,.T.);
#309=ORIENTED_EDGE('',*,*,#308,.F.);
#310=CARTESIAN_POINT('',(0.025050885326,-0.218569103819,0.170000000000));
#311=VERTEX_POINT('',#310);
#312=CIRCLE('',#141,0.220000000000);
#313=EDGE_CURVE('',#311,#306,#312,.T.);
#314=ORIENTED_EDGE('',*,*,#313,.F.);
#315=CARTESIAN_POINT('',(0.015537621037,-0.219450637576,0.170000000000));
#316=VERTEX_POINT('',#315);
#317=CIRCLE('',#141,0.220000000000);
#318=EDGE_CURVE('',#316,#311,#317,.T.);
#319=ORIENTED_EDGE('',*,*,#318,.F.);
#320=CARTESIAN_POINT('',(-0.015537621037,-0.219450637576,0.170000000000));
#321=VERTEX_POINT('',#320);
#322=CIRCLE('',#141,0.220000000000);
#323=EDGE_CURVE('',#321,#316,#322,.T.);
#324=ORIENTED_EDGE('',*,*,#323,.F.);
#325=CARTESIAN_POINT('',(-0.025050885326,-0.218569103819,0.170000000000));
#326=VERTEX_POINT('',#325);
#327=CIRCLE('',#141,0.220000000000);
#328=EDGE_CURVE('',#326,#321,#327,.T.);
#329=ORIENTED_EDGE('',*,*,#328,.F.);
#330=CARTESIAN_POINT('',(-0.055597012352,-0.212859043072,0.170000000000));
#331=VERTEX_POINT('',#330);
#332=CIRCLE('',#141,0.220000000000);
#333=EDGE_CURVE('',#331,#326,#332,.T.);
#334=ORIENTED_EDGE('',*,*,#333,.F.);
#335=CARTESIAN_POINT('',(-0.064786313835,-0.210244461377,0.170000000000));
#336=VERTEX_POINT('',#335);
#337=CIRCLE('',#141,0.220000000000);
#338=EDGE_CURVE('',#336,#331,#337,.T.);
#339=ORIENTED_EDGE('',*,*,#338,.F.);
#340=CARTESIAN_POINT('',(-0.093763114092,-0.199018789153,0.170000000000));
#341=VERTEX_POINT('',#340);
#342=CIRCLE('',#141,0.220000000000);
#343=EDGE_CURVE('',#341,#336,#342,.T.);
#344=ORIENTED_EDGE('',*,*,#343,.F.);
#345=CARTESIAN_POINT('',(-0.102315522129,-0.194760195963,0.170000000000));
#346=VERTEX_POINT('',#345);
#347=CIRCLE('',#141,0.220000000000);
#348=EDGE_CURVE('',#346,#341,#347,.T.);
#349=ORIENTED_EDGE('',*,*,#348,.F.);
#350=CARTESIAN_POINT('',(-0.128736225438,-0.178401189065,0.170000000000));
#351=VERTEX_POINT('',#350);
#352=CIRCLE('',#141,0.220000000000);
#353=EDGE_CURVE('',#351,#346,#352,.T.);
#354=ORIENTED_EDGE('',*,*,#353,.F.);
#355=CARTESIAN_POINT('',(-0.136360498031,-0.172643605664,0.170000000000));
#356=VERTEX_POINT('',#355);
#357=CIRCLE('',#141,0.220000000000);
#358=EDGE_CURVE('',#356,#351,#357,.T.);
#359=ORIENTED_EDGE('',*,*,#358,.F.);
#360=CARTESIAN_POINT('',(-0.159325379029,-0.151708350453,0.170000000000));
#361=VERTEX_POINT('',#360);
#362=CIRCLE('',#141,0.220000000000);
#363=EDGE_CURVE('',#361,#356,#362,.T.);
#364=ORIENTED_EDGE('',*,*,#363,.F.);
#365=CARTESIAN_POINT('',(-0.165761880719,-0.144647844438,0.170000000000));
#366=VERTEX_POINT('',#365);
#367=CIRCLE('',#141,0.220000000000);
#368=EDGE_CURVE('',#366,#361,#367,.T.);
#369=ORIENTED_EDGE('',*,*,#368,.F.);
#370=CARTESIAN_POINT('',(-0.184488897927,-0.119849265920,0.170000000000));
#371=VERTEX_POINT('',#370);
#372=CIRCLE('',#141,0.220000000000);
#373=EDGE_CURVE('',#371,#366,#372,.T.);
#374=ORIENTED_EDGE('',*,*,#373,.F.);
#375=CARTESIAN_POINT('',(-0.189518441369,-0.111726274355,0.170000000000));
#376=VERTEX_POINT('',#375);
#377=CIRCLE('',#141,0.220000000000);
#378=EDGE_CURVE('',#376,#371,#377,.T.);
#379=ORIENTED_EDGE('',*,*,#378,.F.);
#380=CARTESIAN_POINT('',(-0.203369868676,-0.083908858379,0.170000000000));
#381=VERTEX_POINT('',#380);
#382=CIRCLE('',#141,0.220000000000);
#383=EDGE_CURVE('',#381,#376,#382,.T.);
#384=ORIENTED_EDGE('',*,*,#383,.F.);
#385=CARTESIAN_POINT('',(-0.206821178799,-0.075000000000,0.170000000000));
#386=VERTEX_POINT('',#385);
#387=CIRCLE('',#141,0.220000000000);
#388=EDGE_CURVE('',#386,#381,#387,.T.);
#389=ORIENTED_EDGE('',*,*,#388,.F.);
#390=CARTESIAN_POINT('',(-0.215325322463,-0.045111035305,0.170000000000));
#391=VERTEX_POINT('',#390);
#392=CIRCLE('',#141,0.220000000000);
#393=EDGE_CURVE('',#391,#386,#392,.T.);
#394=ORIENTED_EDGE('',*,*,#393,.F.);
#395=CARTESIAN_POINT('',(-0.217080869041,-0.035719690598,0.170000000000));
#396=VERTEX_POINT('',#395);
#397=CIRCLE('',#141,0.220000000000);
#398=EDGE_CURVE('',#396,#391,#397,.T.);
#399=ORIENTED_EDGE('',*,*,#398,.F.);
#400=CARTESIAN_POINT('',(-0.219948130647,-0.004777010027,0.170000000000));
#401=VERTEX_POINT('',#400);
#402=CIRCLE('',#141,0.220000000000);
#403=EDGE_CURVE('',#401,#396,#402,.T.);
#404=ORIENTED_EDGE('',*,*,#403,.F.);
#405=CARTESIAN_POINT('',(-0.219948130647,0.004777010027,0.170000000000));
#406=VERTEX_POINT('',#405);
#407=CIRCLE('',#141,0.220000000000);
#408=EDGE_CURVE('',#406,#401,#407,.T.);
#409=ORIENTED_EDGE('',*,*,#408,.F.);
#410=CARTESIAN_POINT('',(-0.217080869041,0.035719690598,0.170000000000));
#411=VERTEX_POINT('',#410);
#412=CIRCLE('',#141,0.220000000000);
#413=EDGE_CURVE('',#411,#406,#412,.T.);
#414=ORIENTED_EDGE('',*,*,#413,.F.);
#415=CARTESIAN_POINT('',(-0.215325322463,0.045111035305,0.170000000000));
#416=VERTEX_POINT('',#415);
#417=CIRCLE('',#141,0.220000000000);
#418=EDGE_CURVE('',#416,#411,#417,.T.);
#419=ORIENTED_EDGE('',*,*,#418,.F.);
#420=CARTESIAN_POINT('',(-0.206821178799,0.075000000000,0.170000000000));
#421=VERTEX_POINT('',#420);
#422=CIRCLE('',#141,0.220000000000);
#423=EDGE_CURVE('',#421,#416,#422,.T.);
#424=ORIENTED_EDGE('',*,*,#423,.F.);
#425=CARTESIAN_POINT('',(-0.203369868676,0.083908858379,0.170000000000));
#426=VERTEX_POINT('',#425);
#427=CIRCLE('',#141,0.220000000000);
#428=EDGE_CURVE('',#426,#421,#427,.T.);
#429=ORIENTED_EDGE('',*,*,#428,.F.);
#430=CARTESIAN_POINT('',(-0.189518441369,0.111726274355,0.170000000000));
#431=VERTEX_POINT('',#430);
#432=CIRCLE('',#141,0.220000000000);
#433=EDGE_CURVE('',#431,#426,#432,.T.);
#434=ORIENTED_EDGE('',*,*,#433,.F.);
#435=CARTESIAN_POINT('',(-0.184488897927,0.119849265920,0.170000000000));
#436=VERTEX_POINT('',#435);
#437=CIRCLE('',#141,0.220000000000);
#438=EDGE_CURVE('',#436,#431,#437,.T.);
#439=ORIENTED_EDGE('',*,*,#438,.F.);
#440=CARTESIAN_POINT('',(-0.165761880719,0.144647844438,0.170000000000));
#441=VERTEX_POINT('',#440);
#442=CIRCLE('',#141,0.220000000000);
#443=EDGE_CURVE('',#441,#436,#442,.T.);
#444=ORIENTED_EDGE('',*,*,#443,.F.);
#445=CARTESIAN_POINT('',(-0.159325379029,0.151708350453,0.170000000000));
#446=VERTEX_POINT('',#445);
#447=CIRCLE('',#141,0.220000000000);
#448=EDGE_CURVE('',#446,#441,#447,.T.);
#449=ORIENTED_EDGE('',*,*,#448,.F.);
#450=CARTESIAN_POINT('',(-0.136360498031,0.172643605664,0.170000000000));
#451=VERTEX_POINT('',#450);
#452=CIRCLE('',#141,0.220000000000);
#453=EDGE_CURVE('',#451,#446,#452,.T.);
#454=ORIENTED_EDGE('',*,*,#453,.F.);
#455=CARTESIAN_POINT('',(-0.128736225438,0.178401189065,0.170000000000));
#456=VERTEX_POINT('',#455);
#457=CIRCLE('',#141,0.220000000000);
#458=EDGE_CURVE('',#456,#451,#457,.T.);
#459=ORIENTED_EDGE('',*,*,#458,.F.);
#460=CARTESIAN_POINT('',(-0.102315522129,0.194760195963,0.170000000000));
#461=VERTEX_POINT('',#460);
#462=CIRCLE('',#141,0.220000000000);
#463=EDGE_CURVE('',#461,#456,#462,.T.);
#464=ORIENTED_EDGE('',*,*,#463,.F.);
#465=CARTESIAN_POINT('',(-0.093763114092,0.199018789153,0.170000000000));
#466=VERTEX_POINT('',#465);
#467=CIRCLE('',#141,0.220000000000);
#468=EDGE_CURVE('',#466,#461,#467,.T.);
#469=ORIENTED_EDGE('',*,*,#468,.F.);
#470=CARTESIAN_POINT('',(-0.064786313835,0.210244461377,0.170000000000));
#471=VERTEX_POINT('',#470);
#472=CIRCLE('',#141,0.220000000000);
#473=EDGE_CURVE('',#471,#466,#472,.T.);
#474=ORIENTED_EDGE('',*,*,#473,.F.);
#475=CARTESIAN_POINT('',(-0.055597012352,0.212859043072,0.170000000000));
#476=VERTEX_POINT('',#475);
#477=CIRCLE('',#141,0.220000000000);
#478=EDGE_CURVE('',#476,#471,#477,.T.);
#479=ORIENTED_EDGE('',*,*,#478,.F.);
#480=CIRCLE('',#141,0.220000000000);
#481=EDGE_CURVE('',#146,#476,#480,.T.);
#482=ORIENTED_EDGE('',*,*,#481,.F.);
#483=EDGE_LOOP('',(#149,#154,#159,#164,#169,#174,#179,#184,#189,#194,#199,#204,#209,#214,#219,#224,#229,#234,#239,#244,#249,#254,#259,#264,#269,#274,#279,#284,#289,#294,#299,#304,#309,#314,#319,#324,#329,#334,#339,#344,#349,#354,#359,#364,#369,#374,#379,#384,#389,#394,#399,#404,#409,#414,#419,#424,#429,#434,#439,#444,#449,#454,#459,#464,#469,#474,#479,#482));
#484=ORIENTED_EDGE('',*,*,#21,.F.);
#485=ORIENTED_EDGE('',*,*,#61,.F.);
#486=CARTESIAN_POINT('',(0.069092132099,-1.558469209603,0.170000000000));
#487=VERTEX_POINT('',#486);
#488=CIRCLE('',#141,1.560000000000);
#489=EDGE_CURVE('',#53,#487,#488,.T.);
#490=ORIENTED_EDGE('',*,*,#489,.T.);
#491=CARTESIAN_POINT('',(0.082176147865,-1.699668226661,0.170000000000));
#492=VERTEX_POINT('',#491);
#493=CARTESIAN_POINT('',(-0.074680063222,-0.006920126960,0.170000000000));
#494=DIRECTION('',(0.092268359463,-0.995734176295,0.000000000000));
#495=VECTOR('',#494,1.0);
#496=LINE('',#493,#495);
#497=EDGE_CURVE('',#487,#492,#496,.T.);
#498=ORIENTED_EDGE('',*,*,#497,.T.);
#499=CARTESIAN_POINT('',(0.231536274310,-1.685827972742,0.170000000000));
#500=VERTEX_POINT('',#499);
#501=CARTESIAN_POINT('',(0.156856211088,-1.692748099702,0.170000000000));
#502=DIRECTION('',(0.995734176295,0.092268359463,0.000000000000));
#503=VECTOR('',#502,1.0);
#504=LINE('',#501,#503);
#505=EDGE_CURVE('',#492,#500,#504,.T.);
#506=ORIENTED_EDGE('',*,*,#505,.T.);
#507=CARTESIAN_POINT('',(0.218452258543,-1.544628955684,0.170000000000));
#508=VERTEX_POINT('',#507);
#509=CARTESIAN_POINT('',(0.074680063222,0.006920126960,0.170000000000));
#510=DIRECTION('',(-0.092268359463,0.995734176295,0.000000000000));
#511=VECTOR('',#510,1.0);
#512=LINE('',#509,#511);
#513=EDGE_CURVE('',#500,#508,#512,.T.);
#514=ORIENTED_EDGE('',*,*,#513,.T.);
#515=CARTESIAN_POINT('',(0.354283673050,-1.519237663768,0.170000000000));
#516=VERTEX_POINT('',#515);
#517=CIRCLE('',#141,1.560000000000);
#518=EDGE_CURVE('',#508,#516,#517,.T.);
#519=ORIENTED_EDGE('',*,*,#518,.T.);
#520=CARTESIAN_POINT('',(0.393090159885,-1.655628317649,0.170000000000));
#521=VERTEX_POINT('',#520);
#522=CARTESIAN_POINT('',(-0.072136923238,-0.020524724255,0.170000000000));
#523=DIRECTION('',(0.273662990072,-0.961825643173,0.000000000000));
#524=VECTOR('',#523,1.0);
#525=LINE('',#522,#524);
#526=EDGE_CURVE('',#516,#521,#525,.T.);
#527=ORIENTED_EDGE('',*,*,#526,.T.);
#528=CARTESIAN_POINT('',(0.537364006360,-1.614578869138,0.170000000000));
#529=VERTEX_POINT('',#528);
#530=CARTESIAN_POINT('',(0.465227083123,-1.635103593394,0.170000000000));
#531=DIRECTION('',(0.961825643173,0.273662990072,0.000000000000));
#532=VECTOR('',#531,1.0);
#533=LINE('',#530,#532);
#534=EDGE_CURVE('',#521,#529,#533,.T.);
#535=ORIENTED_EDGE('',*,*,#534,.T.);
#536=CARTESIAN_POINT('',(0.498557519526,-1.478188215257,0.170000000000));
#537=VERTEX_POINT('',#536);
#538=CARTESIAN_POINT('',(0.072136923238,0.020524724255,0.170000000000));
#539=DIRECTION('',(-0.273662990072,0.961825643173,0.000000000000));
#540=VECTOR('',#539,1.0);
#541=LINE('',#538,#540);
#542=EDGE_CURVE('',#529,#537,#541,.T.);
#543=ORIENTED_EDGE('',*,*,#542,.T.);
#544=CARTESIAN_POINT('',(0.627410508431,-1.428270301417,0.170000000000));
#545=VERTEX_POINT('',#544);
#546=CIRCLE('',#141,1.560000000000);
#547=EDGE_CURVE('',#537,#545,#546,.T.);
#548=ORIENTED_EDGE('',*,*,#547,.T.);
#549=CARTESIAN_POINT('',(0.690617957968,-1.555207971987,0.170000000000));
#550=VERTEX_POINT('',#549);
#551=CARTESIAN_POINT('',(-0.067137246852,-0.033430376683,0.170000000000));
#552=DIRECTION('',(0.445738355777,-0.895163291355,0.000000000000));
#553=VECTOR('',#552,1.0);
#554=LINE('',#551,#553);
#555=EDGE_CURVE('',#545,#550,#554,.T.);
#556=ORIENTED_EDGE('',*,*,#555,.T.);
#557=CARTESIAN_POINT('',(0.824892451672,-1.488347218620,0.170000000000));
#558=VERTEX_POINT('',#557);
#559=CARTESIAN_POINT('',(0.757755204820,-1.521777595304,0.170000000000));
#560=DIRECTION('',(0.895163291355,0.445738355777,0.000000000000));
#561=VECTOR('',#560,1.0);
#562=LINE('',#559,#561);
#563=EDGE_CURVE('',#550,#558,#562,.T.);
#564=ORIENTED_EDGE('',*,*,#563,.T.);
#565=CARTESIAN_POINT('',(0.761685002135,-1.361409548051,0.170000000000));
#566=VERTEX_POINT('',#565);
#567=CARTESIAN_POINT('',(0.067137246852,0.033430376683,0.170000000000));
#568=DIRECTION('',(-0.445738355777,0.895163291355,0.000000000000));
#569=VECTOR('',#568,1.0);
#570=LINE('',#567,#569);
#571=EDGE_CURVE('',#558,#566,#570,.T.);
#572=ORIENTED_EDGE('',*,*,#571,.T.);
#573=CARTESIAN_POINT('',(0.879171631444,-1.288664906973,0.170000000000));
#574=VERTEX_POINT('',#573);
#575=CIRCLE('',#141,1.560000000000);
#576=EDGE_CURVE('',#566,#574,#575,.T.);
#577=ORIENTED_EDGE('',*,*,#576,.T.);
#578=CARTESIAN_POINT('',(0.964627589799,-1.401826884105,0.170000000000));
#579=VERTEX_POINT('',#578);
#580=CARTESIAN_POINT('',(-0.059851292046,-0.045197597728,0.170000000000));
#581=DIRECTION('',(0.602634636379,-0.798017227280,0.000000000000));
#582=VECTOR('',#581,1.0);
#583=LINE('',#580,#582);
#584=EDGE_CURVE('',#574,#579,#583,.T.);
#585=ORIENTED_EDGE('',*,*,#584,.T.);
#586=CARTESIAN_POINT('',(1.084330173891,-1.311431688648,0.170000000000));
#587=VERTEX_POINT('',#586);
#588=CARTESIAN_POINT('',(1.024478881845,-1.356629286376,0.170000000000));
#589=DIRECTION('',(0.798017227280,0.602634636379,0.000000000000));
#590=VECTOR('',#589,1.0);
#591=LINE('',#588,#590);
#592=EDGE_CURVE('',#579,#587,#591,.T.);
#593=ORIENTED_EDGE('',*,*,#592,.T.);
#594=CARTESIAN_POINT('',(0.998874215536,-1.198269711516,0.170000000000));
#595=VERTEX_POINT('',#594);
#596=CARTESIAN_POINT('',(0.059851292046,0.045197597728,0.170000000000));
#597=DIRECTION('',(-0.602634636379,0.798017227280,0.000000000000));
#598=VECTOR('',#597,1.0);
#599=LINE('',#596,#598);
#600=EDGE_CURVE('',#587,#595,#599,.T.);
#601=ORIENTED_EDGE('',*,*,#600,.T.);
#602=CARTESIAN_POINT('',(1.100993618998,-1.105175574705,0.170000000000));
#603=VERTEX_POINT('',#602);
#604=CIRCLE('',#141,1.560000000000);
#605=EDGE_CURVE('',#595,#603,#604,.T.);
#606=ORIENTED_EDGE('',*,*,#605,.T.);
#607=CARTESIAN_POINT('',(1.205787986002,-1.200708262991,0.170000000000));
#608=VERTEX_POINT('',#607);
#609=CARTESIAN_POINT('',(-0.050527173273,-0.055425668792,0.170000000000));
#610=DIRECTION('',(0.739008917221,-0.673695643647,0.000000000000));
#611=VECTOR('',#610,1.0);
#612=LINE('',#609,#611);
#613=EDGE_CURVE('',#603,#608,#612,.T.);
#614=ORIENTED_EDGE('',*,*,#613,.T.);
#615=CARTESIAN_POINT('',(1.306842332549,-1.089856925408,0.170000000000));
#616=VERTEX_POINT('',#615);
#617=CARTESIAN_POINT('',(1.256315159275,-1.145282594199,0.170000000000));
#618=DIRECTION('',(0.673695643647,0.739008917221,0.000000000000));
#619=VECTOR('',#618,1.0);
#620=LINE('',#617,#619);
#621=EDGE_CURVE('',#608,#616,#620,.T.);
#622=ORIENTED_EDGE('',*,*,#621,.T.);
#623=CARTESIAN_POINT('',(1.202047965545,-0.994324237122,0.170000000000));
#624=VERTEX_POINT('',#623);
#625=CARTESIAN_POINT('',(0.050527173273,0.055425668792,0.170000000000));
#626=DIRECTION('',(-0.739008917221,0.673695643647,0.000000000000));
#627=VECTOR('',#626,1.0);
#628=LINE('',#625,#627);
#629=EDGE_CURVE('',#616,#624,#628,.T.);
#630=ORIENTED_EDGE('',*,*,#629,.T.);
#631=CARTESIAN_POINT('',(1.285322589354,-0.884050813753,0.170000000000));
#632=VERTEX_POINT('',#631);
#633=CIRCLE('',#141,1.560000000000);
#634=EDGE_CURVE('',#624,#632,#633,.T.);
#635=ORIENTED_EDGE('',*,*,#634,.T.);
#636=CARTESIAN_POINT('',(1.405886718525,-0.958700962071,0.170000000000));
#637=VERTEX_POINT('',#636);
#638=CARTESIAN_POINT('',(-0.039482412216,-0.063766285180,0.170000000000));
#639=DIRECTION('',(0.850217135730,-0.526432162877,0.000000000000));
#640=VECTOR('',#639,1.0);
#641=LINE('',#638,#640);
#642=EDGE_CURVE('',#632,#637,#641,.T.);
#643=ORIENTED_EDGE('',*,*,#642,.T.);
#644=CARTESIAN_POINT('',(1.484851542956,-0.831168391712,0.170000000000));
#645=VERTEX_POINT('',#644);
#646=CARTESIAN_POINT('',(1.445369130740,-0.894934676892,0.170000000000));
#647=DIRECTION('',(0.526432162877,0.850217135730,0.000000000000));
#648=VECTOR('',#647,1.0);
#649=LINE('',#646,#648);
#650=EDGE_CURVE('',#637,#645,#649,.T.);
#651=ORIENTED_EDGE('',*,*,#650,.T.);
#652=CARTESIAN_POINT('',(1.364287413785,-0.756518243394,0.170000000000));
#653=VERTEX_POINT('',#652);
#654=CARTESIAN_POINT('',(0.039482412216,0.063766285180,0.170000000000));
#655=DIRECTION('',(-0.850217135730,0.526432162877,0.000000000000));
#656=VECTOR('',#655,1.0);
#657=LINE('',#654,#656);
#658=EDGE_CURVE('',#645,#653,#657,.T.);
#659=ORIENTED_EDGE('',*,*,#658,.T.);
#660=CARTESIAN_POINT('',(1.425881440503,-0.632820762640,0.170000000000));
#661=VERTEX_POINT('',#660);
#662=CIRCLE('',#141,1.560000000000);
#663=EDGE_CURVE('',#653,#661,#662,.T.);
#664=ORIENTED_EDGE('',*,*,#663,.T.);
#665=CARTESIAN_POINT('',(1.558109665023,-0.684046249723,0.170000000000));
#666=VERTEX_POINT('',#665);
#667=CARTESIAN_POINT('',(-0.027093124964,-0.069935417205,0.170000000000));
#668=DIRECTION('',(0.932472229404,-0.361241666187,0.000000000000));
#669=VECTOR('',#668,1.0);
#670=LINE('',#667,#669);
#671=EDGE_CURVE('',#661,#666,#670,.T.);
#672=ORIENTED_EDGE('',*,*,#671,.T.);
#673=CARTESIAN_POINT('',(1.612295914951,-0.544175415313,0.170000000000));
#674=VERTEX_POINT('',#673);
#675=CARTESIAN_POINT('',(1.585202789987,-0.614110832518,0.170000000000));
#676=DIRECTION('',(0.361241666187,0.932472229404,0.000000000000));
#677=VECTOR('',#676,1.0);
#678=LINE('',#675,#677);
#679=EDGE_CURVE('',#666,#674,#678,.T.);
#680=ORIENTED_EDGE('',*,*,#679,.T.);
#681=CARTESIAN_POINT('',(1.480067690431,-0.492949928230,0.170000000000));
#682=VERTEX_POINT('',#681);
#683=CARTESIAN_POINT('',(0.027093124964,0.069935417205,0.170000000000));
#684=DIRECTION('',(-0.932472229404,0.361241666187,0.000000000000));
#685=VECTOR('',#684,1.0);
#686=LINE('',#683,#685);
#687=EDGE_CURVE('',#674,#682,#686,.T.);
#688=ORIENTED_EDGE('',*,*,#687,.T.);
#689=CARTESIAN_POINT('',(1.517883609353,-0.360040759441,0.170000000000));
#690=VERTEX_POINT('',#689);
#691=CIRCLE('',#141,1.560000000000);
#692=EDGE_CURVE('',#682,#690,#691,.T.);
#693=ORIENTED_EDGE('',*,*,#692,.T.);
#694=CARTESIAN_POINT('',(1.657273055626,-0.386097162764,0.170000000000));
#695=VERTEX_POINT('',#694);
#696=CARTESIAN_POINT('',(-0.013781213836,-0.073722982476,0.170000000000));
#697=DIRECTION('',(0.982973099684,-0.183749517817,0.000000000000));
#698=VECTOR('',#697,1.0);
#699=LINE('',#696,#698);
#700=EDGE_CURVE('',#690,#695,#699,.T.);
#701=ORIENTED_EDGE('',*,*,#700,.T.);
#702=CARTESIAN_POINT('',(1.684835483299,-0.238651197812,0.170000000000));
#703=VERTEX_POINT('',#702);
#704=CARTESIAN_POINT('',(1.671054269463,-0.312374180288,0.170000000000));
#705=DIRECTION('',(0.183749517817,0.982973099684,0.000000000000));
#706=VECTOR('',#705,1.0);
#707=LINE('',#704,#706);
#708=EDGE_CURVE('',#695,#703,#707,.T.);
#709=ORIENTED_EDGE('',*,*,#708,.T.);
#710=CARTESIAN_POINT('',(1.545446037025,-0.212594794488,0.170000000000));
#711=VERTEX_POINT('',#710);
#712=CARTESIAN_POINT('',(0.013781213836,0.073722982476,0.170000000000));
#713=DIRECTION('',(-0.982973099684,0.183749517817,0.000000000000));
#714=VECTOR('',#713,1.0);
#715=LINE('',#712,#714);
#716=EDGE_CURVE('',#703,#711,#715,.T.);
#717=ORIENTED_EDGE('',*,*,#716,.T.);
#718=CARTESIAN_POINT('',(1.558196072386,-0.075000000000,0.170000000000));
#719=VERTEX_POINT('',#718);
#720=CIRCLE('',#141,1.560000000000);
#721=EDGE_CURVE('',#711,#719,#720,.T.);
#722=ORIENTED_EDGE('',*,*,#721,.T.);
#723=CARTESIAN_POINT('',(1.700000000000,-0.075000000000,0.170000000000));
#724=VERTEX_POINT('',#723);
#725=CARTESIAN_POINT('',(0.000000000000,-0.075000000000,0.170000000000));
#726=DIRECTION('',(1.000000000000,0.000000000000,0.000000000000));
#727=VECTOR('',#726,1.0);
#728=LINE('',#725,#727);
#729=EDGE_CURVE('',#719,#724,#728,.T.);
#730=ORIENTED_EDGE('',*,*,#729,.T.);
#731=CARTESIAN_POINT('',(1.700000000000,0.075000000000,0.170000000000));
#732=VERTEX_POINT('',#731);
#733=CARTESIAN_POINT('',(1.700000000000,0.000000000000,0.170000000000));
#734=VECTOR('',#140,1.0);
#735=LINE('',#733,#734);
#736=EDGE_CURVE('',#724,#732,#735,.T.);
#737=ORIENTED_EDGE('',*,*,#736,.T.);
#738=CARTESIAN_POINT('',(1.558196072386,0.075000000000,0.170000000000));
#739=VERTEX_POINT('',#738);
#740=CARTESIAN_POINT('',(0.000000000000,0.075000000000,0.170000000000));
#741=DIRECTION('',(-1.000000000000,0.000000000000,0.000000000000));
#742=VECTOR('',#741,1.0);
#743=LINE('',#740,#742);
#744=EDGE_CURVE('',#732,#739,#743,.T.);
#745=ORIENTED_EDGE('',*,*,#744,.T.);
#746=CARTESIAN_POINT('',(1.545446037025,0.212594794488,0.170000000000));
#747=VERTEX_POINT('',#746);
#748=CIRCLE('',#141,1.560000000000);
#749=EDGE_CURVE('',#739,#747,#748,.T.);
#750=ORIENTED_EDGE('',*,*,#749,.T.);
#751=CARTESIAN_POINT('',(1.684835483299,0.238651197812,0.170000000000));
#752=VERTEX_POINT('',#751);
#753=CARTESIAN_POINT('',(0.013781213836,-0.073722982476,0.170000000000));
#754=DIRECTION('',(0.982973099684,0.183749517817,0.000000000000));
#755=VECTOR('',#754,1.0);
#756=LINE('',#753,#755);
#757=EDGE_CURVE('',#747,#752,#756,.T.);
#758=ORIENTED_EDGE('',*,*,#757,.T.);
#759=CARTESIAN_POINT('',(1.657273055626,0.386097162764,0.170000000000));
#760=VERTEX_POINT('',#759);
#761=CARTESIAN_POINT('',(1.671054269463,0.312374180288,0.170000000000));
#762=DIRECTION('',(-0.183749517817,0.982973099684,0.000000000000));
#763=VECTOR('',#762,1.0);
#764=LINE('',#761,#763);
#765=EDGE_CURVE('',#752,#760,#764,.T.);
#766=ORIENTED_EDGE('',*,*,#765,.T.);
#767=CARTESIAN_POINT('',(1.517883609353,0.360040759441,0.170000000000));
#768=VERTEX_POINT('',#767);
#769=CARTESIAN_POINT('',(-0.013781213836,0.073722982476,0.170000000000));
#770=DIRECTION('',(-0.982973099684,-0.183749517817,0.000000000000));
#771=VECTOR('',#770,1.0);
#772=LINE('',#769,#771);
#773=EDGE_CURVE('',#760,#768,#772,.T.);
#774=ORIENTED_EDGE('',*,*,#773,.T.);
#775=CARTESIAN_POINT('',(1.480067690431,0.492949928230,0.170000000000));
#776=VERTEX_POINT('',#775);
#777=CIRCLE('',#141,1.560000000000);
#778=EDGE_CURVE('',#768,#776,#777,.T.);
#779=ORIENTED_EDGE('',*,*,#778,.T.);
#780=CARTESIAN_POINT('',(1.612295914951,0.544175415313,0.170000000000));
#781=VERTEX_POINT('',#780);
#782=CARTESIAN_POINT('',(0.027093124964,-0.069935417205,0.170000000000));
#783=DIRECTION('',(0.932472229404,0.361241666187,0.000000000000));
#784=VECTOR('',#783,1.0);
#785=LINE('',#782,#784);
#786=EDGE_CURVE('',#776,#781,#785,.T.);
#787=ORIENTED_EDGE('',*,*,#786,.T.);
#788=CARTESIAN_POINT('',(1.558109665023,0.684046249723,0.170000000000));
#789=VERTEX_POINT('',#788);
#790=CARTESIAN_POINT('',(1.585202789987,0.614110832518,0.170000000000));
#791=DIRECTION('',(-0.361241666187,0.932472229404,0.000000000000));
#792=VECTOR('',#791,1.0);
#793=LINE('',#790,#792);
#794=EDGE_CURVE('',#781,#789,#793,.T.);
#795=ORIENTED_EDGE('',*,*,#794,.T.);
#796=CARTESIAN_POINT('',(1.425881440503,0.632820762640,0.170000000000));
#797=VERTEX_POINT('',#796);
#798=CARTESIAN_POINT('',(-0.027093124964,0.069935417205,0.170000000000));
#799=DIRECTION('',(-0.932472229404,-0.361241666187,0.000000000000));
#800=VECTOR('',#799,1.0);
#801=LINE('',#798,#800);
#802=EDGE_CURVE('',#789,#797,#801,.T.);
#803=ORIENTED_EDGE('',*,*,#802,.T.);
#804=CARTESIAN_POINT('',(1.364287413785,0.756518243394,0.170000000000));
#805=VERTEX_POINT('',#804);
#806=CIRCLE('',#141,1.560000000000);
#807=EDGE_CURVE('',#797,#805,#806,.T.);
#808=ORIENTED_EDGE('',*,*,#807,.T.);
#809=CARTESIAN_POINT('',(1.484851542956,0.831168391712,0.170000000000));
#810=VERTEX_POINT('',#809);
#811=CARTESIAN_POINT('',(0.039482412216,-0.063766285180,0.170000000000));
#812=DIRECTION('',(0.850217135730,0.526432162877,0.000000000000));
#813=VECTOR('',#812,1.0);
#814=LINE('',#811,#813);
#815=EDGE_CURVE('',#805,#810,#814,.T.);
#816=ORIENTED_EDGE('',*,*,#815,.T.);
#817=CARTESIAN_POINT('',(1.405886718525,0.958700962071,0.170000000000));
#818=VERTEX_POINT('',#817);
#819=CARTESIAN_POINT('',(1.445369130740,0.894934676892,0.170000000000));
#820=DIRECTION('',(-0.526432162877,0.850217135730,0.000000000000));
#821=VECTOR('',#820,1.0);
#822=LINE('',#819,#821);
#823=EDGE_CURVE('',#810,#818,#822,.T.);
#824=ORIENTED_EDGE('',*,*,#823,.T.);
#825=CARTESIAN_POINT('',(1.285322589354,0.884050813753,0.170000000000));
#826=VERTEX_POINT('',#825);
#827=CARTESIAN_POINT('',(-0.039482412216,0.063766285180,0.170000000000));
#828=DIRECTION('',(-0.850217135730,-0.526432162877,0.000000000000));
#829=VECTOR('',#828,1.0);
#830=LINE('',#827,#829);
#831=EDGE_CURVE('',#818,#826,#830,.T.);
#832=ORIENTED_EDGE('',*,*,#831,.T.);
#833=CARTESIAN_POINT('',(1.202047965545,0.994324237122,0.170000000000));
#834=VERTEX_POINT('',#833);
#835=CIRCLE('',#141,1.560000000000);
#836=EDGE_CURVE('',#826,#834,#835,.T.);
#837=ORIENTED_EDGE('',*,*,#836,.T.);
#838=CARTESIAN_POINT('',(1.306842332549,1.089856925408,0.170000000000));
#839=VERTEX_POINT('',#838);
#840=CARTESIAN_POINT('',(0.050527173273,-0.055425668792,0.170000000000));
#841=DIRECTION('',(0.739008917221,0.673695643647,0.000000000000));
#842=VECTOR('',#841,1.0);
#843=LINE('',#840,#842);
#844=EDGE_CURVE('',#834,#839,#843,.T.);
#845=ORIENTED_EDGE('',*,*,#844,.T.);
#846=CARTESIAN_POINT('',(1.205787986002,1.200708262991,0.170000000000));
#847=VERTEX_POINT('',#846);
#848=CARTESIAN_POINT('',(1.256315159275,1.145282594199,0.170000000000));
#849=DIRECTION('',(-0.673695643647,0.739008917221,0.000000000000));
#850=VECTOR('',#849,1.0);
#851=LINE('',#848,#850);
#852=EDGE_CURVE('',#839,#847,#851,.T.);
#853=ORIENTED_EDGE('',*,*,#852,.T.);
#854=CARTESIAN_POINT('',(1.100993618998,1.105175574705,0.170000000000));
#855=VERTEX_POINT('',#854);
#856=CARTESIAN_POINT('',(-0.050527173273,0.055425668792,0.170000000000));
#857=DIRECTION('',(-0.739008917221,-0.673695643647,0.000000000000));
#858=VECTOR('',#857,1.0);
#859=LINE('',#856,#858);
#860=EDGE_CURVE('',#847,#855,#859,.T.);
#861=ORIENTED_EDGE('',*,*,#860,.T.);
#862=CARTESIAN_POINT('',(0.998874215536,1.198269711516,0.170000000000));
#863=VERTEX_POINT('',#862);
#864=CIRCLE('',#141,1.560000000000);
#865=EDGE_CURVE('',#855,#863,#864,.T.);
#866=ORIENTED_EDGE('',*,*,#865,.T.);
#867=CARTESIAN_POINT('',(1.084330173891,1.311431688648,0.170000000000));
#868=VERTEX_POINT('',#867);
#869=CARTESIAN_POINT('',(0.059851292046,-0.045197597728,0.170000000000));
#870=DIRECTION('',(0.602634636379,0.798017227280,0.000000000000));
#871=VECTOR('',#870,1.0);
#872=LINE('',#869,#871);
#873=EDGE_CURVE('',#863,#868,#872,.T.);
#874=ORIENTED_EDGE('',*,*,#873,.T.);
#875=CARTESIAN_POINT('',(0.964627589799,1.401826884105,0.170000000000));
#876=VERTEX_POINT('',#875);
#877=CARTESIAN_POINT('',(1.024478881845,1.356629286376,0.170000000000));
#878=DIRECTION('',(-0.798017227280,0.602634636379,0.000000000000));
#879=VECTOR('',#878,1.0);
#880=LINE('',#877,#879);
#881=EDGE_CURVE('',#868,#876,#880,.T.);
#882=ORIENTED_EDGE('',*,*,#881,.T.);
#883=CARTESIAN_POINT('',(0.879171631444,1.288664906973,0.170000000000));
#884=VERTEX_POINT('',#883);
#885=CARTESIAN_POINT('',(-0.059851292046,0.045197597728,0.170000000000));
#886=DIRECTION('',(-0.602634636379,-0.798017227280,0.000000000000));
#887=VECTOR('',#886,1.0);
#888=LINE('',#885,#887);
#889=EDGE_CURVE('',#876,#884,#888,.T.);
#890=ORIENTED_EDGE('',*,*,#889,.T.);
#891=CARTESIAN_POINT('',(0.761685002135,1.361409548051,0.170000000000));
#892=VERTEX_POINT('',#891);
#893=CIRCLE('',#141,1.560000000000);
#894=EDGE_CURVE('',#884,#892,#893,.T.);
#895=ORIENTED_EDGE('',*,*,#894,.T.);
#896=CARTESIAN_POINT('',(0.824892451672,1.488347218620,0.170000000000));
#897=VERTEX_POINT('',#896);
#898=CARTESIAN_POINT('',(0.067137246852,-0.033430376683,0.170000000000));
#899=DIRECTION('',(0.445738355777,0.895163291355,0.000000000000));
#900=VECTOR('',#899,1.0);
#901=LINE('',#898,#900);
#902=EDGE_CURVE('',#892,#897,#901,.T.);
#903=ORIENTED_EDGE('',*,*,#902,.T.);
#904=CARTESIAN_POINT('',(0.690617957968,1.555207971987,0.170000000000));
#905=VERTEX_POINT('',#904);
#906=CARTESIAN_POINT('',(0.757755204820,1.521777595304,0.170000000000));
#907=DIRECTION('',(-0.895163291355,0.445738355777,0.000000000000));
#908=VECTOR('',#907,1.0);
#909=LINE('',#906,#908);
#910=EDGE_CURVE('',#897,#905,#909,.T.);
#911=ORIENTED_EDGE('',*,*,#910,.T.);
#912=CARTESIAN_POINT('',(0.627410508431,1.428270301417,0.170000000000));
#913=VERTEX_POINT('',#912);
#914=CARTESIAN_POINT('',(-0.067137246852,0.033430376683,0.170000000000));
#915=DIRECTION('',(-0.445738355777,-0.895163291355,0.000000000000));
#916=VECTOR('',#915,1.0);
#917=LINE('',#914,#916);
#918=EDGE_CURVE('',#905,#913,#917,.T.);
#919=ORIENTED_EDGE('',*,*,#918,.T.);
#920=CARTESIAN_POINT('',(0.498557519526,1.478188215257,0.170000000000));
#921=VERTEX_POINT('',#920);
#922=CIRCLE('',#141,1.560000000000);
#923=EDGE_CURVE('',#913,#921,#922,.T.);
#924=ORIENTED_EDGE('',*,*,#923,.T.);
#925=CARTESIAN_POINT('',(0.537364006360,1.614578869138,0.170000000000));
#926=VERTEX_POINT('',#925);
#927=CARTESIAN_POINT('',(0.072136923238,-0.020524724255,0.170000000000));
#928=DIRECTION('',(0.273662990072,0.961825643173,0.000000000000));
#929=VECTOR('',#928,1.0);
#930=LINE('',#927,#929);
#931=EDGE_CURVE('',#921,#926,#930,.T.);
#932=ORIENTED_EDGE('',*,*,#931,.T.);
#933=CARTESIAN_POINT('',(0.393090159885,1.655628317649,0.170000000000));
#934=VERTEX_POINT('',#933);
#935=CARTESIAN_POINT('',(0.465227083123,1.635103593394,0.170000000000));
#936=DIRECTION('',(-0.961825643173,0.273662990072,0.000000000000));
#937=VECTOR('',#936,1.0);
#938=LINE('',#935,#937);
#939=EDGE_CURVE('',#926,#934,#938,.T.);
#940=ORIENTED_EDGE('',*,*,#939,.T.);
#941=CARTESIAN_POINT('',(0.354283673050,1.519237663768,0.170000000000));
#942=VERTEX_POINT('',#941);
#943=CARTESIAN_POINT('',(-0.072136923238,0.020524724255,0.170000000000));
#944=DIRECTION('',(-0.273662990072,-0.961825643173,0.000000000000));
#945=VECTOR('',#944,1.0);
#946=LINE('',#943,#945);
#947=EDGE_CURVE('',#934,#942,#946,.T.);
#948=ORIENTED_EDGE('',*,*,#947,.T.);
#949=CIRCLE('',#141,1.560000000000);
#950=EDGE_CURVE('',#942,#67,#949,.T.);
#951=ORIENTED_EDGE('',*,*,#950,.T.);
#952=ORIENTED_EDGE('',*,*,#69,.F.);
#953=CARTESIAN_POINT('',(0.156856211088,1.692748099702,0.170000000000));
#954=LINE('',#953,#19);
#955=EDGE_CURVE('',#65,#115,#954,.T.);
#956=ORIENTED_EDGE('',*,*,#955,.T.);
#957=ORIENTED_EDGE('',*,*,#117,.F.);
#958=CARTESIAN_POINT('',(-0.069092132099,1.558469209603,0.170000000000));
#959=VERTEX_POINT('',#958);
#960=CIRCLE('',#141,1.560000000000);
#961=EDGE_CURVE('',#113,#959,#960,.T.);
#962=ORIENTED_EDGE('',*,*,#961,.T.);
#963=CARTESIAN_POINT('',(-0.082176147865,1.699668226661,0.170000000000));
#964=VERTEX_POINT('',#963);
#965=LINE('',#509,#511);
#966=EDGE_CURVE('',#959,#964,#965,.T.);
#967=ORIENTED_EDGE('',*,*,#966,.T.);
#968=CARTESIAN_POINT('',(-0.231536274310,1.685827972742,0.170000000000));
#969=VERTEX_POINT('',#968);
#970=CARTESIAN_POINT('',(-0.156856211088,1.692748099702,0.170000000000));
#971=DIRECTION('',(-0.995734176295,-0.092268359463,0.000000000000));
#972=VECTOR('',#971,1.0);
#973=LINE('',#970,#972);
#974=EDGE_CURVE('',#964,#969,#973,.T.);
#975=ORIENTED_EDGE('',*,*,#974,.T.);
#976=CARTESIAN_POINT('',(-0.218452258543,1.544628955684,0.170000000000));
#977=VERTEX_POINT('',#976);
#978=LINE('',#493,#495);
#979=EDGE_CURVE('',#969,#977,#978,.T.);
#980=ORIENTED_EDGE('',*,*,#979,.T.);
#981=CARTESIAN_POINT('',(-0.354283673050,1.519237663768,0.170000000000));
#982=VERTEX_POINT('',#981);
#983=CIRCLE('',#141,1.560000000000);
#984=EDGE_CURVE('',#977,#982,#983,.T.);
#985=ORIENTED_EDGE('',*,*,#984,.T.);
#986=CARTESIAN_POINT('',(-0.393090159885,1.655628317649,0.170000000000));
#987=VERTEX_POINT('',#986);
#988=LINE('',#538,#540);
#989=EDGE_CURVE('',#982,#987,#988,.T.);
#990=ORIENTED_EDGE('',*,*,#989,.T.);
#991=CARTESIAN_POINT('',(-0.537364006360,1.614578869138,0.170000000000));
#992=VERTEX_POINT('',#991);
#993=CARTESIAN_POINT('',(-0.465227083123,1.635103593394,0.170000000000));
#994=DIRECTION('',(-0.961825643173,-0.273662990072,0.000000000000));
#995=VECTOR('',#994,1.0);
#996=LINE('',#993,#995);
#997=EDGE_CURVE('',#987,#992,#996,.T.);
#998=ORIENTED_EDGE('',*,*,#997,.T.);
#999=CARTESIAN_POINT('',(-0.498557519526,1.478188215257,0.170000000000));
#1000=VERTEX_POINT('',#999);
#1001=LINE('',#522,#524);
#1002=EDGE_CURVE('',#992,#1000,#1001,.T.);
#1003=ORIENTED_EDGE('',*,*,#1002,.T.);
#1004=CARTESIAN_POINT('',(-0.627410508431,1.428270301417,0.170000000000));
#1005=VERTEX_POINT('',#1004);
#1006=CIRCLE('',#141,1.560000000000);
#1007=EDGE_CURVE('',#1000,#1005,#1006,.T.);
#1008=ORIENTED_EDGE('',*,*,#1007,.T.);
#1009=CARTESIAN_POINT('',(-0.690617957968,1.555207971987,0.170000000000));
#1010=VERTEX_POINT('',#1009);
#1011=LINE('',#567,#569);
#1012=EDGE_CURVE('',#1005,#1010,#1011,.T.);
#1013=ORIENTED_EDGE('',*,*,#1012,.T.);
#1014=CARTESIAN_POINT('',(-0.824892451672,1.488347218620,0.170000000000));
#1015=VERTEX_POINT('',#1014);
#1016=CARTESIAN_POINT('',(-0.757755204820,1.521777595304,0.170000000000));
#1017=DIRECTION('',(-0.895163291355,-0.445738355777,0.000000000000));
#1018=VECTOR('',#1017,1.0);
#1019=LINE('',#1016,#1018);
#1020=EDGE_CURVE('',#1010,#1015,#1019,.T.);
#1021=ORIENTED_EDGE('',*,*,#1020,.T.);
#1022=CARTESIAN_POINT('',(-0.761685002135,1.361409548051,0.170000000000));
#1023=VERTEX_POINT('',#1022);
#1024=LINE('',#551,#553);
#1025=EDGE_CURVE('',#1015,#1023,#1024,.T.);
#1026=ORIENTED_EDGE('',*,*,#1025,.T.);
#1027=CARTESIAN_POINT('',(-0.879171631444,1.288664906973,0.170000000000));
#1028=VERTEX_POINT('',#1027);
#1029=CIRCLE('',#141,1.560000000000);
#1030=EDGE_CURVE('',#1023,#1028,#1029,.T.);
#1031=ORIENTED_EDGE('',*,*,#1030,.T.);
#1032=CARTESIAN_POINT('',(-0.964627589799,1.401826884105,0.170000000000));
#1033=VERTEX_POINT('',#1032);
#1034=LINE('',#596,#598);
#1035=EDGE_CURVE('',#1028,#1033,#1034,.T.);
#1036=ORIENTED_EDGE('',*,*,#1035,.T.);
#1037=CARTESIAN_POINT('',(-1.084330173891,1.311431688648,0.170000000000));
#1038=VERTEX_POINT('',#1037);
#1039=CARTESIAN_POINT('',(-1.024478881845,1.356629286376,0.170000000000));
#1040=DIRECTION('',(-0.798017227280,-0.602634636379,0.000000000000));
#1041=VECTOR('',#1040,1.0);
#1042=LINE('',#1039,#1041);
#1043=EDGE_CURVE('',#1033,#1038,#1042,.T.);
#1044=ORIENTED_EDGE('',*,*,#1043,.T.);
#1045=CARTESIAN_POINT('',(-0.998874215536,1.198269711516,0.170000000000));
#1046=VERTEX_POINT('',#1045);
#1047=LINE('',#580,#582);
#1048=EDGE_CURVE('',#1038,#1046,#1047,.T.);
#1049=ORIENTED_EDGE('',*,*,#1048,.T.);
#1050=CARTESIAN_POINT('',(-1.100993618998,1.105175574705,0.170000000000));
#1051=VERTEX_POINT('',#1050);
#1052=CIRCLE('',#141,1.560000000000);
#1053=EDGE_CURVE('',#1046,#1051,#1052,.T.);
#1054=ORIENTED_EDGE('',*,*,#1053,.T.);
#1055=CARTESIAN_POINT('',(-1.205787986002,1.200708262991,0.170000000000));
#1056=VERTEX_POINT('',#1055);
#1057=LINE('',#625,#627);
#1058=EDGE_CURVE('',#1051,#1056,#1057,.T.);
#1059=ORIENTED_EDGE('',*,*,#1058,.T.);
#1060=CARTESIAN_POINT('',(-1.306842332549,1.089856925408,0.170000000000));
#1061=VERTEX_POINT('',#1060);
#1062=CARTESIAN_POINT('',(-1.256315159275,1.145282594199,0.170000000000));
#1063=DIRECTION('',(-0.673695643647,-0.739008917221,0.000000000000));
#1064=VECTOR('',#1063,1.0);
#1065=LINE('',#1062,#1064);
#1066=EDGE_CURVE('',#1056,#1061,#1065,.T.);
#1067=ORIENTED_EDGE('',*,*,#1066,.T.);
#1068=CARTESIAN_POINT('',(-1.202047965545,0.994324237122,0.170000000000));
#1069=VERTEX_POINT('',#1068);
#1070=LINE('',#609,#611);
#1071=EDGE_CURVE('',#1061,#1069,#1070,.T.);
#1072=ORIENTED_EDGE('',*,*,#1071,.T.);
#1073=CARTESIAN_POINT('',(-1.285322589354,0.884050813753,0.170000000000));
#1074=VERTEX_POINT('',#1073);
#1075=CIRCLE('',#141,1.560000000000);
#1076=EDGE_CURVE('',#1069,#1074,#1075,.T.);
#1077=ORIENTED_EDGE('',*,*,#1076,.T.);
#1078=CARTESIAN_POINT('',(-1.405886718525,0.958700962071,0.170000000000));
#1079=VERTEX_POINT('',#1078);
#1080=LINE('',#654,#656);
#1081=EDGE_CURVE('',#1074,#1079,#1080,.T.);
#1082=ORIENTED_EDGE('',*,*,#1081,.T.);
#1083=CARTESIAN_POINT('',(-1.484851542956,0.831168391712,0.170000000000));
#1084=VERTEX_POINT('',#1083);
#1085=CARTESIAN_POINT('',(-1.445369130740,0.894934676892,0.170000000000));
#1086=DIRECTION('',(-0.526432162877,-0.850217135730,0.000000000000));
#1087=VECTOR('',#1086,1.0);
#1088=LINE('',#1085,#1087);
#1089=EDGE_CURVE('',#1079,#1084,#1088,.T.);
#1090=ORIENTED_EDGE('',*,*,#1089,.T.);
#1091=CARTESIAN_POINT('',(-1.364287413785,0.756518243394,0.170000000000));
#1092=VERTEX_POINT('',#1091);
#1093=LINE('',#638,#640);
#1094=EDGE_CURVE('',#1084,#1092,#1093,.T.);
#1095=ORIENTED_EDGE('',*,*,#1094,.T.);
#1096=CARTESIAN_POINT('',(-1.425881440503,0.632820762640,0.170000000000));
#1097=VERTEX_POINT('',#1096);
#1098=CIRCLE('',#141,1.560000000000);
#1099=EDGE_CURVE('',#1092,#1097,#1098,.T.);
#1100=ORIENTED_EDGE('',*,*,#1099,.T.);
#1101=CARTESIAN_POINT('',(-1.558109665023,0.684046249723,0.170000000000));
#1102=VERTEX_POINT('',#1101);
#1103=LINE('',#683,#685);
#1104=EDGE_CURVE('',#1097,#1102,#1103,.T.);
#1105=ORIENTED_EDGE('',*,*,#1104,.T.);
#1106=CARTESIAN_POINT('',(-1.612295914951,0.544175415313,0.170000000000));
#1107=VERTEX_POINT('',#1106);
#1108=CARTESIAN_POINT('',(-1.585202789987,0.614110832518,0.170000000000));
#1109=DIRECTION('',(-0.361241666187,-0.932472229404,0.000000000000));
#1110=VECTOR('',#1109,1.0);
#1111=LINE('',#1108,#1110);
#1112=EDGE_CURVE('',#1102,#1107,#1111,.T.);
#1113=ORIENTED_EDGE('',*,*,#1112,.T.);
#1114=CARTESIAN_POINT('',(-1.480067690431,0.492949928230,0.170000000000));
#1115=VERTEX_POINT('',#1114);
#1116=LINE('',#667,#669);
#1117=EDGE_CURVE('',#1107,#1115,#1116,.T.);
#1118=ORIENTED_EDGE('',*,*,#1117,.T.);
#1119=CARTESIAN_POINT('',(-1.517883609353,0.360040759441,0.170000000000));
#1120=VERTEX_POINT('',#1119);
#1121=CIRCLE('',#141,1.560000000000);
#1122=EDGE_CURVE('',#1115,#1120,#1121,.T.);
#1123=ORIENTED_EDGE('',*,*,#1122,.T.);
#1124=CARTESIAN_POINT('',(-1.657273055626,0.386097162764,0.170000000000));
#1125=VERTEX_POINT('',#1124);
#1126=LINE('',#712,#714);
#1127=EDGE_CURVE('',#1120,#1125,#1126,.T.);
#1128=ORIENTED_EDGE('',*,*,#1127,.T.);
#1129=CARTESIAN_POINT('',(-1.684835483299,0.238651197812,0.170000000000));
#1130=VERTEX_POINT('',#1129);
#1131=CARTESIAN_POINT('',(-1.671054269463,0.312374180288,0.170000000000));
#1132=DIRECTION('',(-0.183749517817,-0.982973099684,0.000000000000));
#1133=VECTOR('',#1132,1.0);
#1134=LINE('',#1131,#1133);
#1135=EDGE_CURVE('',#1125,#1130,#1134,.T.);
#1136=ORIENTED_EDGE('',*,*,#1135,.T.);
#1137=CARTESIAN_POINT('',(-1.545446037025,0.212594794488,0.170000000000));
#1138=VERTEX_POINT('',#1137);
#1139=LINE('',#696,#698);
#1140=EDGE_CURVE('',#1130,#1138,#1139,.T.);
#1141=ORIENTED_EDGE('',*,*,#1140,.T.);
#1142=CARTESIAN_POINT('',(-1.558196072386,0.075000000000,0.170000000000));
#1143=VERTEX_POINT('',#1142);
#1144=CIRCLE('',#141,1.560000000000);
#1145=EDGE_CURVE('',#1138,#1143,#1144,.T.);
#1146=ORIENTED_EDGE('',*,*,#1145,.T.);
#1147=CARTESIAN_POINT('',(-1.700000000000,0.075000000000,0.170000000000));
#1148=VERTEX_POINT('',#1147);
#1149=LINE('',#740,#742);
#1150=EDGE_CURVE('',#1143,#1148,#1149,.T.);
#1151=ORIENTED_EDGE('',*,*,#1150,.T.);
#1152=CARTESIAN_POINT('',(-1.700000000000,-0.075000000000,0.170000000000));
#1153=VERTEX_POINT('',#1152);
#1154=CARTESIAN_POINT('',(-1.700000000000,0.000000000000,0.170000000000));
#1155=DIRECTION('',(0.000000000000,-1.000000000000,0.000000000000));
#1156=VECTOR('',#1155,1.0);
#1157=LINE('',#1154,#1156);
#1158=EDGE_CURVE('',#1148,#1153,#1157,.T.);
#1159=ORIENTED_EDGE('',*,*,#1158,.T.);
#1160=CARTESIAN_POINT('',(-1.558196072386,-0.075000000000,0.170000000000));
#1161=VERTEX_POINT('',#1160);
#1162=LINE('',#725,#727);
#1163=EDGE_CURVE('',#1153,#1161,#1162,.T.);
#1164=ORIENTED_EDGE('',*,*,#1163,.T.);
#1165=CARTESIAN_POINT('',(-1.545446037025,-0.212594794488,0.170000000000));
#1166=VERTEX_POINT('',#1165);
#1167=CIRCLE('',#141,1.560000000000);
#1168=EDGE_CURVE('',#1161,#1166,#1167,.T.);
#1169=ORIENTED_EDGE('',*,*,#1168,.T.);
#1170=CARTESIAN_POINT('',(-1.684835483299,-0.238651197812,0.170000000000));
#1171=VERTEX_POINT('',#1170);
#1172=LINE('',#769,#771);
#1173=EDGE_CURVE('',#1166,#1171,#1172,.T.);
#1174=ORIENTED_EDGE('',*,*,#1173,.T.);
#1175=CARTESIAN_POINT('',(-1.657273055626,-0.386097162764,0.170000000000));
#1176=VERTEX_POINT('',#1175);
#1177=CARTESIAN_POINT('',(-1.671054269463,-0.312374180288,0.170000000000));
#1178=DIRECTION('',(0.183749517817,-0.982973099684,0.000000000000));
#1179=VECTOR('',#1178,1.0);
#1180=LINE('',#1177,#1179);
#1181=EDGE_CURVE('',#1171,#1176,#1180,.T.);
#1182=ORIENTED_EDGE('',*,*,#1181,.T.);
#1183=CARTESIAN_POINT('',(-1.517883609353,-0.360040759441,0.170000000000));
#1184=VERTEX_POINT('',#1183);
#1185=LINE('',#753,#755);
#1186=EDGE_CURVE('',#1176,#1184,#1185,.T.);
#1187=ORIENTED_EDGE('',*,*,#1186,.T.);
#1188=CARTESIAN_POINT('',(-1.480067690431,-0.492949928230,0.170000000000));
#1189=VERTEX_POINT('',#1188);
#1190=CIRCLE('',#141,1.560000000000);
#1191=EDGE_CURVE('',#1184,#1189,#1190,.T.);
#1192=ORIENTED_EDGE('',*,*,#1191,.T.);
#1193=CARTESIAN_POINT('',(-1.612295914951,-0.544175415313,0.170000000000));
#1194=VERTEX_POINT('',#1193);
#1195=LINE('',#798,#800);
#1196=EDGE_CURVE('',#1189,#1194,#1195,.T.);
#1197=ORIENTED_EDGE('',*,*,#1196,.T.);
#1198=CARTESIAN_POINT('',(-1.558109665023,-0.684046249723,0.170000000000));
#1199=VERTEX_POINT('',#1198);
#1200=CARTESIAN_POINT('',(-1.585202789987,-0.614110832518,0.170000000000));
#1201=DIRECTION('',(0.361241666187,-0.932472229404,0.000000000000));
#1202=VECTOR('',#1201,1.0);
#1203=LINE('',#1200,#1202);
#1204=EDGE_CURVE('',#1194,#1199,#1203,.T.);
#1205=ORIENTED_EDGE('',*,*,#1204,.T.);
#1206=CARTESIAN_POINT('',(-1.425881440503,-0.632820762640,0.170000000000));
#1207=VERTEX_POINT('',#1206);
#1208=LINE('',#782,#784);
#1209=EDGE_CURVE('',#1199,#1207,#1208,.T.);
#1210=ORIENTED_EDGE('',*,*,#1209,.T.);
#1211=CARTESIAN_POINT('',(-1.364287413785,-0.756518243394,0.170000000000));
#1212=VERTEX_POINT('',#1211);
#1213=CIRCLE('',#141,1.560000000000);
#1214=EDGE_CURVE('',#1207,#1212,#1213,.T.);
#1215=ORIENTED_EDGE('',*,*,#1214,.T.);
#1216=CARTESIAN_POINT('',(-1.484851542956,-0.831168391712,0.170000000000));
#1217=VERTEX_POINT('',#1216);
#1218=LINE('',#827,#829);
#1219=EDGE_CURVE('',#1212,#1217,#1218,.T.);
#1220=ORIENTED_EDGE('',*,*,#1219,.T.);
#1221=CARTESIAN_POINT('',(-1.405886718525,-0.958700962071,0.170000000000));
#1222=VERTEX_POINT('',#1221);
#1223=CARTESIAN_POINT('',(-1.445369130740,-0.894934676892,0.170000000000));
#1224=DIRECTION('',(0.526432162877,-0.850217135730,0.000000000000));
#1225=VECTOR('',#1224,1.0);
#1226=LINE('',#1223,#1225);
#1227=EDGE_CURVE('',#1217,#1222,#1226,.T.);
#1228=ORIENTED_EDGE('',*,*,#1227,.T.);
#1229=CARTESIAN_POINT('',(-1.285322589354,-0.884050813753,0.170000000000));
#1230=VERTEX_POINT('',#1229);
#1231=LINE('',#811,#813);
#1232=EDGE_CURVE('',#1222,#1230,#1231,.T.);
#1233=ORIENTED_EDGE('',*,*,#1232,.T.);
#1234=CARTESIAN_POINT('',(-1.202047965545,-0.994324237122,0.170000000000));
#1235=VERTEX_POINT('',#1234);
#1236=CIRCLE('',#141,1.560000000000);
#1237=EDGE_CURVE('',#1230,#1235,#1236,.T.);
#1238=ORIENTED_EDGE('',*,*,#1237,.T.);
#1239=CARTESIAN_POINT('',(-1.306842332549,-1.089856925408,0.170000000000));
#1240=VERTEX_POINT('',#1239);
#1241=LINE('',#856,#858);
#1242=EDGE_CURVE('',#1235,#1240,#1241,.T.);
#1243=ORIENTED_EDGE('',*,*,#1242,.T.);
#1244=CARTESIAN_POINT('',(-1.205787986002,-1.200708262991,0.170000000000));
#1245=VERTEX_POINT('',#1244);
#1246=CARTESIAN_POINT('',(-1.256315159275,-1.145282594199,0.170000000000));
#1247=DIRECTION('',(0.673695643647,-0.739008917221,0.000000000000));
#1248=VECTOR('',#1247,1.0);
#1249=LINE('',#1246,#1248);
#1250=EDGE_CURVE('',#1240,#1245,#1249,.T.);
#1251=ORIENTED_EDGE('',*,*,#1250,.T.);
#1252=CARTESIAN_POINT('',(-1.100993618998,-1.105175574705,0.170000000000));
#1253=VERTEX_POINT('',#1252);
#1254=LINE('',#840,#842);
#1255=EDGE_CURVE('',#1245,#1253,#1254,.T.);
#1256=ORIENTED_EDGE('',*,*,#1255,.T.);
#1257=CARTESIAN_POINT('',(-0.998874215536,-1.198269711516,0.170000000000));
#1258=VERTEX_POINT('',#1257);
#1259=CIRCLE('',#141,1.560000000000);
#1260=EDGE_CURVE('',#1253,#1258,#1259,.T.);
#1261=ORIENTED_EDGE('',*,*,#1260,.T.);
#1262=CARTESIAN_POINT('',(-1.084330173891,-1.311431688648,0.170000000000));
#1263=VERTEX_POINT('',#1262);
#1264=LINE('',#885,#887);
#1265=EDGE_CURVE('',#1258,#1263,#1264,.T.);
#1266=ORIENTED_EDGE('',*,*,#1265,.T.);
#1267=CARTESIAN_POINT('',(-0.964627589799,-1.401826884105,0.170000000000));
#1268=VERTEX_POINT('',#1267);
#1269=CARTESIAN_POINT('',(-1.024478881845,-1.356629286376,0.170000000000));
#1270=DIRECTION('',(0.798017227280,-0.602634636379,0.000000000000));
#1271=VECTOR('',#1270,1.0);
#1272=LINE('',#1269,#1271);
#1273=EDGE_CURVE('',#1263,#1268,#1272,.T.);
#1274=ORIENTED_EDGE('',*,*,#1273,.T.);
#1275=CARTESIAN_POINT('',(-0.879171631444,-1.288664906973,0.170000000000));
#1276=VERTEX_POINT('',#1275);
#1277=LINE('',#869,#871);
#1278=EDGE_CURVE('',#1268,#1276,#1277,.T.);
#1279=ORIENTED_EDGE('',*,*,#1278,.T.);
#1280=CARTESIAN_POINT('',(-0.761685002135,-1.361409548051,0.170000000000));
#1281=VERTEX_POINT('',#1280);
#1282=CIRCLE('',#141,1.560000000000);
#1283=EDGE_CURVE('',#1276,#1281,#1282,.T.);
#1284=ORIENTED_EDGE('',*,*,#1283,.T.);
#1285=CARTESIAN_POINT('',(-0.824892451672,-1.488347218620,0.170000000000));
#1286=VERTEX_POINT('',#1285);
#1287=LINE('',#914,#916);
#1288=EDGE_CURVE('',#1281,#1286,#1287,.T.);
#1289=ORIENTED_EDGE('',*,*,#1288,.T.);
#1290=CARTESIAN_POINT('',(-0.690617957968,-1.555207971987,0.170000000000));
#1291=VERTEX_POINT('',#1290);
#1292=CARTESIAN_POINT('',(-0.757755204820,-1.521777595304,0.170000000000));
#1293=DIRECTION('',(0.895163291355,-0.445738355777,0.000000000000));
#1294=VECTOR('',#1293,1.0);
#1295=LINE('',#1292,#1294);
#1296=EDGE_CURVE('',#1286,#1291,#1295,.T.);
#1297=ORIENTED_EDGE('',*,*,#1296,.T.);
#1298=CARTESIAN_POINT('',(-0.627410508431,-1.428270301417,0.170000000000));
#1299=VERTEX_POINT('',#1298);
#1300=LINE('',#898,#900);
#1301=EDGE_CURVE('',#1291,#1299,#1300,.T.);
#1302=ORIENTED_EDGE('',*,*,#1301,.T.);
#1303=CARTESIAN_POINT('',(-0.498557519526,-1.478188215257,0.170000000000));
#1304=VERTEX_POINT('',#1303);
#1305=CIRCLE('',#141,1.560000000000);
#1306=EDGE_CURVE('',#1299,#1304,#1305,.T.);
#1307=ORIENTED_EDGE('',*,*,#1306,.T.);
#1308=CARTESIAN_POINT('',(-0.537364006360,-1.614578869138,0.170000000000));
#1309=VERTEX_POINT('',#1308);
#1310=LINE('',#943,#945);
#1311=EDGE_CURVE('',#1304,#1309,#1310,.T.);
#1312=ORIENTED_EDGE('',*,*,#1311,.T.);
#1313=CARTESIAN_POINT('',(-0.393090159885,-1.655628317649,0.170000000000));
#1314=VERTEX_POINT('',#1313);
#1315=CARTESIAN_POINT('',(-0.465227083123,-1.635103593394,0.170000000000));
#1316=DIRECTION('',(0.961825643173,-0.273662990072,0.000000000000));
#1317=VECTOR('',#1316,1.0);
#1318=LINE('',#1315,#1317);
#1319=EDGE_CURVE('',#1309,#1314,#1318,.T.);
#1320=ORIENTED_EDGE('',*,*,#1319,.T.);
#1321=CARTESIAN_POINT('',(-0.354283673050,-1.519237663768,0.170000000000));
#1322=VERTEX_POINT('',#1321);
#1323=LINE('',#927,#929);
#1324=EDGE_CURVE('',#1314,#1322,#1323,.T.);
#1325=ORIENTED_EDGE('',*,*,#1324,.T.);
#1326=CIRCLE('',#141,1.560000000000);
#1327=EDGE_CURVE('',#1322,#96,#1326,.T.);
#1328=ORIENTED_EDGE('',*,*,#1327,.T.);
#1329=ORIENTED_EDGE('',*,*,#99,.F.);
#1330=EDGE_LOOP('',(#484,#485,#490,#498,#506,#514,#519,#527,#535,#543,#548,#556,#564,#572,#577,#585,#593,#601,#606,#614,#622,#630,#635,#643,#651,#659,#664,#672,#680,#688,#693,#701,#709,#717,#722,#730,#737,#745,#750,#758,#766,#774,#779,#787,#795,#803,#808,#816,#824,#832,#837,#845,#853,#861,#866,#874,#882,#890,#895,#903,#911,#919,#924,#932,#940,#948,#951,#952,#956,#957,#962,#967,#975,#980,#985,#990,#998,#1003,#1008,#1013,#1021,#1026,#1031,#1036,#1044,#1049,#1054,#1059,#1067,#1072,#1077,#1082,#1090,#1095,#1100,#1105,#1113,#1118,#1123,#1128,#1136,#1141,#1146,#1151,#1159,#1164,#1169,#1174,#1182,#1187,#1192,#1197,#1205,#1210,#1215,#1220,#1228,#1233,#1238,#1243,#1251,#1256,#1261,#1266,#1274,#1279,#1284,#1289,#1297,#1302,#1307,#1312,#1320,#1325,#1328,#1329));
#1331=FACE_BOUND('',#483,.T.);
#1332=FACE_OUTER_BOUND('',#1330,.T.);
#1333=ADVANCED_FACE('',(#1331,#1332),#142,.T.);
#1334=CARTESIAN_POINT('',(0.000000000000,0.000000000000,-0.170000000000));
#1335=AXIS2_PLACEMENT_3D('',#1334,#26,#1155);
#1336=PLANE('',#1335);
#1337=CARTESIAN_POINT('',(-0.015537621037,0.219450637576,-0.170000000000));
#1338=VERTEX_POINT('',#1337);
#1339=CARTESIAN_POINT('',(-0.025050885326,0.218569103819,-0.170000000000));
#1340=VERTEX_POINT('',#1339);
#1341=AXIS2_PLACEMENT_3D('',#1334,#11,#140);
#1342=CIRCLE('',#1341,0.220000000000);
#1343=EDGE_CURVE('',#1338,#1340,#1342,.T.);
#1344=ORIENTED_EDGE('',*,*,#1343,.T.);
#1345=CARTESIAN_POINT('',(-0.055597012352,0.212859043072,-0.170000000000));
#1346=VERTEX_POINT('',#1345);
#1347=CIRCLE('',#1341,0.220000000000);
#1348=EDGE_CURVE('',#1340,#1346,#1347,.T.);
#1349=ORIENTED_EDGE('',*,*,#1348,.T.);
#1350=CARTESIAN_POINT('',(-0.064786313835,0.210244461377,-0.170000000000));
#1351=VERTEX_POINT('',#1350);
#1352=CIRCLE('',#1341,0.220000000000);
#1353=EDGE_CURVE('',#1346,#1351,#1352,.T.);
#1354=ORIENTED_EDGE('',*,*,#1353,.T.);
#1355=CARTESIAN_POINT('',(-0.093763114092,0.199018789153,-0.170000000000));
#1356=VERTEX_POINT('',#1355);
#1357=CIRCLE('',#1341,0.220000000000);
#1358=EDGE_CURVE('',#1351,#1356,#1357,.T.);
#1359=ORIENTED_EDGE('',*,*,#1358,.T.);
#1360=CARTESIAN_POINT('',(-0.102315522129,0.194760195963,-0.170000000000));
#1361=VERTEX_POINT('',#1360);
#1362=CIRCLE('',#1341,0.220000000000);
#1363=EDGE_CURVE('',#1356,#1361,#1362,.T.);
#1364=ORIENTED_EDGE('',*,*,#1363,.T.);
#1365=CARTESIAN_POINT('',(-0.128736225438,0.178401189065,-0.170000000000));
#1366=VERTEX_POINT('',#1365);
#1367=CIRCLE('',#1341,0.220000000000);
#1368=EDGE_CURVE('',#1361,#1366,#1367,.T.);
#1369=ORIENTED_EDGE('',*,*,#1368,.T.);
#1370=CARTESIAN_POINT('',(-0.136360498031,0.172643605664,-0.170000000000));
#1371=VERTEX_POINT('',#1370);
#1372=CIRCLE('',#1341,0.220000000000);
#1373=EDGE_CURVE('',#1366,#1371,#1372,.T.);
#1374=ORIENTED_EDGE('',*,*,#1373,.T.);
#1375=CARTESIAN_POINT('',(-0.159325379029,0.151708350453,-0.170000000000));
#1376=VERTEX_POINT('',#1375);
#1377=CIRCLE('',#1341,0.220000000000);
#1378=EDGE_CURVE('',#1371,#1376,#1377,.T.);
#1379=ORIENTED_EDGE('',*,*,#1378,.T.);
#1380=CARTESIAN_POINT('',(-0.165761880719,0.144647844438,-0.170000000000));
#1381=VERTEX_POINT('',#1380);
#1382=CIRCLE('',#1341,0.220000000000);
#1383=EDGE_CURVE('',#1376,#1381,#1382,.T.);
#1384=ORIENTED_EDGE('',*,*,#1383,.T.);
#1385=CARTESIAN_POINT('',(-0.184488897927,0.119849265920,-0.170000000000));
#1386=VERTEX_POINT('',#1385);
#1387=CIRCLE('',#1341,0.220000000000);
#1388=EDGE_CURVE('',#1381,#1386,#1387,.T.);
#1389=ORIENTED_EDGE('',*,*,#1388,.T.);
#1390=CARTESIAN_POINT('',(-0.189518441369,0.111726274355,-0.170000000000));
#1391=VERTEX_POINT('',#1390);
#1392=CIRCLE('',#1341,0.220000000000);
#1393=EDGE_CURVE('',#1386,#1391,#1392,.T.);
#1394=ORIENTED_EDGE('',*,*,#1393,.T.);
#1395=CARTESIAN_POINT('',(-0.203369868676,0.083908858379,-0.170000000000));
#1396=VERTEX_POINT('',#1395);
#1397=CIRCLE('',#1341,0.220000000000);
#1398=EDGE_CURVE('',#1391,#1396,#1397,.T.);
#1399=ORIENTED_EDGE('',*,*,#1398,.T.);
#1400=CARTESIAN_POINT('',(-0.206821178799,0.075000000000,-0.170000000000));
#1401=VERTEX_POINT('',#1400);
#1402=CIRCLE('',#1341,0.220000000000);
#1403=EDGE_CURVE('',#1396,#1401,#1402,.T.);
#1404=ORIENTED_EDGE('',*,*,#1403,.T.);
#1405=CARTESIAN_POINT('',(-0.215325322463,0.045111035305,-0.170000000000));
#1406=VERTEX_POINT('',#1405);
#1407=CIRCLE('',#1341,0.220000000000);
#1408=EDGE_CURVE('',#1401,#1406,#1407,.T.);
#1409=ORIENTED_EDGE('',*,*,#1408,.T.);
#1410=CARTESIAN_POINT('',(-0.217080869041,0.035719690598,-0.170000000000));
#1411=VERTEX_POINT('',#1410);
#1412=CIRCLE('',#1341,0.220000000000);
#1413=EDGE_CURVE('',#1406,#1411,#1412,.T.);
#1414=ORIENTED_EDGE('',*,*,#1413,.T.);
#1415=CARTESIAN_POINT('',(-0.219948130647,0.004777010027,-0.170000000000));
#1416=VERTEX_POINT('',#1415);
#1417=CIRCLE('',#1341,0.220000000000);
#1418=EDGE_CURVE('',#1411,#1416,#1417,.T.);
#1419=ORIENTED_EDGE('',*,*,#1418,.T.);
#1420=CARTESIAN_POINT('',(-0.219948130647,-0.004777010027,-0.170000000000));
#1421=VERTEX_POINT('',#1420);
#1422=CIRCLE('',#1341,0.220000000000);
#1423=EDGE_CURVE('',#1416,#1421,#1422,.T.);
#1424=ORIENTED_EDGE('',*,*,#1423,.T.);
#1425=CARTESIAN_POINT('',(-0.217080869041,-0.035719690598,-0.170000000000));
#1426=VERTEX_POINT('',#1425);
#1427=CIRCLE('',#1341,0.220000000000);
#1428=EDGE_CURVE('',#1421,#1426,#1427,.T.);
#1429=ORIENTED_EDGE('',*,*,#1428,.T.);
#1430=CARTESIAN_POINT('',(-0.215325322463,-0.045111035305,-0.170000000000));
#1431=VERTEX_POINT('',#1430);
#1432=CIRCLE('',#1341,0.220000000000);
#1433=EDGE_CURVE('',#1426,#1431,#1432,.T.);
#1434=ORIENTED_EDGE('',*,*,#1433,.T.);
#1435=CARTESIAN_POINT('',(-0.206821178799,-0.075000000000,-0.170000000000));
#1436=VERTEX_POINT('',#1435);
#1437=CIRCLE('',#1341,0.220000000000);
#1438=EDGE_CURVE('',#1431,#1436,#1437,.T.);
#1439=ORIENTED_EDGE('',*,*,#1438,.T.);
#1440=CARTESIAN_POINT('',(-0.203369868676,-0.083908858379,-0.170000000000));
#1441=VERTEX_POINT('',#1440);
#1442=CIRCLE('',#1341,0.220000000000);
#1443=EDGE_CURVE('',#1436,#1441,#1442,.T.);
#1444=ORIENTED_EDGE('',*,*,#1443,.T.);
#1445=CARTESIAN_POINT('',(-0.189518441369,-0.111726274355,-0.170000000000));
#1446=VERTEX_POINT('',#1445);
#1447=CIRCLE('',#1341,0.220000000000);
#1448=EDGE_CURVE('',#1441,#1446,#1447,.T.);
#1449=ORIENTED_EDGE('',*,*,#1448,.T.);
#1450=CARTESIAN_POINT('',(-0.184488897927,-0.119849265920,-0.170000000000));
#1451=VERTEX_POINT('',#1450);
#1452=CIRCLE('',#1341,0.220000000000);
#1453=EDGE_CURVE('',#1446,#1451,#1452,.T.);
#1454=ORIENTED_EDGE('',*,*,#1453,.T.);
#1455=CARTESIAN_POINT('',(-0.165761880719,-0.144647844438,-0.170000000000));
#1456=VERTEX_POINT('',#1455);
#1457=CIRCLE('',#1341,0.220000000000);
#1458=EDGE_CURVE('',#1451,#1456,#1457,.T.);
#1459=ORIENTED_EDGE('',*,*,#1458,.T.);
#1460=CARTESIAN_POINT('',(-0.159325379029,-0.151708350453,-0.170000000000));
#1461=VERTEX_POINT('',#1460);
#1462=CIRCLE('',#1341,0.220000000000);
#1463=EDGE_CURVE('',#1456,#1461,#1462,.T.);
#1464=ORIENTED_EDGE('',*,*,#1463,.T.);
#1465=CARTESIAN_POINT('',(-0.136360498031,-0.172643605664,-0.170000000000));
#1466=VERTEX_POINT('',#1465);
#1467=CIRCLE('',#1341,0.220000000000);
#1468=EDGE_CURVE('',#1461,#1466,#1467,.T.);
#1469=ORIENTED_EDGE('',*,*,#1468,.T.);
#1470=CARTESIAN_POINT('',(-0.128736225438,-0.178401189065,-0.170000000000));
#1471=VERTEX_POINT('',#1470);
#1472=CIRCLE('',#1341,0.220000000000);
#1473=EDGE_CURVE('',#1466,#1471,#1472,.T.);
#1474=ORIENTED_EDGE('',*,*,#1473,.T.);
#1475=CARTESIAN_POINT('',(-0.102315522129,-0.194760195963,-0.170000000000));
#1476=VERTEX_POINT('',#1475);
#1477=CIRCLE('',#1341,0.220000000000);
#1478=EDGE_CURVE('',#1471,#1476,#1477,.T.);
#1479=ORIENTED_EDGE('',*,*,#1478,.T.);
#1480=CARTESIAN_POINT('',(-0.093763114092,-0.199018789153,-0.170000000000));
#1481=VERTEX_POINT('',#1480);
#1482=CIRCLE('',#1341,0.220000000000);
#1483=EDGE_CURVE('',#1476,#1481,#1482,.T.);
#1484=ORIENTED_EDGE('',*,*,#1483,.T.);
#1485=CARTESIAN_POINT('',(-0.064786313835,-0.210244461377,-0.170000000000));
#1486=VERTEX_POINT('',#1485);
#1487=CIRCLE('',#1341,0.220000000000);
#1488=EDGE_CURVE('',#1481,#1486,#1487,.T.);
#1489=ORIENTED_EDGE('',*,*,#1488,.T.);
#1490=CARTESIAN_POINT('',(-0.055597012352,-0.212859043072,-0.170000000000));
#1491=VERTEX_POINT('',#1490);
#1492=CIRCLE('',#1341,0.220000000000);
#1493=EDGE_CURVE('',#1486,#1491,#1492,.T.);
#1494=ORIENTED_EDGE('',*,*,#1493,.T.);
#1495=CARTESIAN_POINT('',(-0.025050885326,-0.218569103819,-0.170000000000));
#1496=VERTEX_POINT('',#1495);
#1497=CIRCLE('',#1341,0.220000000000);
#1498=EDGE_CURVE('',#1491,#1496,#1497,.T.);
#1499=ORIENTED_EDGE('',*,*,#1498,.T.);
#1500=CARTESIAN_POINT('',(-0.015537621037,-0.219450637576,-0.170000000000));
#1501=VERTEX_POINT('',#1500);
#1502=CIRCLE('',#1341,0.220000000000);
#1503=EDGE_CURVE('',#1496,#1501,#1502,.T.);
#1504=ORIENTED_EDGE('',*,*,#1503,.T.);
#1505=CARTESIAN_POINT('',(0.015537621037,-0.219450637576,-0.170000000000));
#1506=VERTEX_POINT('',#1505);
#1507=CIRCLE('',#1341,0.220000000000);
#1508=EDGE_CURVE('',#1501,#1506,#1507,.T.);
#1509=ORIENTED_EDGE('',*,*,#1508,.T.);
#1510=CARTESIAN_POINT('',(0.025050885326,-0.218569103819,-0.170000000000));
#1511=VERTEX_POINT('',#1510);
#1512=CIRCLE('',#1341,0.220000000000);
#1513=EDGE_CURVE('',#1506,#1511,#1512,.T.);
#1514=ORIENTED_EDGE('',*,*,#1513,.T.);
#1515=CARTESIAN_POINT('',(0.055597012352,-0.212859043072,-0.170000000000));
#1516=VERTEX_POINT('',#1515);
#1517=CIRCLE('',#1341,0.220000000000);
#1518=EDGE_CURVE('',#1511,#1516,#1517,.T.);
#1519=ORIENTED_EDGE('',*,*,#1518,.T.);
#1520=CARTESIAN_POINT('',(0.064786313835,-0.210244461377,-0.170000000000));
#1521=VERTEX_POINT('',#1520);
#1522=CIRCLE('',#1341,0.220000000000);
#1523=EDGE_CURVE('',#1516,#1521,#1522,.T.);
#1524=ORIENTED_EDGE('',*,*,#1523,.T.);
#1525=CARTESIAN_POINT('',(0.093763114092,-0.199018789153,-0.170000000000));
#1526=VERTEX_POINT('',#1525);
#1527=CIRCLE('',#1341,0.220000000000);
#1528=EDGE_CURVE('',#1521,#1526,#1527,.T.);
#1529=ORIENTED_EDGE('',*,*,#1528,.T.);
#1530=CARTESIAN_POINT('',(0.102315522129,-0.194760195963,-0.170000000000));
#1531=VERTEX_POINT('',#1530);
#1532=CIRCLE('',#1341,0.220000000000);
#1533=EDGE_CURVE('',#1526,#1531,#1532,.T.);
#1534=ORIENTED_EDGE('',*,*,#1533,.T.);
#1535=CARTESIAN_POINT('',(0.128736225438,-0.178401189065,-0.170000000000));
#1536=VERTEX_POINT('',#1535);
#1537=CIRCLE('',#1341,0.220000000000);
#1538=EDGE_CURVE('',#1531,#1536,#1537,.T.);
#1539=ORIENTED_EDGE('',*,*,#1538,.T.);
#1540=CARTESIAN_POINT('',(0.136360498031,-0.172643605664,-0.170000000000));
#1541=VERTEX_POINT('',#1540);
#1542=CIRCLE('',#1341,0.220000000000);
#1543=EDGE_CURVE('',#1536,#1541,#1542,.T.);
#1544=ORIENTED_EDGE('',*,*,#1543,.T.);
#1545=CARTESIAN_POINT('',(0.159325379029,-0.151708350453,-0.170000000000));
#1546=VERTEX_POINT('',#1545);
#1547=CIRCLE('',#1341,0.220000000000);
#1548=EDGE_CURVE('',#1541,#1546,#1547,.T.);
#1549=ORIENTED_EDGE('',*,*,#1548,.T.);
#1550=CARTESIAN_POINT('',(0.165761880719,-0.144647844438,-0.170000000000));
#1551=VERTEX_POINT('',#1550);
#1552=CIRCLE('',#1341,0.220000000000);
#1553=EDGE_CURVE('',#1546,#1551,#1552,.T.);
#1554=ORIENTED_EDGE('',*,*,#1553,.T.);
#1555=CARTESIAN_POINT('',(0.184488897927,-0.119849265920,-0.170000000000));
#1556=VERTEX_POINT('',#1555);
#1557=CIRCLE('',#1341,0.220000000000);
#1558=EDGE_CURVE('',#1551,#1556,#1557,.T.);
#1559=ORIENTED_EDGE('',*,*,#1558,.T.);
#1560=CARTESIAN_POINT('',(0.189518441369,-0.111726274355,-0.170000000000));
#1561=VERTEX_POINT('',#1560);
#1562=CIRCLE('',#1341,0.220000000000);
#1563=EDGE_CURVE('',#1556,#1561,#1562,.T.);
#1564=ORIENTED_EDGE('',*,*,#1563,.T.);
#1565=CARTESIAN_POINT('',(0.203369868676,-0.083908858379,-0.170000000000));
#1566=VERTEX_POINT('',#1565);
#1567=CIRCLE('',#1341,0.220000000000);
#1568=EDGE_CURVE('',#1561,#1566,#1567,.T.);
#1569=ORIENTED_EDGE('',*,*,#1568,.T.);
#1570=CARTESIAN_POINT('',(0.206821178799,-0.075000000000,-0.170000000000));
#1571=VERTEX_POINT('',#1570);
#1572=CIRCLE('',#1341,0.220000000000);
#1573=EDGE_CURVE('',#1566,#1571,#1572,.T.);
#1574=ORIENTED_EDGE('',*,*,#1573,.T.);
#1575=CARTESIAN_POINT('',(0.215325322463,-0.045111035305,-0.170000000000));
#1576=VERTEX_POINT('',#1575);
#1577=CIRCLE('',#1341,0.220000000000);
#1578=EDGE_CURVE('',#1571,#1576,#1577,.T.);
#1579=ORIENTED_EDGE('',*,*,#1578,.T.);
#1580=CARTESIAN_POINT('',(0.217080869041,-0.035719690598,-0.170000000000));
#1581=VERTEX_POINT('',#1580);
#1582=CIRCLE('',#1341,0.220000000000);
#1583=EDGE_CURVE('',#1576,#1581,#1582,.T.);
#1584=ORIENTED_EDGE('',*,*,#1583,.T.);
#1585=CARTESIAN_POINT('',(0.219948130647,-0.004777010027,-0.170000000000));
#1586=VERTEX_POINT('',#1585);
#1587=CIRCLE('',#1341,0.220000000000);
#1588=EDGE_CURVE('',#1581,#1586,#1587,.T.);
#1589=ORIENTED_EDGE('',*,*,#1588,.T.);
#1590=CARTESIAN_POINT('',(0.219948130647,0.004777010027,-0.170000000000));
#1591=VERTEX_POINT('',#1590);
#1592=CIRCLE('',#1341,0.220000000000);
#1593=EDGE_CURVE('',#1586,#1591,#1592,.T.);
#1594=ORIENTED_EDGE('',*,*,#1593,.T.);
#1595=CARTESIAN_POINT('',(0.217080869041,0.035719690598,-0.170000000000));
#1596=VERTEX_POINT('',#1595);
#1597=CIRCLE('',#1341,0.220000000000);
#1598=EDGE_CURVE('',#1591,#1596,#1597,.T.);
#1599=ORIENTED_EDGE('',*,*,#1598,.T.);
#1600=CARTESIAN_POINT('',(0.215325322463,0.045111035305,-0.170000000000));
#1601=VERTEX_POINT('',#1600);
#1602=CIRCLE('',#1341,0.220000000000);
#1603=EDGE_CURVE('',#1596,#1601,#1602,.T.);
#1604=ORIENTED_EDGE('',*,*,#1603,.T.);
#1605=CARTESIAN_POINT('',(0.206821178799,0.075000000000,-0.170000000000));
#1606=VERTEX_POINT('',#1605);
#1607=CIRCLE('',#1341,0.220000000000);
#1608=EDGE_CURVE('',#1601,#1606,#1607,.T.);
#1609=ORIENTED_EDGE('',*,*,#1608,.T.);
#1610=CARTESIAN_POINT('',(0.203369868676,0.083908858379,-0.170000000000));
#1611=VERTEX_POINT('',#1610);
#1612=CIRCLE('',#1341,0.220000000000);
#1613=EDGE_CURVE('',#1606,#1611,#1612,.T.);
#1614=ORIENTED_EDGE('',*,*,#1613,.T.);
#1615=CARTESIAN_POINT('',(0.189518441369,0.111726274355,-0.170000000000));
#1616=VERTEX_POINT('',#1615);
#1617=CIRCLE('',#1341,0.220000000000);
#1618=EDGE_CURVE('',#1611,#1616,#1617,.T.);
#1619=ORIENTED_EDGE('',*,*,#1618,.T.);
#1620=CARTESIAN_POINT('',(0.184488897927,0.119849265920,-0.170000000000));
#1621=VERTEX_POINT('',#1620);
#1622=CIRCLE('',#1341,0.220000000000);
#1623=EDGE_CURVE('',#1616,#1621,#1622,.T.);
#1624=ORIENTED_EDGE('',*,*,#1623,.T.);
#1625=CARTESIAN_POINT('',(0.165761880719,0.144647844438,-0.170000000000));
#1626=VERTEX_POINT('',#1625);
#1627=CIRCLE('',#1341,0.220000000000);
#1628=EDGE_CURVE('',#1621,#1626,#1627,.T.);
#1629=ORIENTED_EDGE('',*,*,#1628,.T.);
#1630=CARTESIAN_POINT('',(0.159325379029,0.151708350453,-0.170000000000));
#1631=VERTEX_POINT('',#1630);
#1632=CIRCLE('',#1341,0.220000000000);
#1633=EDGE_CURVE('',#1626,#1631,#1632,.T.);
#1634=ORIENTED_EDGE('',*,*,#1633,.T.);
#1635=CARTESIAN_POINT('',(0.136360498031,0.172643605664,-0.170000000000));
#1636=VERTEX_POINT('',#1635);
#1637=CIRCLE('',#1341,0.220000000000);
#1638=EDGE_CURVE('',#1631,#1636,#1637,.T.);
#1639=ORIENTED_EDGE('',*,*,#1638,.T.);
#1640=CARTESIAN_POINT('',(0.128736225438,0.178401189065,-0.170000000000));
#1641=VERTEX_POINT('',#1640);
#1642=CIRCLE('',#1341,0.220000000000);
#1643=EDGE_CURVE('',#1636,#1641,#1642,.T.);
#1644=ORIENTED_EDGE('',*,*,#1643,.T.);
#1645=CARTESIAN_POINT('',(0.102315522129,0.194760195963,-0.170000000000));
#1646=VERTEX_POINT('',#1645);
#1647=CIRCLE('',#1341,0.220000000000);
#1648=EDGE_CURVE('',#1641,#1646,#1647,.T.);
#1649=ORIENTED_EDGE('',*,*,#1648,.T.);
#1650=CARTESIAN_POINT('',(0.093763114092,0.199018789153,-0.170000000000));
#1651=VERTEX_POINT('',#1650);
#1652=CIRCLE('',#1341,0.220000000000);
#1653=EDGE_CURVE('',#1646,#1651,#1652,.T.);
#1654=ORIENTED_EDGE('',*,*,#1653,.T.);
#1655=CARTESIAN_POINT('',(0.064786313835,0.210244461377,-0.170000000000));
#1656=VERTEX_POINT('',#1655);
#1657=CIRCLE('',#1341,0.220000000000);
#1658=EDGE_CURVE('',#1651,#1656,#1657,.T.);
#1659=ORIENTED_EDGE('',*,*,#1658,.T.);
#1660=CARTESIAN_POINT('',(0.055597012352,0.212859043072,-0.170000000000));
#1661=VERTEX_POINT('',#1660);
#1662=CIRCLE('',#1341,0.220000000000);
#1663=EDGE_CURVE('',#1656,#1661,#1662,.T.);
#1664=ORIENTED_EDGE('',*,*,#1663,.T.);
#1665=CARTESIAN_POINT('',(0.025050885326,0.218569103819,-0.170000000000));
#1666=VERTEX_POINT('',#1665);
#1667=CIRCLE('',#1341,0.220000000000);
#1668=EDGE_CURVE('',#1661,#1666,#1667,.T.);
#1669=ORIENTED_EDGE('',*,*,#1668,.T.);
#1670=CARTESIAN_POINT('',(0.015537621037,0.219450637576,-0.170000000000));
#1671=VERTEX_POINT('',#1670);
#1672=CIRCLE('',#1341,0.220000000000);
#1673=EDGE_CURVE('',#1666,#1671,#1672,.T.);
#1674=ORIENTED_EDGE('',*,*,#1673,.T.);
#1675=CIRCLE('',#1341,0.220000000000);
#1676=EDGE_CURVE('',#1671,#1338,#1675,.T.);
#1677=ORIENTED_EDGE('',*,*,#1676,.T.);
#1678=EDGE_LOOP('',(#1344,#1349,#1354,#1359,#1364,#1369,#1374,#1379,#1384,#1389,#1394,#1399,#1404,#1409,#1414,#1419,#1424,#1429,#1434,#1439,#1444,#1449,#1454,#1459,#1464,#1469,#1474,#1479,#1484,#1489,#1494,#1499,#1504,#1509,#1514,#1519,#1524,#1529,#1534,#1539,#1544,#1549,#1554,#1559,#1564,#1569,#1574,#1579,#1584,#1589,#1594,#1599,#1604,#1609,#1614,#1619,#1624,#1629,#1634,#1639,#1644,#1649,#1654,#1659,#1664,#1669,#1674,#1677));
#1679=ORIENTED_EDGE('',*,*,#35,.F.);
#1680=ORIENTED_EDGE('',*,*,#109,.F.);
#1681=CARTESIAN_POINT('',(-0.354283673050,-1.519237663768,-0.170000000000));
#1682=VERTEX_POINT('',#1681);
#1683=CIRCLE('',#1341,1.560000000000);
#1684=EDGE_CURVE('',#1682,#102,#1683,.T.);
#1685=ORIENTED_EDGE('',*,*,#1684,.F.);
#1686=CARTESIAN_POINT('',(-0.393090159885,-1.655628317649,-0.170000000000));
#1687=VERTEX_POINT('',#1686);
#1688=CARTESIAN_POINT('',(0.072136923238,-0.020524724255,-0.170000000000));
#1689=LINE('',#1688,#945);
#1690=EDGE_CURVE('',#1682,#1687,#1689,.T.);
#1691=ORIENTED_EDGE('',*,*,#1690,.T.);
#1692=CARTESIAN_POINT('',(-0.537364006360,-1.614578869138,-0.170000000000));
#1693=VERTEX_POINT('',#1692);
#1694=CARTESIAN_POINT('',(-0.465227083123,-1.635103593394,-0.170000000000));
#1695=LINE('',#1694,#937);
#1696=EDGE_CURVE('',#1687,#1693,#1695,.T.);
#1697=ORIENTED_EDGE('',*,*,#1696,.T.);
#1698=CARTESIAN_POINT('',(-0.498557519526,-1.478188215257,-0.170000000000));
#1699=VERTEX_POINT('',#1698);
#1700=CARTESIAN_POINT('',(-0.072136923238,0.020524724255,-0.170000000000));
#1701=LINE('',#1700,#929);
#1702=EDGE_CURVE('',#1693,#1699,#1701,.T.);
#1703=ORIENTED_EDGE('',*,*,#1702,.T.);
#1704=CARTESIAN_POINT('',(-0.627410508431,-1.428270301417,-0.170000000000));
#1705=VERTEX_POINT('',#1704);
#1706=CIRCLE('',#1341,1.560000000000);
#1707=EDGE_CURVE('',#1705,#1699,#1706,.T.);
#1708=ORIENTED_EDGE('',*,*,#1707,.F.);
#1709=CARTESIAN_POINT('',(-0.690617957968,-1.555207971987,-0.170000000000));
#1710=VERTEX_POINT('',#1709);
#1711=CARTESIAN_POINT('',(0.067137246852,-0.033430376683,-0.170000000000));
#1712=LINE('',#1711,#916);
#1713=EDGE_CURVE('',#1705,#1710,#1712,.T.);
#1714=ORIENTED_EDGE('',*,*,#1713,.T.);
#1715=CARTESIAN_POINT('',(-0.824892451672,-1.488347218620,-0.170000000000));
#1716=VERTEX_POINT('',#1715);
#1717=CARTESIAN_POINT('',(-0.757755204820,-1.521777595304,-0.170000000000));
#1718=LINE('',#1717,#908);
#1719=EDGE_CURVE('',#1710,#1716,#1718,.T.);
#1720=ORIENTED_EDGE('',*,*,#1719,.T.);
#1721=CARTESIAN_POINT('',(-0.761685002135,-1.361409548051,-0.170000000000));
#1722=VERTEX_POINT('',#1721);
#1723=CARTESIAN_POINT('',(-0.067137246852,0.033430376683,-0.170000000000));
#1724=LINE('',#1723,#900);
#1725=EDGE_CURVE('',#1716,#1722,#1724,.T.);
#1726=ORIENTED_EDGE('',*,*,#1725,.T.);
#1727=CARTESIAN_POINT('',(-0.879171631444,-1.288664906973,-0.170000000000));
#1728=VERTEX_POINT('',#1727);
#1729=CIRCLE('',#1341,1.560000000000);
#1730=EDGE_CURVE('',#1728,#1722,#1729,.T.);
#1731=ORIENTED_EDGE('',*,*,#1730,.F.);
#1732=CARTESIAN_POINT('',(-0.964627589799,-1.401826884105,-0.170000000000));
#1733=VERTEX_POINT('',#1732);
#1734=CARTESIAN_POINT('',(0.059851292046,-0.045197597728,-0.170000000000));
#1735=LINE('',#1734,#887);
#1736=EDGE_CURVE('',#1728,#1733,#1735,.T.);
#1737=ORIENTED_EDGE('',*,*,#1736,.T.);
#1738=CARTESIAN_POINT('',(-1.084330173891,-1.311431688648,-0.170000000000));
#1739=VERTEX_POINT('',#1738);
#1740=CARTESIAN_POINT('',(-1.024478881845,-1.356629286376,-0.170000000000));
#1741=LINE('',#1740,#879);
#1742=EDGE_CURVE('',#1733,#1739,#1741,.T.);
#1743=ORIENTED_EDGE('',*,*,#1742,.T.);
#1744=CARTESIAN_POINT('',(-0.998874215536,-1.198269711516,-0.170000000000));
#1745=VERTEX_POINT('',#1744);
#1746=CARTESIAN_POINT('',(-0.059851292046,0.045197597728,-0.170000000000));
#1747=LINE('',#1746,#871);
#1748=EDGE_CURVE('',#1739,#1745,#1747,.T.);
#1749=ORIENTED_EDGE('',*,*,#1748,.T.);
#1750=CARTESIAN_POINT('',(-1.100993618998,-1.105175574705,-0.170000000000));
#1751=VERTEX_POINT('',#1750);
#1752=CIRCLE('',#1341,1.560000000000);
#1753=EDGE_CURVE('',#1751,#1745,#1752,.T.);
#1754=ORIENTED_EDGE('',*,*,#1753,.F.);
#1755=CARTESIAN_POINT('',(-1.205787986002,-1.200708262991,-0.170000000000));
#1756=VERTEX_POINT('',#1755);
#1757=CARTESIAN_POINT('',(0.050527173273,-0.055425668792,-0.170000000000));
#1758=LINE('',#1757,#858);
#1759=EDGE_CURVE('',#1751,#1756,#1758,.T.);
#1760=ORIENTED_EDGE('',*,*,#1759,.T.);
#1761=CARTESIAN_POINT('',(-1.306842332549,-1.089856925408,-0.170000000000));
#1762=VERTEX_POINT('',#1761);
#1763=CARTESIAN_POINT('',(-1.256315159275,-1.145282594199,-0.170000000000));
#1764=LINE('',#1763,#850);
#1765=EDGE_CURVE('',#1756,#1762,#1764,.T.);
#1766=ORIENTED_EDGE('',*,*,#1765,.T.);
#1767=CARTESIAN_POINT('',(-1.202047965545,-0.994324237122,-0.170000000000));
#1768=VERTEX_POINT('',#1767);
#1769=CARTESIAN_POINT('',(-0.050527173273,0.055425668792,-0.170000000000));
#1770=LINE('',#1769,#842);
#1771=EDGE_CURVE('',#1762,#1768,#1770,.T.);
#1772=ORIENTED_EDGE('',*,*,#1771,.T.);
#1773=CARTESIAN_POINT('',(-1.285322589354,-0.884050813753,-0.170000000000));
#1774=VERTEX_POINT('',#1773);
#1775=CIRCLE('',#1341,1.560000000000);
#1776=EDGE_CURVE('',#1774,#1768,#1775,.T.);
#1777=ORIENTED_EDGE('',*,*,#1776,.F.);
#1778=CARTESIAN_POINT('',(-1.405886718525,-0.958700962071,-0.170000000000));
#1779=VERTEX_POINT('',#1778);
#1780=CARTESIAN_POINT('',(0.039482412216,-0.063766285180,-0.170000000000));
#1781=LINE('',#1780,#829);
#1782=EDGE_CURVE('',#1774,#1779,#1781,.T.);
#1783=ORIENTED_EDGE('',*,*,#1782,.T.);
#1784=CARTESIAN_POINT('',(-1.484851542956,-0.831168391712,-0.170000000000));
#1785=VERTEX_POINT('',#1784);
#1786=CARTESIAN_POINT('',(-1.445369130740,-0.894934676892,-0.170000000000));
#1787=LINE('',#1786,#821);
#1788=EDGE_CURVE('',#1779,#1785,#1787,.T.);
#1789=ORIENTED_EDGE('',*,*,#1788,.T.);
#1790=CARTESIAN_POINT('',(-1.364287413785,-0.756518243394,-0.170000000000));
#1791=VERTEX_POINT('',#1790);
#1792=CARTESIAN_POINT('',(-0.039482412216,0.063766285180,-0.170000000000));
#1793=LINE('',#1792,#813);
#1794=EDGE_CURVE('',#1785,#1791,#1793,.T.);
#1795=ORIENTED_EDGE('',*,*,#1794,.T.);
#1796=CARTESIAN_POINT('',(-1.425881440503,-0.632820762640,-0.170000000000));
#1797=VERTEX_POINT('',#1796);
#1798=CIRCLE('',#1341,1.560000000000);
#1799=EDGE_CURVE('',#1797,#1791,#1798,.T.);
#1800=ORIENTED_EDGE('',*,*,#1799,.F.);
#1801=CARTESIAN_POINT('',(-1.558109665023,-0.684046249723,-0.170000000000));
#1802=VERTEX_POINT('',#1801);
#1803=CARTESIAN_POINT('',(0.027093124964,-0.069935417205,-0.170000000000));
#1804=LINE('',#1803,#800);
#1805=EDGE_CURVE('',#1797,#1802,#1804,.T.);
#1806=ORIENTED_EDGE('',*,*,#1805,.T.);
#1807=CARTESIAN_POINT('',(-1.612295914951,-0.544175415313,-0.170000000000));
#1808=VERTEX_POINT('',#1807);
#1809=CARTESIAN_POINT('',(-1.585202789987,-0.614110832518,-0.170000000000));
#1810=LINE('',#1809,#792);
#1811=EDGE_CURVE('',#1802,#1808,#1810,.T.);
#1812=ORIENTED_EDGE('',*,*,#1811,.T.);
#1813=CARTESIAN_POINT('',(-1.480067690431,-0.492949928230,-0.170000000000));
#1814=VERTEX_POINT('',#1813);
#1815=CARTESIAN_POINT('',(-0.027093124964,0.069935417205,-0.170000000000));
#1816=LINE('',#1815,#784);
#1817=EDGE_CURVE('',#1808,#1814,#1816,.T.);
#1818=ORIENTED_EDGE('',*,*,#1817,.T.);
#1819=CARTESIAN_POINT('',(-1.517883609353,-0.360040759441,-0.170000000000));
#1820=VERTEX_POINT('',#1819);
#1821=CIRCLE('',#1341,1.560000000000);
#1822=EDGE_CURVE('',#1820,#1814,#1821,.T.);
#1823=ORIENTED_EDGE('',*,*,#1822,.F.);
#1824=CARTESIAN_POINT('',(-1.657273055626,-0.386097162764,-0.170000000000));
#1825=VERTEX_POINT('',#1824);
#1826=CARTESIAN_POINT('',(0.013781213836,-0.073722982476,-0.170000000000));
#1827=LINE('',#1826,#771);
#1828=EDGE_CURVE('',#1820,#1825,#1827,.T.);
#1829=ORIENTED_EDGE('',*,*,#1828,.T.);
#1830=CARTESIAN_POINT('',(-1.684835483299,-0.238651197812,-0.170000000000));
#1831=VERTEX_POINT('',#1830);
#1832=CARTESIAN_POINT('',(-1.671054269463,-0.312374180288,-0.170000000000));
#1833=LINE('',#1832,#763);
#1834=EDGE_CURVE('',#1825,#1831,#1833,.T.);
#1835=ORIENTED_EDGE('',*,*,#1834,.T.);
#1836=CARTESIAN_POINT('',(-1.545446037025,-0.212594794488,-0.170000000000));
#1837=VERTEX_POINT('',#1836);
#1838=CARTESIAN_POINT('',(-0.013781213836,0.073722982476,-0.170000000000));
#1839=LINE('',#1838,#755);
#1840=EDGE_CURVE('',#1831,#1837,#1839,.T.);
#1841=ORIENTED_EDGE('',*,*,#1840,.T.);
#1842=CARTESIAN_POINT('',(-1.558196072386,-0.075000000000,-0.170000000000));
#1843=VERTEX_POINT('',#1842);
#1844=CIRCLE('',#1341,1.560000000000);
#1845=EDGE_CURVE('',#1843,#1837,#1844,.T.);
#1846=ORIENTED_EDGE('',*,*,#1845,.F.);
#1847=CARTESIAN_POINT('',(-1.700000000000,-0.075000000000,-0.170000000000));
#1848=VERTEX_POINT('',#1847);
#1849=CARTESIAN_POINT('',(0.000000000000,-0.075000000000,-0.170000000000));
#1850=LINE('',#1849,#742);
#1851=EDGE_CURVE('',#1843,#1848,#1850,.T.);
#1852=ORIENTED_EDGE('',*,*,#1851,.T.);
#1853=CARTESIAN_POINT('',(-1.700000000000,0.075000000000,-0.170000000000));
#1854=VERTEX_POINT('',#1853);
#1855=CARTESIAN_POINT('',(-1.700000000000,0.000000000000,-0.170000000000));
#1856=LINE('',#1855,#734);
#1857=EDGE_CURVE('',#1848,#1854,#1856,.T.);
#1858=ORIENTED_EDGE('',*,*,#1857,.T.);
#1859=CARTESIAN_POINT('',(-1.558196072386,0.075000000000,-0.170000000000));
#1860=VERTEX_POINT('',#1859);
#1861=CARTESIAN_POINT('',(0.000000000000,0.075000000000,-0.170000000000));
#1862=LINE('',#1861,#727);
#1863=EDGE_CURVE('',#1854,#1860,#1862,.T.);
#1864=ORIENTED_EDGE('',*,*,#1863,.T.);
#1865=CARTESIAN_POINT('',(-1.545446037025,0.212594794488,-0.170000000000));
#1866=VERTEX_POINT('',#1865);
#1867=CIRCLE('',#1341,1.560000000000);
#1868=EDGE_CURVE('',#1866,#1860,#1867,.T.);
#1869=ORIENTED_EDGE('',*,*,#1868,.F.);
#1870=CARTESIAN_POINT('',(-1.684835483299,0.238651197812,-0.170000000000));
#1871=VERTEX_POINT('',#1870);
#1872=CARTESIAN_POINT('',(-0.013781213836,-0.073722982476,-0.170000000000));
#1873=LINE('',#1872,#714);
#1874=EDGE_CURVE('',#1866,#1871,#1873,.T.);
#1875=ORIENTED_EDGE('',*,*,#1874,.T.);
#1876=CARTESIAN_POINT('',(-1.657273055626,0.386097162764,-0.170000000000));
#1877=VERTEX_POINT('',#1876);
#1878=CARTESIAN_POINT('',(-1.671054269463,0.312374180288,-0.170000000000));
#1879=LINE('',#1878,#706);
#1880=EDGE_CURVE('',#1871,#1877,#1879,.T.);
#1881=ORIENTED_EDGE('',*,*,#1880,.T.);
#1882=CARTESIAN_POINT('',(-1.517883609353,0.360040759441,-0.170000000000));
#1883=VERTEX_POINT('',#1882);
#1884=CARTESIAN_POINT('',(0.013781213836,0.073722982476,-0.170000000000));
#1885=LINE('',#1884,#698);
#1886=EDGE_CURVE('',#1877,#1883,#1885,.T.);
#1887=ORIENTED_EDGE('',*,*,#1886,.T.);
#1888=CARTESIAN_POINT('',(-1.480067690431,0.492949928230,-0.170000000000));
#1889=VERTEX_POINT('',#1888);
#1890=CIRCLE('',#1341,1.560000000000);
#1891=EDGE_CURVE('',#1889,#1883,#1890,.T.);
#1892=ORIENTED_EDGE('',*,*,#1891,.F.);
#1893=CARTESIAN_POINT('',(-1.612295914951,0.544175415313,-0.170000000000));
#1894=VERTEX_POINT('',#1893);
#1895=CARTESIAN_POINT('',(-0.027093124964,-0.069935417205,-0.170000000000));
#1896=LINE('',#1895,#685);
#1897=EDGE_CURVE('',#1889,#1894,#1896,.T.);
#1898=ORIENTED_EDGE('',*,*,#1897,.T.);
#1899=CARTESIAN_POINT('',(-1.558109665023,0.684046249723,-0.170000000000));
#1900=VERTEX_POINT('',#1899);
#1901=CARTESIAN_POINT('',(-1.585202789987,0.614110832518,-0.170000000000));
#1902=LINE('',#1901,#677);
#1903=EDGE_CURVE('',#1894,#1900,#1902,.T.);
#1904=ORIENTED_EDGE('',*,*,#1903,.T.);
#1905=CARTESIAN_POINT('',(-1.425881440503,0.632820762640,-0.170000000000));
#1906=VERTEX_POINT('',#1905);
#1907=CARTESIAN_POINT('',(0.027093124964,0.069935417205,-0.170000000000));
#1908=LINE('',#1907,#669);
#1909=EDGE_CURVE('',#1900,#1906,#1908,.T.);
#1910=ORIENTED_EDGE('',*,*,#1909,.T.);
#1911=CARTESIAN_POINT('',(-1.364287413785,0.756518243394,-0.170000000000));
#1912=VERTEX_POINT('',#1911);
#1913=CIRCLE('',#1341,1.560000000000);
#1914=EDGE_CURVE('',#1912,#1906,#1913,.T.);
#1915=ORIENTED_EDGE('',*,*,#1914,.F.);
#1916=CARTESIAN_POINT('',(-1.484851542956,0.831168391712,-0.170000000000));
#1917=VERTEX_POINT('',#1916);
#1918=CARTESIAN_POINT('',(-0.039482412216,-0.063766285180,-0.170000000000));
#1919=LINE('',#1918,#656);
#1920=EDGE_CURVE('',#1912,#1917,#1919,.T.);
#1921=ORIENTED_EDGE('',*,*,#1920,.T.);
#1922=CARTESIAN_POINT('',(-1.405886718525,0.958700962071,-0.170000000000));
#1923=VERTEX_POINT('',#1922);
#1924=CARTESIAN_POINT('',(-1.445369130740,0.894934676892,-0.170000000000));
#1925=LINE('',#1924,#648);
#1926=EDGE_CURVE('',#1917,#1923,#1925,.T.);
#1927=ORIENTED_EDGE('',*,*,#1926,.T.);
#1928=CARTESIAN_POINT('',(-1.285322589354,0.884050813753,-0.170000000000));
#1929=VERTEX_POINT('',#1928);
#1930=CARTESIAN_POINT('',(0.039482412216,0.063766285180,-0.170000000000));
#1931=LINE('',#1930,#640);
#1932=EDGE_CURVE('',#1923,#1929,#1931,.T.);
#1933=ORIENTED_EDGE('',*,*,#1932,.T.);
#1934=CARTESIAN_POINT('',(-1.202047965545,0.994324237122,-0.170000000000));
#1935=VERTEX_POINT('',#1934);
#1936=CIRCLE('',#1341,1.560000000000);
#1937=EDGE_CURVE('',#1935,#1929,#1936,.T.);
#1938=ORIENTED_EDGE('',*,*,#1937,.F.);
#1939=CARTESIAN_POINT('',(-1.306842332549,1.089856925408,-0.170000000000));
#1940=VERTEX_POINT('',#1939);
#1941=CARTESIAN_POINT('',(-0.050527173273,-0.055425668792,-0.170000000000));
#1942=LINE('',#1941,#627);
#1943=EDGE_CURVE('',#1935,#1940,#1942,.T.);
#1944=ORIENTED_EDGE('',*,*,#1943,.T.);
#1945=CARTESIAN_POINT('',(-1.205787986002,1.200708262991,-0.170000000000));
#1946=VERTEX_POINT('',#1945);
#1947=CARTESIAN_POINT('',(-1.256315159275,1.145282594199,-0.170000000000));
#1948=LINE('',#1947,#619);
#1949=EDGE_CURVE('',#1940,#1946,#1948,.T.);
#1950=ORIENTED_EDGE('',*,*,#1949,.T.);
#1951=CARTESIAN_POINT('',(-1.100993618998,1.105175574705,-0.170000000000));
#1952=VERTEX_POINT('',#1951);
#1953=CARTESIAN_POINT('',(0.050527173273,0.055425668792,-0.170000000000));
#1954=LINE('',#1953,#611);
#1955=EDGE_CURVE('',#1946,#1952,#1954,.T.);
#1956=ORIENTED_EDGE('',*,*,#1955,.T.);
#1957=CARTESIAN_POINT('',(-0.998874215536,1.198269711516,-0.170000000000));
#1958=VERTEX_POINT('',#1957);
#1959=CIRCLE('',#1341,1.560000000000);
#1960=EDGE_CURVE('',#1958,#1952,#1959,.T.);
#1961=ORIENTED_EDGE('',*,*,#1960,.F.);
#1962=CARTESIAN_POINT('',(-1.084330173891,1.311431688648,-0.170000000000));
#1963=VERTEX_POINT('',#1962);
#1964=CARTESIAN_POINT('',(-0.059851292046,-0.045197597728,-0.170000000000));
#1965=LINE('',#1964,#598);
#1966=EDGE_CURVE('',#1958,#1963,#1965,.T.);
#1967=ORIENTED_EDGE('',*,*,#1966,.T.);
#1968=CARTESIAN_POINT('',(-0.964627589799,1.401826884105,-0.170000000000));
#1969=VERTEX_POINT('',#1968);
#1970=CARTESIAN_POINT('',(-1.024478881845,1.356629286376,-0.170000000000));
#1971=LINE('',#1970,#590);
#1972=EDGE_CURVE('',#1963,#1969,#1971,.T.);
#1973=ORIENTED_EDGE('',*,*,#1972,.T.);
#1974=CARTESIAN_POINT('',(-0.879171631444,1.288664906973,-0.170000000000));
#1975=VERTEX_POINT('',#1974);
#1976=CARTESIAN_POINT('',(0.059851292046,0.045197597728,-0.170000000000));
#1977=LINE('',#1976,#582);
#1978=EDGE_CURVE('',#1969,#1975,#1977,.T.);
#1979=ORIENTED_EDGE('',*,*,#1978,.T.);
#1980=CARTESIAN_POINT('',(-0.761685002135,1.361409548051,-0.170000000000));
#1981=VERTEX_POINT('',#1980);
#1982=CIRCLE('',#1341,1.560000000000);
#1983=EDGE_CURVE('',#1981,#1975,#1982,.T.);
#1984=ORIENTED_EDGE('',*,*,#1983,.F.);
#1985=CARTESIAN_POINT('',(-0.824892451672,1.488347218620,-0.170000000000));
#1986=VERTEX_POINT('',#1985);
#1987=CARTESIAN_POINT('',(-0.067137246852,-0.033430376683,-0.170000000000));
#1988=LINE('',#1987,#569);
#1989=EDGE_CURVE('',#1981,#1986,#1988,.T.);
#1990=ORIENTED_EDGE('',*,*,#1989,.T.);
#1991=CARTESIAN_POINT('',(-0.690617957968,1.555207971987,-0.170000000000));
#1992=VERTEX_POINT('',#1991);
#1993=CARTESIAN_POINT('',(-0.757755204820,1.521777595304,-0.170000000000));
#1994=LINE('',#1993,#561);
#1995=EDGE_CURVE('',#1986,#1992,#1994,.T.);
#1996=ORIENTED_EDGE('',*,*,#1995,.T.);
#1997=CARTESIAN_POINT('',(-0.627410508431,1.428270301417,-0.170000000000));
#1998=VERTEX_POINT('',#1997);
#1999=CARTESIAN_POINT('',(0.067137246852,0.033430376683,-0.170000000000));
#2000=LINE('',#1999,#553);
#2001=EDGE_CURVE('',#1992,#1998,#2000,.T.);
#2002=ORIENTED_EDGE('',*,*,#2001,.T.);
#2003=CARTESIAN_POINT('',(-0.498557519526,1.478188215257,-0.170000000000));
#2004=VERTEX_POINT('',#2003);
#2005=CIRCLE('',#1341,1.560000000000);
#2006=EDGE_CURVE('',#2004,#1998,#2005,.T.);
#2007=ORIENTED_EDGE('',*,*,#2006,.F.);
#2008=CARTESIAN_POINT('',(-0.537364006360,1.614578869138,-0.170000000000));
#2009=VERTEX_POINT('',#2008);
#2010=CARTESIAN_POINT('',(-0.072136923238,-0.020524724255,-0.170000000000));
#2011=LINE('',#2010,#540);
#2012=EDGE_CURVE('',#2004,#2009,#2011,.T.);
#2013=ORIENTED_EDGE('',*,*,#2012,.T.);
#2014=CARTESIAN_POINT('',(-0.393090159885,1.655628317649,-0.170000000000));
#2015=VERTEX_POINT('',#2014);
#2016=CARTESIAN_POINT('',(-0.465227083123,1.635103593394,-0.170000000000));
#2017=LINE('',#2016,#532);
#2018=EDGE_CURVE('',#2009,#2015,#2017,.T.);
#2019=ORIENTED_EDGE('',*,*,#2018,.T.);
#2020=CARTESIAN_POINT('',(-0.354283673050,1.519237663768,-0.170000000000));
#2021=VERTEX_POINT('',#2020);
#2022=CARTESIAN_POINT('',(0.072136923238,0.020524724255,-0.170000000000));
#2023=LINE('',#2022,#524);
#2024=EDGE_CURVE('',#2015,#2021,#2023,.T.);
#2025=ORIENTED_EDGE('',*,*,#2024,.T.);
#2026=CARTESIAN_POINT('',(-0.218452258543,1.544628955684,-0.170000000000));
#2027=VERTEX_POINT('',#2026);
#2028=CIRCLE('',#1341,1.560000000000);
#2029=EDGE_CURVE('',#2027,#2021,#2028,.T.);
#2030=ORIENTED_EDGE('',*,*,#2029,.F.);
#2031=CARTESIAN_POINT('',(-0.231536274310,1.685827972742,-0.170000000000));
#2032=VERTEX_POINT('',#2031);
#2033=CARTESIAN_POINT('',(-0.074680063222,-0.006920126960,-0.170000000000));
#2034=LINE('',#2033,#511);
#2035=EDGE_CURVE('',#2027,#2032,#2034,.T.);
#2036=ORIENTED_EDGE('',*,*,#2035,.T.);
#2037=CARTESIAN_POINT('',(-0.082176147865,1.699668226661,-0.170000000000));
#2038=VERTEX_POINT('',#2037);
#2039=CARTESIAN_POINT('',(-0.156856211088,1.692748099702,-0.170000000000));
#2040=LINE('',#2039,#503);
#2041=EDGE_CURVE('',#2032,#2038,#2040,.T.);
#2042=ORIENTED_EDGE('',*,*,#2041,.T.);
#2043=CARTESIAN_POINT('',(-0.069092132099,1.558469209603,-0.170000000000));
#2044=VERTEX_POINT('',#2043);
#2045=CARTESIAN_POINT('',(0.074680063222,0.006920126960,-0.170000000000));
#2046=LINE('',#2045,#495);
#2047=EDGE_CURVE('',#2038,#2044,#2046,.T.);
#2048=ORIENTED_EDGE('',*,*,#2047,.T.);
#2049=CIRCLE('',#1341,1.560000000000);
#2050=EDGE_CURVE('',#126,#2044,#2049,.T.);
#2051=ORIENTED_EDGE('',*,*,#2050,.F.);
#2052=ORIENTED_EDGE('',*,*,#128,.F.);
#2053=CARTESIAN_POINT('',(0.156856211088,1.692748099702,-0.170000000000));
#2054=LINE('',#2053,#33);
#2055=EDGE_CURVE('',#120,#78,#2054,.T.);
#2056=ORIENTED_EDGE('',*,*,#2055,.T.);
#2057=ORIENTED_EDGE('',*,*,#80,.F.);
#2058=CARTESIAN_POINT('',(0.354283673050,1.519237663768,-0.170000000000));
#2059=VERTEX_POINT('',#2058);
#2060=CIRCLE('',#1341,1.560000000000);
#2061=EDGE_CURVE('',#2059,#72,#2060,.T.);
#2062=ORIENTED_EDGE('',*,*,#2061,.F.);
#2063=CARTESIAN_POINT('',(0.393090159885,1.655628317649,-0.170000000000));
#2064=VERTEX_POINT('',#2063);
#2065=LINE('',#1700,#929);
#2066=EDGE_CURVE('',#2059,#2064,#2065,.T.);
#2067=ORIENTED_EDGE('',*,*,#2066,.T.);
#2068=CARTESIAN_POINT('',(0.537364006360,1.614578869138,-0.170000000000));
#2069=VERTEX_POINT('',#2068);
#2070=CARTESIAN_POINT('',(0.465227083123,1.635103593394,-0.170000000000));
#2071=LINE('',#2070,#1317);
#2072=EDGE_CURVE('',#2064,#2069,#2071,.T.);
#2073=ORIENTED_EDGE('',*,*,#2072,.T.);
#2074=CARTESIAN_POINT('',(0.498557519526,1.478188215257,-0.170000000000));
#2075=VERTEX_POINT('',#2074);
#2076=LINE('',#1688,#945);
#2077=EDGE_CURVE('',#2069,#2075,#2076,.T.);
#2078=ORIENTED_EDGE('',*,*,#2077,.T.);
#2079=CARTESIAN_POINT('',(0.627410508431,1.428270301417,-0.170000000000));
#2080=VERTEX_POINT('',#2079);
#2081=CIRCLE('',#1341,1.560000000000);
#2082=EDGE_CURVE('',#2080,#2075,#2081,.T.);
#2083=ORIENTED_EDGE('',*,*,#2082,.F.);
#2084=CARTESIAN_POINT('',(0.690617957968,1.555207971987,-0.170000000000));
#2085=VERTEX_POINT('',#2084);
#2086=LINE('',#1723,#900);
#2087=EDGE_CURVE('',#2080,#2085,#2086,.T.);
#2088=ORIENTED_EDGE('',*,*,#2087,.T.);
#2089=CARTESIAN_POINT('',(0.824892451672,1.488347218620,-0.170000000000));
#2090=VERTEX_POINT('',#2089);
#2091=CARTESIAN_POINT('',(0.757755204820,1.521777595304,-0.170000000000));
#2092=LINE('',#2091,#1294);
#2093=EDGE_CURVE('',#2085,#2090,#2092,.T.);
#2094=ORIENTED_EDGE('',*,*,#2093,.T.);
#2095=CARTESIAN_POINT('',(0.761685002135,1.361409548051,-0.170000000000));
#2096=VERTEX_POINT('',#2095);
#2097=LINE('',#1711,#916);
#2098=EDGE_CURVE('',#2090,#2096,#2097,.T.);
#2099=ORIENTED_EDGE('',*,*,#2098,.T.);
#2100=CARTESIAN_POINT('',(0.879171631444,1.288664906973,-0.170000000000));
#2101=VERTEX_POINT('',#2100);
#2102=CIRCLE('',#1341,1.560000000000);
#2103=EDGE_CURVE('',#2101,#2096,#2102,.T.);
#2104=ORIENTED_EDGE('',*,*,#2103,.F.);
#2105=CARTESIAN_POINT('',(0.964627589799,1.401826884105,-0.170000000000));
#2106=VERTEX_POINT('',#2105);
#2107=LINE('',#1746,#871);
#2108=EDGE_CURVE('',#2101,#2106,#2107,.T.);
#2109=ORIENTED_EDGE('',*,*,#2108,.T.);
#2110=CARTESIAN_POINT('',(1.084330173891,1.311431688648,-0.170000000000));
#2111=VERTEX_POINT('',#2110);
#2112=CARTESIAN_POINT('',(1.024478881845,1.356629286376,-0.170000000000));
#2113=LINE('',#2112,#1271);
#2114=EDGE_CURVE('',#2106,#2111,#2113,.T.);
#2115=ORIENTED_EDGE('',*,*,#2114,.T.);
#2116=CARTESIAN_POINT('',(0.998874215536,1.198269711516,-0.170000000000));
#2117=VERTEX_POINT('',#2116);
#2118=LINE('',#1734,#887);
#2119=EDGE_CURVE('',#2111,#2117,#2118,.T.);
#2120=ORIENTED_EDGE('',*,*,#2119,.T.);
#2121=CARTESIAN_POINT('',(1.100993618998,1.105175574705,-0.170000000000));
#2122=VERTEX_POINT('',#2121);
#2123=CIRCLE('',#1341,1.560000000000);
#2124=EDGE_CURVE('',#2122,#2117,#2123,.T.);
#2125=ORIENTED_EDGE('',*,*,#2124,.F.);
#2126=CARTESIAN_POINT('',(1.205787986002,1.200708262991,-0.170000000000));
#2127=VERTEX_POINT('',#2126);
#2128=LINE('',#1769,#842);
#2129=EDGE_CURVE('',#2122,#2127,#2128,.T.);
#2130=ORIENTED_EDGE('',*,*,#2129,.T.);
#2131=CARTESIAN_POINT('',(1.306842332549,1.089856925408,-0.170000000000));
#2132=VERTEX_POINT('',#2131);
#2133=CARTESIAN_POINT('',(1.256315159275,1.145282594199,-0.170000000000));
#2134=LINE('',#2133,#1248);
#2135=EDGE_CURVE('',#2127,#2132,#2134,.T.);
#2136=ORIENTED_EDGE('',*,*,#2135,.T.);
#2137=CARTESIAN_POINT('',(1.202047965545,0.994324237122,-0.170000000000));
#2138=VERTEX_POINT('',#2137);
#2139=LINE('',#1757,#858);
#2140=EDGE_CURVE('',#2132,#2138,#2139,.T.);
#2141=ORIENTED_EDGE('',*,*,#2140,.T.);
#2142=CARTESIAN_POINT('',(1.285322589354,0.884050813753,-0.170000000000));
#2143=VERTEX_POINT('',#2142);
#2144=CIRCLE('',#1341,1.560000000000);
#2145=EDGE_CURVE('',#2143,#2138,#2144,.T.);
#2146=ORIENTED_EDGE('',*,*,#2145,.F.);
#2147=CARTESIAN_POINT('',(1.405886718525,0.958700962071,-0.170000000000));
#2148=VERTEX_POINT('',#2147);
#2149=LINE('',#1792,#813);
#2150=EDGE_CURVE('',#2143,#2148,#2149,.T.);
#2151=ORIENTED_EDGE('',*,*,#2150,.T.);
#2152=CARTESIAN_POINT('',(1.484851542956,0.831168391712,-0.170000000000));
#2153=VERTEX_POINT('',#2152);
#2154=CARTESIAN_POINT('',(1.445369130740,0.894934676892,-0.170000000000));
#2155=LINE('',#2154,#1225);
#2156=EDGE_CURVE('',#2148,#2153,#2155,.T.);
#2157=ORIENTED_EDGE('',*,*,#2156,.T.);
#2158=CARTESIAN_POINT('',(1.364287413785,0.756518243394,-0.170000000000));
#2159=VERTEX_POINT('',#2158);
#2160=LINE('',#1780,#829);
#2161=EDGE_CURVE('',#2153,#2159,#2160,.T.);
#2162=ORIENTED_EDGE('',*,*,#2161,.T.);
#2163=CARTESIAN_POINT('',(1.425881440503,0.632820762640,-0.170000000000));
#2164=VERTEX_POINT('',#2163);
#2165=CIRCLE('',#1341,1.560000000000);
#2166=EDGE_CURVE('',#2164,#2159,#2165,.T.);
#2167=ORIENTED_EDGE('',*,*,#2166,.F.);
#2168=CARTESIAN_POINT('',(1.558109665023,0.684046249723,-0.170000000000));
#2169=VERTEX_POINT('',#2168);
#2170=LINE('',#1815,#784);
#2171=EDGE_CURVE('',#2164,#2169,#2170,.T.);
#2172=ORIENTED_EDGE('',*,*,#2171,.T.);
#2173=CARTESIAN_POINT('',(1.612295914951,0.544175415313,-0.170000000000));
#2174=VERTEX_POINT('',#2173);
#2175=CARTESIAN_POINT('',(1.585202789987,0.614110832518,-0.170000000000));
#2176=LINE('',#2175,#1202);
#2177=EDGE_CURVE('',#2169,#2174,#2176,.T.);
#2178=ORIENTED_EDGE('',*,*,#2177,.T.);
#2179=CARTESIAN_POINT('',(1.480067690431,0.492949928230,-0.170000000000));
#2180=VERTEX_POINT('',#2179);
#2181=LINE('',#1803,#800);
#2182=EDGE_CURVE('',#2174,#2180,#2181,.T.);
#2183=ORIENTED_EDGE('',*,*,#2182,.T.);
#2184=CARTESIAN_POINT('',(1.517883609353,0.360040759441,-0.170000000000));
#2185=VERTEX_POINT('',#2184);
#2186=CIRCLE('',#1341,1.560000000000);
#2187=EDGE_CURVE('',#2185,#2180,#2186,.T.);
#2188=ORIENTED_EDGE('',*,*,#2187,.F.);
#2189=CARTESIAN_POINT('',(1.657273055626,0.386097162764,-0.170000000000));
#2190=VERTEX_POINT('',#2189);
#2191=LINE('',#1838,#755);
#2192=EDGE_CURVE('',#2185,#2190,#2191,.T.);
#2193=ORIENTED_EDGE('',*,*,#2192,.T.);
#2194=CARTESIAN_POINT('',(1.684835483299,0.238651197812,-0.170000000000));
#2195=VERTEX_POINT('',#2194);
#2196=CARTESIAN_POINT('',(1.671054269463,0.312374180288,-0.170000000000));
#2197=LINE('',#2196,#1179);
#2198=EDGE_CURVE('',#2190,#2195,#2197,.T.);
#2199=ORIENTED_EDGE('',*,*,#2198,.T.);
#2200=CARTESIAN_POINT('',(1.545446037025,0.212594794488,-0.170000000000));
#2201=VERTEX_POINT('',#2200);
#2202=LINE('',#1826,#771);
#2203=EDGE_CURVE('',#2195,#2201,#2202,.T.);
#2204=ORIENTED_EDGE('',*,*,#2203,.T.);
#2205=CARTESIAN_POINT('',(1.558196072386,0.075000000000,-0.170000000000));
#2206=VERTEX_POINT('',#2205);
#2207=CIRCLE('',#1341,1.560000000000);
#2208=EDGE_CURVE('',#2206,#2201,#2207,.T.);
#2209=ORIENTED_EDGE('',*,*,#2208,.F.);
#2210=CARTESIAN_POINT('',(1.700000000000,0.075000000000,-0.170000000000));
#2211=VERTEX_POINT('',#2210);
#2212=LINE('',#1861,#727);
#2213=EDGE_CURVE('',#2206,#2211,#2212,.T.);
#2214=ORIENTED_EDGE('',*,*,#2213,.T.);
#2215=CARTESIAN_POINT('',(1.700000000000,-0.075000000000,-0.170000000000));
#2216=VERTEX_POINT('',#2215);
#2217=CARTESIAN_POINT('',(1.700000000000,0.000000000000,-0.170000000000));
#2218=LINE('',#2217,#1156);
#2219=EDGE_CURVE('',#2211,#2216,#2218,.T.);
#2220=ORIENTED_EDGE('',*,*,#2219,.T.);
#2221=CARTESIAN_POINT('',(1.558196072386,-0.075000000000,-0.170000000000));
#2222=VERTEX_POINT('',#2221);
#2223=LINE('',#1849,#742);
#2224=EDGE_CURVE('',#2216,#2222,#2223,.T.);
#2225=ORIENTED_EDGE('',*,*,#2224,.T.);
#2226=CARTESIAN_POINT('',(1.545446037025,-0.212594794488,-0.170000000000));
#2227=VERTEX_POINT('',#2226);
#2228=CIRCLE('',#1341,1.560000000000);
#2229=EDGE_CURVE('',#2227,#2222,#2228,.T.);
#2230=ORIENTED_EDGE('',*,*,#2229,.F.);
#2231=CARTESIAN_POINT('',(1.684835483299,-0.238651197812,-0.170000000000));
#2232=VERTEX_POINT('',#2231);
#2233=LINE('',#1884,#698);
#2234=EDGE_CURVE('',#2227,#2232,#2233,.T.);
#2235=ORIENTED_EDGE('',*,*,#2234,.T.);
#2236=CARTESIAN_POINT('',(1.657273055626,-0.386097162764,-0.170000000000));
#2237=VERTEX_POINT('',#2236);
#2238=CARTESIAN_POINT('',(1.671054269463,-0.312374180288,-0.170000000000));
#2239=LINE('',#2238,#1133);
#2240=EDGE_CURVE('',#2232,#2237,#2239,.T.);
#2241=ORIENTED_EDGE('',*,*,#2240,.T.);
#2242=CARTESIAN_POINT('',(1.517883609353,-0.360040759441,-0.170000000000));
#2243=VERTEX_POINT('',#2242);
#2244=LINE('',#1872,#714);
#2245=EDGE_CURVE('',#2237,#2243,#2244,.T.);
#2246=ORIENTED_EDGE('',*,*,#2245,.T.);
#2247=CARTESIAN_POINT('',(1.480067690431,-0.492949928230,-0.170000000000));
#2248=VERTEX_POINT('',#2247);
#2249=CIRCLE('',#1341,1.560000000000);
#2250=EDGE_CURVE('',#2248,#2243,#2249,.T.);
#2251=ORIENTED_EDGE('',*,*,#2250,.F.);
#2252=CARTESIAN_POINT('',(1.612295914951,-0.544175415313,-0.170000000000));
#2253=VERTEX_POINT('',#2252);
#2254=LINE('',#1907,#669);
#2255=EDGE_CURVE('',#2248,#2253,#2254,.T.);
#2256=ORIENTED_EDGE('',*,*,#2255,.T.);
#2257=CARTESIAN_POINT('',(1.558109665023,-0.684046249723,-0.170000000000));
#2258=VERTEX_POINT('',#2257);
#2259=CARTESIAN_POINT('',(1.585202789987,-0.614110832518,-0.170000000000));
#2260=LINE('',#2259,#1110);
#2261=EDGE_CURVE('',#2253,#2258,#2260,.T.);
#2262=ORIENTED_EDGE('',*,*,#2261,.T.);
#2263=CARTESIAN_POINT('',(1.425881440503,-0.632820762640,-0.170000000000));
#2264=VERTEX_POINT('',#2263);
#2265=LINE('',#1895,#685);
#2266=EDGE_CURVE('',#2258,#2264,#2265,.T.);
#2267=ORIENTED_EDGE('',*,*,#2266,.T.);
#2268=CARTESIAN_POINT('',(1.364287413785,-0.756518243394,-0.170000000000));
#2269=VERTEX_POINT('',#2268);
#2270=CIRCLE('',#1341,1.560000000000);
#2271=EDGE_CURVE('',#2269,#2264,#2270,.T.);
#2272=ORIENTED_EDGE('',*,*,#2271,.F.);
#2273=CARTESIAN_POINT('',(1.484851542956,-0.831168391712,-0.170000000000));
#2274=VERTEX_POINT('',#2273);
#2275=LINE('',#1930,#640);
#2276=EDGE_CURVE('',#2269,#2274,#2275,.T.);
#2277=ORIENTED_EDGE('',*,*,#2276,.T.);
#2278=CARTESIAN_POINT('',(1.405886718525,-0.958700962071,-0.170000000000));
#2279=VERTEX_POINT('',#2278);
#2280=CARTESIAN_POINT('',(1.445369130740,-0.894934676892,-0.170000000000));
#2281=LINE('',#2280,#1087);
#2282=EDGE_CURVE('',#2274,#2279,#2281,.T.);
#2283=ORIENTED_EDGE('',*,*,#2282,.T.);
#2284=CARTESIAN_POINT('',(1.285322589354,-0.884050813753,-0.170000000000));
#2285=VERTEX_POINT('',#2284);
#2286=LINE('',#1918,#656);
#2287=EDGE_CURVE('',#2279,#2285,#2286,.T.);
#2288=ORIENTED_EDGE('',*,*,#2287,.T.);
#2289=CARTESIAN_POINT('',(1.202047965545,-0.994324237122,-0.170000000000));
#2290=VERTEX_POINT('',#2289);
#2291=CIRCLE('',#1341,1.560000000000);
#2292=EDGE_CURVE('',#2290,#2285,#2291,.T.);
#2293=ORIENTED_EDGE('',*,*,#2292,.F.);
#2294=CARTESIAN_POINT('',(1.306842332549,-1.089856925408,-0.170000000000));
#2295=VERTEX_POINT('',#2294);
#2296=LINE('',#1953,#611);
#2297=EDGE_CURVE('',#2290,#2295,#2296,.T.);
#2298=ORIENTED_EDGE('',*,*,#2297,.T.);
#2299=CARTESIAN_POINT('',(1.205787986002,-1.200708262991,-0.170000000000));
#2300=VERTEX_POINT('',#2299);
#2301=CARTESIAN_POINT('',(1.256315159275,-1.145282594199,-0.170000000000));
#2302=LINE('',#2301,#1064);
#2303=EDGE_CURVE('',#2295,#2300,#2302,.T.);
#2304=ORIENTED_EDGE('',*,*,#2303,.T.);
#2305=CARTESIAN_POINT('',(1.100993618998,-1.105175574705,-0.170000000000));
#2306=VERTEX_POINT('',#2305);
#2307=LINE('',#1941,#627);
#2308=EDGE_CURVE('',#2300,#2306,#2307,.T.);
#2309=ORIENTED_EDGE('',*,*,#2308,.T.);
#2310=CARTESIAN_POINT('',(0.998874215536,-1.198269711516,-0.170000000000));
#2311=VERTEX_POINT('',#2310);
#2312=CIRCLE('',#1341,1.560000000000);
#2313=EDGE_CURVE('',#2311,#2306,#2312,.T.);
#2314=ORIENTED_EDGE('',*,*,#2313,.F.);
#2315=CARTESIAN_POINT('',(1.084330173891,-1.311431688648,-0.170000000000));
#2316=VERTEX_POINT('',#2315);
#2317=LINE('',#1976,#582);
#2318=EDGE_CURVE('',#2311,#2316,#2317,.T.);
#2319=ORIENTED_EDGE('',*,*,#2318,.T.);
#2320=CARTESIAN_POINT('',(0.964627589799,-1.401826884105,-0.170000000000));
#2321=VERTEX_POINT('',#2320);
#2322=CARTESIAN_POINT('',(1.024478881845,-1.356629286376,-0.170000000000));
#2323=LINE('',#2322,#1041);
#2324=EDGE_CURVE('',#2316,#2321,#2323,.T.);
#2325=ORIENTED_EDGE('',*,*,#2324,.T.);
#2326=CARTESIAN_POINT('',(0.879171631444,-1.288664906973,-0.170000000000));
#2327=VERTEX_POINT('',#2326);
#2328=LINE('',#1964,#598);
#2329=EDGE_CURVE('',#2321,#2327,#2328,.T.);
#2330=ORIENTED_EDGE('',*,*,#2329,.T.);
#2331=CARTESIAN_POINT('',(0.761685002135,-1.361409548051,-0.170000000000));
#2332=VERTEX_POINT('',#2331);
#2333=CIRCLE('',#1341,1.560000000000);
#2334=EDGE_CURVE('',#2332,#2327,#2333,.T.);
#2335=ORIENTED_EDGE('',*,*,#2334,.F.);
#2336=CARTESIAN_POINT('',(0.824892451672,-1.488347218620,-0.170000000000));
#2337=VERTEX_POINT('',#2336);
#2338=LINE('',#1999,#553);
#2339=EDGE_CURVE('',#2332,#2337,#2338,.T.);
#2340=ORIENTED_EDGE('',*,*,#2339,.T.);
#2341=CARTESIAN_POINT('',(0.690617957968,-1.555207971987,-0.170000000000));
#2342=VERTEX_POINT('',#2341);
#2343=CARTESIAN_POINT('',(0.757755204820,-1.521777595304,-0.170000000000));
#2344=LINE('',#2343,#1018);
#2345=EDGE_CURVE('',#2337,#2342,#2344,.T.);
#2346=ORIENTED_EDGE('',*,*,#2345,.T.);
#2347=CARTESIAN_POINT('',(0.627410508431,-1.428270301417,-0.170000000000));
#2348=VERTEX_POINT('',#2347);
#2349=LINE('',#1987,#569);
#2350=EDGE_CURVE('',#2342,#2348,#2349,.T.);
#2351=ORIENTED_EDGE('',*,*,#2350,.T.);
#2352=CARTESIAN_POINT('',(0.498557519526,-1.478188215257,-0.170000000000));
#2353=VERTEX_POINT('',#2352);
#2354=CIRCLE('',#1341,1.560000000000);
#2355=EDGE_CURVE('',#2353,#2348,#2354,.T.);
#2356=ORIENTED_EDGE('',*,*,#2355,.F.);
#2357=CARTESIAN_POINT('',(0.537364006360,-1.614578869138,-0.170000000000));
#2358=VERTEX_POINT('',#2357);
#2359=LINE('',#2022,#524);
#2360=EDGE_CURVE('',#2353,#2358,#2359,.T.);
#2361=ORIENTED_EDGE('',*,*,#2360,.T.);
#2362=CARTESIAN_POINT('',(0.393090159885,-1.655628317649,-0.170000000000));
#2363=VERTEX_POINT('',#2362);
#2364=CARTESIAN_POINT('',(0.465227083123,-1.635103593394,-0.170000000000));
#2365=LINE('',#2364,#995);
#2366=EDGE_CURVE('',#2358,#2363,#2365,.T.);
#2367=ORIENTED_EDGE('',*,*,#2366,.T.);
#2368=CARTESIAN_POINT('',(0.354283673050,-1.519237663768,-0.170000000000));
#2369=VERTEX_POINT('',#2368);
#2370=LINE('',#2010,#540);
#2371=EDGE_CURVE('',#2363,#2369,#2370,.T.);
#2372=ORIENTED_EDGE('',*,*,#2371,.T.);
#2373=CARTESIAN_POINT('',(0.218452258543,-1.544628955684,-0.170000000000));
#2374=VERTEX_POINT('',#2373);
#2375=CIRCLE('',#1341,1.560000000000);
#2376=EDGE_CURVE('',#2374,#2369,#2375,.T.);
#2377=ORIENTED_EDGE('',*,*,#2376,.F.);
#2378=CARTESIAN_POINT('',(0.231536274310,-1.685827972742,-0.170000000000));
#2379=VERTEX_POINT('',#2378);
#2380=LINE('',#2045,#495);
#2381=EDGE_CURVE('',#2374,#2379,#2380,.T.);
#2382=ORIENTED_EDGE('',*,*,#2381,.T.);
#2383=CARTESIAN_POINT('',(0.082176147865,-1.699668226661,-0.170000000000));
#2384=VERTEX_POINT('',#2383);
#2385=CARTESIAN_POINT('',(0.156856211088,-1.692748099702,-0.170000000000));
#2386=LINE('',#2385,#972);
#2387=EDGE_CURVE('',#2379,#2384,#2386,.T.);
#2388=ORIENTED_EDGE('',*,*,#2387,.T.);
#2389=CARTESIAN_POINT('',(0.069092132099,-1.558469209603,-0.170000000000));
#2390=VERTEX_POINT('',#2389);
#2391=LINE('',#2033,#511);
#2392=EDGE_CURVE('',#2384,#2390,#2391,.T.);
#2393=ORIENTED_EDGE('',*,*,#2392,.T.);
#2394=CIRCLE('',#1341,1.560000000000);
#2395=EDGE_CURVE('',#45,#2390,#2394,.T.);
#2396=ORIENTED_EDGE('',*,*,#2395,.F.);
#2397=ORIENTED_EDGE('',*,*,#50,.F.);
#2398=EDGE_LOOP('',(#1679,#1680,#1685,#1691,#1697,#1703,#1708,#1714,#1720,#1726,#1731,#1737,#1743,#1749,#1754,#1760,#1766,#1772,#1777,#1783,#1789,#1795,#1800,#1806,#1812,#1818,#1823,#1829,#1835,#1841,#1846,#1852,#1858,#1864,#1869,#1875,#1881,#1887,#1892,#1898,#1904,#1910,#1915,#1921,#1927,#1933,#1938,#1944,#1950,#1956,#1961,#1967,#1973,#1979,#1984,#1990,#1996,#2002,#2007,#2013,#2019,#2025,#2030,#2036,#2042,#2048,#2051,#2052,#2056,#2057,#2062,#2067,#2073,#2078,#2083,#2088,#2094,#2099,#2104,#2109,#2115,#2120,#2125,#2130,#2136,#2141,#2146,#2151,#2157,#2162,#2167,#2172,#2178,#2183,#2188,#2193,#2199,#2204,#2209,#2214,#2220,#2225,#2230,#2235,#2241,#2246,#2251,#2256,#2262,#2267,#2272,#2277,#2283,#2288,#2293,#2298,#2304,#2309,#2314,#2319,#2325,#2330,#2335,#2340,#2346,#2351,#2356,#2361,#2367,#2372,#2377,#2382,#2388,#2393,#2396,#2397));
#2399=FACE_BOUND('',#1678,.T.);
#2400=FACE_OUTER_BOUND('',#2398,.T.);
#2401=ADVANCED_FACE('',(#2399,#2400),#1336,.T.);
#2402=CARTESIAN_POINT('',(-1.700000000000,0.000000000000,0.000000000000));
#2403=AXIS2_PLACEMENT_3D('',#2402,#741,#140);
#2404=PLANE('',#2403);
#2405=ORIENTED_EDGE('',*,*,#1158,.F.);
#2406=CARTESIAN_POINT('',(-1.700000000000,0.075000000000,0.000000000000));
#2407=LINE('',#2406,#27);
#2408=EDGE_CURVE('',#1148,#1854,#2407,.T.);
#2409=ORIENTED_EDGE('',*,*,#2408,.T.);
#2410=ORIENTED_EDGE('',*,*,#1857,.F.);
#2411=CARTESIAN_POINT('',(-1.700000000000,-0.075000000000,0.000000000000));
#2412=LINE('',#2411,#12);
#2413=EDGE_CURVE('',#1848,#1153,#2412,.T.);
#2414=ORIENTED_EDGE('',*,*,#2413,.T.);
#2415=EDGE_LOOP('',(#2405,#2409,#2410,#2414));
#2416=FACE_OUTER_BOUND('',#2415,.T.);
#2417=ADVANCED_FACE('',(#2416),#2404,.T.);
#2418=CARTESIAN_POINT('',(0.000000000000,-0.075000000000,0.000000000000));
#2419=AXIS2_PLACEMENT_3D('',#2418,#1155,#741);
#2420=PLANE('',#2419);
#2421=ORIENTED_EDGE('',*,*,#729,.F.);
#2422=CARTESIAN_POINT('',(1.558196072386,-0.075000000000,0.000000000000));
#2423=LINE('',#2422,#12);
#2424=EDGE_CURVE('',#2222,#719,#2423,.T.);
#2425=ORIENTED_EDGE('',*,*,#2424,.F.);
#2426=ORIENTED_EDGE('',*,*,#2224,.F.);
#2427=CARTESIAN_POINT('',(1.700000000000,-0.075000000000,0.000000000000));
#2428=LINE('',#2427,#12);
#2429=EDGE_CURVE('',#2216,#724,#2428,.T.);
#2430=ORIENTED_EDGE('',*,*,#2429,.T.);
#2431=EDGE_LOOP('',(#2421,#2425,#2426,#2430));
#2432=ORIENTED_EDGE('',*,*,#1163,.F.);
#2433=ORIENTED_EDGE('',*,*,#2413,.F.);
#2434=ORIENTED_EDGE('',*,*,#1851,.F.);
#2435=CARTESIAN_POINT('',(-1.558196072386,-0.075000000000,0.000000000000));
#2436=LINE('',#2435,#12);
#2437=EDGE_CURVE('',#1843,#1161,#2436,.T.);
#2438=ORIENTED_EDGE('',*,*,#2437,.T.);
#2439=EDGE_LOOP('',(#2432,#2433,#2434,#2438));
#2440=FACE_OUTER_BOUND('',#2431,.T.);
#2441=ADVANCED_FACE('',(#2440),#2420,.T.);
#2442=FACE_OUTER_BOUND('',#2439,.T.);
#2443=ADVANCED_FACE('',(#2442),#2420,.T.);
#2444=CARTESIAN_POINT('',(0.000000000000,0.075000000000,0.000000000000));
#2445=AXIS2_PLACEMENT_3D('',#2444,#140,#726);
#2446=PLANE('',#2445);
#2447=ORIENTED_EDGE('',*,*,#744,.F.);
#2448=CARTESIAN_POINT('',(1.700000000000,0.075000000000,0.000000000000));
#2449=LINE('',#2448,#27);
#2450=EDGE_CURVE('',#732,#2211,#2449,.T.);
#2451=ORIENTED_EDGE('',*,*,#2450,.T.);
#2452=ORIENTED_EDGE('',*,*,#2213,.F.);
#2453=CARTESIAN_POINT('',(1.558196072386,0.075000000000,0.000000000000));
#2454=LINE('',#2453,#12);
#2455=EDGE_CURVE('',#2206,#739,#2454,.T.);
#2456=ORIENTED_EDGE('',*,*,#2455,.T.);
#2457=EDGE_LOOP('',(#2447,#2451,#2452,#2456));
#2458=ORIENTED_EDGE('',*,*,#1150,.F.);
#2459=CARTESIAN_POINT('',(-1.558196072386,0.075000000000,0.000000000000));
#2460=LINE('',#2459,#12);
#2461=EDGE_CURVE('',#1860,#1143,#2460,.T.);
#2462=ORIENTED_EDGE('',*,*,#2461,.F.);
#2463=ORIENTED_EDGE('',*,*,#1863,.F.);
#2464=ORIENTED_EDGE('',*,*,#2408,.F.);
#2465=EDGE_LOOP('',(#2458,#2462,#2463,#2464));
#2466=FACE_OUTER_BOUND('',#2457,.T.);
#2467=ADVANCED_FACE('',(#2466),#2446,.T.);
#2468=FACE_OUTER_BOUND('',#2465,.T.);
#2469=ADVANCED_FACE('',(#2468),#2446,.T.);
#2470=CARTESIAN_POINT('',(-0.465227083123,1.635103593394,0.000000000000));
#2471=AXIS2_PLACEMENT_3D('',#2470,#539,#531);
#2472=PLANE('',#2471);
#2473=ORIENTED_EDGE('',*,*,#997,.F.);
#2474=CARTESIAN_POINT('',(-0.393090159885,1.655628317649,0.000000000000));
#2475=LINE('',#2474,#27);
#2476=EDGE_CURVE('',#987,#2015,#2475,.T.);
#2477=ORIENTED_EDGE('',*,*,#2476,.T.);
#2478=ORIENTED_EDGE('',*,*,#2018,.F.);
#2479=CARTESIAN_POINT('',(-0.537364006360,1.614578869138,0.000000000000));
#2480=LINE('',#2479,#12);
#2481=EDGE_CURVE('',#2009,#992,#2480,.T.);
#2482=ORIENTED_EDGE('',*,*,#2481,.T.);
#2483=EDGE_LOOP('',(#2473,#2477,#2478,#2482));
#2484=FACE_OUTER_BOUND('',#2483,.T.);
#2485=ADVANCED_FACE('',(#2484),#2472,.T.);
#2486=CARTESIAN_POINT('',(-0.072136923238,-0.020524724255,0.000000000000));
#2487=AXIS2_PLACEMENT_3D('',#2486,#994,#539);
#2488=PLANE('',#2487);
#2489=ORIENTED_EDGE('',*,*,#526,.F.);
#2490=CARTESIAN_POINT('',(0.354283673050,-1.519237663768,0.000000000000));
#2491=LINE('',#2490,#12);
#2492=EDGE_CURVE('',#2369,#516,#2491,.T.);
#2493=ORIENTED_EDGE('',*,*,#2492,.F.);
#2494=ORIENTED_EDGE('',*,*,#2371,.F.);
#2495=CARTESIAN_POINT('',(0.393090159885,-1.655628317649,0.000000000000));
#2496=LINE('',#2495,#12);
#2497=EDGE_CURVE('',#2363,#521,#2496,.T.);
#2498=ORIENTED_EDGE('',*,*,#2497,.T.);
#2499=EDGE_LOOP('',(#2489,#2493,#2494,#2498));
#2500=ORIENTED_EDGE('',*,*,#1002,.F.);
#2501=ORIENTED_EDGE('',*,*,#2481,.F.);
#2502=ORIENTED_EDGE('',*,*,#2012,.F.);
#2503=CARTESIAN_POINT('',(-0.498557519526,1.478188215257,0.000000000000));
#2504=LINE('',#2503,#12);
#2505=EDGE_CURVE('',#2004,#1000,#2504,.T.);
#2506=ORIENTED_EDGE('',*,*,#2505,.T.);
#2507=EDGE_LOOP('',(#2500,#2501,#2502,#2506));
#2508=FACE_OUTER_BOUND('',#2499,.T.);
#2509=ADVANCED_FACE('',(#2508),#2488,.T.);
#2510=FACE_OUTER_BOUND('',#2507,.T.);
#2511=ADVANCED_FACE('',(#2510),#2488,.T.);
#2512=CARTESIAN_POINT('',(0.072136923238,0.020524724255,0.000000000000));
#2513=AXIS2_PLACEMENT_3D('',#2512,#531,#523);
#2514=PLANE('',#2513);
#2515=ORIENTED_EDGE('',*,*,#989,.F.);
#2516=CARTESIAN_POINT('',(-0.354283673050,1.519237663768,0.000000000000));
#2517=LINE('',#2516,#12);
#2518=EDGE_CURVE('',#2021,#982,#2517,.T.);
#2519=ORIENTED_EDGE('',*,*,#2518,.F.);
#2520=ORIENTED_EDGE('',*,*,#2024,.F.);
#2521=ORIENTED_EDGE('',*,*,#2476,.F.);
#2522=EDGE_LOOP('',(#2515,#2519,#2520,#2521));
#2523=ORIENTED_EDGE('',*,*,#542,.F.);
#2524=CARTESIAN_POINT('',(0.537364006360,-1.614578869138,0.000000000000));
#2525=LINE('',#2524,#27);
#2526=EDGE_CURVE('',#529,#2358,#2525,.T.);
#2527=ORIENTED_EDGE('',*,*,#2526,.T.);
#2528=ORIENTED_EDGE('',*,*,#2360,.F.);
#2529=CARTESIAN_POINT('',(0.498557519526,-1.478188215257,0.000000000000));
#2530=LINE('',#2529,#12);
#2531=EDGE_CURVE('',#2353,#537,#2530,.T.);
#2532=ORIENTED_EDGE('',*,*,#2531,.T.);
#2533=EDGE_LOOP('',(#2523,#2527,#2528,#2532));
#2534=FACE_OUTER_BOUND('',#2522,.T.);
#2535=ADVANCED_FACE('',(#2534),#2514,.T.);
#2536=FACE_OUTER_BOUND('',#2533,.T.);
#2537=ADVANCED_FACE('',(#2536),#2514,.T.);
#2538=CARTESIAN_POINT('',(-1.256315159275,-1.145282594199,0.000000000000));
#2539=AXIS2_PLACEMENT_3D('',#2538,#857,#849);
#2540=PLANE('',#2539);
#2541=ORIENTED_EDGE('',*,*,#1250,.F.);
#2542=CARTESIAN_POINT('',(-1.306842332549,-1.089856925408,0.000000000000));
#2543=LINE('',#2542,#27);
#2544=EDGE_CURVE('',#1240,#1762,#2543,.T.);
#2545=ORIENTED_EDGE('',*,*,#2544,.T.);
#2546=ORIENTED_EDGE('',*,*,#1765,.F.);
#2547=CARTESIAN_POINT('',(-1.205787986002,-1.200708262991,0.000000000000));
#2548=LINE('',#2547,#12);
#2549=EDGE_CURVE('',#1756,#1245,#2548,.T.);
#2550=ORIENTED_EDGE('',*,*,#2549,.T.);
#2551=EDGE_LOOP('',(#2541,#2545,#2546,#2550));
#2552=FACE_OUTER_BOUND('',#2551,.T.);
#2553=ADVANCED_FACE('',(#2552),#2540,.T.);
#2554=CARTESIAN_POINT('',(0.050527173273,-0.055425668792,0.000000000000));
#2555=AXIS2_PLACEMENT_3D('',#2554,#1247,#857);
#2556=PLANE('',#2555);
#2557=ORIENTED_EDGE('',*,*,#844,.F.);
#2558=CARTESIAN_POINT('',(1.202047965545,0.994324237122,0.000000000000));
#2559=LINE('',#2558,#12);
#2560=EDGE_CURVE('',#2138,#834,#2559,.T.);
#2561=ORIENTED_EDGE('',*,*,#2560,.F.);
#2562=ORIENTED_EDGE('',*,*,#2140,.F.);
#2563=CARTESIAN_POINT('',(1.306842332549,1.089856925408,0.000000000000));
#2564=LINE('',#2563,#12);
#2565=EDGE_CURVE('',#2132,#839,#2564,.T.);
#2566=ORIENTED_EDGE('',*,*,#2565,.T.);
#2567=EDGE_LOOP('',(#2557,#2561,#2562,#2566));
#2568=ORIENTED_EDGE('',*,*,#1255,.F.);
#2569=ORIENTED_EDGE('',*,*,#2549,.F.);
#2570=ORIENTED_EDGE('',*,*,#1759,.F.);
#2571=CARTESIAN_POINT('',(-1.100993618998,-1.105175574705,0.000000000000));
#2572=LINE('',#2571,#12);
#2573=EDGE_CURVE('',#1751,#1253,#2572,.T.);
#2574=ORIENTED_EDGE('',*,*,#2573,.T.);
#2575=EDGE_LOOP('',(#2568,#2569,#2570,#2574));
#2576=FACE_OUTER_BOUND('',#2567,.T.);
#2577=ADVANCED_FACE('',(#2576),#2556,.T.);
#2578=FACE_OUTER_BOUND('',#2575,.T.);
#2579=ADVANCED_FACE('',(#2578),#2556,.T.);
#2580=CARTESIAN_POINT('',(-0.050527173273,0.055425668792,0.000000000000));
#2581=AXIS2_PLACEMENT_3D('',#2580,#849,#841);
#2582=PLANE('',#2581);
#2583=ORIENTED_EDGE('',*,*,#1242,.F.);
#2584=CARTESIAN_POINT('',(-1.202047965545,-0.994324237122,0.000000000000));
#2585=LINE('',#2584,#12);
#2586=EDGE_CURVE('',#1768,#1235,#2585,.T.);
#2587=ORIENTED_EDGE('',*,*,#2586,.F.);
#2588=ORIENTED_EDGE('',*,*,#1771,.F.);
#2589=ORIENTED_EDGE('',*,*,#2544,.F.);
#2590=EDGE_LOOP('',(#2583,#2587,#2588,#2589));
#2591=ORIENTED_EDGE('',*,*,#860,.F.);
#2592=CARTESIAN_POINT('',(1.205787986002,1.200708262991,0.000000000000));
#2593=LINE('',#2592,#27);
#2594=EDGE_CURVE('',#847,#2127,#2593,.T.);
#2595=ORIENTED_EDGE('',*,*,#2594,.T.);
#2596=ORIENTED_EDGE('',*,*,#2129,.F.);
#2597=CARTESIAN_POINT('',(1.100993618998,1.105175574705,0.000000000000));
#2598=LINE('',#2597,#12);
#2599=EDGE_CURVE('',#2122,#855,#2598,.T.);
#2600=ORIENTED_EDGE('',*,*,#2599,.T.);
#2601=EDGE_LOOP('',(#2591,#2595,#2596,#2600));
#2602=FACE_OUTER_BOUND('',#2590,.T.);
#2603=ADVANCED_FACE('',(#2602),#2582,.T.);
#2604=FACE_OUTER_BOUND('',#2601,.T.);
#2605=ADVANCED_FACE('',(#2604),#2582,.T.);
#2606=CARTESIAN_POINT('',(1.585202789987,0.614110832518,0.000000000000));
#2607=AXIS2_PLACEMENT_3D('',#2606,#783,#1201);
#2608=PLANE('',#2607);
#2609=ORIENTED_EDGE('',*,*,#794,.F.);
#2610=CARTESIAN_POINT('',(1.612295914951,0.544175415313,0.000000000000));
#2611=LINE('',#2610,#27);
#2612=EDGE_CURVE('',#781,#2174,#2611,.T.);
#2613=ORIENTED_EDGE('',*,*,#2612,.T.);
#2614=ORIENTED_EDGE('',*,*,#2177,.F.);
#2615=CARTESIAN_POINT('',(1.558109665023,0.684046249723,0.000000000000));
#2616=LINE('',#2615,#12);
#2617=EDGE_CURVE('',#2169,#789,#2616,.T.);
#2618=ORIENTED_EDGE('',*,*,#2617,.T.);
#2619=EDGE_LOOP('',(#2609,#2613,#2614,#2618));
#2620=FACE_OUTER_BOUND('',#2619,.T.);
#2621=ADVANCED_FACE('',(#2620),#2608,.T.);
#2622=CARTESIAN_POINT('',(-0.027093124964,0.069935417205,0.000000000000));
#2623=AXIS2_PLACEMENT_3D('',#2622,#791,#783);
#2624=PLANE('',#2623);
#2625=ORIENTED_EDGE('',*,*,#1196,.F.);
#2626=CARTESIAN_POINT('',(-1.480067690431,-0.492949928230,0.000000000000));
#2627=LINE('',#2626,#12);
#2628=EDGE_CURVE('',#1814,#1189,#2627,.T.);
#2629=ORIENTED_EDGE('',*,*,#2628,.F.);
#2630=ORIENTED_EDGE('',*,*,#1817,.F.);
#2631=CARTESIAN_POINT('',(-1.612295914951,-0.544175415313,0.000000000000));
#2632=LINE('',#2631,#12);
#2633=EDGE_CURVE('',#1808,#1194,#2632,.T.);
#2634=ORIENTED_EDGE('',*,*,#2633,.T.);
#2635=EDGE_LOOP('',(#2625,#2629,#2630,#2634));
#2636=ORIENTED_EDGE('',*,*,#802,.F.);
#2637=ORIENTED_EDGE('',*,*,#2617,.F.);
#2638=ORIENTED_EDGE('',*,*,#2171,.F.);
#2639=CARTESIAN_POINT('',(1.425881440503,0.632820762640,0.000000000000));
#2640=LINE('',#2639,#12);
#2641=EDGE_CURVE('',#2164,#797,#2640,.T.);
#2642=ORIENTED_EDGE('',*,*,#2641,.T.);
#2643=EDGE_LOOP('',(#2636,#2637,#2638,#2642));
#2644=FACE_OUTER_BOUND('',#2635,.T.);
#2645=ADVANCED_FACE('',(#2644),#2624,.T.);
#2646=FACE_OUTER_BOUND('',#2643,.T.);
#2647=ADVANCED_FACE('',(#2646),#2624,.T.);
#2648=CARTESIAN_POINT('',(0.027093124964,-0.069935417205,0.000000000000));
#2649=AXIS2_PLACEMENT_3D('',#2648,#1201,#799);
#2650=PLANE('',#2649);
#2651=ORIENTED_EDGE('',*,*,#1209,.F.);
#2652=CARTESIAN_POINT('',(-1.558109665023,-0.684046249723,0.000000000000));
#2653=LINE('',#2652,#27);
#2654=EDGE_CURVE('',#1199,#1802,#2653,.T.);
#2655=ORIENTED_EDGE('',*,*,#2654,.T.);
#2656=ORIENTED_EDGE('',*,*,#1805,.F.);
#2657=CARTESIAN_POINT('',(-1.425881440503,-0.632820762640,0.000000000000));
#2658=LINE('',#2657,#12);
#2659=EDGE_CURVE('',#1797,#1207,#2658,.T.);
#2660=ORIENTED_EDGE('',*,*,#2659,.T.);
#2661=EDGE_LOOP('',(#2651,#2655,#2656,#2660));
#2662=ORIENTED_EDGE('',*,*,#786,.F.);
#2663=CARTESIAN_POINT('',(1.480067690431,0.492949928230,0.000000000000));
#2664=LINE('',#2663,#12);
#2665=EDGE_CURVE('',#2180,#776,#2664,.T.);
#2666=ORIENTED_EDGE('',*,*,#2665,.F.);
#2667=ORIENTED_EDGE('',*,*,#2182,.F.);
#2668=ORIENTED_EDGE('',*,*,#2612,.F.);
#2669=EDGE_LOOP('',(#2662,#2666,#2667,#2668));
#2670=FACE_OUTER_BOUND('',#2661,.T.);
#2671=ADVANCED_FACE('',(#2670),#2650,.T.);
#2672=FACE_OUTER_BOUND('',#2669,.T.);
#2673=ADVANCED_FACE('',(#2672),#2650,.T.);
#2674=CARTESIAN_POINT('',(1.024478881845,1.356629286376,0.000000000000));
#2675=AXIS2_PLACEMENT_3D('',#2674,#870,#1270);
#2676=PLANE('',#2675);
#2677=ORIENTED_EDGE('',*,*,#881,.F.);
#2678=CARTESIAN_POINT('',(1.084330173891,1.311431688648,0.000000000000));
#2679=LINE('',#2678,#27);
#2680=EDGE_CURVE('',#868,#2111,#2679,.T.);
#2681=ORIENTED_EDGE('',*,*,#2680,.T.);
#2682=ORIENTED_EDGE('',*,*,#2114,.F.);
#2683=CARTESIAN_POINT('',(0.964627589799,1.401826884105,0.000000000000));
#2684=LINE('',#2683,#12);
#2685=EDGE_CURVE('',#2106,#876,#2684,.T.);
#2686=ORIENTED_EDGE('',*,*,#2685,.T.);
#2687=EDGE_LOOP('',(#2677,#2681,#2682,#2686));
#2688=FACE_OUTER_BOUND('',#2687,.T.);
#2689=ADVANCED_FACE('',(#2688),#2676,.T.);
#2690=CARTESIAN_POINT('',(-0.059851292046,0.045197597728,0.000000000000));
#2691=AXIS2_PLACEMENT_3D('',#2690,#878,#870);
#2692=PLANE('',#2691);
#2693=ORIENTED_EDGE('',*,*,#889,.F.);
#2694=ORIENTED_EDGE('',*,*,#2685,.F.);
#2695=ORIENTED_EDGE('',*,*,#2108,.F.);
#2696=CARTESIAN_POINT('',(0.879171631444,1.288664906973,0.000000000000));
#2697=LINE('',#2696,#12);
#2698=EDGE_CURVE('',#2101,#884,#2697,.T.);
#2699=ORIENTED_EDGE('',*,*,#2698,.T.);
#2700=EDGE_LOOP('',(#2693,#2694,#2695,#2699));
#2701=ORIENTED_EDGE('',*,*,#1265,.F.);
#2702=CARTESIAN_POINT('',(-0.998874215536,-1.198269711516,0.000000000000));
#2703=LINE('',#2702,#12);
#2704=EDGE_CURVE('',#1745,#1258,#2703,.T.);
#2705=ORIENTED_EDGE('',*,*,#2704,.F.);
#2706=ORIENTED_EDGE('',*,*,#1748,.F.);
#2707=CARTESIAN_POINT('',(-1.084330173891,-1.311431688648,0.000000000000));
#2708=LINE('',#2707,#12);
#2709=EDGE_CURVE('',#1739,#1263,#2708,.T.);
#2710=ORIENTED_EDGE('',*,*,#2709,.T.);
#2711=EDGE_LOOP('',(#2701,#2705,#2706,#2710));
#2712=FACE_OUTER_BOUND('',#2700,.T.);
#2713=ADVANCED_FACE('',(#2712),#2692,.T.);
#2714=FACE_OUTER_BOUND('',#2711,.T.);
#2715=ADVANCED_FACE('',(#2714),#2692,.T.);
#2716=CARTESIAN_POINT('',(0.059851292046,-0.045197597728,0.000000000000));
#2717=AXIS2_PLACEMENT_3D('',#2716,#1270,#886);
#2718=PLANE('',#2717);
#2719=ORIENTED_EDGE('',*,*,#873,.F.);
#2720=CARTESIAN_POINT('',(0.998874215536,1.198269711516,0.000000000000));
#2721=LINE('',#2720,#12);
#2722=EDGE_CURVE('',#2117,#863,#2721,.T.);
#2723=ORIENTED_EDGE('',*,*,#2722,.F.);
#2724=ORIENTED_EDGE('',*,*,#2119,.F.);
#2725=ORIENTED_EDGE('',*,*,#2680,.F.);
#2726=EDGE_LOOP('',(#2719,#2723,#2724,#2725));
#2727=ORIENTED_EDGE('',*,*,#1278,.F.);
#2728=CARTESIAN_POINT('',(-0.964627589799,-1.401826884105,0.000000000000));
#2729=LINE('',#2728,#27);
#2730=EDGE_CURVE('',#1268,#1733,#2729,.T.);
#2731=ORIENTED_EDGE('',*,*,#2730,.T.);
#2732=ORIENTED_EDGE('',*,*,#1736,.F.);
#2733=CARTESIAN_POINT('',(-0.879171631444,-1.288664906973,0.000000000000));
#2734=LINE('',#2733,#12);
#2735=EDGE_CURVE('',#1728,#1276,#2734,.T.);
#2736=ORIENTED_EDGE('',*,*,#2735,.T.);
#2737=EDGE_LOOP('',(#2727,#2731,#2732,#2736));
#2738=FACE_OUTER_BOUND('',#2726,.T.);
#2739=ADVANCED_FACE('',(#2738),#2718,.T.);
#2740=FACE_OUTER_BOUND('',#2737,.T.);
#2741=ADVANCED_FACE('',(#2740),#2718,.T.);
#2742=CARTESIAN_POINT('',(0.000000000000,0.000000000000,0.000000000000));
#2743=AXIS2_PLACEMENT_3D('',#2742,#11,#140);
#2744=CYLINDRICAL_SURFACE('',#2743,1.560000000000);
#2745=ORIENTED_EDGE('',*,*,#1122,.F.);
#2746=CARTESIAN_POINT('',(-1.480067690431,0.492949928230,0.000000000000));
#2747=LINE('',#2746,#12);
#2748=EDGE_CURVE('',#1889,#1115,#2747,.T.);
#2749=ORIENTED_EDGE('',*,*,#2748,.F.);
#2750=ORIENTED_EDGE('',*,*,#1891,.T.);
#2751=CARTESIAN_POINT('',(-1.517883609353,0.360040759441,0.000000000000));
#2752=LINE('',#2751,#12);
#2753=EDGE_CURVE('',#1883,#1120,#2752,.T.);
#2754=ORIENTED_EDGE('',*,*,#2753,.T.);
#2755=EDGE_LOOP('',(#2745,#2749,#2750,#2754));
#2756=ORIENTED_EDGE('',*,*,#1145,.F.);
#2757=CARTESIAN_POINT('',(-1.545446037025,0.212594794488,0.000000000000));
#2758=LINE('',#2757,#12);
#2759=EDGE_CURVE('',#1866,#1138,#2758,.T.);
#2760=ORIENTED_EDGE('',*,*,#2759,.F.);
#2761=ORIENTED_EDGE('',*,*,#1868,.T.);
#2762=ORIENTED_EDGE('',*,*,#2461,.T.);
#2763=EDGE_LOOP('',(#2756,#2760,#2761,#2762));
#2764=ORIENTED_EDGE('',*,*,#1168,.F.);
#2765=ORIENTED_EDGE('',*,*,#2437,.F.);
#2766=ORIENTED_EDGE('',*,*,#1845,.T.);
#2767=CARTESIAN_POINT('',(-1.545446037025,-0.212594794488,0.000000000000));
#2768=LINE('',#2767,#12);
#2769=EDGE_CURVE('',#1837,#1166,#2768,.T.);
#2770=ORIENTED_EDGE('',*,*,#2769,.T.);
#2771=EDGE_LOOP('',(#2764,#2765,#2766,#2770));
#2772=ORIENTED_EDGE('',*,*,#75,.T.);
#2773=ORIENTED_EDGE('',*,*,#950,.F.);
#2774=CARTESIAN_POINT('',(0.354283673050,1.519237663768,0.000000000000));
#2775=LINE('',#2774,#12);
#2776=EDGE_CURVE('',#2059,#942,#2775,.T.);
#2777=ORIENTED_EDGE('',*,*,#2776,.F.);
#2778=ORIENTED_EDGE('',*,*,#2061,.T.);
#2779=EDGE_LOOP('',(#2772,#2773,#2777,#2778));
#2780=ORIENTED_EDGE('',*,*,#778,.F.);
#2781=CARTESIAN_POINT('',(1.517883609353,0.360040759441,0.000000000000));
#2782=LINE('',#2781,#12);
#2783=EDGE_CURVE('',#2185,#768,#2782,.T.);
#2784=ORIENTED_EDGE('',*,*,#2783,.F.);
#2785=ORIENTED_EDGE('',*,*,#2187,.T.);
#2786=ORIENTED_EDGE('',*,*,#2665,.T.);
#2787=EDGE_LOOP('',(#2780,#2784,#2785,#2786));
#2788=ORIENTED_EDGE('',*,*,#1214,.F.);
#2789=ORIENTED_EDGE('',*,*,#2659,.F.);
#2790=ORIENTED_EDGE('',*,*,#1799,.T.);
#2791=CARTESIAN_POINT('',(-1.364287413785,-0.756518243394,0.000000000000));
#2792=LINE('',#2791,#12);
#2793=EDGE_CURVE('',#1791,#1212,#2792,.T.);
#2794=ORIENTED_EDGE('',*,*,#2793,.T.);
#2795=EDGE_LOOP('',(#2788,#2789,#2790,#2794));
#2796=ORIENTED_EDGE('',*,*,#1306,.F.);
#2797=CARTESIAN_POINT('',(-0.627410508431,-1.428270301417,0.000000000000));
#2798=LINE('',#2797,#12);
#2799=EDGE_CURVE('',#1705,#1299,#2798,.T.);
#2800=ORIENTED_EDGE('',*,*,#2799,.F.);
#2801=ORIENTED_EDGE('',*,*,#1707,.T.);
#2802=CARTESIAN_POINT('',(-0.498557519526,-1.478188215257,0.000000000000));
#2803=LINE('',#2802,#12);
#2804=EDGE_CURVE('',#1699,#1304,#2803,.T.);
#2805=ORIENTED_EDGE('',*,*,#2804,.T.);
#2806=EDGE_LOOP('',(#2796,#2800,#2801,#2805));
#2807=ORIENTED_EDGE('',*,*,#1007,.F.);
#2808=ORIENTED_EDGE('',*,*,#2505,.F.);
#2809=ORIENTED_EDGE('',*,*,#2006,.T.);
#2810=CARTESIAN_POINT('',(-0.627410508431,1.428270301417,0.000000000000));
#2811=LINE('',#2810,#12);
#2812=EDGE_CURVE('',#1998,#1005,#2811,.T.);
#2813=ORIENTED_EDGE('',*,*,#2812,.T.);
#2814=EDGE_LOOP('',(#2807,#2808,#2809,#2813));
#2815=ORIENTED_EDGE('',*,*,#1260,.F.);
#2816=ORIENTED_EDGE('',*,*,#2573,.F.);
#2817=ORIENTED_EDGE('',*,*,#1753,.T.);
#2818=ORIENTED_EDGE('',*,*,#2704,.T.);
#2819=EDGE_LOOP('',(#2815,#2816,#2817,#2818));
#2820=ORIENTED_EDGE('',*,*,#605,.F.);
#2821=CARTESIAN_POINT('',(0.998874215536,-1.198269711516,0.000000000000));
#2822=LINE('',#2821,#12);
#2823=EDGE_CURVE('',#2311,#595,#2822,.T.);
#2824=ORIENTED_EDGE('',*,*,#2823,.F.);
#2825=ORIENTED_EDGE('',*,*,#2313,.T.);
#2826=CARTESIAN_POINT('',(1.100993618998,-1.105175574705,0.000000000000));
#2827=LINE('',#2826,#12);
#2828=EDGE_CURVE('',#2306,#603,#2827,.T.);
#2829=ORIENTED_EDGE('',*,*,#2828,.T.);
#2830=EDGE_LOOP('',(#2820,#2824,#2825,#2829));
#2831=ORIENTED_EDGE('',*,*,#1076,.F.);
#2832=CARTESIAN_POINT('',(-1.202047965545,0.994324237122,0.000000000000));
#2833=LINE('',#2832,#12);
#2834=EDGE_CURVE('',#1935,#1069,#2833,.T.);
#2835=ORIENTED_EDGE('',*,*,#2834,.F.);
#2836=ORIENTED_EDGE('',*,*,#1937,.T.);
#2837=CARTESIAN_POINT('',(-1.285322589354,0.884050813753,0.000000000000));
#2838=LINE('',#2837,#12);
#2839=EDGE_CURVE('',#1929,#1074,#2838,.T.);
#2840=ORIENTED_EDGE('',*,*,#2839,.T.);
#2841=EDGE_LOOP('',(#2831,#2835,#2836,#2840));
#2842=ORIENTED_EDGE('',*,*,#721,.F.);
#2843=CARTESIAN_POINT('',(1.545446037025,-0.212594794488,0.000000000000));
#2844=LINE('',#2843,#12);
#2845=EDGE_CURVE('',#2227,#711,#2844,.T.);
#2846=ORIENTED_EDGE('',*,*,#2845,.F.);
#2847=ORIENTED_EDGE('',*,*,#2229,.T.);
#2848=ORIENTED_EDGE('',*,*,#2424,.T.);
#2849=EDGE_LOOP('',(#2842,#2846,#2847,#2848));
#2850=ORIENTED_EDGE('',*,*,#923,.F.);
#2851=CARTESIAN_POINT('',(0.627410508431,1.428270301417,0.000000000000));
#2852=LINE('',#2851,#12);
#2853=EDGE_CURVE('',#2080,#913,#2852,.T.);
#2854=ORIENTED_EDGE('',*,*,#2853,.F.);
#2855=ORIENTED_EDGE('',*,*,#2082,.T.);
#2856=CARTESIAN_POINT('',(0.498557519526,1.478188215257,0.000000000000));
#2857=LINE('',#2856,#12);
#2858=EDGE_CURVE('',#2075,#921,#2857,.T.);
#2859=ORIENTED_EDGE('',*,*,#2858,.T.);
#2860=EDGE_LOOP('',(#2850,#2854,#2855,#2859));
#2861=ORIENTED_EDGE('',*,*,#865,.F.);
#2862=ORIENTED_EDGE('',*,*,#2599,.F.);
#2863=ORIENTED_EDGE('',*,*,#2124,.T.);
#2864=ORIENTED_EDGE('',*,*,#2722,.T.);
#2865=EDGE_LOOP('',(#2861,#2862,#2863,#2864));
#2866=ORIENTED_EDGE('',*,*,#132,.F.);
#2867=ORIENTED_EDGE('',*,*,#2050,.T.);
#2868=CARTESIAN_POINT('',(-0.069092132099,1.558469209603,0.000000000000));
#2869=LINE('',#2868,#12);
#2870=EDGE_CURVE('',#2044,#959,#2869,.T.);
#2871=ORIENTED_EDGE('',*,*,#2870,.T.);
#2872=ORIENTED_EDGE('',*,*,#961,.F.);
#2873=EDGE_LOOP('',(#2866,#2867,#2871,#2872));
#2874=ORIENTED_EDGE('',*,*,#749,.F.);
#2875=ORIENTED_EDGE('',*,*,#2455,.F.);
#2876=ORIENTED_EDGE('',*,*,#2208,.T.);
#2877=CARTESIAN_POINT('',(1.545446037025,0.212594794488,0.000000000000));
#2878=LINE('',#2877,#12);
#2879=EDGE_CURVE('',#2201,#747,#2878,.T.);
#2880=ORIENTED_EDGE('',*,*,#2879,.T.);
#2881=EDGE_LOOP('',(#2874,#2875,#2876,#2880));
#2882=ORIENTED_EDGE('',*,*,#692,.F.);
#2883=CARTESIAN_POINT('',(1.480067690431,-0.492949928230,0.000000000000));
#2884=LINE('',#2883,#12);
#2885=EDGE_CURVE('',#2248,#682,#2884,.T.);
#2886=ORIENTED_EDGE('',*,*,#2885,.F.);
#2887=ORIENTED_EDGE('',*,*,#2250,.T.);
#2888=CARTESIAN_POINT('',(1.517883609353,-0.360040759441,0.000000000000));
#2889=LINE('',#2888,#12);
#2890=EDGE_CURVE('',#2243,#690,#2889,.T.);
#2891=ORIENTED_EDGE('',*,*,#2890,.T.);
#2892=EDGE_LOOP('',(#2882,#2886,#2887,#2891));
#2893=ORIENTED_EDGE('',*,*,#1191,.F.);
#2894=CARTESIAN_POINT('',(-1.517883609353,-0.360040759441,0.000000000000));
#2895=LINE('',#2894,#12);
#2896=EDGE_CURVE('',#1820,#1184,#2895,.T.);
#2897=ORIENTED_EDGE('',*,*,#2896,.F.);
#2898=ORIENTED_EDGE('',*,*,#1822,.T.);
#2899=ORIENTED_EDGE('',*,*,#2628,.T.);
#2900=EDGE_LOOP('',(#2893,#2897,#2898,#2899));
#2901=ORIENTED_EDGE('',*,*,#984,.F.);
#2902=CARTESIAN_POINT('',(-0.218452258543,1.544628955684,0.000000000000));
#2903=LINE('',#2902,#12);
#2904=EDGE_CURVE('',#2027,#977,#2903,.T.);
#2905=ORIENTED_EDGE('',*,*,#2904,.F.);
#2906=ORIENTED_EDGE('',*,*,#2029,.T.);
#2907=ORIENTED_EDGE('',*,*,#2518,.T.);
#2908=EDGE_LOOP('',(#2901,#2905,#2906,#2907));
#2909=ORIENTED_EDGE('',*,*,#1237,.F.);
#2910=CARTESIAN_POINT('',(-1.285322589354,-0.884050813753,0.000000000000));
#2911=LINE('',#2910,#12);
#2912=EDGE_CURVE('',#1774,#1230,#2911,.T.);
#2913=ORIENTED_EDGE('',*,*,#2912,.F.);
#2914=ORIENTED_EDGE('',*,*,#1776,.T.);
#2915=ORIENTED_EDGE('',*,*,#2586,.T.);
#2916=EDGE_LOOP('',(#2909,#2913,#2914,#2915));
#2917=ORIENTED_EDGE('',*,*,#518,.F.);
#2918=CARTESIAN_POINT('',(0.218452258543,-1.544628955684,0.000000000000));
#2919=LINE('',#2918,#12);
#2920=EDGE_CURVE('',#2374,#508,#2919,.T.);
#2921=ORIENTED_EDGE('',*,*,#2920,.F.);
#2922=ORIENTED_EDGE('',*,*,#2376,.T.);
#2923=ORIENTED_EDGE('',*,*,#2492,.T.);
#2924=EDGE_LOOP('',(#2917,#2921,#2922,#2923));
#2925=ORIENTED_EDGE('',*,*,#807,.F.);
#2926=ORIENTED_EDGE('',*,*,#2641,.F.);
#2927=ORIENTED_EDGE('',*,*,#2166,.T.);
#2928=CARTESIAN_POINT('',(1.364287413785,0.756518243394,0.000000000000));
#2929=LINE('',#2928,#12);
#2930=EDGE_CURVE('',#2159,#805,#2929,.T.);
#2931=ORIENTED_EDGE('',*,*,#2930,.T.);
#2932=EDGE_LOOP('',(#2925,#2926,#2927,#2931));
#2933=ORIENTED_EDGE('',*,*,#105,.T.);
#2934=ORIENTED_EDGE('',*,*,#1327,.F.);
#2935=CARTESIAN_POINT('',(-0.354283673050,-1.519237663768,0.000000000000));
#2936=LINE('',#2935,#12);
#2937=EDGE_CURVE('',#1682,#1322,#2936,.T.);
#2938=ORIENTED_EDGE('',*,*,#2937,.F.);
#2939=ORIENTED_EDGE('',*,*,#1684,.T.);
#2940=EDGE_LOOP('',(#2933,#2934,#2938,#2939));
#2941=ORIENTED_EDGE('',*,*,#1053,.F.);
#2942=CARTESIAN_POINT('',(-0.998874215536,1.198269711516,0.000000000000));
#2943=LINE('',#2942,#12);
#2944=EDGE_CURVE('',#1958,#1046,#2943,.T.);
#2945=ORIENTED_EDGE('',*,*,#2944,.F.);
#2946=ORIENTED_EDGE('',*,*,#1960,.T.);
#2947=CARTESIAN_POINT('',(-1.100993618998,1.105175574705,0.000000000000));
#2948=LINE('',#2947,#12);
#2949=EDGE_CURVE('',#1952,#1051,#2948,.T.);
#2950=ORIENTED_EDGE('',*,*,#2949,.T.);
#2951=EDGE_LOOP('',(#2941,#2945,#2946,#2950));
#2952=ORIENTED_EDGE('',*,*,#836,.F.);
#2953=CARTESIAN_POINT('',(1.285322589354,0.884050813753,0.000000000000));
#2954=LINE('',#2953,#12);
#2955=EDGE_CURVE('',#2143,#826,#2954,.T.);
#2956=ORIENTED_EDGE('',*,*,#2955,.F.);
#2957=ORIENTED_EDGE('',*,*,#2145,.T.);
#2958=ORIENTED_EDGE('',*,*,#2560,.T.);
#2959=EDGE_LOOP('',(#2952,#2956,#2957,#2958));
#2960=ORIENTED_EDGE('',*,*,#576,.F.);
#2961=CARTESIAN_POINT('',(0.761685002135,-1.361409548051,0.000000000000));
#2962=LINE('',#2961,#12);
#2963=EDGE_CURVE('',#2332,#566,#2962,.T.);
#2964=ORIENTED_EDGE('',*,*,#2963,.F.);
#2965=ORIENTED_EDGE('',*,*,#2334,.T.);
#2966=CARTESIAN_POINT('',(0.879171631444,-1.288664906973,0.000000000000));
#2967=LINE('',#2966,#12);
#2968=EDGE_CURVE('',#2327,#574,#2967,.T.);
#2969=ORIENTED_EDGE('',*,*,#2968,.T.);
#2970=EDGE_LOOP('',(#2960,#2964,#2965,#2969));
#2971=ORIENTED_EDGE('',*,*,#1283,.F.);
#2972=ORIENTED_EDGE('',*,*,#2735,.F.);
#2973=ORIENTED_EDGE('',*,*,#1730,.T.);
#2974=CARTESIAN_POINT('',(-0.761685002135,-1.361409548051,0.000000000000));
#2975=LINE('',#2974,#12);
#2976=EDGE_CURVE('',#1722,#1281,#2975,.T.);
#2977=ORIENTED_EDGE('',*,*,#2976,.T.);
#2978=EDGE_LOOP('',(#2971,#2972,#2973,#2977));
#2979=ORIENTED_EDGE('',*,*,#663,.F.);
#2980=CARTESIAN_POINT('',(1.364287413785,-0.756518243394,0.000000000000));
#2981=LINE('',#2980,#12);
#2982=EDGE_CURVE('',#2269,#653,#2981,.T.);
#2983=ORIENTED_EDGE('',*,*,#2982,.F.);
#2984=ORIENTED_EDGE('',*,*,#2271,.T.);
#2985=CARTESIAN_POINT('',(1.425881440503,-0.632820762640,0.000000000000));
#2986=LINE('',#2985,#12);
#2987=EDGE_CURVE('',#2264,#661,#2986,.T.);
#2988=ORIENTED_EDGE('',*,*,#2987,.T.);
#2989=EDGE_LOOP('',(#2979,#2983,#2984,#2988));
#2990=ORIENTED_EDGE('',*,*,#56,.F.);
#2991=ORIENTED_EDGE('',*,*,#2395,.T.);
#2992=CARTESIAN_POINT('',(0.069092132099,-1.558469209603,0.000000000000));
#2993=LINE('',#2992,#12);
#2994=EDGE_CURVE('',#2390,#487,#2993,.T.);
#2995=ORIENTED_EDGE('',*,*,#2994,.T.);
#2996=ORIENTED_EDGE('',*,*,#489,.F.);
#2997=EDGE_LOOP('',(#2990,#2991,#2995,#2996));
#2998=ORIENTED_EDGE('',*,*,#1099,.F.);
#2999=CARTESIAN_POINT('',(-1.364287413785,0.756518243394,0.000000000000));
#3000=LINE('',#2999,#12);
#3001=EDGE_CURVE('',#1912,#1092,#3000,.T.);
#3002=ORIENTED_EDGE('',*,*,#3001,.F.);
#3003=ORIENTED_EDGE('',*,*,#1914,.T.);
#3004=CARTESIAN_POINT('',(-1.425881440503,0.632820762640,0.000000000000));
#3005=LINE('',#3004,#12);
#3006=EDGE_CURVE('',#1906,#1097,#3005,.T.);
#3007=ORIENTED_EDGE('',*,*,#3006,.T.);
#3008=EDGE_LOOP('',(#2998,#3002,#3003,#3007));
#3009=ORIENTED_EDGE('',*,*,#1030,.F.);
#3010=CARTESIAN_POINT('',(-0.761685002135,1.361409548051,0.000000000000));
#3011=LINE('',#3010,#12);
#3012=EDGE_CURVE('',#1981,#1023,#3011,.T.);
#3013=ORIENTED_EDGE('',*,*,#3012,.F.);
#3014=ORIENTED_EDGE('',*,*,#1983,.T.);
#3015=CARTESIAN_POINT('',(-0.879171631444,1.288664906973,0.000000000000));
#3016=LINE('',#3015,#12);
#3017=EDGE_CURVE('',#1975,#1028,#3016,.T.);
#3018=ORIENTED_EDGE('',*,*,#3017,.T.);
#3019=EDGE_LOOP('',(#3009,#3013,#3014,#3018));
#3020=ORIENTED_EDGE('',*,*,#547,.F.);
#3021=ORIENTED_EDGE('',*,*,#2531,.F.);
#3022=ORIENTED_EDGE('',*,*,#2355,.T.);
#3023=CARTESIAN_POINT('',(0.627410508431,-1.428270301417,0.000000000000));
#3024=LINE('',#3023,#12);
#3025=EDGE_CURVE('',#2348,#545,#3024,.T.);
#3026=ORIENTED_EDGE('',*,*,#3025,.T.);
#3027=EDGE_LOOP('',(#3020,#3021,#3022,#3026));
#3028=ORIENTED_EDGE('',*,*,#894,.F.);
#3029=ORIENTED_EDGE('',*,*,#2698,.F.);
#3030=ORIENTED_EDGE('',*,*,#2103,.T.);
#3031=CARTESIAN_POINT('',(0.761685002135,1.361409548051,0.000000000000));
#3032=LINE('',#3031,#12);
#3033=EDGE_CURVE('',#2096,#892,#3032,.T.);
#3034=ORIENTED_EDGE('',*,*,#3033,.T.);
#3035=EDGE_LOOP('',(#3028,#3029,#3030,#3034));
#3036=ORIENTED_EDGE('',*,*,#634,.F.);
#3037=CARTESIAN_POINT('',(1.202047965545,-0.994324237122,0.000000000000));
#3038=LINE('',#3037,#12);
#3039=EDGE_CURVE('',#2290,#624,#3038,.T.);
#3040=ORIENTED_EDGE('',*,*,#3039,.F.);
#3041=ORIENTED_EDGE('',*,*,#2292,.T.);
#3042=CARTESIAN_POINT('',(1.285322589354,-0.884050813753,0.000000000000));
#3043=LINE('',#3042,#12);
#3044=EDGE_CURVE('',#2285,#632,#3043,.T.);
#3045=ORIENTED_EDGE('',*,*,#3044,.T.);
#3046=EDGE_LOOP('',(#3036,#3040,#3041,#3045));
#3047=FACE_BOUND('',#2755,.T.);
#3048=FACE_BOUND('',#2763,.T.);
#3049=FACE_BOUND('',#2771,.T.);
#3050=FACE_BOUND('',#2779,.T.);
#3051=FACE_BOUND('',#2787,.T.);
#3052=FACE_BOUND('',#2795,.T.);
#3053=FACE_BOUND('',#2806,.T.);
#3054=FACE_BOUND('',#2814,.T.);
#3055=FACE_BOUND('',#2819,.T.);
#3056=FACE_BOUND('',#2830,.T.);
#3057=FACE_BOUND('',#2841,.T.);
#3058=FACE_BOUND('',#2849,.T.);
#3059=FACE_BOUND('',#2860,.T.);
#3060=FACE_BOUND('',#2865,.T.);
#3061=FACE_BOUND('',#2873,.T.);
#3062=FACE_BOUND('',#2881,.T.);
#3063=FACE_BOUND('',#2892,.T.);
#3064=FACE_BOUND('',#2900,.T.);
#3065=FACE_BOUND('',#2908,.T.);
#3066=FACE_BOUND('',#2916,.T.);
#3067=FACE_BOUND('',#2924,.T.);
#3068=FACE_BOUND('',#2932,.T.);
#3069=FACE_BOUND('',#2940,.T.);
#3070=FACE_BOUND('',#2951,.T.);
#3071=FACE_BOUND('',#2959,.T.);
#3072=FACE_BOUND('',#2970,.T.);
#3073=FACE_BOUND('',#2978,.T.);
#3074=FACE_BOUND('',#2989,.T.);
#3075=FACE_BOUND('',#2997,.T.);
#3076=FACE_BOUND('',#3008,.T.);
#3077=FACE_BOUND('',#3019,.T.);
#3078=FACE_BOUND('',#3027,.T.);
#3079=FACE_BOUND('',#3035,.T.);
#3080=FACE_BOUND('',#3046,.T.);
#3081=ADVANCED_FACE('',(#3047,#3048,#3049,#3050,#3051,#3052,#3053,#3054,#3055,#3056,#3057,#3058,#3059,#3060,#3061,#3062,#3063,#3064,#3065,#3066,#3067,#3068,#3069,#3070,#3071,#3072,#3073,#3074,#3075,#3076,#3077,#3078,#3079,#3080),#2744,.T.);
#3082=CARTESIAN_POINT('',(-1.024478881845,-1.356629286376,0.000000000000));
#3083=AXIS2_PLACEMENT_3D('',#3082,#886,#878);
#3084=PLANE('',#3083);
#3085=ORIENTED_EDGE('',*,*,#1273,.F.);
#3086=ORIENTED_EDGE('',*,*,#2709,.F.);
#3087=ORIENTED_EDGE('',*,*,#1742,.F.);
#3088=ORIENTED_EDGE('',*,*,#2730,.F.);
#3089=EDGE_LOOP('',(#3085,#3086,#3087,#3088));
#3090=FACE_OUTER_BOUND('',#3089,.T.);
#3091=ADVANCED_FACE('',(#3090),#3084,.T.);
#3092=CARTESIAN_POINT('',(-1.585202789987,-0.614110832518,0.000000000000));
#3093=AXIS2_PLACEMENT_3D('',#3092,#799,#791);
#3094=PLANE('',#3093);
#3095=ORIENTED_EDGE('',*,*,#1204,.F.);
#3096=ORIENTED_EDGE('',*,*,#2633,.F.);
#3097=ORIENTED_EDGE('',*,*,#1811,.F.);
#3098=ORIENTED_EDGE('',*,*,#2654,.F.);
#3099=EDGE_LOOP('',(#3095,#3096,#3097,#3098));
#3100=FACE_OUTER_BOUND('',#3099,.T.);
#3101=ADVANCED_FACE('',(#3100),#3094,.T.);
#3102=CARTESIAN_POINT('',(0.465227083123,-1.635103593394,0.000000000000));
#3103=AXIS2_PLACEMENT_3D('',#3102,#523,#994);
#3104=PLANE('',#3103);
#3105=ORIENTED_EDGE('',*,*,#534,.F.);
#3106=ORIENTED_EDGE('',*,*,#2497,.F.);
#3107=ORIENTED_EDGE('',*,*,#2366,.F.);
#3108=ORIENTED_EDGE('',*,*,#2526,.F.);
#3109=EDGE_LOOP('',(#3105,#3106,#3107,#3108));
#3110=FACE_OUTER_BOUND('',#3109,.T.);
#3111=ADVANCED_FACE('',(#3110),#3104,.T.);
#3112=CARTESIAN_POINT('',(1.445369130740,0.894934676892,0.000000000000));
#3113=AXIS2_PLACEMENT_3D('',#3112,#812,#1224);
#3114=PLANE('',#3113);
#3115=ORIENTED_EDGE('',*,*,#823,.F.);
#3116=CARTESIAN_POINT('',(1.484851542956,0.831168391712,0.000000000000));
#3117=LINE('',#3116,#27);
#3118=EDGE_CURVE('',#810,#2153,#3117,.T.);
#3119=ORIENTED_EDGE('',*,*,#3118,.T.);
#3120=ORIENTED_EDGE('',*,*,#2156,.F.);
#3121=CARTESIAN_POINT('',(1.405886718525,0.958700962071,0.000000000000));
#3122=LINE('',#3121,#12);
#3123=EDGE_CURVE('',#2148,#818,#3122,.T.);
#3124=ORIENTED_EDGE('',*,*,#3123,.T.);
#3125=EDGE_LOOP('',(#3115,#3119,#3120,#3124));
#3126=FACE_OUTER_BOUND('',#3125,.T.);
#3127=ADVANCED_FACE('',(#3126),#3114,.T.);
#3128=CARTESIAN_POINT('',(-0.039482412216,0.063766285180,0.000000000000));
#3129=AXIS2_PLACEMENT_3D('',#3128,#820,#812);
#3130=PLANE('',#3129);
#3131=ORIENTED_EDGE('',*,*,#831,.F.);
#3132=ORIENTED_EDGE('',*,*,#3123,.F.);
#3133=ORIENTED_EDGE('',*,*,#2150,.F.);
#3134=ORIENTED_EDGE('',*,*,#2955,.T.);
#3135=EDGE_LOOP('',(#3131,#3132,#3133,#3134));
#3136=ORIENTED_EDGE('',*,*,#1219,.F.);
#3137=ORIENTED_EDGE('',*,*,#2793,.F.);
#3138=ORIENTED_EDGE('',*,*,#1794,.F.);
#3139=CARTESIAN_POINT('',(-1.484851542956,-0.831168391712,0.000000000000));
#3140=LINE('',#3139,#12);
#3141=EDGE_CURVE('',#1785,#1217,#3140,.T.);
#3142=ORIENTED_EDGE('',*,*,#3141,.T.);
#3143=EDGE_LOOP('',(#3136,#3137,#3138,#3142));
#3144=FACE_OUTER_BOUND('',#3135,.T.);
#3145=ADVANCED_FACE('',(#3144),#3130,.T.);
#3146=FACE_OUTER_BOUND('',#3143,.T.);
#3147=ADVANCED_FACE('',(#3146),#3130,.T.);
#3148=CARTESIAN_POINT('',(0.039482412216,-0.063766285180,0.000000000000));
#3149=AXIS2_PLACEMENT_3D('',#3148,#1224,#828);
#3150=PLANE('',#3149);
#3151=ORIENTED_EDGE('',*,*,#815,.F.);
#3152=ORIENTED_EDGE('',*,*,#2930,.F.);
#3153=ORIENTED_EDGE('',*,*,#2161,.F.);
#3154=ORIENTED_EDGE('',*,*,#3118,.F.);
#3155=EDGE_LOOP('',(#3151,#3152,#3153,#3154));
#3156=ORIENTED_EDGE('',*,*,#1232,.F.);
#3157=CARTESIAN_POINT('',(-1.405886718525,-0.958700962071,0.000000000000));
#3158=LINE('',#3157,#27);
#3159=EDGE_CURVE('',#1222,#1779,#3158,.T.);
#3160=ORIENTED_EDGE('',*,*,#3159,.T.);
#3161=ORIENTED_EDGE('',*,*,#1782,.F.);
#3162=ORIENTED_EDGE('',*,*,#2912,.T.);
#3163=EDGE_LOOP('',(#3156,#3160,#3161,#3162));
#3164=FACE_OUTER_BOUND('',#3155,.T.);
#3165=ADVANCED_FACE('',(#3164),#3150,.T.);
#3166=FACE_OUTER_BOUND('',#3163,.T.);
#3167=ADVANCED_FACE('',(#3166),#3150,.T.);
#3168=CARTESIAN_POINT('',(1.700000000000,0.000000000000,0.000000000000));
#3169=AXIS2_PLACEMENT_3D('',#3168,#726,#11);
#3170=PLANE('',#3169);
#3171=ORIENTED_EDGE('',*,*,#736,.F.);
#3172=ORIENTED_EDGE('',*,*,#2429,.F.);
#3173=ORIENTED_EDGE('',*,*,#2219,.F.);
#3174=ORIENTED_EDGE('',*,*,#2450,.F.);
#3175=EDGE_LOOP('',(#3171,#3172,#3173,#3174));
#3176=FACE_OUTER_BOUND('',#3175,.T.);
#3177=ADVANCED_FACE('',(#3176),#3170,.T.);
#3178=CARTESIAN_POINT('',(1.671054269463,0.312374180288,0.000000000000));
#3179=AXIS2_PLACEMENT_3D('',#3178,#754,#1178);
#3180=PLANE('',#3179);
#3181=ORIENTED_EDGE('',*,*,#765,.F.);
#3182=CARTESIAN_POINT('',(1.684835483299,0.238651197812,0.000000000000));
#3183=LINE('',#3182,#27);
#3184=EDGE_CURVE('',#752,#2195,#3183,.T.);
#3185=ORIENTED_EDGE('',*,*,#3184,.T.);
#3186=ORIENTED_EDGE('',*,*,#2198,.F.);
#3187=CARTESIAN_POINT('',(1.657273055626,0.386097162764,0.000000000000));
#3188=LINE('',#3187,#12);
#3189=EDGE_CURVE('',#2190,#760,#3188,.T.);
#3190=ORIENTED_EDGE('',*,*,#3189,.T.);
#3191=EDGE_LOOP('',(#3181,#3185,#3186,#3190));
#3192=FACE_OUTER_BOUND('',#3191,.T.);
#3193=ADVANCED_FACE('',(#3192),#3180,.T.);
#3194=CARTESIAN_POINT('',(-0.013781213836,0.073722982476,0.000000000000));
#3195=AXIS2_PLACEMENT_3D('',#3194,#762,#754);
#3196=PLANE('',#3195);
#3197=ORIENTED_EDGE('',*,*,#773,.F.);
#3198=ORIENTED_EDGE('',*,*,#3189,.F.);
#3199=ORIENTED_EDGE('',*,*,#2192,.F.);
#3200=ORIENTED_EDGE('',*,*,#2783,.T.);
#3201=EDGE_LOOP('',(#3197,#3198,#3199,#3200));
#3202=ORIENTED_EDGE('',*,*,#1173,.F.);
#3203=ORIENTED_EDGE('',*,*,#2769,.F.);
#3204=ORIENTED_EDGE('',*,*,#1840,.F.);
#3205=CARTESIAN_POINT('',(-1.684835483299,-0.238651197812,0.000000000000));
#3206=LINE('',#3205,#12);
#3207=EDGE_CURVE('',#1831,#1171,#3206,.T.);
#3208=ORIENTED_EDGE('',*,*,#3207,.T.);
#3209=EDGE_LOOP('',(#3202,#3203,#3204,#3208));
#3210=FACE_OUTER_BOUND('',#3201,.T.);
#3211=ADVANCED_FACE('',(#3210),#3196,.T.);
#3212=FACE_OUTER_BOUND('',#3209,.T.);
#3213=ADVANCED_FACE('',(#3212),#3196,.T.);
#3214=CARTESIAN_POINT('',(0.013781213836,-0.073722982476,0.000000000000));
#3215=AXIS2_PLACEMENT_3D('',#3214,#1178,#770);
#3216=PLANE('',#3215);
#3217=ORIENTED_EDGE('',*,*,#1186,.F.);
#3218=CARTESIAN_POINT('',(-1.657273055626,-0.386097162764,0.000000000000));
#3219=LINE('',#3218,#27);
#3220=EDGE_CURVE('',#1176,#1825,#3219,.T.);
#3221=ORIENTED_EDGE('',*,*,#3220,.T.);
#3222=ORIENTED_EDGE('',*,*,#1828,.F.);
#3223=ORIENTED_EDGE('',*,*,#2896,.T.);
#3224=EDGE_LOOP('',(#3217,#3221,#3222,#3223));
#3225=ORIENTED_EDGE('',*,*,#757,.F.);
#3226=ORIENTED_EDGE('',*,*,#2879,.F.);
#3227=ORIENTED_EDGE('',*,*,#2203,.F.);
#3228=ORIENTED_EDGE('',*,*,#3184,.F.);
#3229=EDGE_LOOP('',(#3225,#3226,#3227,#3228));
#3230=FACE_OUTER_BOUND('',#3224,.T.);
#3231=ADVANCED_FACE('',(#3230),#3216,.T.);
#3232=FACE_OUTER_BOUND('',#3229,.T.);
#3233=ADVANCED_FACE('',(#3232),#3216,.T.);
#3234=CARTESIAN_POINT('',(0.156856211088,1.692748099702,0.000000000000));
#3235=AXIS2_PLACEMENT_3D('',#3234,#47,#32);
#3236=PLANE('',#3235);
#3237=ORIENTED_EDGE('',*,*,#84,.F.);
#3238=ORIENTED_EDGE('',*,*,#2055,.F.);
#3239=ORIENTED_EDGE('',*,*,#123,.F.);
#3240=ORIENTED_EDGE('',*,*,#955,.F.);
#3241=EDGE_LOOP('',(#3237,#3238,#3239,#3240));
#3242=FACE_OUTER_BOUND('',#3241,.T.);
#3243=ADVANCED_FACE('',(#3242),#3236,.T.);
#3244=CARTESIAN_POINT('',(0.465227083123,1.635103593394,0.000000000000));
#3245=AXIS2_PLACEMENT_3D('',#3244,#928,#1316);
#3246=PLANE('',#3245);
#3247=ORIENTED_EDGE('',*,*,#939,.F.);
#3248=CARTESIAN_POINT('',(0.537364006360,1.614578869138,0.000000000000));
#3249=LINE('',#3248,#27);
#3250=EDGE_CURVE('',#926,#2069,#3249,.T.);
#3251=ORIENTED_EDGE('',*,*,#3250,.T.);
#3252=ORIENTED_EDGE('',*,*,#2072,.F.);
#3253=CARTESIAN_POINT('',(0.393090159885,1.655628317649,0.000000000000));
#3254=LINE('',#3253,#12);
#3255=EDGE_CURVE('',#2064,#934,#3254,.T.);
#3256=ORIENTED_EDGE('',*,*,#3255,.T.);
#3257=EDGE_LOOP('',(#3247,#3251,#3252,#3256));
#3258=FACE_OUTER_BOUND('',#3257,.T.);
#3259=ADVANCED_FACE('',(#3258),#3246,.T.);
#3260=CARTESIAN_POINT('',(-0.072136923238,0.020524724255,0.000000000000));
#3261=AXIS2_PLACEMENT_3D('',#3260,#936,#928);
#3262=PLANE('',#3261);
#3263=ORIENTED_EDGE('',*,*,#947,.F.);
#3264=ORIENTED_EDGE('',*,*,#3255,.F.);
#3265=ORIENTED_EDGE('',*,*,#2066,.F.);
#3266=ORIENTED_EDGE('',*,*,#2776,.T.);
#3267=EDGE_LOOP('',(#3263,#3264,#3265,#3266));
#3268=ORIENTED_EDGE('',*,*,#1311,.F.);
#3269=ORIENTED_EDGE('',*,*,#2804,.F.);
#3270=ORIENTED_EDGE('',*,*,#1702,.F.);
#3271=CARTESIAN_POINT('',(-0.537364006360,-1.614578869138,0.000000000000));
#3272=LINE('',#3271,#12);
#3273=EDGE_CURVE('',#1693,#1309,#3272,.T.);
#3274=ORIENTED_EDGE('',*,*,#3273,.T.);
#3275=EDGE_LOOP('',(#3268,#3269,#3270,#3274));
#3276=FACE_OUTER_BOUND('',#3267,.T.);
#3277=ADVANCED_FACE('',(#3276),#3262,.T.);
#3278=FACE_OUTER_BOUND('',#3275,.T.);
#3279=ADVANCED_FACE('',(#3278),#3262,.T.);
#3280=CARTESIAN_POINT('',(0.072136923238,-0.020524724255,0.000000000000));
#3281=AXIS2_PLACEMENT_3D('',#3280,#1316,#944);
#3282=PLANE('',#3281);
#3283=ORIENTED_EDGE('',*,*,#1324,.F.);
#3284=CARTESIAN_POINT('',(-0.393090159885,-1.655628317649,0.000000000000));
#3285=LINE('',#3284,#27);
#3286=EDGE_CURVE('',#1314,#1687,#3285,.T.);
#3287=ORIENTED_EDGE('',*,*,#3286,.T.);
#3288=ORIENTED_EDGE('',*,*,#1690,.F.);
#3289=ORIENTED_EDGE('',*,*,#2937,.T.);
#3290=EDGE_LOOP('',(#3283,#3287,#3288,#3289));
#3291=ORIENTED_EDGE('',*,*,#931,.F.);
#3292=ORIENTED_EDGE('',*,*,#2858,.F.);
#3293=ORIENTED_EDGE('',*,*,#2077,.F.);
#3294=ORIENTED_EDGE('',*,*,#3250,.F.);
#3295=EDGE_LOOP('',(#3291,#3292,#3293,#3294));
#3296=FACE_OUTER_BOUND('',#3290,.T.);
#3297=ADVANCED_FACE('',(#3296),#3282,.T.);
#3298=FACE_OUTER_BOUND('',#3295,.T.);
#3299=ADVANCED_FACE('',(#3298),#3282,.T.);
#3300=CARTESIAN_POINT('',(0.156856211088,-1.692748099702,0.000000000000));
#3301=AXIS2_PLACEMENT_3D('',#3300,#494,#971);
#3302=PLANE('',#3301);
#3303=ORIENTED_EDGE('',*,*,#505,.F.);
#3304=CARTESIAN_POINT('',(0.082176147865,-1.699668226661,0.000000000000));
#3305=LINE('',#3304,#27);
#3306=EDGE_CURVE('',#492,#2384,#3305,.T.);
#3307=ORIENTED_EDGE('',*,*,#3306,.T.);
#3308=ORIENTED_EDGE('',*,*,#2387,.F.);
#3309=CARTESIAN_POINT('',(0.231536274310,-1.685827972742,0.000000000000));
#3310=LINE('',#3309,#12);
#3311=EDGE_CURVE('',#2379,#500,#3310,.T.);
#3312=ORIENTED_EDGE('',*,*,#3311,.T.);
#3313=EDGE_LOOP('',(#3303,#3307,#3308,#3312));
#3314=FACE_OUTER_BOUND('',#3313,.T.);
#3315=ADVANCED_FACE('',(#3314),#3302,.T.);
#3316=CARTESIAN_POINT('',(0.074680063222,0.006920126960,0.000000000000));
#3317=AXIS2_PLACEMENT_3D('',#3316,#502,#494);
#3318=PLANE('',#3317);
#3319=ORIENTED_EDGE('',*,*,#513,.F.);
#3320=ORIENTED_EDGE('',*,*,#3311,.F.);
#3321=ORIENTED_EDGE('',*,*,#2381,.F.);
#3322=ORIENTED_EDGE('',*,*,#2920,.T.);
#3323=EDGE_LOOP('',(#3319,#3320,#3321,#3322));
#3324=ORIENTED_EDGE('',*,*,#966,.F.);
#3325=ORIENTED_EDGE('',*,*,#2870,.F.);
#3326=ORIENTED_EDGE('',*,*,#2047,.F.);
#3327=CARTESIAN_POINT('',(-0.082176147865,1.699668226661,0.000000000000));
#3328=LINE('',#3327,#12);
#3329=EDGE_CURVE('',#2038,#964,#3328,.T.);
#3330=ORIENTED_EDGE('',*,*,#3329,.T.);
#3331=EDGE_LOOP('',(#3324,#3325,#3326,#3330));
#3332=FACE_OUTER_BOUND('',#3323,.T.);
#3333=ADVANCED_FACE('',(#3332),#3318,.T.);
#3334=FACE_OUTER_BOUND('',#3331,.T.);
#3335=ADVANCED_FACE('',(#3334),#3318,.T.);
#3336=CARTESIAN_POINT('',(-0.074680063222,-0.006920126960,0.000000000000));
#3337=AXIS2_PLACEMENT_3D('',#3336,#971,#510);
#3338=PLANE('',#3337);
#3339=ORIENTED_EDGE('',*,*,#979,.F.);
#3340=CARTESIAN_POINT('',(-0.231536274310,1.685827972742,0.000000000000));
#3341=LINE('',#3340,#27);
#3342=EDGE_CURVE('',#969,#2032,#3341,.T.);
#3343=ORIENTED_EDGE('',*,*,#3342,.T.);
#3344=ORIENTED_EDGE('',*,*,#2035,.F.);
#3345=ORIENTED_EDGE('',*,*,#2904,.T.);
#3346=EDGE_LOOP('',(#3339,#3343,#3344,#3345));
#3347=ORIENTED_EDGE('',*,*,#497,.F.);
#3348=ORIENTED_EDGE('',*,*,#2994,.F.);
#3349=ORIENTED_EDGE('',*,*,#2392,.F.);
#3350=ORIENTED_EDGE('',*,*,#3306,.F.);
#3351=EDGE_LOOP('',(#3347,#3348,#3349,#3350));
#3352=FACE_OUTER_BOUND('',#3346,.T.);
#3353=ADVANCED_FACE('',(#3352),#3338,.T.);
#3354=FACE_OUTER_BOUND('',#3351,.T.);
#3355=ADVANCED_FACE('',(#3354),#3338,.T.);
#3356=CARTESIAN_POINT('',(0.757755204820,1.521777595304,0.000000000000));
#3357=AXIS2_PLACEMENT_3D('',#3356,#899,#1293);
#3358=PLANE('',#3357);
#3359=ORIENTED_EDGE('',*,*,#910,.F.);
#3360=CARTESIAN_POINT('',(0.824892451672,1.488347218620,0.000000000000));
#3361=LINE('',#3360,#27);
#3362=EDGE_CURVE('',#897,#2090,#3361,.T.);
#3363=ORIENTED_EDGE('',*,*,#3362,.T.);
#3364=ORIENTED_EDGE('',*,*,#2093,.F.);
#3365=CARTESIAN_POINT('',(0.690617957968,1.555207971987,0.000000000000));
#3366=LINE('',#3365,#12);
#3367=EDGE_CURVE('',#2085,#905,#3366,.T.);
#3368=ORIENTED_EDGE('',*,*,#3367,.T.);
#3369=EDGE_LOOP('',(#3359,#3363,#3364,#3368));
#3370=FACE_OUTER_BOUND('',#3369,.T.);
#3371=ADVANCED_FACE('',(#3370),#3358,.T.);
#3372=CARTESIAN_POINT('',(-0.067137246852,0.033430376683,0.000000000000));
#3373=AXIS2_PLACEMENT_3D('',#3372,#907,#899);
#3374=PLANE('',#3373);
#3375=ORIENTED_EDGE('',*,*,#1288,.F.);
#3376=ORIENTED_EDGE('',*,*,#2976,.F.);
#3377=ORIENTED_EDGE('',*,*,#1725,.F.);
#3378=CARTESIAN_POINT('',(-0.824892451672,-1.488347218620,0.000000000000));
#3379=LINE('',#3378,#12);
#3380=EDGE_CURVE('',#1716,#1286,#3379,.T.);
#3381=ORIENTED_EDGE('',*,*,#3380,.T.);
#3382=EDGE_LOOP('',(#3375,#3376,#3377,#3381));
#3383=ORIENTED_EDGE('',*,*,#918,.F.);
#3384=ORIENTED_EDGE('',*,*,#3367,.F.);
#3385=ORIENTED_EDGE('',*,*,#2087,.F.);
#3386=ORIENTED_EDGE('',*,*,#2853,.T.);
#3387=EDGE_LOOP('',(#3383,#3384,#3385,#3386));
#3388=FACE_OUTER_BOUND('',#3382,.T.);
#3389=ADVANCED_FACE('',(#3388),#3374,.T.);
#3390=FACE_OUTER_BOUND('',#3387,.T.);
#3391=ADVANCED_FACE('',(#3390),#3374,.T.);
#3392=CARTESIAN_POINT('',(0.067137246852,-0.033430376683,0.000000000000));
#3393=AXIS2_PLACEMENT_3D('',#3392,#1293,#915);
#3394=PLANE('',#3393);
#3395=ORIENTED_EDGE('',*,*,#1301,.F.);
#3396=CARTESIAN_POINT('',(-0.690617957968,-1.555207971987,0.000000000000));
#3397=LINE('',#3396,#27);
#3398=EDGE_CURVE('',#1291,#1710,#3397,.T.);
#3399=ORIENTED_EDGE('',*,*,#3398,.T.);
#3400=ORIENTED_EDGE('',*,*,#1713,.F.);
#3401=ORIENTED_EDGE('',*,*,#2799,.T.);
#3402=EDGE_LOOP('',(#3395,#3399,#3400,#3401));
#3403=ORIENTED_EDGE('',*,*,#902,.F.);
#3404=ORIENTED_EDGE('',*,*,#3033,.F.);
#3405=ORIENTED_EDGE('',*,*,#2098,.F.);
#3406=ORIENTED_EDGE('',*,*,#3362,.F.);
#3407=EDGE_LOOP('',(#3403,#3404,#3405,#3406));
#3408=FACE_OUTER_BOUND('',#3402,.T.);
#3409=ADVANCED_FACE('',(#3408),#3394,.T.);
#3410=FACE_OUTER_BOUND('',#3407,.T.);
#3411=ADVANCED_FACE('',(#3410),#3394,.T.);
#3412=CARTESIAN_POINT('',(-1.585202789987,0.614110832518,0.000000000000));
#3413=AXIS2_PLACEMENT_3D('',#3412,#684,#676);
#3414=PLANE('',#3413);
#3415=ORIENTED_EDGE('',*,*,#1112,.F.);
#3416=CARTESIAN_POINT('',(-1.558109665023,0.684046249723,0.000000000000));
#3417=LINE('',#3416,#27);
#3418=EDGE_CURVE('',#1102,#1900,#3417,.T.);
#3419=ORIENTED_EDGE('',*,*,#3418,.T.);
#3420=ORIENTED_EDGE('',*,*,#1903,.F.);
#3421=CARTESIAN_POINT('',(-1.612295914951,0.544175415313,0.000000000000));
#3422=LINE('',#3421,#12);
#3423=EDGE_CURVE('',#1894,#1107,#3422,.T.);
#3424=ORIENTED_EDGE('',*,*,#3423,.T.);
#3425=EDGE_LOOP('',(#3415,#3419,#3420,#3424));
#3426=FACE_OUTER_BOUND('',#3425,.T.);
#3427=ADVANCED_FACE('',(#3426),#3414,.T.);
#3428=CARTESIAN_POINT('',(-0.027093124964,-0.069935417205,0.000000000000));
#3429=AXIS2_PLACEMENT_3D('',#3428,#1109,#684);
#3430=PLANE('',#3429);
#3431=ORIENTED_EDGE('',*,*,#671,.F.);
#3432=ORIENTED_EDGE('',*,*,#2987,.F.);
#3433=ORIENTED_EDGE('',*,*,#2266,.F.);
#3434=CARTESIAN_POINT('',(1.558109665023,-0.684046249723,0.000000000000));
#3435=LINE('',#3434,#12);
#3436=EDGE_CURVE('',#2258,#666,#3435,.T.);
#3437=ORIENTED_EDGE('',*,*,#3436,.T.);
#3438=EDGE_LOOP('',(#3431,#3432,#3433,#3437));
#3439=ORIENTED_EDGE('',*,*,#1117,.F.);
#3440=ORIENTED_EDGE('',*,*,#3423,.F.);
#3441=ORIENTED_EDGE('',*,*,#1897,.F.);
#3442=ORIENTED_EDGE('',*,*,#2748,.T.);
#3443=EDGE_LOOP('',(#3439,#3440,#3441,#3442));
#3444=FACE_OUTER_BOUND('',#3438,.T.);
#3445=ADVANCED_FACE('',(#3444),#3430,.T.);
#3446=FACE_OUTER_BOUND('',#3443,.T.);
#3447=ADVANCED_FACE('',(#3446),#3430,.T.);
#3448=CARTESIAN_POINT('',(0.027093124964,0.069935417205,0.000000000000));
#3449=AXIS2_PLACEMENT_3D('',#3448,#676,#668);
#3450=PLANE('',#3449);
#3451=ORIENTED_EDGE('',*,*,#1104,.F.);
#3452=ORIENTED_EDGE('',*,*,#3006,.F.);
#3453=ORIENTED_EDGE('',*,*,#1909,.F.);
#3454=ORIENTED_EDGE('',*,*,#3418,.F.);
#3455=EDGE_LOOP('',(#3451,#3452,#3453,#3454));
#3456=ORIENTED_EDGE('',*,*,#687,.F.);
#3457=CARTESIAN_POINT('',(1.612295914951,-0.544175415313,0.000000000000));
#3458=LINE('',#3457,#27);
#3459=EDGE_CURVE('',#674,#2253,#3458,.T.);
#3460=ORIENTED_EDGE('',*,*,#3459,.T.);
#3461=ORIENTED_EDGE('',*,*,#2255,.F.);
#3462=ORIENTED_EDGE('',*,*,#2885,.T.);
#3463=EDGE_LOOP('',(#3456,#3460,#3461,#3462));
#3464=FACE_OUTER_BOUND('',#3455,.T.);
#3465=ADVANCED_FACE('',(#3464),#3450,.T.);
#3466=FACE_OUTER_BOUND('',#3463,.T.);
#3467=ADVANCED_FACE('',(#3466),#3450,.T.);
#3468=CARTESIAN_POINT('',(-1.671054269463,0.312374180288,0.000000000000));
#3469=AXIS2_PLACEMENT_3D('',#3468,#713,#705);
#3470=PLANE('',#3469);
#3471=ORIENTED_EDGE('',*,*,#1135,.F.);
#3472=CARTESIAN_POINT('',(-1.657273055626,0.386097162764,0.000000000000));
#3473=LINE('',#3472,#27);
#3474=EDGE_CURVE('',#1125,#1877,#3473,.T.);
#3475=ORIENTED_EDGE('',*,*,#3474,.T.);
#3476=ORIENTED_EDGE('',*,*,#1880,.F.);
#3477=CARTESIAN_POINT('',(-1.684835483299,0.238651197812,0.000000000000));
#3478=LINE('',#3477,#12);
#3479=EDGE_CURVE('',#1871,#1130,#3478,.T.);
#3480=ORIENTED_EDGE('',*,*,#3479,.T.);
#3481=EDGE_LOOP('',(#3471,#3475,#3476,#3480));
#3482=FACE_OUTER_BOUND('',#3481,.T.);
#3483=ADVANCED_FACE('',(#3482),#3470,.T.);
#3484=CARTESIAN_POINT('',(-0.013781213836,-0.073722982476,0.000000000000));
#3485=AXIS2_PLACEMENT_3D('',#3484,#1132,#713);
#3486=PLANE('',#3485);
#3487=ORIENTED_EDGE('',*,*,#1140,.F.);
#3488=ORIENTED_EDGE('',*,*,#3479,.F.);
#3489=ORIENTED_EDGE('',*,*,#1874,.F.);
#3490=ORIENTED_EDGE('',*,*,#2759,.T.);
#3491=EDGE_LOOP('',(#3487,#3488,#3489,#3490));
#3492=ORIENTED_EDGE('',*,*,#700,.F.);
#3493=ORIENTED_EDGE('',*,*,#2890,.F.);
#3494=ORIENTED_EDGE('',*,*,#2245,.F.);
#3495=CARTESIAN_POINT('',(1.657273055626,-0.386097162764,0.000000000000));
#3496=LINE('',#3495,#12);
#3497=EDGE_CURVE('',#2237,#695,#3496,.T.);
#3498=ORIENTED_EDGE('',*,*,#3497,.T.);
#3499=EDGE_LOOP('',(#3492,#3493,#3494,#3498));
#3500=FACE_OUTER_BOUND('',#3491,.T.);
#3501=ADVANCED_FACE('',(#3500),#3486,.T.);
#3502=FACE_OUTER_BOUND('',#3499,.T.);
#3503=ADVANCED_FACE('',(#3502),#3486,.T.);
#3504=CARTESIAN_POINT('',(0.013781213836,0.073722982476,0.000000000000));
#3505=AXIS2_PLACEMENT_3D('',#3504,#705,#697);
#3506=PLANE('',#3505);
#3507=ORIENTED_EDGE('',*,*,#1127,.F.);
#3508=ORIENTED_EDGE('',*,*,#2753,.F.);
#3509=ORIENTED_EDGE('',*,*,#1886,.F.);
#3510=ORIENTED_EDGE('',*,*,#3474,.F.);
#3511=EDGE_LOOP('',(#3507,#3508,#3509,#3510));
#3512=ORIENTED_EDGE('',*,*,#716,.F.);
#3513=CARTESIAN_POINT('',(1.684835483299,-0.238651197812,0.000000000000));
#3514=LINE('',#3513,#27);
#3515=EDGE_CURVE('',#703,#2232,#3514,.T.);
#3516=ORIENTED_EDGE('',*,*,#3515,.T.);
#3517=ORIENTED_EDGE('',*,*,#2234,.F.);
#3518=ORIENTED_EDGE('',*,*,#2845,.T.);
#3519=EDGE_LOOP('',(#3512,#3516,#3517,#3518));
#3520=FACE_OUTER_BOUND('',#3511,.T.);
#3521=ADVANCED_FACE('',(#3520),#3506,.T.);
#3522=FACE_OUTER_BOUND('',#3519,.T.);
#3523=ADVANCED_FACE('',(#3522),#3506,.T.);
#3524=CYLINDRICAL_SURFACE('',#2743,0.220000000000);
#3525=ORIENTED_EDGE('',*,*,#148,.T.);
#3526=ORIENTED_EDGE('',*,*,#481,.T.);
#3527=ORIENTED_EDGE('',*,*,#478,.T.);
#3528=ORIENTED_EDGE('',*,*,#473,.T.);
#3529=ORIENTED_EDGE('',*,*,#468,.T.);
#3530=ORIENTED_EDGE('',*,*,#463,.T.);
#3531=ORIENTED_EDGE('',*,*,#458,.T.);
#3532=ORIENTED_EDGE('',*,*,#453,.T.);
#3533=ORIENTED_EDGE('',*,*,#448,.T.);
#3534=ORIENTED_EDGE('',*,*,#443,.T.);
#3535=ORIENTED_EDGE('',*,*,#438,.T.);
#3536=ORIENTED_EDGE('',*,*,#433,.T.);
#3537=ORIENTED_EDGE('',*,*,#428,.T.);
#3538=ORIENTED_EDGE('',*,*,#423,.T.);
#3539=ORIENTED_EDGE('',*,*,#418,.T.);
#3540=ORIENTED_EDGE('',*,*,#413,.T.);
#3541=ORIENTED_EDGE('',*,*,#408,.T.);
#3542=ORIENTED_EDGE('',*,*,#403,.T.);
#3543=ORIENTED_EDGE('',*,*,#398,.T.);
#3544=ORIENTED_EDGE('',*,*,#393,.T.);
#3545=ORIENTED_EDGE('',*,*,#388,.T.);
#3546=ORIENTED_EDGE('',*,*,#383,.T.);
#3547=ORIENTED_EDGE('',*,*,#378,.T.);
#3548=ORIENTED_EDGE('',*,*,#373,.T.);
#3549=ORIENTED_EDGE('',*,*,#368,.T.);
#3550=ORIENTED_EDGE('',*,*,#363,.T.);
#3551=ORIENTED_EDGE('',*,*,#358,.T.);
#3552=ORIENTED_EDGE('',*,*,#353,.T.);
#3553=ORIENTED_EDGE('',*,*,#348,.T.);
#3554=ORIENTED_EDGE('',*,*,#343,.T.);
#3555=ORIENTED_EDGE('',*,*,#338,.T.);
#3556=ORIENTED_EDGE('',*,*,#333,.T.);
#3557=ORIENTED_EDGE('',*,*,#328,.T.);
#3558=ORIENTED_EDGE('',*,*,#323,.T.);
#3559=ORIENTED_EDGE('',*,*,#318,.T.);
#3560=ORIENTED_EDGE('',*,*,#313,.T.);
#3561=ORIENTED_EDGE('',*,*,#308,.T.);
#3562=ORIENTED_EDGE('',*,*,#303,.T.);
#3563=ORIENTED_EDGE('',*,*,#298,.T.);
#3564=ORIENTED_EDGE('',*,*,#293,.T.);
#3565=ORIENTED_EDGE('',*,*,#288,.T.);
#3566=ORIENTED_EDGE('',*,*,#283,.T.);
#3567=ORIENTED_EDGE('',*,*,#278,.T.);
#3568=ORIENTED_EDGE('',*,*,#273,.T.);
#3569=ORIENTED_EDGE('',*,*,#268,.T.);
#3570=ORIENTED_EDGE('',*,*,#263,.T.);
#3571=ORIENTED_EDGE('',*,*,#258,.T.);
#3572=ORIENTED_EDGE('',*,*,#253,.T.);
#3573=ORIENTED_EDGE('',*,*,#248,.T.);
#3574=ORIENTED_EDGE('',*,*,#243,.T.);
#3575=ORIENTED_EDGE('',*,*,#238,.T.);
#3576=ORIENTED_EDGE('',*,*,#233,.T.);
#3577=ORIENTED_EDGE('',*,*,#228,.T.);
#3578=ORIENTED_EDGE('',*,*,#223,.T.);
#3579=ORIENTED_EDGE('',*,*,#218,.T.);
#3580=ORIENTED_EDGE('',*,*,#213,.T.);
#3581=ORIENTED_EDGE('',*,*,#208,.T.);
#3582=ORIENTED_EDGE('',*,*,#203,.T.);
#3583=ORIENTED_EDGE('',*,*,#198,.T.);
#3584=ORIENTED_EDGE('',*,*,#193,.T.);
#3585=ORIENTED_EDGE('',*,*,#188,.T.);
#3586=ORIENTED_EDGE('',*,*,#183,.T.);
#3587=ORIENTED_EDGE('',*,*,#178,.T.);
#3588=ORIENTED_EDGE('',*,*,#173,.T.);
#3589=ORIENTED_EDGE('',*,*,#168,.T.);
#3590=ORIENTED_EDGE('',*,*,#163,.T.);
#3591=ORIENTED_EDGE('',*,*,#158,.T.);
#3592=ORIENTED_EDGE('',*,*,#153,.T.);
#3593=EDGE_LOOP('',(#3525,#3526,#3527,#3528,#3529,#3530,#3531,#3532,#3533,#3534,#3535,#3536,#3537,#3538,#3539,#3540,#3541,#3542,#3543,#3544,#3545,#3546,#3547,#3548,#3549,#3550,#3551,#3552,#3553,#3554,#3555,#3556,#3557,#3558,#3559,#3560,#3561,#3562,#3563,#3564,#3565,#3566,#3567,#3568,#3569,#3570,#3571,#3572,#3573,#3574,#3575,#3576,#3577,#3578,#3579,#3580,#3581,#3582,#3583,#3584,#3585,#3586,#3587,#3588,#3589,#3590,#3591,#3592));
#3594=ORIENTED_EDGE('',*,*,#1343,.F.);
#3595=ORIENTED_EDGE('',*,*,#1676,.F.);
#3596=ORIENTED_EDGE('',*,*,#1673,.F.);
#3597=ORIENTED_EDGE('',*,*,#1668,.F.);
#3598=ORIENTED_EDGE('',*,*,#1663,.F.);
#3599=ORIENTED_EDGE('',*,*,#1658,.F.);
#3600=ORIENTED_EDGE('',*,*,#1653,.F.);
#3601=ORIENTED_EDGE('',*,*,#1648,.F.);
#3602=ORIENTED_EDGE('',*,*,#1643,.F.);
#3603=ORIENTED_EDGE('',*,*,#1638,.F.);
#3604=ORIENTED_EDGE('',*,*,#1633,.F.);
#3605=ORIENTED_EDGE('',*,*,#1628,.F.);
#3606=ORIENTED_EDGE('',*,*,#1623,.F.);
#3607=ORIENTED_EDGE('',*,*,#1618,.F.);
#3608=ORIENTED_EDGE('',*,*,#1613,.F.);
#3609=ORIENTED_EDGE('',*,*,#1608,.F.);
#3610=ORIENTED_EDGE('',*,*,#1603,.F.);
#3611=ORIENTED_EDGE('',*,*,#1598,.F.);
#3612=ORIENTED_EDGE('',*,*,#1593,.F.);
#3613=ORIENTED_EDGE('',*,*,#1588,.F.);
#3614=ORIENTED_EDGE('',*,*,#1583,.F.);
#3615=ORIENTED_EDGE('',*,*,#1578,.F.);
#3616=ORIENTED_EDGE('',*,*,#1573,.F.);
#3617=ORIENTED_EDGE('',*,*,#1568,.F.);
#3618=ORIENTED_EDGE('',*,*,#1563,.F.);
#3619=ORIENTED_EDGE('',*,*,#1558,.F.);
#3620=ORIENTED_EDGE('',*,*,#1553,.F.);
#3621=ORIENTED_EDGE('',*,*,#1548,.F.);
#3622=ORIENTED_EDGE('',*,*,#1543,.F.);
#3623=ORIENTED_EDGE('',*,*,#1538,.F.);
#3624=ORIENTED_EDGE('',*,*,#1533,.F.);
#3625=ORIENTED_EDGE('',*,*,#1528,.F.);
#3626=ORIENTED_EDGE('',*,*,#1523,.F.);
#3627=ORIENTED_EDGE('',*,*,#1518,.F.);
#3628=ORIENTED_EDGE('',*,*,#1513,.F.);
#3629=ORIENTED_EDGE('',*,*,#1508,.F.);
#3630=ORIENTED_EDGE('',*,*,#1503,.F.);
#3631=ORIENTED_EDGE('',*,*,#1498,.F.);
#3632=ORIENTED_EDGE('',*,*,#1493,.F.);
#3633=ORIENTED_EDGE('',*,*,#1488,.F.);
#3634=ORIENTED_EDGE('',*,*,#1483,.F.);
#3635=ORIENTED_EDGE('',*,*,#1478,.F.);
#3636=ORIENTED_EDGE('',*,*,#1473,.F.);
#3637=ORIENTED_EDGE('',*,*,#1468,.F.);
#3638=ORIENTED_EDGE('',*,*,#1463,.F.);
#3639=ORIENTED_EDGE('',*,*,#1458,.F.);
#3640=ORIENTED_EDGE('',*,*,#1453,.F.);
#3641=ORIENTED_EDGE('',*,*,#1448,.F.);
#3642=ORIENTED_EDGE('',*,*,#1443,.F.);
#3643=ORIENTED_EDGE('',*,*,#1438,.F.);
#3644=ORIENTED_EDGE('',*,*,#1433,.F.);
#3645=ORIENTED_EDGE('',*,*,#1428,.F.);
#3646=ORIENTED_EDGE('',*,*,#1423,.F.);
#3647=ORIENTED_EDGE('',*,*,#1418,.F.);
#3648=ORIENTED_EDGE('',*,*,#1413,.F.);
#3649=ORIENTED_EDGE('',*,*,#1408,.F.);
#3650=ORIENTED_EDGE('',*,*,#1403,.F.);
#3651=ORIENTED_EDGE('',*,*,#1398,.F.);
#3652=ORIENTED_EDGE('',*,*,#1393,.F.);
#3653=ORIENTED_EDGE('',*,*,#1388,.F.);
#3654=ORIENTED_EDGE('',*,*,#1383,.F.);
#3655=ORIENTED_EDGE('',*,*,#1378,.F.);
#3656=ORIENTED_EDGE('',*,*,#1373,.F.);
#3657=ORIENTED_EDGE('',*,*,#1368,.F.);
#3658=ORIENTED_EDGE('',*,*,#1363,.F.);
#3659=ORIENTED_EDGE('',*,*,#1358,.F.);
#3660=ORIENTED_EDGE('',*,*,#1353,.F.);
#3661=ORIENTED_EDGE('',*,*,#1348,.F.);
#3662=EDGE_LOOP('',(#3594,#3595,#3596,#3597,#3598,#3599,#3600,#3601,#3602,#3603,#3604,#3605,#3606,#3607,#3608,#3609,#3610,#3611,#3612,#3613,#3614,#3615,#3616,#3617,#3618,#3619,#3620,#3621,#3622,#3623,#3624,#3625,#3626,#3627,#3628,#3629,#3630,#3631,#3632,#3633,#3634,#3635,#3636,#3637,#3638,#3639,#3640,#3641,#3642,#3643,#3644,#3645,#3646,#3647,#3648,#3649,#3650,#3651,#3652,#3653,#3654,#3655,#3656,#3657,#3658,#3659,#3660,#3661));
#3663=FACE_BOUND('',#3593,.T.);
#3664=FACE_BOUND('',#3662,.T.);
#3665=ADVANCED_FACE('',(#3663,#3664),#3524,.F.);
#3666=CARTESIAN_POINT('',(-1.445369130740,0.894934676892,0.000000000000));
#3667=AXIS2_PLACEMENT_3D('',#3666,#655,#647);
#3668=PLANE('',#3667);
#3669=ORIENTED_EDGE('',*,*,#1089,.F.);
#3670=CARTESIAN_POINT('',(-1.405886718525,0.958700962071,0.000000000000));
#3671=LINE('',#3670,#27);
#3672=EDGE_CURVE('',#1079,#1923,#3671,.T.);
#3673=ORIENTED_EDGE('',*,*,#3672,.T.);
#3674=ORIENTED_EDGE('',*,*,#1926,.F.);
#3675=CARTESIAN_POINT('',(-1.484851542956,0.831168391712,0.000000000000));
#3676=LINE('',#3675,#12);
#3677=EDGE_CURVE('',#1917,#1084,#3676,.T.);
#3678=ORIENTED_EDGE('',*,*,#3677,.T.);
#3679=EDGE_LOOP('',(#3669,#3673,#3674,#3678));
#3680=FACE_OUTER_BOUND('',#3679,.T.);
#3681=ADVANCED_FACE('',(#3680),#3668,.T.);
#3682=CARTESIAN_POINT('',(-0.039482412216,-0.063766285180,0.000000000000));
#3683=AXIS2_PLACEMENT_3D('',#3682,#1086,#655);
#3684=PLANE('',#3683);
#3685=ORIENTED_EDGE('',*,*,#1094,.F.);
#3686=ORIENTED_EDGE('',*,*,#3677,.F.);
#3687=ORIENTED_EDGE('',*,*,#1920,.F.);
#3688=ORIENTED_EDGE('',*,*,#3001,.T.);
#3689=EDGE_LOOP('',(#3685,#3686,#3687,#3688));
#3690=ORIENTED_EDGE('',*,*,#642,.F.);
#3691=ORIENTED_EDGE('',*,*,#3044,.F.);
#3692=ORIENTED_EDGE('',*,*,#2287,.F.);
#3693=CARTESIAN_POINT('',(1.405886718525,-0.958700962071,0.000000000000));
#3694=LINE('',#3693,#12);
#3695=EDGE_CURVE('',#2279,#637,#3694,.T.);
#3696=ORIENTED_EDGE('',*,*,#3695,.T.);
#3697=EDGE_LOOP('',(#3690,#3691,#3692,#3696));
#3698=FACE_OUTER_BOUND('',#3689,.T.);
#3699=ADVANCED_FACE('',(#3698),#3684,.T.);
#3700=FACE_OUTER_BOUND('',#3697,.T.);
#3701=ADVANCED_FACE('',(#3700),#3684,.T.);
#3702=CARTESIAN_POINT('',(0.039482412216,0.063766285180,0.000000000000));
#3703=AXIS2_PLACEMENT_3D('',#3702,#647,#639);
#3704=PLANE('',#3703);
#3705=ORIENTED_EDGE('',*,*,#658,.F.);
#3706=CARTESIAN_POINT('',(1.484851542956,-0.831168391712,0.000000000000));
#3707=LINE('',#3706,#27);
#3708=EDGE_CURVE('',#645,#2274,#3707,.T.);
#3709=ORIENTED_EDGE('',*,*,#3708,.T.);
#3710=ORIENTED_EDGE('',*,*,#2276,.F.);
#3711=ORIENTED_EDGE('',*,*,#2982,.T.);
#3712=EDGE_LOOP('',(#3705,#3709,#3710,#3711));
#3713=ORIENTED_EDGE('',*,*,#1081,.F.);
#3714=ORIENTED_EDGE('',*,*,#2839,.F.);
#3715=ORIENTED_EDGE('',*,*,#1932,.F.);
#3716=ORIENTED_EDGE('',*,*,#3672,.F.);
#3717=EDGE_LOOP('',(#3713,#3714,#3715,#3716));
#3718=FACE_OUTER_BOUND('',#3712,.T.);
#3719=ADVANCED_FACE('',(#3718),#3704,.T.);
#3720=FACE_OUTER_BOUND('',#3717,.T.);
#3721=ADVANCED_FACE('',(#3720),#3704,.T.);
#3722=CARTESIAN_POINT('',(1.671054269463,-0.312374180288,0.000000000000));
#3723=AXIS2_PLACEMENT_3D('',#3722,#697,#1132);
#3724=PLANE('',#3723);
#3725=ORIENTED_EDGE('',*,*,#708,.F.);
#3726=ORIENTED_EDGE('',*,*,#3497,.F.);
#3727=ORIENTED_EDGE('',*,*,#2240,.F.);
#3728=ORIENTED_EDGE('',*,*,#3515,.F.);
#3729=EDGE_LOOP('',(#3725,#3726,#3727,#3728));
#3730=FACE_OUTER_BOUND('',#3729,.T.);
#3731=ADVANCED_FACE('',(#3730),#3724,.T.);
#3732=CARTESIAN_POINT('',(-1.671054269463,-0.312374180288,0.000000000000));
#3733=AXIS2_PLACEMENT_3D('',#3732,#770,#762);
#3734=PLANE('',#3733);
#3735=ORIENTED_EDGE('',*,*,#1181,.F.);
#3736=ORIENTED_EDGE('',*,*,#3207,.F.);
#3737=ORIENTED_EDGE('',*,*,#1834,.F.);
#3738=ORIENTED_EDGE('',*,*,#3220,.F.);
#3739=EDGE_LOOP('',(#3735,#3736,#3737,#3738));
#3740=FACE_OUTER_BOUND('',#3739,.T.);
#3741=ADVANCED_FACE('',(#3740),#3734,.T.);
#3742=CARTESIAN_POINT('',(1.024478881845,-1.356629286376,0.000000000000));
#3743=AXIS2_PLACEMENT_3D('',#3742,#581,#1040);
#3744=PLANE('',#3743);
#3745=ORIENTED_EDGE('',*,*,#592,.F.);
#3746=CARTESIAN_POINT('',(0.964627589799,-1.401826884105,0.000000000000));
#3747=LINE('',#3746,#27);
#3748=EDGE_CURVE('',#579,#2321,#3747,.T.);
#3749=ORIENTED_EDGE('',*,*,#3748,.T.);
#3750=ORIENTED_EDGE('',*,*,#2324,.F.);
#3751=CARTESIAN_POINT('',(1.084330173891,-1.311431688648,0.000000000000));
#3752=LINE('',#3751,#12);
#3753=EDGE_CURVE('',#2316,#587,#3752,.T.);
#3754=ORIENTED_EDGE('',*,*,#3753,.T.);
#3755=EDGE_LOOP('',(#3745,#3749,#3750,#3754));
#3756=FACE_OUTER_BOUND('',#3755,.T.);
#3757=ADVANCED_FACE('',(#3756),#3744,.T.);
#3758=CARTESIAN_POINT('',(0.059851292046,0.045197597728,0.000000000000));
#3759=AXIS2_PLACEMENT_3D('',#3758,#589,#581);
#3760=PLANE('',#3759);
#3761=ORIENTED_EDGE('',*,*,#1035,.F.);
#3762=ORIENTED_EDGE('',*,*,#3017,.F.);
#3763=ORIENTED_EDGE('',*,*,#1978,.F.);
#3764=CARTESIAN_POINT('',(-0.964627589799,1.401826884105,0.000000000000));
#3765=LINE('',#3764,#12);
#3766=EDGE_CURVE('',#1969,#1033,#3765,.T.);
#3767=ORIENTED_EDGE('',*,*,#3766,.T.);
#3768=EDGE_LOOP('',(#3761,#3762,#3763,#3767));
#3769=ORIENTED_EDGE('',*,*,#600,.F.);
#3770=ORIENTED_EDGE('',*,*,#3753,.F.);
#3771=ORIENTED_EDGE('',*,*,#2318,.F.);
#3772=ORIENTED_EDGE('',*,*,#2823,.T.);
#3773=EDGE_LOOP('',(#3769,#3770,#3771,#3772));
#3774=FACE_OUTER_BOUND('',#3768,.T.);
#3775=ADVANCED_FACE('',(#3774),#3760,.T.);
#3776=FACE_OUTER_BOUND('',#3773,.T.);
#3777=ADVANCED_FACE('',(#3776),#3760,.T.);
#3778=CARTESIAN_POINT('',(-0.059851292046,-0.045197597728,0.000000000000));
#3779=AXIS2_PLACEMENT_3D('',#3778,#1040,#597);
#3780=PLANE('',#3779);
#3781=ORIENTED_EDGE('',*,*,#1048,.F.);
#3782=CARTESIAN_POINT('',(-1.084330173891,1.311431688648,0.000000000000));
#3783=LINE('',#3782,#27);
#3784=EDGE_CURVE('',#1038,#1963,#3783,.T.);
#3785=ORIENTED_EDGE('',*,*,#3784,.T.);
#3786=ORIENTED_EDGE('',*,*,#1966,.F.);
#3787=ORIENTED_EDGE('',*,*,#2944,.T.);
#3788=EDGE_LOOP('',(#3781,#3785,#3786,#3787));
#3789=ORIENTED_EDGE('',*,*,#584,.F.);
#3790=ORIENTED_EDGE('',*,*,#2968,.F.);
#3791=ORIENTED_EDGE('',*,*,#2329,.F.);
#3792=ORIENTED_EDGE('',*,*,#3748,.F.);
#3793=EDGE_LOOP('',(#3789,#3790,#3791,#3792));
#3794=FACE_OUTER_BOUND('',#3788,.T.);
#3795=ADVANCED_FACE('',(#3794),#3780,.T.);
#3796=FACE_OUTER_BOUND('',#3793,.T.);
#3797=ADVANCED_FACE('',(#3796),#3780,.T.);
#3798=CARTESIAN_POINT('',(-1.256315159275,1.145282594199,0.000000000000));
#3799=AXIS2_PLACEMENT_3D('',#3798,#626,#618);
#3800=PLANE('',#3799);
#3801=ORIENTED_EDGE('',*,*,#1066,.F.);
#3802=CARTESIAN_POINT('',(-1.205787986002,1.200708262991,0.000000000000));
#3803=LINE('',#3802,#27);
#3804=EDGE_CURVE('',#1056,#1946,#3803,.T.);
#3805=ORIENTED_EDGE('',*,*,#3804,.T.);
#3806=ORIENTED_EDGE('',*,*,#1949,.F.);
#3807=CARTESIAN_POINT('',(-1.306842332549,1.089856925408,0.000000000000));
#3808=LINE('',#3807,#12);
#3809=EDGE_CURVE('',#1940,#1061,#3808,.T.);
#3810=ORIENTED_EDGE('',*,*,#3809,.T.);
#3811=EDGE_LOOP('',(#3801,#3805,#3806,#3810));
#3812=FACE_OUTER_BOUND('',#3811,.T.);
#3813=ADVANCED_FACE('',(#3812),#3800,.T.);
#3814=CARTESIAN_POINT('',(-0.050527173273,-0.055425668792,0.000000000000));
#3815=AXIS2_PLACEMENT_3D('',#3814,#1063,#626);
#3816=PLANE('',#3815);
#3817=ORIENTED_EDGE('',*,*,#1071,.F.);
#3818=ORIENTED_EDGE('',*,*,#3809,.F.);
#3819=ORIENTED_EDGE('',*,*,#1943,.F.);
#3820=ORIENTED_EDGE('',*,*,#2834,.T.);
#3821=EDGE_LOOP('',(#3817,#3818,#3819,#3820));
#3822=ORIENTED_EDGE('',*,*,#613,.F.);
#3823=ORIENTED_EDGE('',*,*,#2828,.F.);
#3824=ORIENTED_EDGE('',*,*,#2308,.F.);
#3825=CARTESIAN_POINT('',(1.205787986002,-1.200708262991,0.000000000000));
#3826=LINE('',#3825,#12);
#3827=EDGE_CURVE('',#2300,#608,#3826,.T.);
#3828=ORIENTED_EDGE('',*,*,#3827,.T.);
#3829=EDGE_LOOP('',(#3822,#3823,#3824,#3828));
#3830=FACE_OUTER_BOUND('',#3821,.T.);
#3831=ADVANCED_FACE('',(#3830),#3816,.T.);
#3832=FACE_OUTER_BOUND('',#3829,.T.);
#3833=ADVANCED_FACE('',(#3832),#3816,.T.);
#3834=CARTESIAN_POINT('',(0.050527173273,0.055425668792,0.000000000000));
#3835=AXIS2_PLACEMENT_3D('',#3834,#618,#610);
#3836=PLANE('',#3835);
#3837=ORIENTED_EDGE('',*,*,#1058,.F.);
#3838=ORIENTED_EDGE('',*,*,#2949,.F.);
#3839=ORIENTED_EDGE('',*,*,#1955,.F.);
#3840=ORIENTED_EDGE('',*,*,#3804,.F.);
#3841=EDGE_LOOP('',(#3837,#3838,#3839,#3840));
#3842=ORIENTED_EDGE('',*,*,#629,.F.);
#3843=CARTESIAN_POINT('',(1.306842332549,-1.089856925408,0.000000000000));
#3844=LINE('',#3843,#27);
#3845=EDGE_CURVE('',#616,#2295,#3844,.T.);
#3846=ORIENTED_EDGE('',*,*,#3845,.T.);
#3847=ORIENTED_EDGE('',*,*,#2297,.F.);
#3848=ORIENTED_EDGE('',*,*,#3039,.T.);
#3849=EDGE_LOOP('',(#3842,#3846,#3847,#3848));
#3850=FACE_OUTER_BOUND('',#3841,.T.);
#3851=ADVANCED_FACE('',(#3850),#3836,.T.);
#3852=FACE_OUTER_BOUND('',#3849,.T.);
#3853=ADVANCED_FACE('',(#3852),#3836,.T.);
#3854=CARTESIAN_POINT('',(1.445369130740,-0.894934676892,0.000000000000));
#3855=AXIS2_PLACEMENT_3D('',#3854,#639,#1086);
#3856=PLANE('',#3855);
#3857=ORIENTED_EDGE('',*,*,#650,.F.);
#3858=ORIENTED_EDGE('',*,*,#3695,.F.);
#3859=ORIENTED_EDGE('',*,*,#2282,.F.);
#3860=ORIENTED_EDGE('',*,*,#3708,.F.);
#3861=EDGE_LOOP('',(#3857,#3858,#3859,#3860));
#3862=FACE_OUTER_BOUND('',#3861,.T.);
#3863=ADVANCED_FACE('',(#3862),#3856,.T.);
#3864=CARTESIAN_POINT('',(1.256315159275,1.145282594199,0.000000000000));
#3865=AXIS2_PLACEMENT_3D('',#3864,#841,#1247);
#3866=PLANE('',#3865);
#3867=ORIENTED_EDGE('',*,*,#852,.F.);
#3868=ORIENTED_EDGE('',*,*,#2565,.F.);
#3869=ORIENTED_EDGE('',*,*,#2135,.F.);
#3870=ORIENTED_EDGE('',*,*,#2594,.F.);
#3871=EDGE_LOOP('',(#3867,#3868,#3869,#3870));
#3872=FACE_OUTER_BOUND('',#3871,.T.);
#3873=ADVANCED_FACE('',(#3872),#3866,.T.);
#3874=CARTESIAN_POINT('',(-0.156856211088,1.692748099702,0.000000000000));
#3875=AXIS2_PLACEMENT_3D('',#3874,#510,#502);
#3876=PLANE('',#3875);
#3877=ORIENTED_EDGE('',*,*,#974,.F.);
#3878=ORIENTED_EDGE('',*,*,#3329,.F.);
#3879=ORIENTED_EDGE('',*,*,#2041,.F.);
#3880=ORIENTED_EDGE('',*,*,#3342,.F.);
#3881=EDGE_LOOP('',(#3877,#3878,#3879,#3880));
#3882=FACE_OUTER_BOUND('',#3881,.T.);
#3883=ADVANCED_FACE('',(#3882),#3876,.T.);
#3884=CARTESIAN_POINT('',(0.757755204820,-1.521777595304,0.000000000000));
#3885=AXIS2_PLACEMENT_3D('',#3884,#552,#1017);
#3886=PLANE('',#3885);
#3887=ORIENTED_EDGE('',*,*,#563,.F.);
#3888=CARTESIAN_POINT('',(0.690617957968,-1.555207971987,0.000000000000));
#3889=LINE('',#3888,#27);
#3890=EDGE_CURVE('',#550,#2342,#3889,.T.);
#3891=ORIENTED_EDGE('',*,*,#3890,.T.);
#3892=ORIENTED_EDGE('',*,*,#2345,.F.);
#3893=CARTESIAN_POINT('',(0.824892451672,-1.488347218620,0.000000000000));
#3894=LINE('',#3893,#12);
#3895=EDGE_CURVE('',#2337,#558,#3894,.T.);
#3896=ORIENTED_EDGE('',*,*,#3895,.T.);
#3897=EDGE_LOOP('',(#3887,#3891,#3892,#3896));
#3898=FACE_OUTER_BOUND('',#3897,.T.);
#3899=ADVANCED_FACE('',(#3898),#3886,.T.);
#3900=CARTESIAN_POINT('',(0.067137246852,0.033430376683,0.000000000000));
#3901=AXIS2_PLACEMENT_3D('',#3900,#560,#552);
#3902=PLANE('',#3901);
#3903=ORIENTED_EDGE('',*,*,#571,.F.);
#3904=ORIENTED_EDGE('',*,*,#3895,.F.);
#3905=ORIENTED_EDGE('',*,*,#2339,.F.);
#3906=ORIENTED_EDGE('',*,*,#2963,.T.);
#3907=EDGE_LOOP('',(#3903,#3904,#3905,#3906));
#3908=ORIENTED_EDGE('',*,*,#1012,.F.);
#3909=ORIENTED_EDGE('',*,*,#2812,.F.);
#3910=ORIENTED_EDGE('',*,*,#2001,.F.);
#3911=CARTESIAN_POINT('',(-0.690617957968,1.555207971987,0.000000000000));
#3912=LINE('',#3911,#12);
#3913=EDGE_CURVE('',#1992,#1010,#3912,.T.);
#3914=ORIENTED_EDGE('',*,*,#3913,.T.);
#3915=EDGE_LOOP('',(#3908,#3909,#3910,#3914));
#3916=FACE_OUTER_BOUND('',#3907,.T.);
#3917=ADVANCED_FACE('',(#3916),#3902,.T.);
#3918=FACE_OUTER_BOUND('',#3915,.T.);
#3919=ADVANCED_FACE('',(#3918),#3902,.T.);
#3920=CARTESIAN_POINT('',(-0.067137246852,-0.033430376683,0.000000000000));
#3921=AXIS2_PLACEMENT_3D('',#3920,#1017,#568);
#3922=PLANE('',#3921);
#3923=ORIENTED_EDGE('',*,*,#1025,.F.);
#3924=CARTESIAN_POINT('',(-0.824892451672,1.488347218620,0.000000000000));
#3925=LINE('',#3924,#27);
#3926=EDGE_CURVE('',#1015,#1986,#3925,.T.);
#3927=ORIENTED_EDGE('',*,*,#3926,.T.);
#3928=ORIENTED_EDGE('',*,*,#1989,.F.);
#3929=ORIENTED_EDGE('',*,*,#3012,.T.);
#3930=EDGE_LOOP('',(#3923,#3927,#3928,#3929));
#3931=ORIENTED_EDGE('',*,*,#555,.F.);
#3932=ORIENTED_EDGE('',*,*,#3025,.F.);
#3933=ORIENTED_EDGE('',*,*,#2350,.F.);
#3934=ORIENTED_EDGE('',*,*,#3890,.F.);
#3935=EDGE_LOOP('',(#3931,#3932,#3933,#3934));
#3936=FACE_OUTER_BOUND('',#3930,.T.);
#3937=ADVANCED_FACE('',(#3936),#3922,.T.);
#3938=FACE_OUTER_BOUND('',#3935,.T.);
#3939=ADVANCED_FACE('',(#3938),#3922,.T.);
#3940=CARTESIAN_POINT('',(1.256315159275,-1.145282594199,0.000000000000));
#3941=AXIS2_PLACEMENT_3D('',#3940,#610,#1063);
#3942=PLANE('',#3941);
#3943=ORIENTED_EDGE('',*,*,#621,.F.);
#3944=ORIENTED_EDGE('',*,*,#3827,.F.);
#3945=ORIENTED_EDGE('',*,*,#2303,.F.);
#3946=ORIENTED_EDGE('',*,*,#3845,.F.);
#3947=EDGE_LOOP('',(#3943,#3944,#3945,#3946));
#3948=FACE_OUTER_BOUND('',#3947,.T.);
#3949=ADVANCED_FACE('',(#3948),#3942,.T.);
#3950=CARTESIAN_POINT('',(-0.757755204820,1.521777595304,0.000000000000));
#3951=AXIS2_PLACEMENT_3D('',#3950,#568,#560);
#3952=PLANE('',#3951);
#3953=ORIENTED_EDGE('',*,*,#1020,.F.);
#3954=ORIENTED_EDGE('',*,*,#3913,.F.);
#3955=ORIENTED_EDGE('',*,*,#1995,.F.);
#3956=ORIENTED_EDGE('',*,*,#3926,.F.);
#3957=EDGE_LOOP('',(#3953,#3954,#3955,#3956));
#3958=FACE_OUTER_BOUND('',#3957,.T.);
#3959=ADVANCED_FACE('',(#3958),#3952,.T.);
#3960=CARTESIAN_POINT('',(1.585202789987,-0.614110832518,0.000000000000));
#3961=AXIS2_PLACEMENT_3D('',#3960,#668,#1109);
#3962=PLANE('',#3961);
#3963=ORIENTED_EDGE('',*,*,#679,.F.);
#3964=ORIENTED_EDGE('',*,*,#3436,.F.);
#3965=ORIENTED_EDGE('',*,*,#2261,.F.);
#3966=ORIENTED_EDGE('',*,*,#3459,.F.);
#3967=EDGE_LOOP('',(#3963,#3964,#3965,#3966));
#3968=FACE_OUTER_BOUND('',#3967,.T.);
#3969=ADVANCED_FACE('',(#3968),#3962,.T.);
#3970=CARTESIAN_POINT('',(-1.445369130740,-0.894934676892,0.000000000000));
#3971=AXIS2_PLACEMENT_3D('',#3970,#828,#820);
#3972=PLANE('',#3971);
#3973=ORIENTED_EDGE('',*,*,#1227,.F.);
#3974=ORIENTED_EDGE('',*,*,#3141,.F.);
#3975=ORIENTED_EDGE('',*,*,#1788,.F.);
#3976=ORIENTED_EDGE('',*,*,#3159,.F.);
#3977=EDGE_LOOP('',(#3973,#3974,#3975,#3976));
#3978=FACE_OUTER_BOUND('',#3977,.T.);
#3979=ADVANCED_FACE('',(#3978),#3972,.T.);
#3980=CARTESIAN_POINT('',(-0.757755204820,-1.521777595304,0.000000000000));
#3981=AXIS2_PLACEMENT_3D('',#3980,#915,#907);
#3982=PLANE('',#3981);
#3983=ORIENTED_EDGE('',*,*,#1296,.F.);
#3984=ORIENTED_EDGE('',*,*,#3380,.F.);
#3985=ORIENTED_EDGE('',*,*,#1719,.F.);
#3986=ORIENTED_EDGE('',*,*,#3398,.F.);
#3987=EDGE_LOOP('',(#3983,#3984,#3985,#3986));
#3988=FACE_OUTER_BOUND('',#3987,.T.);
#3989=ADVANCED_FACE('',(#3988),#3982,.T.);
#3990=CARTESIAN_POINT('',(-1.024478881845,1.356629286376,0.000000000000));
#3991=AXIS2_PLACEMENT_3D('',#3990,#597,#589);
#3992=PLANE('',#3991);
#3993=ORIENTED_EDGE('',*,*,#1043,.F.);
#3994=ORIENTED_EDGE('',*,*,#3766,.F.);
#3995=ORIENTED_EDGE('',*,*,#1972,.F.);
#3996=ORIENTED_EDGE('',*,*,#3784,.F.);
#3997=EDGE_LOOP('',(#3993,#3994,#3995,#3996));
#3998=FACE_OUTER_BOUND('',#3997,.T.);
#3999=ADVANCED_FACE('',(#3998),#3992,.T.);
#4000=CARTESIAN_POINT('',(-0.465227083123,-1.635103593394,0.000000000000));
#4001=AXIS2_PLACEMENT_3D('',#4000,#944,#936);
#4002=PLANE('',#4001);
#4003=ORIENTED_EDGE('',*,*,#1319,.F.);
#4004=ORIENTED_EDGE('',*,*,#3273,.F.);
#4005=ORIENTED_EDGE('',*,*,#1696,.F.);
#4006=ORIENTED_EDGE('',*,*,#3286,.F.);
#4007=EDGE_LOOP('',(#4003,#4004,#4005,#4006));
#4008=FACE_OUTER_BOUND('',#4007,.T.);
#4009=ADVANCED_FACE('',(#4008),#4002,.T.);
#4010=CLOSED_SHELL('',(#39,#88,#90,#136,#138,#1333,#2401,#2417,#2441,#2443,#2467,#2469,#2485,#2509,#2511,#2535,#2537,#2553,#2577,#2579,#2603,#2605,#2621,#2645,#2647,#2671,#2673,#2689,#2713,#2715,#2739,#2741,#3081,#3091,#3101,#3111,#3127,#3145,#3147,#3165,#3167,#3177,#3193,#3211,#3213,#3231,#3233,#3243,#3259,#3277,#3279,#3297,#3299,#3315,#3333,#3335,#3353,#3355,#3371,#3389,#3391,#3409,#3411,#3427,#3445,#3447,#3465,#3467,#3483,#3501,#3503,#3521,#3523,#3665,#3681,#3699,#3701,#3719,#3721,#3731,#3741,#3757,#3775,#3777,#3795,#3797,#3813,#3831,#3833,#3851,#3853,#3863,#3873,#3883,#3899,#3917,#3919,#3937,#3939,#3949,#3959,#3969,#3979,#3989,#3999,#4009));
#4011=MANIFOLD_SOLID_BREP('automatic_winding',#4010);
#4012=APPLICATION_CONTEXT('core data for automotive mechanical design processes');
#4013=APPLICATION_PROTOCOL_DEFINITION('international standard','automotive_design',2000,#4012);
#4014=PRODUCT_CONTEXT('',#4012,'mechanical');
#4015=PRODUCT('automatic_winding','automatic_winding','',(#4014));
#4016=PRODUCT_DEFINITION_FORMATION('','',#4015);
#4017=PRODUCT_DEFINITION_CONTEXT('part definition',#4012,'design');
#4018=PRODUCT_DEFINITION('','',#4016,#4017);
#4019=PRODUCT_DEFINITION_SHAPE('','',#4018);
#4020=(LENGTH_UNIT()NAMED_UNIT(*)SI_UNIT(.MILLI.,.METRE.));
#4021=(NAMED_UNIT(*)PLANE_ANGLE_UNIT()SI_UNIT($,.RADIAN.));
#4022=(NAMED_UNIT(*)SI_UNIT($,.STERADIAN.)SOLID_ANGLE_UNIT());
#4023=UNCERTAINTY_MEASURE_WITH_UNIT(LENGTH_MEASURE(1.E-07),#4020,'distance_accuracy_value','');
#4024=(GEOMETRIC_REPRESENTATION_CONTEXT(3)GLOBAL_UNCERTAINTY_ASSIGNED_CONTEXT((#4023))GLOBAL_UNIT_ASSIGNED_CONTEXT((#4020,#4021,#4022))REPRESENTATION_CONTEXT('',''));
#4025=ADVANCED_BREP_SHAPE_REPRESENTATION('',(#4011),#4024);
#4026=SHAPE_DEFINITION_REPRESENTATION(#4019,#4025);
ENDSEC;
END-ISO-10303-21;
