ISO-10303-21;
HEADER;
FILE_DESCRIPTION(('58 face(s), 544 edge(s), 442 vertex/vertices confirmed by cade at n=192, half-extent 3.000000000000'),'2;1');
FILE_NAME('dial_side.step','2026-08-23T00:00:00',('cade'),('cade'),'cade 0.1.0','cade','');
FILE_SCHEMA(('AUTOMOTIVE_DESIGN { 1 0 10303 214 1 1 1 1 }'));
ENDSEC;
DATA;
#1=CARTESIAN_POINT('',(-1.931851652578,0.517638090205,0.000000000000));
#2=DIRECTION('',(-0.965925826289,0.258819045103,0.000000000000));
#3=DIRECTION('',(0.258819045103,0.965925826289,0.000000000000));
#4=AXIS2_PLACEMENT_3D('',#1,#2,#3);
#5=PLANE('',#4);
#6=CARTESIAN_POINT('',(-1.955145366637,0.430704765839,-0.140000000000));
#7=VERTEX_POINT('',#6);
#8=CARTESIAN_POINT('',(-1.955145366637,0.430704765839,0.130000000000));
#9=VERTEX_POINT('',#8);
#10=CARTESIAN_POINT('',(-1.955145366637,0.430704765839,0.000000000000));
#11=DIRECTION('',(0.000000000000,0.000000000000,1.000000000000));
#12=VECTOR('',#11,1.0);
#13=LINE('',#10,#12);
#14=EDGE_CURVE('',#7,#9,#13,.T.);
#15=ORIENTED_EDGE('',*,*,#14,.T.);
#16=CARTESIAN_POINT('',(-1.955145366637,0.430704765839,0.140000000000));
#17=VERTEX_POINT('',#16);
#18=LINE('',#10,#12);
#19=EDGE_CURVE('',#9,#17,#18,.T.);
#20=ORIENTED_EDGE('',*,*,#19,.T.);
#21=CARTESIAN_POINT('',(-1.908557938519,0.604571414571,0.140000000000));
#22=VERTEX_POINT('',#21);
#23=CARTESIAN_POINT('',(-1.931851652578,0.517638090205,0.140000000000));
#24=VECTOR('',#3,1.0);
#25=LINE('',#23,#24);
#26=EDGE_CURVE('',#17,#22,#25,.T.);
#27=ORIENTED_EDGE('',*,*,#26,.T.);
#28=CARTESIAN_POINT('',(-1.908557938519,0.604571414571,0.130000000000));
#29=VERTEX_POINT('',#28);
#30=CARTESIAN_POINT('',(-1.908557938519,0.604571414571,0.000000000000));
#31=DIRECTION('',(0.000000000000,0.000000000000,-1.000000000000));
#32=VECTOR('',#31,1.0);
#33=LINE('',#30,#32);
#34=EDGE_CURVE('',#22,#29,#33,.T.);
#35=ORIENTED_EDGE('',*,*,#34,.T.);
#36=CARTESIAN_POINT('',(-1.908557938519,0.604571414571,-0.140000000000));
#37=VERTEX_POINT('',#36);
#38=LINE('',#30,#32);
#39=EDGE_CURVE('',#29,#37,#38,.T.);
#40=ORIENTED_EDGE('',*,*,#39,.T.);
#41=CARTESIAN_POINT('',(-1.931851652578,0.517638090205,-0.140000000000));
#42=DIRECTION('',(-0.258819045103,-0.965925826289,0.000000000000));
#43=VECTOR('',#42,1.0);
#44=LINE('',#41,#43);
#45=EDGE_CURVE('',#37,#7,#44,.T.);
#46=ORIENTED_EDGE('',*,*,#45,.T.);
#47=EDGE_LOOP('',(#15,#20,#27,#35,#40,#46));
#48=FACE_OUTER_BOUND('',#47,.T.);
#49=ADVANCED_FACE('',(#48),#5,.T.);
#50=CARTESIAN_POINT('',(-0.023293714059,-0.086933324366,0.000000000000));
#51=AXIS2_PLACEMENT_3D('',#50,#42,#2);
#52=PLANE('',#51);
#53=ORIENTED_EDGE('',*,*,#14,.F.);
#54=CARTESIAN_POINT('',(-1.817811292848,0.393906211674,-0.140000000000));
#55=VERTEX_POINT('',#54);
#56=CARTESIAN_POINT('',(-0.023293714059,-0.086933324366,-0.140000000000));
#57=DIRECTION('',(0.965925826289,-0.258819045103,0.000000000000));
#58=VECTOR('',#57,1.0);
#59=LINE('',#56,#58);
#60=EDGE_CURVE('',#7,#55,#59,.T.);
#61=ORIENTED_EDGE('',*,*,#60,.T.);
#62=CARTESIAN_POINT('',(-1.817811292848,0.393906211674,0.130000000000));
#63=VERTEX_POINT('',#62);
#64=CARTESIAN_POINT('',(-1.817811292848,0.393906211674,0.000000000000));
#65=LINE('',#64,#12);
#66=EDGE_CURVE('',#55,#63,#65,.T.);
#67=ORIENTED_EDGE('',*,*,#66,.T.);
#68=CARTESIAN_POINT('',(-1.817811292848,0.393906211674,0.140000000000));
#69=VERTEX_POINT('',#68);
#70=LINE('',#64,#12);
#71=EDGE_CURVE('',#63,#69,#70,.T.);
#72=ORIENTED_EDGE('',*,*,#71,.T.);
#73=CARTESIAN_POINT('',(-0.023293714059,-0.086933324366,0.140000000000));
#74=VECTOR('',#2,1.0);
#75=LINE('',#73,#74);
#76=EDGE_CURVE('',#69,#17,#75,.T.);
#77=ORIENTED_EDGE('',*,*,#76,.T.);
#78=ORIENTED_EDGE('',*,*,#19,.F.);
#79=EDGE_LOOP('',(#53,#61,#67,#72,#77,#78));
#80=CARTESIAN_POINT('',(1.908557938519,-0.604571414571,0.140000000000));
#81=VERTEX_POINT('',#80);
#82=CARTESIAN_POINT('',(1.771223864729,-0.567772860406,0.140000000000));
#83=VERTEX_POINT('',#82);
#84=LINE('',#73,#74);
#85=EDGE_CURVE('',#81,#83,#84,.T.);
#86=ORIENTED_EDGE('',*,*,#85,.T.);
#87=CARTESIAN_POINT('',(1.771223864729,-0.567772860406,0.130000000000));
#88=VERTEX_POINT('',#87);
#89=CARTESIAN_POINT('',(1.771223864729,-0.567772860406,0.000000000000));
#90=LINE('',#89,#12);
#91=EDGE_CURVE('',#88,#83,#90,.T.);
#92=ORIENTED_EDGE('',*,*,#91,.F.);
#93=CARTESIAN_POINT('',(1.771223864729,-0.567772860406,-0.140000000000));
#94=VERTEX_POINT('',#93);
#95=LINE('',#89,#12);
#96=EDGE_CURVE('',#94,#88,#95,.T.);
#97=ORIENTED_EDGE('',*,*,#96,.F.);
#98=CARTESIAN_POINT('',(1.908557938519,-0.604571414571,-0.140000000000));
#99=VERTEX_POINT('',#98);
#100=LINE('',#56,#58);
#101=EDGE_CURVE('',#94,#99,#100,.T.);
#102=ORIENTED_EDGE('',*,*,#101,.T.);
#103=CARTESIAN_POINT('',(1.908557938519,-0.604571414571,0.130000000000));
#104=VERTEX_POINT('',#103);
#105=CARTESIAN_POINT('',(1.908557938519,-0.604571414571,0.000000000000));
#106=LINE('',#105,#12);
#107=EDGE_CURVE('',#99,#104,#106,.T.);
#108=ORIENTED_EDGE('',*,*,#107,.T.);
#109=LINE('',#105,#12);
#110=EDGE_CURVE('',#104,#81,#109,.T.);
#111=ORIENTED_EDGE('',*,*,#110,.T.);
#112=EDGE_LOOP('',(#86,#92,#97,#102,#108,#111));
#113=FACE_OUTER_BOUND('',#79,.T.);
#114=ADVANCED_FACE('',(#113),#52,.T.);
#115=FACE_OUTER_BOUND('',#112,.T.);
#116=ADVANCED_FACE('',(#115),#52,.T.);
#117=CARTESIAN_POINT('',(0.023293714059,0.086933324366,0.000000000000));
#118=AXIS2_PLACEMENT_3D('',#117,#3,#57);
#119=PLANE('',#118);
#120=CARTESIAN_POINT('',(1.817811292848,-0.393906211674,0.140000000000));
#121=VERTEX_POINT('',#120);
#122=CARTESIAN_POINT('',(1.955145366637,-0.430704765839,0.140000000000));
#123=VERTEX_POINT('',#122);
#124=CARTESIAN_POINT('',(0.023293714059,0.086933324366,0.140000000000));
#125=LINE('',#124,#58);
#126=EDGE_CURVE('',#121,#123,#125,.T.);
#127=ORIENTED_EDGE('',*,*,#126,.T.);
#128=CARTESIAN_POINT('',(1.955145366637,-0.430704765839,0.130000000000));
#129=VERTEX_POINT('',#128);
#130=CARTESIAN_POINT('',(1.955145366637,-0.430704765839,0.000000000000));
#131=LINE('',#130,#32);
#132=EDGE_CURVE('',#123,#129,#131,.T.);
#133=ORIENTED_EDGE('',*,*,#132,.T.);
#134=CARTESIAN_POINT('',(1.955145366637,-0.430704765839,-0.140000000000));
#135=VERTEX_POINT('',#134);
#136=LINE('',#130,#32);
#137=EDGE_CURVE('',#129,#135,#136,.T.);
#138=ORIENTED_EDGE('',*,*,#137,.T.);
#139=CARTESIAN_POINT('',(1.817811292848,-0.393906211674,-0.140000000000));
#140=VERTEX_POINT('',#139);
#141=CARTESIAN_POINT('',(0.023293714059,0.086933324366,-0.140000000000));
#142=LINE('',#141,#74);
#143=EDGE_CURVE('',#135,#140,#142,.T.);
#144=ORIENTED_EDGE('',*,*,#143,.T.);
#145=CARTESIAN_POINT('',(1.817811292848,-0.393906211674,0.130000000000));
#146=VERTEX_POINT('',#145);
#147=CARTESIAN_POINT('',(1.817811292848,-0.393906211674,0.000000000000));
#148=LINE('',#147,#12);
#149=EDGE_CURVE('',#140,#146,#148,.T.);
#150=ORIENTED_EDGE('',*,*,#149,.T.);
#151=LINE('',#147,#12);
#152=EDGE_CURVE('',#146,#121,#151,.T.);
#153=ORIENTED_EDGE('',*,*,#152,.T.);
#154=EDGE_LOOP('',(#127,#133,#138,#144,#150,#153));
#155=ORIENTED_EDGE('',*,*,#34,.F.);
#156=CARTESIAN_POINT('',(-1.771223864729,0.567772860406,0.140000000000));
#157=VERTEX_POINT('',#156);
#158=LINE('',#124,#58);
#159=EDGE_CURVE('',#22,#157,#158,.T.);
#160=ORIENTED_EDGE('',*,*,#159,.T.);
#161=CARTESIAN_POINT('',(-1.771223864729,0.567772860406,0.130000000000));
#162=VERTEX_POINT('',#161);
#163=CARTESIAN_POINT('',(-1.771223864729,0.567772860406,0.000000000000));
#164=LINE('',#163,#12);
#165=EDGE_CURVE('',#162,#157,#164,.T.);
#166=ORIENTED_EDGE('',*,*,#165,.F.);
#167=CARTESIAN_POINT('',(-1.771223864729,0.567772860406,-0.140000000000));
#168=VERTEX_POINT('',#167);
#169=LINE('',#163,#12);
#170=EDGE_CURVE('',#168,#162,#169,.T.);
#171=ORIENTED_EDGE('',*,*,#170,.F.);
#172=LINE('',#141,#74);
#173=EDGE_CURVE('',#168,#37,#172,.T.);
#174=ORIENTED_EDGE('',*,*,#173,.T.);
#175=ORIENTED_EDGE('',*,*,#39,.F.);
#176=EDGE_LOOP('',(#155,#160,#166,#171,#174,#175));
#177=FACE_OUTER_BOUND('',#154,.T.);
#178=ADVANCED_FACE('',(#177),#119,.T.);
#179=FACE_OUTER_BOUND('',#176,.T.);
#180=ADVANCED_FACE('',(#179),#119,.T.);
#181=CARTESIAN_POINT('',(0.000000000000,0.000000000000,0.140000000000));
#182=DIRECTION('',(0.000000000000,1.000000000000,0.000000000000));
#183=AXIS2_PLACEMENT_3D('',#181,#11,#182);
#184=PLANE('',#183);
#185=CARTESIAN_POINT('',(-0.011360569157,0.199677082983,0.140000000000));
#186=VERTEX_POINT('',#185);
#187=CARTESIAN_POINT('',(-0.040706764796,0.195813583032,0.140000000000));
#188=VERTEX_POINT('',#187);
#189=CIRCLE('',#183,0.200000000000);
#190=EDGE_CURVE('',#186,#188,#189,.T.);
#191=ORIENTED_EDGE('',*,*,#190,.F.);
#192=CARTESIAN_POINT('',(0.011360569157,0.199677082983,0.140000000000));
#193=VERTEX_POINT('',#192);
#194=CIRCLE('',#183,0.200000000000);
#195=EDGE_CURVE('',#193,#186,#194,.T.);
#196=ORIENTED_EDGE('',*,*,#195,.F.);
#197=CARTESIAN_POINT('',(0.040706764796,0.195813583032,0.140000000000));
#198=VERTEX_POINT('',#197);
#199=CIRCLE('',#183,0.200000000000);
#200=EDGE_CURVE('',#198,#193,#199,.T.);
#201=ORIENTED_EDGE('',*,*,#200,.F.);
#202=CARTESIAN_POINT('',(0.062653699096,0.189932919710,0.140000000000));
#203=VERTEX_POINT('',#202);
#204=CIRCLE('',#183,0.200000000000);
#205=EDGE_CURVE('',#203,#198,#204,.T.);
#206=ORIENTED_EDGE('',*,*,#205,.F.);
#207=CARTESIAN_POINT('',(0.090000000000,0.178605710995,0.140000000000));
#208=VERTEX_POINT('',#207);
#209=CIRCLE('',#183,0.200000000000);
#210=EDGE_CURVE('',#208,#203,#209,.T.);
#211=ORIENTED_EDGE('',*,*,#210,.F.);
#212=CARTESIAN_POINT('',(0.109677082983,0.167245141838,0.140000000000));
#213=VERTEX_POINT('',#212);
#214=CIRCLE('',#183,0.200000000000);
#215=EDGE_CURVE('',#213,#208,#214,.T.);
#216=ORIENTED_EDGE('',*,*,#215,.F.);
#217=CARTESIAN_POINT('',(0.133159883936,0.149226154913,0.140000000000));
#218=VERTEX_POINT('',#217);
#219=CIRCLE('',#183,0.200000000000);
#220=EDGE_CURVE('',#218,#213,#219,.T.);
#221=ORIENTED_EDGE('',*,*,#220,.F.);
#222=CARTESIAN_POINT('',(0.149226154913,0.133159883936,0.140000000000));
#223=VERTEX_POINT('',#222);
#224=CIRCLE('',#183,0.200000000000);
#225=EDGE_CURVE('',#223,#218,#224,.T.);
#226=ORIENTED_EDGE('',*,*,#225,.F.);
#227=CARTESIAN_POINT('',(0.167245141838,0.109677082983,0.140000000000));
#228=VERTEX_POINT('',#227);
#229=CIRCLE('',#183,0.200000000000);
#230=EDGE_CURVE('',#228,#223,#229,.T.);
#231=ORIENTED_EDGE('',*,*,#230,.F.);
#232=CARTESIAN_POINT('',(0.175000000000,0.096824583655,0.140000000000));
#233=VERTEX_POINT('',#232);
#234=CIRCLE('',#183,0.200000000000);
#235=EDGE_CURVE('',#233,#228,#234,.T.);
#236=ORIENTED_EDGE('',*,*,#235,.F.);
#237=CARTESIAN_POINT('',(0.178605710995,0.090000000000,0.140000000000));
#238=VERTEX_POINT('',#237);
#239=CIRCLE('',#183,0.200000000000);
#240=EDGE_CURVE('',#238,#233,#239,.T.);
#241=ORIENTED_EDGE('',*,*,#240,.F.);
#242=CARTESIAN_POINT('',(0.189932919710,0.062653699096,0.140000000000));
#243=VERTEX_POINT('',#242);
#244=CIRCLE('',#183,0.200000000000);
#245=EDGE_CURVE('',#243,#238,#244,.T.);
#246=ORIENTED_EDGE('',*,*,#245,.F.);
#247=CARTESIAN_POINT('',(0.195813583032,0.040706764796,0.140000000000));
#248=VERTEX_POINT('',#247);
#249=CIRCLE('',#183,0.200000000000);
#250=EDGE_CURVE('',#248,#243,#249,.T.);
#251=ORIENTED_EDGE('',*,*,#250,.F.);
#252=CARTESIAN_POINT('',(0.199677082983,0.011360569157,0.140000000000));
#253=VERTEX_POINT('',#252);
#254=CIRCLE('',#183,0.200000000000);
#255=EDGE_CURVE('',#253,#248,#254,.T.);
#256=ORIENTED_EDGE('',*,*,#255,.F.);
#257=CARTESIAN_POINT('',(0.199677082983,-0.011360569157,0.140000000000));
#258=VERTEX_POINT('',#257);
#259=CIRCLE('',#183,0.200000000000);
#260=EDGE_CURVE('',#258,#253,#259,.T.);
#261=ORIENTED_EDGE('',*,*,#260,.F.);
#262=CARTESIAN_POINT('',(0.195813583032,-0.040706764796,0.140000000000));
#263=VERTEX_POINT('',#262);
#264=CIRCLE('',#183,0.200000000000);
#265=EDGE_CURVE('',#263,#258,#264,.T.);
#266=ORIENTED_EDGE('',*,*,#265,.F.);
#267=CARTESIAN_POINT('',(0.189932919710,-0.062653699096,0.140000000000));
#268=VERTEX_POINT('',#267);
#269=CIRCLE('',#183,0.200000000000);
#270=EDGE_CURVE('',#268,#263,#269,.T.);
#271=ORIENTED_EDGE('',*,*,#270,.F.);
#272=CARTESIAN_POINT('',(0.178605710995,-0.090000000000,0.140000000000));
#273=VERTEX_POINT('',#272);
#274=CIRCLE('',#183,0.200000000000);
#275=EDGE_CURVE('',#273,#268,#274,.T.);
#276=ORIENTED_EDGE('',*,*,#275,.F.);
#277=CARTESIAN_POINT('',(0.175000000000,-0.096824583655,0.140000000000));
#278=VERTEX_POINT('',#277);
#279=CIRCLE('',#183,0.200000000000);
#280=EDGE_CURVE('',#278,#273,#279,.T.);
#281=ORIENTED_EDGE('',*,*,#280,.F.);
#282=CARTESIAN_POINT('',(0.167245141838,-0.109677082983,0.140000000000));
#283=VERTEX_POINT('',#282);
#284=CIRCLE('',#183,0.200000000000);
#285=EDGE_CURVE('',#283,#278,#284,.T.);
#286=ORIENTED_EDGE('',*,*,#285,.F.);
#287=CARTESIAN_POINT('',(0.149226154913,-0.133159883936,0.140000000000));
#288=VERTEX_POINT('',#287);
#289=CIRCLE('',#183,0.200000000000);
#290=EDGE_CURVE('',#288,#283,#289,.T.);
#291=ORIENTED_EDGE('',*,*,#290,.F.);
#292=CARTESIAN_POINT('',(0.133159883936,-0.149226154913,0.140000000000));
#293=VERTEX_POINT('',#292);
#294=CIRCLE('',#183,0.200000000000);
#295=EDGE_CURVE('',#293,#288,#294,.T.);
#296=ORIENTED_EDGE('',*,*,#295,.F.);
#297=CARTESIAN_POINT('',(0.109677082983,-0.167245141838,0.140000000000));
#298=VERTEX_POINT('',#297);
#299=CIRCLE('',#183,0.200000000000);
#300=EDGE_CURVE('',#298,#293,#299,.T.);
#301=ORIENTED_EDGE('',*,*,#300,.F.);
#302=CARTESIAN_POINT('',(0.090000000000,-0.178605710995,0.140000000000));
#303=VERTEX_POINT('',#302);
#304=CIRCLE('',#183,0.200000000000);
#305=EDGE_CURVE('',#303,#298,#304,.T.);
#306=ORIENTED_EDGE('',*,*,#305,.F.);
#307=CARTESIAN_POINT('',(0.062653699096,-0.189932919710,0.140000000000));
#308=VERTEX_POINT('',#307);
#309=CIRCLE('',#183,0.200000000000);
#310=EDGE_CURVE('',#308,#303,#309,.T.);
#311=ORIENTED_EDGE('',*,*,#310,.F.);
#312=CARTESIAN_POINT('',(0.040706764796,-0.195813583032,0.140000000000));
#313=VERTEX_POINT('',#312);
#314=CIRCLE('',#183,0.200000000000);
#315=EDGE_CURVE('',#313,#308,#314,.T.);
#316=ORIENTED_EDGE('',*,*,#315,.F.);
#317=CARTESIAN_POINT('',(0.011360569157,-0.199677082983,0.140000000000));
#318=VERTEX_POINT('',#317);
#319=CIRCLE('',#183,0.200000000000);
#320=EDGE_CURVE('',#318,#313,#319,.T.);
#321=ORIENTED_EDGE('',*,*,#320,.F.);
#322=CARTESIAN_POINT('',(-0.011360569157,-0.199677082983,0.140000000000));
#323=VERTEX_POINT('',#322);
#324=CIRCLE('',#183,0.200000000000);
#325=EDGE_CURVE('',#323,#318,#324,.T.);
#326=ORIENTED_EDGE('',*,*,#325,.F.);
#327=CARTESIAN_POINT('',(-0.040706764796,-0.195813583032,0.140000000000));
#328=VERTEX_POINT('',#327);
#329=CIRCLE('',#183,0.200000000000);
#330=EDGE_CURVE('',#328,#323,#329,.T.);
#331=ORIENTED_EDGE('',*,*,#330,.F.);
#332=CARTESIAN_POINT('',(-0.062653699096,-0.189932919710,0.140000000000));
#333=VERTEX_POINT('',#332);
#334=CIRCLE('',#183,0.200000000000);
#335=EDGE_CURVE('',#333,#328,#334,.T.);
#336=ORIENTED_EDGE('',*,*,#335,.F.);
#337=CARTESIAN_POINT('',(-0.090000000000,-0.178605710995,0.140000000000));
#338=VERTEX_POINT('',#337);
#339=CIRCLE('',#183,0.200000000000);
#340=EDGE_CURVE('',#338,#333,#339,.T.);
#341=ORIENTED_EDGE('',*,*,#340,.F.);
#342=CARTESIAN_POINT('',(-0.109677082983,-0.167245141838,0.140000000000));
#343=VERTEX_POINT('',#342);
#344=CIRCLE('',#183,0.200000000000);
#345=EDGE_CURVE('',#343,#338,#344,.T.);
#346=ORIENTED_EDGE('',*,*,#345,.F.);
#347=CARTESIAN_POINT('',(-0.133159883936,-0.149226154913,0.140000000000));
#348=VERTEX_POINT('',#347);
#349=CIRCLE('',#183,0.200000000000);
#350=EDGE_CURVE('',#348,#343,#349,.T.);
#351=ORIENTED_EDGE('',*,*,#350,.F.);
#352=CARTESIAN_POINT('',(-0.149226154913,-0.133159883936,0.140000000000));
#353=VERTEX_POINT('',#352);
#354=CIRCLE('',#183,0.200000000000);
#355=EDGE_CURVE('',#353,#348,#354,.T.);
#356=ORIENTED_EDGE('',*,*,#355,.F.);
#357=CARTESIAN_POINT('',(-0.167245141838,-0.109677082983,0.140000000000));
#358=VERTEX_POINT('',#357);
#359=CIRCLE('',#183,0.200000000000);
#360=EDGE_CURVE('',#358,#353,#359,.T.);
#361=ORIENTED_EDGE('',*,*,#360,.F.);
#362=CARTESIAN_POINT('',(-0.175000000000,-0.096824583655,0.140000000000));
#363=VERTEX_POINT('',#362);
#364=CIRCLE('',#183,0.200000000000);
#365=EDGE_CURVE('',#363,#358,#364,.T.);
#366=ORIENTED_EDGE('',*,*,#365,.F.);
#367=CARTESIAN_POINT('',(-0.178605710995,-0.090000000000,0.140000000000));
#368=VERTEX_POINT('',#367);
#369=CIRCLE('',#183,0.200000000000);
#370=EDGE_CURVE('',#368,#363,#369,.T.);
#371=ORIENTED_EDGE('',*,*,#370,.F.);
#372=CARTESIAN_POINT('',(-0.189932919710,-0.062653699096,0.140000000000));
#373=VERTEX_POINT('',#372);
#374=CIRCLE('',#183,0.200000000000);
#375=EDGE_CURVE('',#373,#368,#374,.T.);
#376=ORIENTED_EDGE('',*,*,#375,.F.);
#377=CARTESIAN_POINT('',(-0.195813583032,-0.040706764796,0.140000000000));
#378=VERTEX_POINT('',#377);
#379=CIRCLE('',#183,0.200000000000);
#380=EDGE_CURVE('',#378,#373,#379,.T.);
#381=ORIENTED_EDGE('',*,*,#380,.F.);
#382=CARTESIAN_POINT('',(-0.199677082983,-0.011360569157,0.140000000000));
#383=VERTEX_POINT('',#382);
#384=CIRCLE('',#183,0.200000000000);
#385=EDGE_CURVE('',#383,#378,#384,.T.);
#386=ORIENTED_EDGE('',*,*,#385,.F.);
#387=CARTESIAN_POINT('',(-0.199677082983,0.011360569157,0.140000000000));
#388=VERTEX_POINT('',#387);
#389=CIRCLE('',#183,0.200000000000);
#390=EDGE_CURVE('',#388,#383,#389,.T.);
#391=ORIENTED_EDGE('',*,*,#390,.F.);
#392=CARTESIAN_POINT('',(-0.195813583032,0.040706764796,0.140000000000));
#393=VERTEX_POINT('',#392);
#394=CIRCLE('',#183,0.200000000000);
#395=EDGE_CURVE('',#393,#388,#394,.T.);
#396=ORIENTED_EDGE('',*,*,#395,.F.);
#397=CARTESIAN_POINT('',(-0.189932919710,0.062653699096,0.140000000000));
#398=VERTEX_POINT('',#397);
#399=CIRCLE('',#183,0.200000000000);
#400=EDGE_CURVE('',#398,#393,#399,.T.);
#401=ORIENTED_EDGE('',*,*,#400,.F.);
#402=CARTESIAN_POINT('',(-0.178605710995,0.090000000000,0.140000000000));
#403=VERTEX_POINT('',#402);
#404=CIRCLE('',#183,0.200000000000);
#405=EDGE_CURVE('',#403,#398,#404,.T.);
#406=ORIENTED_EDGE('',*,*,#405,.F.);
#407=CARTESIAN_POINT('',(-0.175000000000,0.096824583655,0.140000000000));
#408=VERTEX_POINT('',#407);
#409=CIRCLE('',#183,0.200000000000);
#410=EDGE_CURVE('',#408,#403,#409,.T.);
#411=ORIENTED_EDGE('',*,*,#410,.F.);
#412=CARTESIAN_POINT('',(-0.167245141838,0.109677082983,0.140000000000));
#413=VERTEX_POINT('',#412);
#414=CIRCLE('',#183,0.200000000000);
#415=EDGE_CURVE('',#413,#408,#414,.T.);
#416=ORIENTED_EDGE('',*,*,#415,.F.);
#417=CARTESIAN_POINT('',(-0.149226154913,0.133159883936,0.140000000000));
#418=VERTEX_POINT('',#417);
#419=CIRCLE('',#183,0.200000000000);
#420=EDGE_CURVE('',#418,#413,#419,.T.);
#421=ORIENTED_EDGE('',*,*,#420,.F.);
#422=CARTESIAN_POINT('',(-0.133159883936,0.149226154913,0.140000000000));
#423=VERTEX_POINT('',#422);
#424=CIRCLE('',#183,0.200000000000);
#425=EDGE_CURVE('',#423,#418,#424,.T.);
#426=ORIENTED_EDGE('',*,*,#425,.F.);
#427=CARTESIAN_POINT('',(-0.109677082983,0.167245141838,0.140000000000));
#428=VERTEX_POINT('',#427);
#429=CIRCLE('',#183,0.200000000000);
#430=EDGE_CURVE('',#428,#423,#429,.T.);
#431=ORIENTED_EDGE('',*,*,#430,.F.);
#432=CARTESIAN_POINT('',(-0.090000000000,0.178605710995,0.140000000000));
#433=VERTEX_POINT('',#432);
#434=CIRCLE('',#183,0.200000000000);
#435=EDGE_CURVE('',#433,#428,#434,.T.);
#436=ORIENTED_EDGE('',*,*,#435,.F.);
#437=CARTESIAN_POINT('',(-0.062653699096,0.189932919710,0.140000000000));
#438=VERTEX_POINT('',#437);
#439=CIRCLE('',#183,0.200000000000);
#440=EDGE_CURVE('',#438,#433,#439,.T.);
#441=ORIENTED_EDGE('',*,*,#440,.F.);
#442=CIRCLE('',#183,0.200000000000);
#443=EDGE_CURVE('',#188,#438,#442,.T.);
#444=ORIENTED_EDGE('',*,*,#443,.F.);
#445=EDGE_LOOP('',(#191,#196,#201,#206,#211,#216,#221,#226,#231,#236,#241,#246,#251,#256,#261,#266,#271,#276,#281,#286,#291,#296,#301,#306,#311,#316,#321,#326,#331,#336,#341,#346,#351,#356,#361,#366,#371,#376,#381,#386,#391,#396,#401,#406,#411,#416,#421,#426,#431,#436,#441,#444));
#446=ORIENTED_EDGE('',*,*,#26,.F.);
#447=ORIENTED_EDGE('',*,*,#76,.F.);
#448=CARTESIAN_POINT('',(-1.857821304647,0.090000000000,0.140000000000));
#449=VERTEX_POINT('',#448);
#450=CIRCLE('',#183,1.860000000000);
#451=EDGE_CURVE('',#69,#449,#450,.T.);
#452=ORIENTED_EDGE('',*,*,#451,.T.);
#453=CARTESIAN_POINT('',(-2.000000000000,0.090000000000,0.140000000000));
#454=VERTEX_POINT('',#453);
#455=CARTESIAN_POINT('',(0.000000000000,0.090000000000,0.140000000000));
#456=DIRECTION('',(-1.000000000000,0.000000000000,0.000000000000));
#457=VECTOR('',#456,1.0);
#458=LINE('',#455,#457);
#459=EDGE_CURVE('',#449,#454,#458,.T.);
#460=ORIENTED_EDGE('',*,*,#459,.T.);
#461=CARTESIAN_POINT('',(-2.000000000000,-0.090000000000,0.140000000000));
#462=VERTEX_POINT('',#461);
#463=CARTESIAN_POINT('',(-2.000000000000,0.000000000000,0.140000000000));
#464=DIRECTION('',(0.000000000000,-1.000000000000,0.000000000000));
#465=VECTOR('',#464,1.0);
#466=LINE('',#463,#465);
#467=EDGE_CURVE('',#454,#462,#466,.T.);
#468=ORIENTED_EDGE('',*,*,#467,.T.);
#469=CARTESIAN_POINT('',(-1.857821304647,-0.090000000000,0.140000000000));
#470=VERTEX_POINT('',#469);
#471=CARTESIAN_POINT('',(0.000000000000,-0.090000000000,0.140000000000));
#472=DIRECTION('',(1.000000000000,0.000000000000,0.000000000000));
#473=VECTOR('',#472,1.0);
#474=LINE('',#471,#473);
#475=EDGE_CURVE('',#462,#470,#474,.T.);
#476=ORIENTED_EDGE('',*,*,#475,.T.);
#477=CARTESIAN_POINT('',(-1.817811292848,-0.393906211674,0.140000000000));
#478=VERTEX_POINT('',#477);
#479=CIRCLE('',#183,1.860000000000);
#480=EDGE_CURVE('',#470,#478,#479,.T.);
#481=ORIENTED_EDGE('',*,*,#480,.T.);
#482=CARTESIAN_POINT('',(-1.955145366637,-0.430704765839,0.140000000000));
#483=VERTEX_POINT('',#482);
#484=CARTESIAN_POINT('',(-0.023293714059,0.086933324366,0.140000000000));
#485=DIRECTION('',(-0.965925826289,-0.258819045103,0.000000000000));
#486=VECTOR('',#485,1.0);
#487=LINE('',#484,#486);
#488=EDGE_CURVE('',#478,#483,#487,.T.);
#489=ORIENTED_EDGE('',*,*,#488,.T.);
#490=CARTESIAN_POINT('',(-1.908557938519,-0.604571414571,0.140000000000));
#491=VERTEX_POINT('',#490);
#492=CARTESIAN_POINT('',(-1.931851652578,-0.517638090205,0.140000000000));
#493=DIRECTION('',(0.258819045103,-0.965925826289,0.000000000000));
#494=VECTOR('',#493,1.0);
#495=LINE('',#492,#494);
#496=EDGE_CURVE('',#483,#491,#495,.T.);
#497=ORIENTED_EDGE('',*,*,#496,.T.);
#498=CARTESIAN_POINT('',(-1.771223864729,-0.567772860406,0.140000000000));
#499=VERTEX_POINT('',#498);
#500=CARTESIAN_POINT('',(0.023293714059,-0.086933324366,0.140000000000));
#501=DIRECTION('',(0.965925826289,0.258819045103,0.000000000000));
#502=VECTOR('',#501,1.0);
#503=LINE('',#500,#502);
#504=EDGE_CURVE('',#491,#499,#503,.T.);
#505=ORIENTED_EDGE('',*,*,#504,.T.);
#506=CARTESIAN_POINT('',(-1.653920445516,-0.850968365983,0.140000000000));
#507=VERTEX_POINT('',#506);
#508=CIRCLE('',#183,1.860000000000);
#509=EDGE_CURVE('',#499,#507,#508,.T.);
#510=ORIENTED_EDGE('',*,*,#509,.T.);
#511=CARTESIAN_POINT('',(-1.777050807569,-0.922057713659,0.140000000000));
#512=VERTEX_POINT('',#511);
#513=CARTESIAN_POINT('',(-0.045000000000,0.077942286341,0.140000000000));
#514=DIRECTION('',(-0.866025403784,-0.500000000000,0.000000000000));
#515=VECTOR('',#514,1.0);
#516=LINE('',#513,#515);
#517=EDGE_CURVE('',#507,#512,#516,.T.);
#518=ORIENTED_EDGE('',*,*,#517,.T.);
#519=CARTESIAN_POINT('',(-1.687050807569,-1.077942286341,0.140000000000));
#520=VERTEX_POINT('',#519);
#521=CARTESIAN_POINT('',(-1.732050807569,-1.000000000000,0.140000000000));
#522=DIRECTION('',(0.500000000000,-0.866025403784,0.000000000000));
#523=VECTOR('',#522,1.0);
#524=LINE('',#521,#523);
#525=EDGE_CURVE('',#512,#520,#524,.T.);
#526=ORIENTED_EDGE('',*,*,#525,.T.);
#527=CARTESIAN_POINT('',(-1.563920445516,-1.006852938664,0.140000000000));
#528=VERTEX_POINT('',#527);
#529=CARTESIAN_POINT('',(0.045000000000,-0.077942286341,0.140000000000));
#530=DIRECTION('',(0.866025403784,0.500000000000,0.000000000000));
#531=VECTOR('',#530,1.0);
#532=LINE('',#529,#531);
#533=EDGE_CURVE('',#520,#528,#532,.T.);
#534=ORIENTED_EDGE('',*,*,#533,.T.);
#535=CARTESIAN_POINT('',(-1.421126313879,-1.200000000000,0.140000000000));
#536=VERTEX_POINT('',#535);
#537=CIRCLE('',#183,1.860000000000);
#538=EDGE_CURVE('',#528,#536,#537,.T.);
#539=ORIENTED_EDGE('',*,*,#538,.T.);
#540=CARTESIAN_POINT('',(-1.377317653055,-1.250038432442,0.140000000000));
#541=VERTEX_POINT('',#540);
#542=CIRCLE('',#183,1.860000000000);
#543=EDGE_CURVE('',#536,#541,#542,.T.);
#544=ORIENTED_EDGE('',*,*,#543,.T.);
#545=CARTESIAN_POINT('',(-1.477853172680,-1.350573952066,0.140000000000));
#546=VERTEX_POINT('',#545);
#547=CARTESIAN_POINT('',(-0.063639610307,0.063639610307,0.140000000000));
#548=DIRECTION('',(-0.707106781187,-0.707106781187,0.000000000000));
#549=VECTOR('',#548,1.0);
#550=LINE('',#547,#549);
#551=EDGE_CURVE('',#541,#546,#550,.T.);
#552=ORIENTED_EDGE('',*,*,#551,.T.);
#553=CARTESIAN_POINT('',(-1.350573952066,-1.477853172680,0.140000000000));
#554=VERTEX_POINT('',#553);
#555=CARTESIAN_POINT('',(-1.414213562373,-1.414213562373,0.140000000000));
#556=DIRECTION('',(0.707106781187,-0.707106781187,0.000000000000));
#557=VECTOR('',#556,1.0);
#558=LINE('',#555,#557);
#559=EDGE_CURVE('',#546,#554,#558,.T.);
#560=ORIENTED_EDGE('',*,*,#559,.T.);
#561=CARTESIAN_POINT('',(-1.250038432442,-1.377317653055,0.140000000000));
#562=VERTEX_POINT('',#561);
#563=CARTESIAN_POINT('',(0.063639610307,-0.063639610307,0.140000000000));
#564=DIRECTION('',(0.707106781187,0.707106781187,0.000000000000));
#565=VECTOR('',#564,1.0);
#566=LINE('',#563,#565);
#567=EDGE_CURVE('',#554,#562,#566,.T.);
#568=ORIENTED_EDGE('',*,*,#567,.T.);
#569=CARTESIAN_POINT('',(-1.006852938664,-1.563920445516,0.140000000000));
#570=VERTEX_POINT('',#569);
#571=CIRCLE('',#183,1.860000000000);
#572=EDGE_CURVE('',#562,#570,#571,.T.);
#573=ORIENTED_EDGE('',*,*,#572,.T.);
#574=CARTESIAN_POINT('',(-1.077942286341,-1.687050807569,0.140000000000));
#575=VERTEX_POINT('',#574);
#576=CARTESIAN_POINT('',(-0.077942286341,0.045000000000,0.140000000000));
#577=DIRECTION('',(-0.500000000000,-0.866025403784,0.000000000000));
#578=VECTOR('',#577,1.0);
#579=LINE('',#576,#578);
#580=EDGE_CURVE('',#570,#575,#579,.T.);
#581=ORIENTED_EDGE('',*,*,#580,.T.);
#582=CARTESIAN_POINT('',(-0.922057713659,-1.777050807569,0.140000000000));
#583=VERTEX_POINT('',#582);
#584=CARTESIAN_POINT('',(-1.000000000000,-1.732050807569,0.140000000000));
#585=DIRECTION('',(0.866025403784,-0.500000000000,0.000000000000));
#586=VECTOR('',#585,1.0);
#587=LINE('',#584,#586);
#588=EDGE_CURVE('',#575,#583,#587,.T.);
#589=ORIENTED_EDGE('',*,*,#588,.T.);
#590=CARTESIAN_POINT('',(-0.850968365983,-1.653920445516,0.140000000000));
#591=VERTEX_POINT('',#590);
#592=CARTESIAN_POINT('',(0.077942286341,-0.045000000000,0.140000000000));
#593=DIRECTION('',(0.500000000000,0.866025403784,0.000000000000));
#594=VECTOR('',#593,1.0);
#595=LINE('',#592,#594);
#596=EDGE_CURVE('',#583,#591,#595,.T.);
#597=ORIENTED_EDGE('',*,*,#596,.T.);
#598=CARTESIAN_POINT('',(-0.567772860406,-1.771223864729,0.140000000000));
#599=VERTEX_POINT('',#598);
#600=CIRCLE('',#183,1.860000000000);
#601=EDGE_CURVE('',#591,#599,#600,.T.);
#602=ORIENTED_EDGE('',*,*,#601,.T.);
#603=CARTESIAN_POINT('',(-0.604571414571,-1.908557938519,0.140000000000));
#604=VERTEX_POINT('',#603);
#605=CARTESIAN_POINT('',(-0.086933324366,0.023293714059,0.140000000000));
#606=LINE('',#605,#43);
#607=EDGE_CURVE('',#599,#604,#606,.T.);
#608=ORIENTED_EDGE('',*,*,#607,.T.);
#609=CARTESIAN_POINT('',(-0.430704765839,-1.955145366637,0.140000000000));
#610=VERTEX_POINT('',#609);
#611=CARTESIAN_POINT('',(-0.517638090205,-1.931851652578,0.140000000000));
#612=LINE('',#611,#58);
#613=EDGE_CURVE('',#604,#610,#612,.T.);
#614=ORIENTED_EDGE('',*,*,#613,.T.);
#615=CARTESIAN_POINT('',(-0.393906211674,-1.817811292848,0.140000000000));
#616=VERTEX_POINT('',#615);
#617=CARTESIAN_POINT('',(0.086933324366,-0.023293714059,0.140000000000));
#618=LINE('',#617,#24);
#619=EDGE_CURVE('',#610,#616,#618,.T.);
#620=ORIENTED_EDGE('',*,*,#619,.T.);
#621=CARTESIAN_POINT('',(-0.175000000000,-1.851749173079,0.140000000000));
#622=VERTEX_POINT('',#621);
#623=CIRCLE('',#183,1.860000000000);
#624=EDGE_CURVE('',#616,#622,#623,.T.);
#625=ORIENTED_EDGE('',*,*,#624,.T.);
#626=CARTESIAN_POINT('',(-0.175000000000,-1.200000000000,0.140000000000));
#627=VERTEX_POINT('',#626);
#628=CARTESIAN_POINT('',(-0.175000000000,0.000000000000,0.140000000000));
#629=LINE('',#628,#465);
#630=EDGE_CURVE('',#627,#622,#629,.T.);
#631=ORIENTED_EDGE('',*,*,#630,.F.);
#632=CARTESIAN_POINT('',(-0.090000000000,-1.200000000000,0.140000000000));
#633=VERTEX_POINT('',#632);
#634=CARTESIAN_POINT('',(0.000000000000,-1.200000000000,0.140000000000));
#635=LINE('',#634,#457);
#636=EDGE_CURVE('',#633,#627,#635,.T.);
#637=ORIENTED_EDGE('',*,*,#636,.F.);
#638=CARTESIAN_POINT('',(0.090000000000,-1.200000000000,0.140000000000));
#639=VERTEX_POINT('',#638);
#640=LINE('',#634,#457);
#641=EDGE_CURVE('',#639,#633,#640,.T.);
#642=ORIENTED_EDGE('',*,*,#641,.F.);
#643=CARTESIAN_POINT('',(0.175000000000,-1.200000000000,0.140000000000));
#644=VERTEX_POINT('',#643);
#645=LINE('',#634,#457);
#646=EDGE_CURVE('',#644,#639,#645,.T.);
#647=ORIENTED_EDGE('',*,*,#646,.F.);
#648=CARTESIAN_POINT('',(0.175000000000,-1.851749173079,0.140000000000));
#649=VERTEX_POINT('',#648);
#650=CARTESIAN_POINT('',(0.175000000000,0.000000000000,0.140000000000));
#651=VECTOR('',#182,1.0);
#652=LINE('',#650,#651);
#653=EDGE_CURVE('',#649,#644,#652,.T.);
#654=ORIENTED_EDGE('',*,*,#653,.F.);
#655=CARTESIAN_POINT('',(0.393906211674,-1.817811292848,0.140000000000));
#656=VERTEX_POINT('',#655);
#657=CIRCLE('',#183,1.860000000000);
#658=EDGE_CURVE('',#649,#656,#657,.T.);
#659=ORIENTED_EDGE('',*,*,#658,.T.);
#660=CARTESIAN_POINT('',(0.430704765839,-1.955145366637,0.140000000000));
#661=VERTEX_POINT('',#660);
#662=CARTESIAN_POINT('',(-0.086933324366,-0.023293714059,0.140000000000));
#663=LINE('',#662,#494);
#664=EDGE_CURVE('',#656,#661,#663,.T.);
#665=ORIENTED_EDGE('',*,*,#664,.T.);
#666=CARTESIAN_POINT('',(0.604571414571,-1.908557938519,0.140000000000));
#667=VERTEX_POINT('',#666);
#668=CARTESIAN_POINT('',(0.517638090205,-1.931851652578,0.140000000000));
#669=LINE('',#668,#502);
#670=EDGE_CURVE('',#661,#667,#669,.T.);
#671=ORIENTED_EDGE('',*,*,#670,.T.);
#672=CARTESIAN_POINT('',(0.567772860406,-1.771223864729,0.140000000000));
#673=VERTEX_POINT('',#672);
#674=CARTESIAN_POINT('',(0.086933324366,0.023293714059,0.140000000000));
#675=DIRECTION('',(-0.258819045103,0.965925826289,0.000000000000));
#676=VECTOR('',#675,1.0);
#677=LINE('',#674,#676);
#678=EDGE_CURVE('',#667,#673,#677,.T.);
#679=ORIENTED_EDGE('',*,*,#678,.T.);
#680=CARTESIAN_POINT('',(0.850968365983,-1.653920445516,0.140000000000));
#681=VERTEX_POINT('',#680);
#682=CIRCLE('',#183,1.860000000000);
#683=EDGE_CURVE('',#673,#681,#682,.T.);
#684=ORIENTED_EDGE('',*,*,#683,.T.);
#685=CARTESIAN_POINT('',(0.922057713659,-1.777050807569,0.140000000000));
#686=VERTEX_POINT('',#685);
#687=CARTESIAN_POINT('',(-0.077942286341,-0.045000000000,0.140000000000));
#688=LINE('',#687,#523);
#689=EDGE_CURVE('',#681,#686,#688,.T.);
#690=ORIENTED_EDGE('',*,*,#689,.T.);
#691=CARTESIAN_POINT('',(1.077942286341,-1.687050807569,0.140000000000));
#692=VERTEX_POINT('',#691);
#693=CARTESIAN_POINT('',(1.000000000000,-1.732050807569,0.140000000000));
#694=LINE('',#693,#531);
#695=EDGE_CURVE('',#686,#692,#694,.T.);
#696=ORIENTED_EDGE('',*,*,#695,.T.);
#697=CARTESIAN_POINT('',(1.006852938664,-1.563920445516,0.140000000000));
#698=VERTEX_POINT('',#697);
#699=CARTESIAN_POINT('',(0.077942286341,0.045000000000,0.140000000000));
#700=DIRECTION('',(-0.500000000000,0.866025403784,0.000000000000));
#701=VECTOR('',#700,1.0);
#702=LINE('',#699,#701);
#703=EDGE_CURVE('',#692,#698,#702,.T.);
#704=ORIENTED_EDGE('',*,*,#703,.T.);
#705=CARTESIAN_POINT('',(1.250038432442,-1.377317653055,0.140000000000));
#706=VERTEX_POINT('',#705);
#707=CIRCLE('',#183,1.860000000000);
#708=EDGE_CURVE('',#698,#706,#707,.T.);
#709=ORIENTED_EDGE('',*,*,#708,.T.);
#710=CARTESIAN_POINT('',(1.350573952066,-1.477853172680,0.140000000000));
#711=VERTEX_POINT('',#710);
#712=CARTESIAN_POINT('',(-0.063639610307,-0.063639610307,0.140000000000));
#713=LINE('',#712,#557);
#714=EDGE_CURVE('',#706,#711,#713,.T.);
#715=ORIENTED_EDGE('',*,*,#714,.T.);
#716=CARTESIAN_POINT('',(1.477853172680,-1.350573952066,0.140000000000));
#717=VERTEX_POINT('',#716);
#718=CARTESIAN_POINT('',(1.414213562373,-1.414213562373,0.140000000000));
#719=LINE('',#718,#565);
#720=EDGE_CURVE('',#711,#717,#719,.T.);
#721=ORIENTED_EDGE('',*,*,#720,.T.);
#722=CARTESIAN_POINT('',(1.377317653055,-1.250038432442,0.140000000000));
#723=VERTEX_POINT('',#722);
#724=CARTESIAN_POINT('',(0.063639610307,0.063639610307,0.140000000000));
#725=DIRECTION('',(-0.707106781187,0.707106781187,0.000000000000));
#726=VECTOR('',#725,1.0);
#727=LINE('',#724,#726);
#728=EDGE_CURVE('',#717,#723,#727,.T.);
#729=ORIENTED_EDGE('',*,*,#728,.T.);
#730=CARTESIAN_POINT('',(1.421126313879,-1.200000000000,0.140000000000));
#731=VERTEX_POINT('',#730);
#732=CIRCLE('',#183,1.860000000000);
#733=EDGE_CURVE('',#723,#731,#732,.T.);
#734=ORIENTED_EDGE('',*,*,#733,.T.);
#735=CARTESIAN_POINT('',(1.563920445516,-1.006852938664,0.140000000000));
#736=VERTEX_POINT('',#735);
#737=CIRCLE('',#183,1.860000000000);
#738=EDGE_CURVE('',#731,#736,#737,.T.);
#739=ORIENTED_EDGE('',*,*,#738,.T.);
#740=CARTESIAN_POINT('',(1.687050807569,-1.077942286341,0.140000000000));
#741=VERTEX_POINT('',#740);
#742=CARTESIAN_POINT('',(-0.045000000000,-0.077942286341,0.140000000000));
#743=LINE('',#742,#586);
#744=EDGE_CURVE('',#736,#741,#743,.T.);
#745=ORIENTED_EDGE('',*,*,#744,.T.);
#746=CARTESIAN_POINT('',(1.777050807569,-0.922057713659,0.140000000000));
#747=VERTEX_POINT('',#746);
#748=CARTESIAN_POINT('',(1.732050807569,-1.000000000000,0.140000000000));
#749=LINE('',#748,#594);
#750=EDGE_CURVE('',#741,#747,#749,.T.);
#751=ORIENTED_EDGE('',*,*,#750,.T.);
#752=CARTESIAN_POINT('',(1.653920445516,-0.850968365983,0.140000000000));
#753=VERTEX_POINT('',#752);
#754=CARTESIAN_POINT('',(0.045000000000,0.077942286341,0.140000000000));
#755=DIRECTION('',(-0.866025403784,0.500000000000,0.000000000000));
#756=VECTOR('',#755,1.0);
#757=LINE('',#754,#756);
#758=EDGE_CURVE('',#747,#753,#757,.T.);
#759=ORIENTED_EDGE('',*,*,#758,.T.);
#760=CIRCLE('',#183,1.860000000000);
#761=EDGE_CURVE('',#753,#83,#760,.T.);
#762=ORIENTED_EDGE('',*,*,#761,.T.);
#763=ORIENTED_EDGE('',*,*,#85,.F.);
#764=CARTESIAN_POINT('',(1.931851652578,-0.517638090205,0.140000000000));
#765=LINE('',#764,#24);
#766=EDGE_CURVE('',#81,#123,#765,.T.);
#767=ORIENTED_EDGE('',*,*,#766,.T.);
#768=ORIENTED_EDGE('',*,*,#126,.F.);
#769=CARTESIAN_POINT('',(1.857821304647,-0.090000000000,0.140000000000));
#770=VERTEX_POINT('',#769);
#771=CIRCLE('',#183,1.860000000000);
#772=EDGE_CURVE('',#121,#770,#771,.T.);
#773=ORIENTED_EDGE('',*,*,#772,.T.);
#774=CARTESIAN_POINT('',(2.000000000000,-0.090000000000,0.140000000000));
#775=VERTEX_POINT('',#774);
#776=LINE('',#471,#473);
#777=EDGE_CURVE('',#770,#775,#776,.T.);
#778=ORIENTED_EDGE('',*,*,#777,.T.);
#779=CARTESIAN_POINT('',(2.000000000000,0.090000000000,0.140000000000));
#780=VERTEX_POINT('',#779);
#781=CARTESIAN_POINT('',(2.000000000000,0.000000000000,0.140000000000));
#782=LINE('',#781,#651);
#783=EDGE_CURVE('',#775,#780,#782,.T.);
#784=ORIENTED_EDGE('',*,*,#783,.T.);
#785=CARTESIAN_POINT('',(1.857821304647,0.090000000000,0.140000000000));
#786=VERTEX_POINT('',#785);
#787=LINE('',#455,#457);
#788=EDGE_CURVE('',#780,#786,#787,.T.);
#789=ORIENTED_EDGE('',*,*,#788,.T.);
#790=CARTESIAN_POINT('',(1.817811292848,0.393906211674,0.140000000000));
#791=VERTEX_POINT('',#790);
#792=CIRCLE('',#183,1.860000000000);
#793=EDGE_CURVE('',#786,#791,#792,.T.);
#794=ORIENTED_EDGE('',*,*,#793,.T.);
#795=CARTESIAN_POINT('',(1.955145366637,0.430704765839,0.140000000000));
#796=VERTEX_POINT('',#795);
#797=LINE('',#500,#502);
#798=EDGE_CURVE('',#791,#796,#797,.T.);
#799=ORIENTED_EDGE('',*,*,#798,.T.);
#800=CARTESIAN_POINT('',(1.908557938519,0.604571414571,0.140000000000));
#801=VERTEX_POINT('',#800);
#802=CARTESIAN_POINT('',(1.931851652578,0.517638090205,0.140000000000));
#803=LINE('',#802,#676);
#804=EDGE_CURVE('',#796,#801,#803,.T.);
#805=ORIENTED_EDGE('',*,*,#804,.T.);
#806=CARTESIAN_POINT('',(1.771223864729,0.567772860406,0.140000000000));
#807=VERTEX_POINT('',#806);
#808=LINE('',#484,#486);
#809=EDGE_CURVE('',#801,#807,#808,.T.);
#810=ORIENTED_EDGE('',*,*,#809,.T.);
#811=CARTESIAN_POINT('',(1.653920445516,0.850968365983,0.140000000000));
#812=VERTEX_POINT('',#811);
#813=CIRCLE('',#183,1.860000000000);
#814=EDGE_CURVE('',#807,#812,#813,.T.);
#815=ORIENTED_EDGE('',*,*,#814,.T.);
#816=CARTESIAN_POINT('',(1.777050807569,0.922057713659,0.140000000000));
#817=VERTEX_POINT('',#816);
#818=LINE('',#529,#531);
#819=EDGE_CURVE('',#812,#817,#818,.T.);
#820=ORIENTED_EDGE('',*,*,#819,.T.);
#821=CARTESIAN_POINT('',(1.687050807569,1.077942286341,0.140000000000));
#822=VERTEX_POINT('',#821);
#823=CARTESIAN_POINT('',(1.732050807569,1.000000000000,0.140000000000));
#824=LINE('',#823,#701);
#825=EDGE_CURVE('',#817,#822,#824,.T.);
#826=ORIENTED_EDGE('',*,*,#825,.T.);
#827=CARTESIAN_POINT('',(1.563920445516,1.006852938664,0.140000000000));
#828=VERTEX_POINT('',#827);
#829=LINE('',#513,#515);
#830=EDGE_CURVE('',#822,#828,#829,.T.);
#831=ORIENTED_EDGE('',*,*,#830,.T.);
#832=CARTESIAN_POINT('',(1.377317653055,1.250038432442,0.140000000000));
#833=VERTEX_POINT('',#832);
#834=CIRCLE('',#183,1.860000000000);
#835=EDGE_CURVE('',#828,#833,#834,.T.);
#836=ORIENTED_EDGE('',*,*,#835,.T.);
#837=CARTESIAN_POINT('',(1.477853172680,1.350573952066,0.140000000000));
#838=VERTEX_POINT('',#837);
#839=LINE('',#563,#565);
#840=EDGE_CURVE('',#833,#838,#839,.T.);
#841=ORIENTED_EDGE('',*,*,#840,.T.);
#842=CARTESIAN_POINT('',(1.350573952066,1.477853172680,0.140000000000));
#843=VERTEX_POINT('',#842);
#844=CARTESIAN_POINT('',(1.414213562373,1.414213562373,0.140000000000));
#845=LINE('',#844,#726);
#846=EDGE_CURVE('',#838,#843,#845,.T.);
#847=ORIENTED_EDGE('',*,*,#846,.T.);
#848=CARTESIAN_POINT('',(1.250038432442,1.377317653055,0.140000000000));
#849=VERTEX_POINT('',#848);
#850=LINE('',#547,#549);
#851=EDGE_CURVE('',#843,#849,#850,.T.);
#852=ORIENTED_EDGE('',*,*,#851,.T.);
#853=CARTESIAN_POINT('',(1.006852938664,1.563920445516,0.140000000000));
#854=VERTEX_POINT('',#853);
#855=CIRCLE('',#183,1.860000000000);
#856=EDGE_CURVE('',#849,#854,#855,.T.);
#857=ORIENTED_EDGE('',*,*,#856,.T.);
#858=CARTESIAN_POINT('',(1.077942286341,1.687050807569,0.140000000000));
#859=VERTEX_POINT('',#858);
#860=LINE('',#592,#594);
#861=EDGE_CURVE('',#854,#859,#860,.T.);
#862=ORIENTED_EDGE('',*,*,#861,.T.);
#863=CARTESIAN_POINT('',(0.922057713659,1.777050807569,0.140000000000));
#864=VERTEX_POINT('',#863);
#865=CARTESIAN_POINT('',(1.000000000000,1.732050807569,0.140000000000));
#866=LINE('',#865,#756);
#867=EDGE_CURVE('',#859,#864,#866,.T.);
#868=ORIENTED_EDGE('',*,*,#867,.T.);
#869=CARTESIAN_POINT('',(0.850968365983,1.653920445516,0.140000000000));
#870=VERTEX_POINT('',#869);
#871=LINE('',#576,#578);
#872=EDGE_CURVE('',#864,#870,#871,.T.);
#873=ORIENTED_EDGE('',*,*,#872,.T.);
#874=CARTESIAN_POINT('',(0.567772860406,1.771223864729,0.140000000000));
#875=VERTEX_POINT('',#874);
#876=CIRCLE('',#183,1.860000000000);
#877=EDGE_CURVE('',#870,#875,#876,.T.);
#878=ORIENTED_EDGE('',*,*,#877,.T.);
#879=CARTESIAN_POINT('',(0.604571414571,1.908557938519,0.140000000000));
#880=VERTEX_POINT('',#879);
#881=LINE('',#617,#24);
#882=EDGE_CURVE('',#875,#880,#881,.T.);
#883=ORIENTED_EDGE('',*,*,#882,.T.);
#884=CARTESIAN_POINT('',(0.430704765839,1.955145366637,0.140000000000));
#885=VERTEX_POINT('',#884);
#886=CARTESIAN_POINT('',(0.517638090205,1.931851652578,0.140000000000));
#887=LINE('',#886,#74);
#888=EDGE_CURVE('',#880,#885,#887,.T.);
#889=ORIENTED_EDGE('',*,*,#888,.T.);
#890=CARTESIAN_POINT('',(0.393906211674,1.817811292848,0.140000000000));
#891=VERTEX_POINT('',#890);
#892=LINE('',#605,#43);
#893=EDGE_CURVE('',#885,#891,#892,.T.);
#894=ORIENTED_EDGE('',*,*,#893,.T.);
#895=CARTESIAN_POINT('',(0.175000000000,1.851749173079,0.140000000000));
#896=VERTEX_POINT('',#895);
#897=CIRCLE('',#183,1.860000000000);
#898=EDGE_CURVE('',#891,#896,#897,.T.);
#899=ORIENTED_EDGE('',*,*,#898,.T.);
#900=CARTESIAN_POINT('',(0.090000000000,1.857821304647,0.140000000000));
#901=VERTEX_POINT('',#900);
#902=CIRCLE('',#183,1.860000000000);
#903=EDGE_CURVE('',#896,#901,#902,.T.);
#904=ORIENTED_EDGE('',*,*,#903,.T.);
#905=CARTESIAN_POINT('',(0.090000000000,2.000000000000,0.140000000000));
#906=VERTEX_POINT('',#905);
#907=CARTESIAN_POINT('',(0.090000000000,0.000000000000,0.140000000000));
#908=LINE('',#907,#651);
#909=EDGE_CURVE('',#901,#906,#908,.T.);
#910=ORIENTED_EDGE('',*,*,#909,.T.);
#911=CARTESIAN_POINT('',(-0.090000000000,2.000000000000,0.140000000000));
#912=VERTEX_POINT('',#911);
#913=CARTESIAN_POINT('',(0.000000000000,2.000000000000,0.140000000000));
#914=LINE('',#913,#457);
#915=EDGE_CURVE('',#906,#912,#914,.T.);
#916=ORIENTED_EDGE('',*,*,#915,.T.);
#917=CARTESIAN_POINT('',(-0.090000000000,1.857821304647,0.140000000000));
#918=VERTEX_POINT('',#917);
#919=CARTESIAN_POINT('',(-0.090000000000,0.000000000000,0.140000000000));
#920=LINE('',#919,#465);
#921=EDGE_CURVE('',#912,#918,#920,.T.);
#922=ORIENTED_EDGE('',*,*,#921,.T.);
#923=CARTESIAN_POINT('',(-0.175000000000,1.851749173079,0.140000000000));
#924=VERTEX_POINT('',#923);
#925=CIRCLE('',#183,1.860000000000);
#926=EDGE_CURVE('',#918,#924,#925,.T.);
#927=ORIENTED_EDGE('',*,*,#926,.T.);
#928=CARTESIAN_POINT('',(-0.393906211674,1.817811292848,0.140000000000));
#929=VERTEX_POINT('',#928);
#930=CIRCLE('',#183,1.860000000000);
#931=EDGE_CURVE('',#924,#929,#930,.T.);
#932=ORIENTED_EDGE('',*,*,#931,.T.);
#933=CARTESIAN_POINT('',(-0.430704765839,1.955145366637,0.140000000000));
#934=VERTEX_POINT('',#933);
#935=LINE('',#674,#676);
#936=EDGE_CURVE('',#929,#934,#935,.T.);
#937=ORIENTED_EDGE('',*,*,#936,.T.);
#938=CARTESIAN_POINT('',(-0.604571414571,1.908557938519,0.140000000000));
#939=VERTEX_POINT('',#938);
#940=CARTESIAN_POINT('',(-0.517638090205,1.931851652578,0.140000000000));
#941=LINE('',#940,#486);
#942=EDGE_CURVE('',#934,#939,#941,.T.);
#943=ORIENTED_EDGE('',*,*,#942,.T.);
#944=CARTESIAN_POINT('',(-0.567772860406,1.771223864729,0.140000000000));
#945=VERTEX_POINT('',#944);
#946=LINE('',#662,#494);
#947=EDGE_CURVE('',#939,#945,#946,.T.);
#948=ORIENTED_EDGE('',*,*,#947,.T.);
#949=CARTESIAN_POINT('',(-0.850968365983,1.653920445516,0.140000000000));
#950=VERTEX_POINT('',#949);
#951=CIRCLE('',#183,1.860000000000);
#952=EDGE_CURVE('',#945,#950,#951,.T.);
#953=ORIENTED_EDGE('',*,*,#952,.T.);
#954=CARTESIAN_POINT('',(-0.922057713659,1.777050807569,0.140000000000));
#955=VERTEX_POINT('',#954);
#956=LINE('',#699,#701);
#957=EDGE_CURVE('',#950,#955,#956,.T.);
#958=ORIENTED_EDGE('',*,*,#957,.T.);
#959=CARTESIAN_POINT('',(-1.077942286341,1.687050807569,0.140000000000));
#960=VERTEX_POINT('',#959);
#961=CARTESIAN_POINT('',(-1.000000000000,1.732050807569,0.140000000000));
#962=LINE('',#961,#515);
#963=EDGE_CURVE('',#955,#960,#962,.T.);
#964=ORIENTED_EDGE('',*,*,#963,.T.);
#965=CARTESIAN_POINT('',(-1.006852938664,1.563920445516,0.140000000000));
#966=VERTEX_POINT('',#965);
#967=LINE('',#687,#523);
#968=EDGE_CURVE('',#960,#966,#967,.T.);
#969=ORIENTED_EDGE('',*,*,#968,.T.);
#970=CARTESIAN_POINT('',(-1.250038432442,1.377317653055,0.140000000000));
#971=VERTEX_POINT('',#970);
#972=CIRCLE('',#183,1.860000000000);
#973=EDGE_CURVE('',#966,#971,#972,.T.);
#974=ORIENTED_EDGE('',*,*,#973,.T.);
#975=CARTESIAN_POINT('',(-1.350573952066,1.477853172680,0.140000000000));
#976=VERTEX_POINT('',#975);
#977=LINE('',#724,#726);
#978=EDGE_CURVE('',#971,#976,#977,.T.);
#979=ORIENTED_EDGE('',*,*,#978,.T.);
#980=CARTESIAN_POINT('',(-1.477853172680,1.350573952066,0.140000000000));
#981=VERTEX_POINT('',#980);
#982=CARTESIAN_POINT('',(-1.414213562373,1.414213562373,0.140000000000));
#983=LINE('',#982,#549);
#984=EDGE_CURVE('',#976,#981,#983,.T.);
#985=ORIENTED_EDGE('',*,*,#984,.T.);
#986=CARTESIAN_POINT('',(-1.377317653055,1.250038432442,0.140000000000));
#987=VERTEX_POINT('',#986);
#988=LINE('',#712,#557);
#989=EDGE_CURVE('',#981,#987,#988,.T.);
#990=ORIENTED_EDGE('',*,*,#989,.T.);
#991=CARTESIAN_POINT('',(-1.563920445516,1.006852938664,0.140000000000));
#992=VERTEX_POINT('',#991);
#993=CIRCLE('',#183,1.860000000000);
#994=EDGE_CURVE('',#987,#992,#993,.T.);
#995=ORIENTED_EDGE('',*,*,#994,.T.);
#996=CARTESIAN_POINT('',(-1.687050807569,1.077942286341,0.140000000000));
#997=VERTEX_POINT('',#996);
#998=LINE('',#754,#756);
#999=EDGE_CURVE('',#992,#997,#998,.T.);
#1000=ORIENTED_EDGE('',*,*,#999,.T.);
#1001=CARTESIAN_POINT('',(-1.777050807569,0.922057713659,0.140000000000));
#1002=VERTEX_POINT('',#1001);
#1003=CARTESIAN_POINT('',(-1.732050807569,1.000000000000,0.140000000000));
#1004=LINE('',#1003,#578);
#1005=EDGE_CURVE('',#997,#1002,#1004,.T.);
#1006=ORIENTED_EDGE('',*,*,#1005,.T.);
#1007=CARTESIAN_POINT('',(-1.653920445516,0.850968365983,0.140000000000));
#1008=VERTEX_POINT('',#1007);
#1009=LINE('',#742,#586);
#1010=EDGE_CURVE('',#1002,#1008,#1009,.T.);
#1011=ORIENTED_EDGE('',*,*,#1010,.T.);
#1012=CIRCLE('',#183,1.860000000000);
#1013=EDGE_CURVE('',#1008,#157,#1012,.T.);
#1014=ORIENTED_EDGE('',*,*,#1013,.T.);
#1015=ORIENTED_EDGE('',*,*,#159,.F.);
#1016=EDGE_LOOP('',(#446,#447,#452,#460,#468,#476,#481,#489,#497,#505,#510,#518,#526,#534,#539,#544,#552,#560,#568,#573,#581,#589,#597,#602,#608,#614,#620,#625,#631,#637,#642,#647,#654,#659,#665,#671,#679,#684,#690,#696,#704,#709,#715,#721,#729,#734,#739,#745,#751,#759,#762,#763,#767,#768,#773,#778,#784,#789,#794,#799,#805,#810,#815,#820,#826,#831,#836,#841,#847,#852,#857,#862,#868,#873,#878,#883,#889,#894,#899,#904,#910,#916,#922,#927,#932,#937,#943,#948,#953,#958,#964,#969,#974,#979,#985,#990,#995,#1000,#1006,#1011,#1014,#1015));
#1017=FACE_BOUND('',#445,.T.);
#1018=FACE_OUTER_BOUND('',#1016,.T.);
#1019=ADVANCED_FACE('',(#1017,#1018),#184,.T.);
#1020=CARTESIAN_POINT('',(0.000000000000,0.000000000000,-0.140000000000));
#1021=AXIS2_PLACEMENT_3D('',#1020,#31,#464);
#1022=PLANE('',#1021);
#1023=CARTESIAN_POINT('',(-0.011360569157,0.199677082983,-0.140000000000));
#1024=VERTEX_POINT('',#1023);
#1025=CARTESIAN_POINT('',(-0.040706764796,0.195813583032,-0.140000000000));
#1026=VERTEX_POINT('',#1025);
#1027=AXIS2_PLACEMENT_3D('',#1020,#11,#182);
#1028=CIRCLE('',#1027,0.200000000000);
#1029=EDGE_CURVE('',#1024,#1026,#1028,.T.);
#1030=ORIENTED_EDGE('',*,*,#1029,.T.);
#1031=CARTESIAN_POINT('',(-0.062653699096,0.189932919710,-0.140000000000));
#1032=VERTEX_POINT('',#1031);
#1033=CIRCLE('',#1027,0.200000000000);
#1034=EDGE_CURVE('',#1026,#1032,#1033,.T.);
#1035=ORIENTED_EDGE('',*,*,#1034,.T.);
#1036=CARTESIAN_POINT('',(-0.090000000000,0.178605710995,-0.140000000000));
#1037=VERTEX_POINT('',#1036);
#1038=CIRCLE('',#1027,0.200000000000);
#1039=EDGE_CURVE('',#1032,#1037,#1038,.T.);
#1040=ORIENTED_EDGE('',*,*,#1039,.T.);
#1041=CARTESIAN_POINT('',(-0.109677082983,0.167245141838,-0.140000000000));
#1042=VERTEX_POINT('',#1041);
#1043=CIRCLE('',#1027,0.200000000000);
#1044=EDGE_CURVE('',#1037,#1042,#1043,.T.);
#1045=ORIENTED_EDGE('',*,*,#1044,.T.);
#1046=CARTESIAN_POINT('',(-0.133159883936,0.149226154913,-0.140000000000));
#1047=VERTEX_POINT('',#1046);
#1048=CIRCLE('',#1027,0.200000000000);
#1049=EDGE_CURVE('',#1042,#1047,#1048,.T.);
#1050=ORIENTED_EDGE('',*,*,#1049,.T.);
#1051=CARTESIAN_POINT('',(-0.149226154913,0.133159883936,-0.140000000000));
#1052=VERTEX_POINT('',#1051);
#1053=CIRCLE('',#1027,0.200000000000);
#1054=EDGE_CURVE('',#1047,#1052,#1053,.T.);
#1055=ORIENTED_EDGE('',*,*,#1054,.T.);
#1056=CARTESIAN_POINT('',(-0.167245141838,0.109677082983,-0.140000000000));
#1057=VERTEX_POINT('',#1056);
#1058=CIRCLE('',#1027,0.200000000000);
#1059=EDGE_CURVE('',#1052,#1057,#1058,.T.);
#1060=ORIENTED_EDGE('',*,*,#1059,.T.);
#1061=CARTESIAN_POINT('',(-0.175000000000,0.096824583655,-0.140000000000));
#1062=VERTEX_POINT('',#1061);
#1063=CIRCLE('',#1027,0.200000000000);
#1064=EDGE_CURVE('',#1057,#1062,#1063,.T.);
#1065=ORIENTED_EDGE('',*,*,#1064,.T.);
#1066=CARTESIAN_POINT('',(-0.178605710995,0.090000000000,-0.140000000000));
#1067=VERTEX_POINT('',#1066);
#1068=CIRCLE('',#1027,0.200000000000);
#1069=EDGE_CURVE('',#1062,#1067,#1068,.T.);
#1070=ORIENTED_EDGE('',*,*,#1069,.T.);
#1071=CARTESIAN_POINT('',(-0.189932919710,0.062653699096,-0.140000000000));
#1072=VERTEX_POINT('',#1071);
#1073=CIRCLE('',#1027,0.200000000000);
#1074=EDGE_CURVE('',#1067,#1072,#1073,.T.);
#1075=ORIENTED_EDGE('',*,*,#1074,.T.);
#1076=CARTESIAN_POINT('',(-0.195813583032,0.040706764796,-0.140000000000));
#1077=VERTEX_POINT('',#1076);
#1078=CIRCLE('',#1027,0.200000000000);
#1079=EDGE_CURVE('',#1072,#1077,#1078,.T.);
#1080=ORIENTED_EDGE('',*,*,#1079,.T.);
#1081=CARTESIAN_POINT('',(-0.199677082983,0.011360569157,-0.140000000000));
#1082=VERTEX_POINT('',#1081);
#1083=CIRCLE('',#1027,0.200000000000);
#1084=EDGE_CURVE('',#1077,#1082,#1083,.T.);
#1085=ORIENTED_EDGE('',*,*,#1084,.T.);
#1086=CARTESIAN_POINT('',(-0.199677082983,-0.011360569157,-0.140000000000));
#1087=VERTEX_POINT('',#1086);
#1088=CIRCLE('',#1027,0.200000000000);
#1089=EDGE_CURVE('',#1082,#1087,#1088,.T.);
#1090=ORIENTED_EDGE('',*,*,#1089,.T.);
#1091=CARTESIAN_POINT('',(-0.195813583032,-0.040706764796,-0.140000000000));
#1092=VERTEX_POINT('',#1091);
#1093=CIRCLE('',#1027,0.200000000000);
#1094=EDGE_CURVE('',#1087,#1092,#1093,.T.);
#1095=ORIENTED_EDGE('',*,*,#1094,.T.);
#1096=CARTESIAN_POINT('',(-0.189932919710,-0.062653699096,-0.140000000000));
#1097=VERTEX_POINT('',#1096);
#1098=CIRCLE('',#1027,0.200000000000);
#1099=EDGE_CURVE('',#1092,#1097,#1098,.T.);
#1100=ORIENTED_EDGE('',*,*,#1099,.T.);
#1101=CARTESIAN_POINT('',(-0.178605710995,-0.090000000000,-0.140000000000));
#1102=VERTEX_POINT('',#1101);
#1103=CIRCLE('',#1027,0.200000000000);
#1104=EDGE_CURVE('',#1097,#1102,#1103,.T.);
#1105=ORIENTED_EDGE('',*,*,#1104,.T.);
#1106=CARTESIAN_POINT('',(-0.175000000000,-0.096824583655,-0.140000000000));
#1107=VERTEX_POINT('',#1106);
#1108=CIRCLE('',#1027,0.200000000000);
#1109=EDGE_CURVE('',#1102,#1107,#1108,.T.);
#1110=ORIENTED_EDGE('',*,*,#1109,.T.);
#1111=CARTESIAN_POINT('',(-0.167245141838,-0.109677082983,-0.140000000000));
#1112=VERTEX_POINT('',#1111);
#1113=CIRCLE('',#1027,0.200000000000);
#1114=EDGE_CURVE('',#1107,#1112,#1113,.T.);
#1115=ORIENTED_EDGE('',*,*,#1114,.T.);
#1116=CARTESIAN_POINT('',(-0.149226154913,-0.133159883936,-0.140000000000));
#1117=VERTEX_POINT('',#1116);
#1118=CIRCLE('',#1027,0.200000000000);
#1119=EDGE_CURVE('',#1112,#1117,#1118,.T.);
#1120=ORIENTED_EDGE('',*,*,#1119,.T.);
#1121=CARTESIAN_POINT('',(-0.133159883936,-0.149226154913,-0.140000000000));
#1122=VERTEX_POINT('',#1121);
#1123=CIRCLE('',#1027,0.200000000000);
#1124=EDGE_CURVE('',#1117,#1122,#1123,.T.);
#1125=ORIENTED_EDGE('',*,*,#1124,.T.);
#1126=CARTESIAN_POINT('',(-0.109677082983,-0.167245141838,-0.140000000000));
#1127=VERTEX_POINT('',#1126);
#1128=CIRCLE('',#1027,0.200000000000);
#1129=EDGE_CURVE('',#1122,#1127,#1128,.T.);
#1130=ORIENTED_EDGE('',*,*,#1129,.T.);
#1131=CARTESIAN_POINT('',(-0.090000000000,-0.178605710995,-0.140000000000));
#1132=VERTEX_POINT('',#1131);
#1133=CIRCLE('',#1027,0.200000000000);
#1134=EDGE_CURVE('',#1127,#1132,#1133,.T.);
#1135=ORIENTED_EDGE('',*,*,#1134,.T.);
#1136=CARTESIAN_POINT('',(-0.062653699096,-0.189932919710,-0.140000000000));
#1137=VERTEX_POINT('',#1136);
#1138=CIRCLE('',#1027,0.200000000000);
#1139=EDGE_CURVE('',#1132,#1137,#1138,.T.);
#1140=ORIENTED_EDGE('',*,*,#1139,.T.);
#1141=CARTESIAN_POINT('',(-0.040706764796,-0.195813583032,-0.140000000000));
#1142=VERTEX_POINT('',#1141);
#1143=CIRCLE('',#1027,0.200000000000);
#1144=EDGE_CURVE('',#1137,#1142,#1143,.T.);
#1145=ORIENTED_EDGE('',*,*,#1144,.T.);
#1146=CARTESIAN_POINT('',(-0.011360569157,-0.199677082983,-0.140000000000));
#1147=VERTEX_POINT('',#1146);
#1148=CIRCLE('',#1027,0.200000000000);
#1149=EDGE_CURVE('',#1142,#1147,#1148,.T.);
#1150=ORIENTED_EDGE('',*,*,#1149,.T.);
#1151=CARTESIAN_POINT('',(0.011360569157,-0.199677082983,-0.140000000000));
#1152=VERTEX_POINT('',#1151);
#1153=CIRCLE('',#1027,0.200000000000);
#1154=EDGE_CURVE('',#1147,#1152,#1153,.T.);
#1155=ORIENTED_EDGE('',*,*,#1154,.T.);
#1156=CARTESIAN_POINT('',(0.040706764796,-0.195813583032,-0.140000000000));
#1157=VERTEX_POINT('',#1156);
#1158=CIRCLE('',#1027,0.200000000000);
#1159=EDGE_CURVE('',#1152,#1157,#1158,.T.);
#1160=ORIENTED_EDGE('',*,*,#1159,.T.);
#1161=CARTESIAN_POINT('',(0.062653699096,-0.189932919710,-0.140000000000));
#1162=VERTEX_POINT('',#1161);
#1163=CIRCLE('',#1027,0.200000000000);
#1164=EDGE_CURVE('',#1157,#1162,#1163,.T.);
#1165=ORIENTED_EDGE('',*,*,#1164,.T.);
#1166=CARTESIAN_POINT('',(0.090000000000,-0.178605710995,-0.140000000000));
#1167=VERTEX_POINT('',#1166);
#1168=CIRCLE('',#1027,0.200000000000);
#1169=EDGE_CURVE('',#1162,#1167,#1168,.T.);
#1170=ORIENTED_EDGE('',*,*,#1169,.T.);
#1171=CARTESIAN_POINT('',(0.109677082983,-0.167245141838,-0.140000000000));
#1172=VERTEX_POINT('',#1171);
#1173=CIRCLE('',#1027,0.200000000000);
#1174=EDGE_CURVE('',#1167,#1172,#1173,.T.);
#1175=ORIENTED_EDGE('',*,*,#1174,.T.);
#1176=CARTESIAN_POINT('',(0.133159883936,-0.149226154913,-0.140000000000));
#1177=VERTEX_POINT('',#1176);
#1178=CIRCLE('',#1027,0.200000000000);
#1179=EDGE_CURVE('',#1172,#1177,#1178,.T.);
#1180=ORIENTED_EDGE('',*,*,#1179,.T.);
#1181=CARTESIAN_POINT('',(0.149226154913,-0.133159883936,-0.140000000000));
#1182=VERTEX_POINT('',#1181);
#1183=CIRCLE('',#1027,0.200000000000);
#1184=EDGE_CURVE('',#1177,#1182,#1183,.T.);
#1185=ORIENTED_EDGE('',*,*,#1184,.T.);
#1186=CARTESIAN_POINT('',(0.167245141838,-0.109677082983,-0.140000000000));
#1187=VERTEX_POINT('',#1186);
#1188=CIRCLE('',#1027,0.200000000000);
#1189=EDGE_CURVE('',#1182,#1187,#1188,.T.);
#1190=ORIENTED_EDGE('',*,*,#1189,.T.);
#1191=CARTESIAN_POINT('',(0.175000000000,-0.096824583655,-0.140000000000));
#1192=VERTEX_POINT('',#1191);
#1193=CIRCLE('',#1027,0.200000000000);
#1194=EDGE_CURVE('',#1187,#1192,#1193,.T.);
#1195=ORIENTED_EDGE('',*,*,#1194,.T.);
#1196=CARTESIAN_POINT('',(0.178605710995,-0.090000000000,-0.140000000000));
#1197=VERTEX_POINT('',#1196);
#1198=CIRCLE('',#1027,0.200000000000);
#1199=EDGE_CURVE('',#1192,#1197,#1198,.T.);
#1200=ORIENTED_EDGE('',*,*,#1199,.T.);
#1201=CARTESIAN_POINT('',(0.189932919710,-0.062653699096,-0.140000000000));
#1202=VERTEX_POINT('',#1201);
#1203=CIRCLE('',#1027,0.200000000000);
#1204=EDGE_CURVE('',#1197,#1202,#1203,.T.);
#1205=ORIENTED_EDGE('',*,*,#1204,.T.);
#1206=CARTESIAN_POINT('',(0.195813583032,-0.040706764796,-0.140000000000));
#1207=VERTEX_POINT('',#1206);
#1208=CIRCLE('',#1027,0.200000000000);
#1209=EDGE_CURVE('',#1202,#1207,#1208,.T.);
#1210=ORIENTED_EDGE('',*,*,#1209,.T.);
#1211=CARTESIAN_POINT('',(0.199677082983,-0.011360569157,-0.140000000000));
#1212=VERTEX_POINT('',#1211);
#1213=CIRCLE('',#1027,0.200000000000);
#1214=EDGE_CURVE('',#1207,#1212,#1213,.T.);
#1215=ORIENTED_EDGE('',*,*,#1214,.T.);
#1216=CARTESIAN_POINT('',(0.199677082983,0.011360569157,-0.140000000000));
#1217=VERTEX_POINT('',#1216);
#1218=CIRCLE('',#1027,0.200000000000);
#1219=EDGE_CURVE('',#1212,#1217,#1218,.T.);
#1220=ORIENTED_EDGE('',*,*,#1219,.T.);
#1221=CARTESIAN_POINT('',(0.195813583032,0.040706764796,-0.140000000000));
#1222=VERTEX_POINT('',#1221);
#1223=CIRCLE('',#1027,0.200000000000);
#1224=EDGE_CURVE('',#1217,#1222,#1223,.T.);
#1225=ORIENTED_EDGE('',*,*,#1224,.T.);
#1226=CARTESIAN_POINT('',(0.189932919710,0.062653699096,-0.140000000000));
#1227=VERTEX_POINT('',#1226);
#1228=CIRCLE('',#1027,0.200000000000);
#1229=EDGE_CURVE('',#1222,#1227,#1228,.T.);
#1230=ORIENTED_EDGE('',*,*,#1229,.T.);
#1231=CARTESIAN_POINT('',(0.178605710995,0.090000000000,-0.140000000000));
#1232=VERTEX_POINT('',#1231);
#1233=CIRCLE('',#1027,0.200000000000);
#1234=EDGE_CURVE('',#1227,#1232,#1233,.T.);
#1235=ORIENTED_EDGE('',*,*,#1234,.T.);
#1236=CARTESIAN_POINT('',(0.175000000000,0.096824583655,-0.140000000000));
#1237=VERTEX_POINT('',#1236);
#1238=CIRCLE('',#1027,0.200000000000);
#1239=EDGE_CURVE('',#1232,#1237,#1238,.T.);
#1240=ORIENTED_EDGE('',*,*,#1239,.T.);
#1241=CARTESIAN_POINT('',(0.167245141838,0.109677082983,-0.140000000000));
#1242=VERTEX_POINT('',#1241);
#1243=CIRCLE('',#1027,0.200000000000);
#1244=EDGE_CURVE('',#1237,#1242,#1243,.T.);
#1245=ORIENTED_EDGE('',*,*,#1244,.T.);
#1246=CARTESIAN_POINT('',(0.149226154913,0.133159883936,-0.140000000000));
#1247=VERTEX_POINT('',#1246);
#1248=CIRCLE('',#1027,0.200000000000);
#1249=EDGE_CURVE('',#1242,#1247,#1248,.T.);
#1250=ORIENTED_EDGE('',*,*,#1249,.T.);
#1251=CARTESIAN_POINT('',(0.133159883936,0.149226154913,-0.140000000000));
#1252=VERTEX_POINT('',#1251);
#1253=CIRCLE('',#1027,0.200000000000);
#1254=EDGE_CURVE('',#1247,#1252,#1253,.T.);
#1255=ORIENTED_EDGE('',*,*,#1254,.T.);
#1256=CARTESIAN_POINT('',(0.109677082983,0.167245141838,-0.140000000000));
#1257=VERTEX_POINT('',#1256);
#1258=CIRCLE('',#1027,0.200000000000);
#1259=EDGE_CURVE('',#1252,#1257,#1258,.T.);
#1260=ORIENTED_EDGE('',*,*,#1259,.T.);
#1261=CARTESIAN_POINT('',(0.090000000000,0.178605710995,-0.140000000000));
#1262=VERTEX_POINT('',#1261);
#1263=CIRCLE('',#1027,0.200000000000);
#1264=EDGE_CURVE('',#1257,#1262,#1263,.T.);
#1265=ORIENTED_EDGE('',*,*,#1264,.T.);
#1266=CARTESIAN_POINT('',(0.062653699096,0.189932919710,-0.140000000000));
#1267=VERTEX_POINT('',#1266);
#1268=CIRCLE('',#1027,0.200000000000);
#1269=EDGE_CURVE('',#1262,#1267,#1268,.T.);
#1270=ORIENTED_EDGE('',*,*,#1269,.T.);
#1271=CARTESIAN_POINT('',(0.040706764796,0.195813583032,-0.140000000000));
#1272=VERTEX_POINT('',#1271);
#1273=CIRCLE('',#1027,0.200000000000);
#1274=EDGE_CURVE('',#1267,#1272,#1273,.T.);
#1275=ORIENTED_EDGE('',*,*,#1274,.T.);
#1276=CARTESIAN_POINT('',(0.011360569157,0.199677082983,-0.140000000000));
#1277=VERTEX_POINT('',#1276);
#1278=CIRCLE('',#1027,0.200000000000);
#1279=EDGE_CURVE('',#1272,#1277,#1278,.T.);
#1280=ORIENTED_EDGE('',*,*,#1279,.T.);
#1281=CIRCLE('',#1027,0.200000000000);
#1282=EDGE_CURVE('',#1277,#1024,#1281,.T.);
#1283=ORIENTED_EDGE('',*,*,#1282,.T.);
#1284=EDGE_LOOP('',(#1030,#1035,#1040,#1045,#1050,#1055,#1060,#1065,#1070,#1075,#1080,#1085,#1090,#1095,#1100,#1105,#1110,#1115,#1120,#1125,#1130,#1135,#1140,#1145,#1150,#1155,#1160,#1165,#1170,#1175,#1180,#1185,#1190,#1195,#1200,#1205,#1210,#1215,#1220,#1225,#1230,#1235,#1240,#1245,#1250,#1255,#1260,#1265,#1270,#1275,#1280,#1283));
#1285=ORIENTED_EDGE('',*,*,#45,.F.);
#1286=ORIENTED_EDGE('',*,*,#173,.F.);
#1287=CARTESIAN_POINT('',(-1.653920445516,0.850968365983,-0.140000000000));
#1288=VERTEX_POINT('',#1287);
#1289=CIRCLE('',#1027,1.860000000000);
#1290=EDGE_CURVE('',#1288,#168,#1289,.T.);
#1291=ORIENTED_EDGE('',*,*,#1290,.F.);
#1292=CARTESIAN_POINT('',(-1.777050807569,0.922057713659,-0.140000000000));
#1293=VERTEX_POINT('',#1292);
#1294=CARTESIAN_POINT('',(-0.045000000000,-0.077942286341,-0.140000000000));
#1295=LINE('',#1294,#756);
#1296=EDGE_CURVE('',#1288,#1293,#1295,.T.);
#1297=ORIENTED_EDGE('',*,*,#1296,.T.);
#1298=CARTESIAN_POINT('',(-1.687050807569,1.077942286341,-0.140000000000));
#1299=VERTEX_POINT('',#1298);
#1300=CARTESIAN_POINT('',(-1.732050807569,1.000000000000,-0.140000000000));
#1301=LINE('',#1300,#594);
#1302=EDGE_CURVE('',#1293,#1299,#1301,.T.);
#1303=ORIENTED_EDGE('',*,*,#1302,.T.);
#1304=CARTESIAN_POINT('',(-1.563920445516,1.006852938664,-0.140000000000));
#1305=VERTEX_POINT('',#1304);
#1306=CARTESIAN_POINT('',(0.045000000000,0.077942286341,-0.140000000000));
#1307=LINE('',#1306,#586);
#1308=EDGE_CURVE('',#1299,#1305,#1307,.T.);
#1309=ORIENTED_EDGE('',*,*,#1308,.T.);
#1310=CARTESIAN_POINT('',(-1.377317653055,1.250038432442,-0.140000000000));
#1311=VERTEX_POINT('',#1310);
#1312=CIRCLE('',#1027,1.860000000000);
#1313=EDGE_CURVE('',#1311,#1305,#1312,.T.);
#1314=ORIENTED_EDGE('',*,*,#1313,.F.);
#1315=CARTESIAN_POINT('',(-1.477853172680,1.350573952066,-0.140000000000));
#1316=VERTEX_POINT('',#1315);
#1317=CARTESIAN_POINT('',(-0.063639610307,-0.063639610307,-0.140000000000));
#1318=LINE('',#1317,#726);
#1319=EDGE_CURVE('',#1311,#1316,#1318,.T.);
#1320=ORIENTED_EDGE('',*,*,#1319,.T.);
#1321=CARTESIAN_POINT('',(-1.350573952066,1.477853172680,-0.140000000000));
#1322=VERTEX_POINT('',#1321);
#1323=CARTESIAN_POINT('',(-1.414213562373,1.414213562373,-0.140000000000));
#1324=LINE('',#1323,#565);
#1325=EDGE_CURVE('',#1316,#1322,#1324,.T.);
#1326=ORIENTED_EDGE('',*,*,#1325,.T.);
#1327=CARTESIAN_POINT('',(-1.250038432442,1.377317653055,-0.140000000000));
#1328=VERTEX_POINT('',#1327);
#1329=CARTESIAN_POINT('',(0.063639610307,0.063639610307,-0.140000000000));
#1330=LINE('',#1329,#557);
#1331=EDGE_CURVE('',#1322,#1328,#1330,.T.);
#1332=ORIENTED_EDGE('',*,*,#1331,.T.);
#1333=CARTESIAN_POINT('',(-1.006852938664,1.563920445516,-0.140000000000));
#1334=VERTEX_POINT('',#1333);
#1335=CIRCLE('',#1027,1.860000000000);
#1336=EDGE_CURVE('',#1334,#1328,#1335,.T.);
#1337=ORIENTED_EDGE('',*,*,#1336,.F.);
#1338=CARTESIAN_POINT('',(-1.077942286341,1.687050807569,-0.140000000000));
#1339=VERTEX_POINT('',#1338);
#1340=CARTESIAN_POINT('',(-0.077942286341,-0.045000000000,-0.140000000000));
#1341=LINE('',#1340,#701);
#1342=EDGE_CURVE('',#1334,#1339,#1341,.T.);
#1343=ORIENTED_EDGE('',*,*,#1342,.T.);
#1344=CARTESIAN_POINT('',(-0.922057713659,1.777050807569,-0.140000000000));
#1345=VERTEX_POINT('',#1344);
#1346=CARTESIAN_POINT('',(-1.000000000000,1.732050807569,-0.140000000000));
#1347=LINE('',#1346,#531);
#1348=EDGE_CURVE('',#1339,#1345,#1347,.T.);
#1349=ORIENTED_EDGE('',*,*,#1348,.T.);
#1350=CARTESIAN_POINT('',(-0.850968365983,1.653920445516,-0.140000000000));
#1351=VERTEX_POINT('',#1350);
#1352=CARTESIAN_POINT('',(0.077942286341,0.045000000000,-0.140000000000));
#1353=LINE('',#1352,#523);
#1354=EDGE_CURVE('',#1345,#1351,#1353,.T.);
#1355=ORIENTED_EDGE('',*,*,#1354,.T.);
#1356=CARTESIAN_POINT('',(-0.567772860406,1.771223864729,-0.140000000000));
#1357=VERTEX_POINT('',#1356);
#1358=CIRCLE('',#1027,1.860000000000);
#1359=EDGE_CURVE('',#1357,#1351,#1358,.T.);
#1360=ORIENTED_EDGE('',*,*,#1359,.F.);
#1361=CARTESIAN_POINT('',(-0.604571414571,1.908557938519,-0.140000000000));
#1362=VERTEX_POINT('',#1361);
#1363=CARTESIAN_POINT('',(-0.086933324366,-0.023293714059,-0.140000000000));
#1364=LINE('',#1363,#676);
#1365=EDGE_CURVE('',#1357,#1362,#1364,.T.);
#1366=ORIENTED_EDGE('',*,*,#1365,.T.);
#1367=CARTESIAN_POINT('',(-0.430704765839,1.955145366637,-0.140000000000));
#1368=VERTEX_POINT('',#1367);
#1369=CARTESIAN_POINT('',(-0.517638090205,1.931851652578,-0.140000000000));
#1370=LINE('',#1369,#502);
#1371=EDGE_CURVE('',#1362,#1368,#1370,.T.);
#1372=ORIENTED_EDGE('',*,*,#1371,.T.);
#1373=CARTESIAN_POINT('',(-0.393906211674,1.817811292848,-0.140000000000));
#1374=VERTEX_POINT('',#1373);
#1375=CARTESIAN_POINT('',(0.086933324366,0.023293714059,-0.140000000000));
#1376=LINE('',#1375,#494);
#1377=EDGE_CURVE('',#1368,#1374,#1376,.T.);
#1378=ORIENTED_EDGE('',*,*,#1377,.T.);
#1379=CARTESIAN_POINT('',(-0.175000000000,1.851749173079,-0.140000000000));
#1380=VERTEX_POINT('',#1379);
#1381=CIRCLE('',#1027,1.860000000000);
#1382=EDGE_CURVE('',#1380,#1374,#1381,.T.);
#1383=ORIENTED_EDGE('',*,*,#1382,.F.);
#1384=CARTESIAN_POINT('',(-0.090000000000,1.857821304647,-0.140000000000));
#1385=VERTEX_POINT('',#1384);
#1386=CIRCLE('',#1027,1.860000000000);
#1387=EDGE_CURVE('',#1385,#1380,#1386,.T.);
#1388=ORIENTED_EDGE('',*,*,#1387,.F.);
#1389=CARTESIAN_POINT('',(-0.090000000000,2.000000000000,-0.140000000000));
#1390=VERTEX_POINT('',#1389);
#1391=CARTESIAN_POINT('',(-0.090000000000,0.000000000000,-0.140000000000));
#1392=LINE('',#1391,#651);
#1393=EDGE_CURVE('',#1385,#1390,#1392,.T.);
#1394=ORIENTED_EDGE('',*,*,#1393,.T.);
#1395=CARTESIAN_POINT('',(0.090000000000,2.000000000000,-0.140000000000));
#1396=VERTEX_POINT('',#1395);
#1397=CARTESIAN_POINT('',(0.000000000000,2.000000000000,-0.140000000000));
#1398=LINE('',#1397,#473);
#1399=EDGE_CURVE('',#1390,#1396,#1398,.T.);
#1400=ORIENTED_EDGE('',*,*,#1399,.T.);
#1401=CARTESIAN_POINT('',(0.090000000000,1.857821304647,-0.140000000000));
#1402=VERTEX_POINT('',#1401);
#1403=CARTESIAN_POINT('',(0.090000000000,0.000000000000,-0.140000000000));
#1404=LINE('',#1403,#465);
#1405=EDGE_CURVE('',#1396,#1402,#1404,.T.);
#1406=ORIENTED_EDGE('',*,*,#1405,.T.);
#1407=CARTESIAN_POINT('',(0.175000000000,1.851749173079,-0.140000000000));
#1408=VERTEX_POINT('',#1407);
#1409=CIRCLE('',#1027,1.860000000000);
#1410=EDGE_CURVE('',#1408,#1402,#1409,.T.);
#1411=ORIENTED_EDGE('',*,*,#1410,.F.);
#1412=CARTESIAN_POINT('',(0.393906211674,1.817811292848,-0.140000000000));
#1413=VERTEX_POINT('',#1412);
#1414=CIRCLE('',#1027,1.860000000000);
#1415=EDGE_CURVE('',#1413,#1408,#1414,.T.);
#1416=ORIENTED_EDGE('',*,*,#1415,.F.);
#1417=CARTESIAN_POINT('',(0.430704765839,1.955145366637,-0.140000000000));
#1418=VERTEX_POINT('',#1417);
#1419=CARTESIAN_POINT('',(-0.086933324366,0.023293714059,-0.140000000000));
#1420=LINE('',#1419,#24);
#1421=EDGE_CURVE('',#1413,#1418,#1420,.T.);
#1422=ORIENTED_EDGE('',*,*,#1421,.T.);
#1423=CARTESIAN_POINT('',(0.604571414571,1.908557938519,-0.140000000000));
#1424=VERTEX_POINT('',#1423);
#1425=CARTESIAN_POINT('',(0.517638090205,1.931851652578,-0.140000000000));
#1426=LINE('',#1425,#58);
#1427=EDGE_CURVE('',#1418,#1424,#1426,.T.);
#1428=ORIENTED_EDGE('',*,*,#1427,.T.);
#1429=CARTESIAN_POINT('',(0.567772860406,1.771223864729,-0.140000000000));
#1430=VERTEX_POINT('',#1429);
#1431=CARTESIAN_POINT('',(0.086933324366,-0.023293714059,-0.140000000000));
#1432=LINE('',#1431,#43);
#1433=EDGE_CURVE('',#1424,#1430,#1432,.T.);
#1434=ORIENTED_EDGE('',*,*,#1433,.T.);
#1435=CARTESIAN_POINT('',(0.850968365983,1.653920445516,-0.140000000000));
#1436=VERTEX_POINT('',#1435);
#1437=CIRCLE('',#1027,1.860000000000);
#1438=EDGE_CURVE('',#1436,#1430,#1437,.T.);
#1439=ORIENTED_EDGE('',*,*,#1438,.F.);
#1440=CARTESIAN_POINT('',(0.922057713659,1.777050807569,-0.140000000000));
#1441=VERTEX_POINT('',#1440);
#1442=CARTESIAN_POINT('',(-0.077942286341,0.045000000000,-0.140000000000));
#1443=LINE('',#1442,#594);
#1444=EDGE_CURVE('',#1436,#1441,#1443,.T.);
#1445=ORIENTED_EDGE('',*,*,#1444,.T.);
#1446=CARTESIAN_POINT('',(1.077942286341,1.687050807569,-0.140000000000));
#1447=VERTEX_POINT('',#1446);
#1448=CARTESIAN_POINT('',(1.000000000000,1.732050807569,-0.140000000000));
#1449=LINE('',#1448,#586);
#1450=EDGE_CURVE('',#1441,#1447,#1449,.T.);
#1451=ORIENTED_EDGE('',*,*,#1450,.T.);
#1452=CARTESIAN_POINT('',(1.006852938664,1.563920445516,-0.140000000000));
#1453=VERTEX_POINT('',#1452);
#1454=CARTESIAN_POINT('',(0.077942286341,-0.045000000000,-0.140000000000));
#1455=LINE('',#1454,#578);
#1456=EDGE_CURVE('',#1447,#1453,#1455,.T.);
#1457=ORIENTED_EDGE('',*,*,#1456,.T.);
#1458=CARTESIAN_POINT('',(1.250038432442,1.377317653055,-0.140000000000));
#1459=VERTEX_POINT('',#1458);
#1460=CIRCLE('',#1027,1.860000000000);
#1461=EDGE_CURVE('',#1459,#1453,#1460,.T.);
#1462=ORIENTED_EDGE('',*,*,#1461,.F.);
#1463=CARTESIAN_POINT('',(1.350573952066,1.477853172680,-0.140000000000));
#1464=VERTEX_POINT('',#1463);
#1465=CARTESIAN_POINT('',(-0.063639610307,0.063639610307,-0.140000000000));
#1466=LINE('',#1465,#565);
#1467=EDGE_CURVE('',#1459,#1464,#1466,.T.);
#1468=ORIENTED_EDGE('',*,*,#1467,.T.);
#1469=CARTESIAN_POINT('',(1.477853172680,1.350573952066,-0.140000000000));
#1470=VERTEX_POINT('',#1469);
#1471=CARTESIAN_POINT('',(1.414213562373,1.414213562373,-0.140000000000));
#1472=LINE('',#1471,#557);
#1473=EDGE_CURVE('',#1464,#1470,#1472,.T.);
#1474=ORIENTED_EDGE('',*,*,#1473,.T.);
#1475=CARTESIAN_POINT('',(1.377317653055,1.250038432442,-0.140000000000));
#1476=VERTEX_POINT('',#1475);
#1477=CARTESIAN_POINT('',(0.063639610307,-0.063639610307,-0.140000000000));
#1478=LINE('',#1477,#549);
#1479=EDGE_CURVE('',#1470,#1476,#1478,.T.);
#1480=ORIENTED_EDGE('',*,*,#1479,.T.);
#1481=CARTESIAN_POINT('',(1.563920445516,1.006852938664,-0.140000000000));
#1482=VERTEX_POINT('',#1481);
#1483=CIRCLE('',#1027,1.860000000000);
#1484=EDGE_CURVE('',#1482,#1476,#1483,.T.);
#1485=ORIENTED_EDGE('',*,*,#1484,.F.);
#1486=CARTESIAN_POINT('',(1.687050807569,1.077942286341,-0.140000000000));
#1487=VERTEX_POINT('',#1486);
#1488=CARTESIAN_POINT('',(-0.045000000000,0.077942286341,-0.140000000000));
#1489=LINE('',#1488,#531);
#1490=EDGE_CURVE('',#1482,#1487,#1489,.T.);
#1491=ORIENTED_EDGE('',*,*,#1490,.T.);
#1492=CARTESIAN_POINT('',(1.777050807569,0.922057713659,-0.140000000000));
#1493=VERTEX_POINT('',#1492);
#1494=CARTESIAN_POINT('',(1.732050807569,1.000000000000,-0.140000000000));
#1495=LINE('',#1494,#523);
#1496=EDGE_CURVE('',#1487,#1493,#1495,.T.);
#1497=ORIENTED_EDGE('',*,*,#1496,.T.);
#1498=CARTESIAN_POINT('',(1.653920445516,0.850968365983,-0.140000000000));
#1499=VERTEX_POINT('',#1498);
#1500=CARTESIAN_POINT('',(0.045000000000,-0.077942286341,-0.140000000000));
#1501=LINE('',#1500,#515);
#1502=EDGE_CURVE('',#1493,#1499,#1501,.T.);
#1503=ORIENTED_EDGE('',*,*,#1502,.T.);
#1504=CARTESIAN_POINT('',(1.771223864729,0.567772860406,-0.140000000000));
#1505=VERTEX_POINT('',#1504);
#1506=CIRCLE('',#1027,1.860000000000);
#1507=EDGE_CURVE('',#1505,#1499,#1506,.T.);
#1508=ORIENTED_EDGE('',*,*,#1507,.F.);
#1509=CARTESIAN_POINT('',(1.908557938519,0.604571414571,-0.140000000000));
#1510=VERTEX_POINT('',#1509);
#1511=CARTESIAN_POINT('',(-0.023293714059,0.086933324366,-0.140000000000));
#1512=LINE('',#1511,#502);
#1513=EDGE_CURVE('',#1505,#1510,#1512,.T.);
#1514=ORIENTED_EDGE('',*,*,#1513,.T.);
#1515=CARTESIAN_POINT('',(1.955145366637,0.430704765839,-0.140000000000));
#1516=VERTEX_POINT('',#1515);
#1517=CARTESIAN_POINT('',(1.931851652578,0.517638090205,-0.140000000000));
#1518=LINE('',#1517,#494);
#1519=EDGE_CURVE('',#1510,#1516,#1518,.T.);
#1520=ORIENTED_EDGE('',*,*,#1519,.T.);
#1521=CARTESIAN_POINT('',(1.817811292848,0.393906211674,-0.140000000000));
#1522=VERTEX_POINT('',#1521);
#1523=CARTESIAN_POINT('',(0.023293714059,-0.086933324366,-0.140000000000));
#1524=LINE('',#1523,#486);
#1525=EDGE_CURVE('',#1516,#1522,#1524,.T.);
#1526=ORIENTED_EDGE('',*,*,#1525,.T.);
#1527=CARTESIAN_POINT('',(1.857821304647,0.090000000000,-0.140000000000));
#1528=VERTEX_POINT('',#1527);
#1529=CIRCLE('',#1027,1.860000000000);
#1530=EDGE_CURVE('',#1528,#1522,#1529,.T.);
#1531=ORIENTED_EDGE('',*,*,#1530,.F.);
#1532=CARTESIAN_POINT('',(2.000000000000,0.090000000000,-0.140000000000));
#1533=VERTEX_POINT('',#1532);
#1534=CARTESIAN_POINT('',(0.000000000000,0.090000000000,-0.140000000000));
#1535=LINE('',#1534,#473);
#1536=EDGE_CURVE('',#1528,#1533,#1535,.T.);
#1537=ORIENTED_EDGE('',*,*,#1536,.T.);
#1538=CARTESIAN_POINT('',(2.000000000000,-0.090000000000,-0.140000000000));
#1539=VERTEX_POINT('',#1538);
#1540=CARTESIAN_POINT('',(2.000000000000,0.000000000000,-0.140000000000));
#1541=LINE('',#1540,#465);
#1542=EDGE_CURVE('',#1533,#1539,#1541,.T.);
#1543=ORIENTED_EDGE('',*,*,#1542,.T.);
#1544=CARTESIAN_POINT('',(1.857821304647,-0.090000000000,-0.140000000000));
#1545=VERTEX_POINT('',#1544);
#1546=CARTESIAN_POINT('',(0.000000000000,-0.090000000000,-0.140000000000));
#1547=LINE('',#1546,#457);
#1548=EDGE_CURVE('',#1539,#1545,#1547,.T.);
#1549=ORIENTED_EDGE('',*,*,#1548,.T.);
#1550=CIRCLE('',#1027,1.860000000000);
#1551=EDGE_CURVE('',#140,#1545,#1550,.T.);
#1552=ORIENTED_EDGE('',*,*,#1551,.F.);
#1553=ORIENTED_EDGE('',*,*,#143,.F.);
#1554=CARTESIAN_POINT('',(1.931851652578,-0.517638090205,-0.140000000000));
#1555=LINE('',#1554,#43);
#1556=EDGE_CURVE('',#135,#99,#1555,.T.);
#1557=ORIENTED_EDGE('',*,*,#1556,.T.);
#1558=ORIENTED_EDGE('',*,*,#101,.F.);
#1559=CARTESIAN_POINT('',(1.653920445516,-0.850968365983,-0.140000000000));
#1560=VERTEX_POINT('',#1559);
#1561=CIRCLE('',#1027,1.860000000000);
#1562=EDGE_CURVE('',#1560,#94,#1561,.T.);
#1563=ORIENTED_EDGE('',*,*,#1562,.F.);
#1564=CARTESIAN_POINT('',(1.777050807569,-0.922057713659,-0.140000000000));
#1565=VERTEX_POINT('',#1564);
#1566=LINE('',#1306,#586);
#1567=EDGE_CURVE('',#1560,#1565,#1566,.T.);
#1568=ORIENTED_EDGE('',*,*,#1567,.T.);
#1569=CARTESIAN_POINT('',(1.687050807569,-1.077942286341,-0.140000000000));
#1570=VERTEX_POINT('',#1569);
#1571=CARTESIAN_POINT('',(1.732050807569,-1.000000000000,-0.140000000000));
#1572=LINE('',#1571,#578);
#1573=EDGE_CURVE('',#1565,#1570,#1572,.T.);
#1574=ORIENTED_EDGE('',*,*,#1573,.T.);
#1575=CARTESIAN_POINT('',(1.563920445516,-1.006852938664,-0.140000000000));
#1576=VERTEX_POINT('',#1575);
#1577=LINE('',#1294,#756);
#1578=EDGE_CURVE('',#1570,#1576,#1577,.T.);
#1579=ORIENTED_EDGE('',*,*,#1578,.T.);
#1580=CARTESIAN_POINT('',(1.421126313879,-1.200000000000,-0.140000000000));
#1581=VERTEX_POINT('',#1580);
#1582=CIRCLE('',#1027,1.860000000000);
#1583=EDGE_CURVE('',#1581,#1576,#1582,.T.);
#1584=ORIENTED_EDGE('',*,*,#1583,.F.);
#1585=CARTESIAN_POINT('',(1.377317653055,-1.250038432442,-0.140000000000));
#1586=VERTEX_POINT('',#1585);
#1587=CIRCLE('',#1027,1.860000000000);
#1588=EDGE_CURVE('',#1586,#1581,#1587,.T.);
#1589=ORIENTED_EDGE('',*,*,#1588,.F.);
#1590=CARTESIAN_POINT('',(1.477853172680,-1.350573952066,-0.140000000000));
#1591=VERTEX_POINT('',#1590);
#1592=LINE('',#1329,#557);
#1593=EDGE_CURVE('',#1586,#1591,#1592,.T.);
#1594=ORIENTED_EDGE('',*,*,#1593,.T.);
#1595=CARTESIAN_POINT('',(1.350573952066,-1.477853172680,-0.140000000000));
#1596=VERTEX_POINT('',#1595);
#1597=CARTESIAN_POINT('',(1.414213562373,-1.414213562373,-0.140000000000));
#1598=LINE('',#1597,#549);
#1599=EDGE_CURVE('',#1591,#1596,#1598,.T.);
#1600=ORIENTED_EDGE('',*,*,#1599,.T.);
#1601=CARTESIAN_POINT('',(1.250038432442,-1.377317653055,-0.140000000000));
#1602=VERTEX_POINT('',#1601);
#1603=LINE('',#1317,#726);
#1604=EDGE_CURVE('',#1596,#1602,#1603,.T.);
#1605=ORIENTED_EDGE('',*,*,#1604,.T.);
#1606=CARTESIAN_POINT('',(1.006852938664,-1.563920445516,-0.140000000000));
#1607=VERTEX_POINT('',#1606);
#1608=CIRCLE('',#1027,1.860000000000);
#1609=EDGE_CURVE('',#1607,#1602,#1608,.T.);
#1610=ORIENTED_EDGE('',*,*,#1609,.F.);
#1611=CARTESIAN_POINT('',(1.077942286341,-1.687050807569,-0.140000000000));
#1612=VERTEX_POINT('',#1611);
#1613=LINE('',#1352,#523);
#1614=EDGE_CURVE('',#1607,#1612,#1613,.T.);
#1615=ORIENTED_EDGE('',*,*,#1614,.T.);
#1616=CARTESIAN_POINT('',(0.922057713659,-1.777050807569,-0.140000000000));
#1617=VERTEX_POINT('',#1616);
#1618=CARTESIAN_POINT('',(1.000000000000,-1.732050807569,-0.140000000000));
#1619=LINE('',#1618,#515);
#1620=EDGE_CURVE('',#1612,#1617,#1619,.T.);
#1621=ORIENTED_EDGE('',*,*,#1620,.T.);
#1622=CARTESIAN_POINT('',(0.850968365983,-1.653920445516,-0.140000000000));
#1623=VERTEX_POINT('',#1622);
#1624=LINE('',#1340,#701);
#1625=EDGE_CURVE('',#1617,#1623,#1624,.T.);
#1626=ORIENTED_EDGE('',*,*,#1625,.T.);
#1627=CARTESIAN_POINT('',(0.567772860406,-1.771223864729,-0.140000000000));
#1628=VERTEX_POINT('',#1627);
#1629=CIRCLE('',#1027,1.860000000000);
#1630=EDGE_CURVE('',#1628,#1623,#1629,.T.);
#1631=ORIENTED_EDGE('',*,*,#1630,.F.);
#1632=CARTESIAN_POINT('',(0.604571414571,-1.908557938519,-0.140000000000));
#1633=VERTEX_POINT('',#1632);
#1634=LINE('',#1375,#494);
#1635=EDGE_CURVE('',#1628,#1633,#1634,.T.);
#1636=ORIENTED_EDGE('',*,*,#1635,.T.);
#1637=CARTESIAN_POINT('',(0.430704765839,-1.955145366637,-0.140000000000));
#1638=VERTEX_POINT('',#1637);
#1639=CARTESIAN_POINT('',(0.517638090205,-1.931851652578,-0.140000000000));
#1640=LINE('',#1639,#486);
#1641=EDGE_CURVE('',#1633,#1638,#1640,.T.);
#1642=ORIENTED_EDGE('',*,*,#1641,.T.);
#1643=CARTESIAN_POINT('',(0.393906211674,-1.817811292848,-0.140000000000));
#1644=VERTEX_POINT('',#1643);
#1645=LINE('',#1363,#676);
#1646=EDGE_CURVE('',#1638,#1644,#1645,.T.);
#1647=ORIENTED_EDGE('',*,*,#1646,.T.);
#1648=CARTESIAN_POINT('',(0.175000000000,-1.851749173079,-0.140000000000));
#1649=VERTEX_POINT('',#1648);
#1650=CIRCLE('',#1027,1.860000000000);
#1651=EDGE_CURVE('',#1649,#1644,#1650,.T.);
#1652=ORIENTED_EDGE('',*,*,#1651,.F.);
#1653=CARTESIAN_POINT('',(0.090000000000,-1.857821304647,-0.140000000000));
#1654=VERTEX_POINT('',#1653);
#1655=CIRCLE('',#1027,1.860000000000);
#1656=EDGE_CURVE('',#1654,#1649,#1655,.T.);
#1657=ORIENTED_EDGE('',*,*,#1656,.F.);
#1658=CARTESIAN_POINT('',(0.090000000000,-2.000000000000,-0.140000000000));
#1659=VERTEX_POINT('',#1658);
#1660=LINE('',#1403,#465);
#1661=EDGE_CURVE('',#1654,#1659,#1660,.T.);
#1662=ORIENTED_EDGE('',*,*,#1661,.T.);
#1663=CARTESIAN_POINT('',(-0.090000000000,-2.000000000000,-0.140000000000));
#1664=VERTEX_POINT('',#1663);
#1665=CARTESIAN_POINT('',(0.000000000000,-2.000000000000,-0.140000000000));
#1666=LINE('',#1665,#457);
#1667=EDGE_CURVE('',#1659,#1664,#1666,.T.);
#1668=ORIENTED_EDGE('',*,*,#1667,.T.);
#1669=CARTESIAN_POINT('',(-0.090000000000,-1.857821304647,-0.140000000000));
#1670=VERTEX_POINT('',#1669);
#1671=LINE('',#1391,#651);
#1672=EDGE_CURVE('',#1664,#1670,#1671,.T.);
#1673=ORIENTED_EDGE('',*,*,#1672,.T.);
#1674=CARTESIAN_POINT('',(-0.175000000000,-1.851749173079,-0.140000000000));
#1675=VERTEX_POINT('',#1674);
#1676=CIRCLE('',#1027,1.860000000000);
#1677=EDGE_CURVE('',#1675,#1670,#1676,.T.);
#1678=ORIENTED_EDGE('',*,*,#1677,.F.);
#1679=CARTESIAN_POINT('',(-0.393906211674,-1.817811292848,-0.140000000000));
#1680=VERTEX_POINT('',#1679);
#1681=CIRCLE('',#1027,1.860000000000);
#1682=EDGE_CURVE('',#1680,#1675,#1681,.T.);
#1683=ORIENTED_EDGE('',*,*,#1682,.F.);
#1684=CARTESIAN_POINT('',(-0.430704765839,-1.955145366637,-0.140000000000));
#1685=VERTEX_POINT('',#1684);
#1686=LINE('',#1431,#43);
#1687=EDGE_CURVE('',#1680,#1685,#1686,.T.);
#1688=ORIENTED_EDGE('',*,*,#1687,.T.);
#1689=CARTESIAN_POINT('',(-0.604571414571,-1.908557938519,-0.140000000000));
#1690=VERTEX_POINT('',#1689);
#1691=CARTESIAN_POINT('',(-0.517638090205,-1.931851652578,-0.140000000000));
#1692=LINE('',#1691,#74);
#1693=EDGE_CURVE('',#1685,#1690,#1692,.T.);
#1694=ORIENTED_EDGE('',*,*,#1693,.T.);
#1695=CARTESIAN_POINT('',(-0.567772860406,-1.771223864729,-0.140000000000));
#1696=VERTEX_POINT('',#1695);
#1697=LINE('',#1419,#24);
#1698=EDGE_CURVE('',#1690,#1696,#1697,.T.);
#1699=ORIENTED_EDGE('',*,*,#1698,.T.);
#1700=CARTESIAN_POINT('',(-0.850968365983,-1.653920445516,-0.140000000000));
#1701=VERTEX_POINT('',#1700);
#1702=CIRCLE('',#1027,1.860000000000);
#1703=EDGE_CURVE('',#1701,#1696,#1702,.T.);
#1704=ORIENTED_EDGE('',*,*,#1703,.F.);
#1705=CARTESIAN_POINT('',(-0.922057713659,-1.777050807569,-0.140000000000));
#1706=VERTEX_POINT('',#1705);
#1707=LINE('',#1454,#578);
#1708=EDGE_CURVE('',#1701,#1706,#1707,.T.);
#1709=ORIENTED_EDGE('',*,*,#1708,.T.);
#1710=CARTESIAN_POINT('',(-1.077942286341,-1.687050807569,-0.140000000000));
#1711=VERTEX_POINT('',#1710);
#1712=CARTESIAN_POINT('',(-1.000000000000,-1.732050807569,-0.140000000000));
#1713=LINE('',#1712,#756);
#1714=EDGE_CURVE('',#1706,#1711,#1713,.T.);
#1715=ORIENTED_EDGE('',*,*,#1714,.T.);
#1716=CARTESIAN_POINT('',(-1.006852938664,-1.563920445516,-0.140000000000));
#1717=VERTEX_POINT('',#1716);
#1718=LINE('',#1442,#594);
#1719=EDGE_CURVE('',#1711,#1717,#1718,.T.);
#1720=ORIENTED_EDGE('',*,*,#1719,.T.);
#1721=CARTESIAN_POINT('',(-1.250038432442,-1.377317653055,-0.140000000000));
#1722=VERTEX_POINT('',#1721);
#1723=CIRCLE('',#1027,1.860000000000);
#1724=EDGE_CURVE('',#1722,#1717,#1723,.T.);
#1725=ORIENTED_EDGE('',*,*,#1724,.F.);
#1726=CARTESIAN_POINT('',(-1.350573952066,-1.477853172680,-0.140000000000));
#1727=VERTEX_POINT('',#1726);
#1728=LINE('',#1477,#549);
#1729=EDGE_CURVE('',#1722,#1727,#1728,.T.);
#1730=ORIENTED_EDGE('',*,*,#1729,.T.);
#1731=CARTESIAN_POINT('',(-1.477853172680,-1.350573952066,-0.140000000000));
#1732=VERTEX_POINT('',#1731);
#1733=CARTESIAN_POINT('',(-1.414213562373,-1.414213562373,-0.140000000000));
#1734=LINE('',#1733,#726);
#1735=EDGE_CURVE('',#1727,#1732,#1734,.T.);
#1736=ORIENTED_EDGE('',*,*,#1735,.T.);
#1737=CARTESIAN_POINT('',(-1.377317653055,-1.250038432442,-0.140000000000));
#1738=VERTEX_POINT('',#1737);
#1739=LINE('',#1465,#565);
#1740=EDGE_CURVE('',#1732,#1738,#1739,.T.);
#1741=ORIENTED_EDGE('',*,*,#1740,.T.);
#1742=CARTESIAN_POINT('',(-1.421126313879,-1.200000000000,-0.140000000000));
#1743=VERTEX_POINT('',#1742);
#1744=CIRCLE('',#1027,1.860000000000);
#1745=EDGE_CURVE('',#1743,#1738,#1744,.T.);
#1746=ORIENTED_EDGE('',*,*,#1745,.F.);
#1747=CARTESIAN_POINT('',(-1.563920445516,-1.006852938664,-0.140000000000));
#1748=VERTEX_POINT('',#1747);
#1749=CIRCLE('',#1027,1.860000000000);
#1750=EDGE_CURVE('',#1748,#1743,#1749,.T.);
#1751=ORIENTED_EDGE('',*,*,#1750,.F.);
#1752=CARTESIAN_POINT('',(-1.687050807569,-1.077942286341,-0.140000000000));
#1753=VERTEX_POINT('',#1752);
#1754=LINE('',#1500,#515);
#1755=EDGE_CURVE('',#1748,#1753,#1754,.T.);
#1756=ORIENTED_EDGE('',*,*,#1755,.T.);
#1757=CARTESIAN_POINT('',(-1.777050807569,-0.922057713659,-0.140000000000));
#1758=VERTEX_POINT('',#1757);
#1759=CARTESIAN_POINT('',(-1.732050807569,-1.000000000000,-0.140000000000));
#1760=LINE('',#1759,#701);
#1761=EDGE_CURVE('',#1753,#1758,#1760,.T.);
#1762=ORIENTED_EDGE('',*,*,#1761,.T.);
#1763=CARTESIAN_POINT('',(-1.653920445516,-0.850968365983,-0.140000000000));
#1764=VERTEX_POINT('',#1763);
#1765=LINE('',#1488,#531);
#1766=EDGE_CURVE('',#1758,#1764,#1765,.T.);
#1767=ORIENTED_EDGE('',*,*,#1766,.T.);
#1768=CARTESIAN_POINT('',(-1.771223864729,-0.567772860406,-0.140000000000));
#1769=VERTEX_POINT('',#1768);
#1770=CIRCLE('',#1027,1.860000000000);
#1771=EDGE_CURVE('',#1769,#1764,#1770,.T.);
#1772=ORIENTED_EDGE('',*,*,#1771,.F.);
#1773=CARTESIAN_POINT('',(-1.908557938519,-0.604571414571,-0.140000000000));
#1774=VERTEX_POINT('',#1773);
#1775=LINE('',#1523,#486);
#1776=EDGE_CURVE('',#1769,#1774,#1775,.T.);
#1777=ORIENTED_EDGE('',*,*,#1776,.T.);
#1778=CARTESIAN_POINT('',(-1.955145366637,-0.430704765839,-0.140000000000));
#1779=VERTEX_POINT('',#1778);
#1780=CARTESIAN_POINT('',(-1.931851652578,-0.517638090205,-0.140000000000));
#1781=LINE('',#1780,#676);
#1782=EDGE_CURVE('',#1774,#1779,#1781,.T.);
#1783=ORIENTED_EDGE('',*,*,#1782,.T.);
#1784=CARTESIAN_POINT('',(-1.817811292848,-0.393906211674,-0.140000000000));
#1785=VERTEX_POINT('',#1784);
#1786=LINE('',#1511,#502);
#1787=EDGE_CURVE('',#1779,#1785,#1786,.T.);
#1788=ORIENTED_EDGE('',*,*,#1787,.T.);
#1789=CARTESIAN_POINT('',(-1.857821304647,-0.090000000000,-0.140000000000));
#1790=VERTEX_POINT('',#1789);
#1791=CIRCLE('',#1027,1.860000000000);
#1792=EDGE_CURVE('',#1790,#1785,#1791,.T.);
#1793=ORIENTED_EDGE('',*,*,#1792,.F.);
#1794=CARTESIAN_POINT('',(-2.000000000000,-0.090000000000,-0.140000000000));
#1795=VERTEX_POINT('',#1794);
#1796=LINE('',#1546,#457);
#1797=EDGE_CURVE('',#1790,#1795,#1796,.T.);
#1798=ORIENTED_EDGE('',*,*,#1797,.T.);
#1799=CARTESIAN_POINT('',(-2.000000000000,0.090000000000,-0.140000000000));
#1800=VERTEX_POINT('',#1799);
#1801=CARTESIAN_POINT('',(-2.000000000000,0.000000000000,-0.140000000000));
#1802=LINE('',#1801,#651);
#1803=EDGE_CURVE('',#1795,#1800,#1802,.T.);
#1804=ORIENTED_EDGE('',*,*,#1803,.T.);
#1805=CARTESIAN_POINT('',(-1.857821304647,0.090000000000,-0.140000000000));
#1806=VERTEX_POINT('',#1805);
#1807=LINE('',#1534,#473);
#1808=EDGE_CURVE('',#1800,#1806,#1807,.T.);
#1809=ORIENTED_EDGE('',*,*,#1808,.T.);
#1810=CIRCLE('',#1027,1.860000000000);
#1811=EDGE_CURVE('',#55,#1806,#1810,.T.);
#1812=ORIENTED_EDGE('',*,*,#1811,.F.);
#1813=ORIENTED_EDGE('',*,*,#60,.F.);
#1814=EDGE_LOOP('',(#1285,#1286,#1291,#1297,#1303,#1309,#1314,#1320,#1326,#1332,#1337,#1343,#1349,#1355,#1360,#1366,#1372,#1378,#1383,#1388,#1394,#1400,#1406,#1411,#1416,#1422,#1428,#1434,#1439,#1445,#1451,#1457,#1462,#1468,#1474,#1480,#1485,#1491,#1497,#1503,#1508,#1514,#1520,#1526,#1531,#1537,#1543,#1549,#1552,#1553,#1557,#1558,#1563,#1568,#1574,#1579,#1584,#1589,#1594,#1600,#1605,#1610,#1615,#1621,#1626,#1631,#1636,#1642,#1647,#1652,#1657,#1662,#1668,#1673,#1678,#1683,#1688,#1694,#1699,#1704,#1709,#1715,#1720,#1725,#1730,#1736,#1741,#1746,#1751,#1756,#1762,#1767,#1772,#1777,#1783,#1788,#1793,#1798,#1804,#1809,#1812,#1813));
#1815=FACE_BOUND('',#1284,.T.);
#1816=FACE_OUTER_BOUND('',#1814,.T.);
#1817=ADVANCED_FACE('',(#1815,#1816),#1022,.T.);
#1818=CARTESIAN_POINT('',(1.414213562373,-1.414213562373,0.000000000000));
#1819=AXIS2_PLACEMENT_3D('',#1818,#556,#548);
#1820=PLANE('',#1819);
#1821=ORIENTED_EDGE('',*,*,#720,.F.);
#1822=CARTESIAN_POINT('',(1.350573952066,-1.477853172680,0.130000000000));
#1823=VERTEX_POINT('',#1822);
#1824=CARTESIAN_POINT('',(1.350573952066,-1.477853172680,0.000000000000));
#1825=LINE('',#1824,#32);
#1826=EDGE_CURVE('',#711,#1823,#1825,.T.);
#1827=ORIENTED_EDGE('',*,*,#1826,.T.);
#1828=LINE('',#1824,#32);
#1829=EDGE_CURVE('',#1823,#1596,#1828,.T.);
#1830=ORIENTED_EDGE('',*,*,#1829,.T.);
#1831=ORIENTED_EDGE('',*,*,#1599,.F.);
#1832=CARTESIAN_POINT('',(1.477853172680,-1.350573952066,0.130000000000));
#1833=VERTEX_POINT('',#1832);
#1834=CARTESIAN_POINT('',(1.477853172680,-1.350573952066,0.000000000000));
#1835=LINE('',#1834,#12);
#1836=EDGE_CURVE('',#1591,#1833,#1835,.T.);
#1837=ORIENTED_EDGE('',*,*,#1836,.T.);
#1838=LINE('',#1834,#12);
#1839=EDGE_CURVE('',#1833,#717,#1838,.T.);
#1840=ORIENTED_EDGE('',*,*,#1839,.T.);
#1841=EDGE_LOOP('',(#1821,#1827,#1830,#1831,#1837,#1840));
#1842=FACE_OUTER_BOUND('',#1841,.T.);
#1843=ADVANCED_FACE('',(#1842),#1820,.T.);
#1844=CARTESIAN_POINT('',(0.063639610307,0.063639610307,0.000000000000));
#1845=AXIS2_PLACEMENT_3D('',#1844,#564,#556);
#1846=PLANE('',#1845);
#1847=ORIENTED_EDGE('',*,*,#978,.F.);
#1848=CARTESIAN_POINT('',(-1.250038432442,1.377317653055,0.130000000000));
#1849=VERTEX_POINT('',#1848);
#1850=CARTESIAN_POINT('',(-1.250038432442,1.377317653055,0.000000000000));
#1851=LINE('',#1850,#12);
#1852=EDGE_CURVE('',#1849,#971,#1851,.T.);
#1853=ORIENTED_EDGE('',*,*,#1852,.F.);
#1854=LINE('',#1850,#12);
#1855=EDGE_CURVE('',#1328,#1849,#1854,.T.);
#1856=ORIENTED_EDGE('',*,*,#1855,.F.);
#1857=ORIENTED_EDGE('',*,*,#1331,.F.);
#1858=CARTESIAN_POINT('',(-1.350573952066,1.477853172680,0.130000000000));
#1859=VERTEX_POINT('',#1858);
#1860=CARTESIAN_POINT('',(-1.350573952066,1.477853172680,0.000000000000));
#1861=LINE('',#1860,#12);
#1862=EDGE_CURVE('',#1322,#1859,#1861,.T.);
#1863=ORIENTED_EDGE('',*,*,#1862,.T.);
#1864=LINE('',#1860,#12);
#1865=EDGE_CURVE('',#1859,#976,#1864,.T.);
#1866=ORIENTED_EDGE('',*,*,#1865,.T.);
#1867=EDGE_LOOP('',(#1847,#1853,#1856,#1857,#1863,#1866));
#1868=ORIENTED_EDGE('',*,*,#728,.F.);
#1869=ORIENTED_EDGE('',*,*,#1839,.F.);
#1870=ORIENTED_EDGE('',*,*,#1836,.F.);
#1871=ORIENTED_EDGE('',*,*,#1593,.F.);
#1872=CARTESIAN_POINT('',(1.377317653055,-1.250038432442,0.130000000000));
#1873=VERTEX_POINT('',#1872);
#1874=CARTESIAN_POINT('',(1.377317653055,-1.250038432442,0.000000000000));
#1875=LINE('',#1874,#12);
#1876=EDGE_CURVE('',#1586,#1873,#1875,.T.);
#1877=ORIENTED_EDGE('',*,*,#1876,.T.);
#1878=LINE('',#1874,#12);
#1879=EDGE_CURVE('',#1873,#723,#1878,.T.);
#1880=ORIENTED_EDGE('',*,*,#1879,.T.);
#1881=EDGE_LOOP('',(#1868,#1869,#1870,#1871,#1877,#1880));
#1882=FACE_OUTER_BOUND('',#1867,.T.);
#1883=ADVANCED_FACE('',(#1882),#1846,.T.);
#1884=FACE_OUTER_BOUND('',#1881,.T.);
#1885=ADVANCED_FACE('',(#1884),#1846,.T.);
#1886=CARTESIAN_POINT('',(-0.063639610307,-0.063639610307,0.000000000000));
#1887=AXIS2_PLACEMENT_3D('',#1886,#548,#725);
#1888=PLANE('',#1887);
#1889=ORIENTED_EDGE('',*,*,#989,.F.);
#1890=CARTESIAN_POINT('',(-1.477853172680,1.350573952066,0.130000000000));
#1891=VERTEX_POINT('',#1890);
#1892=CARTESIAN_POINT('',(-1.477853172680,1.350573952066,0.000000000000));
#1893=LINE('',#1892,#32);
#1894=EDGE_CURVE('',#981,#1891,#1893,.T.);
#1895=ORIENTED_EDGE('',*,*,#1894,.T.);
#1896=LINE('',#1892,#32);
#1897=EDGE_CURVE('',#1891,#1316,#1896,.T.);
#1898=ORIENTED_EDGE('',*,*,#1897,.T.);
#1899=ORIENTED_EDGE('',*,*,#1319,.F.);
#1900=CARTESIAN_POINT('',(-1.377317653055,1.250038432442,0.130000000000));
#1901=VERTEX_POINT('',#1900);
#1902=CARTESIAN_POINT('',(-1.377317653055,1.250038432442,0.000000000000));
#1903=LINE('',#1902,#12);
#1904=EDGE_CURVE('',#1311,#1901,#1903,.T.);
#1905=ORIENTED_EDGE('',*,*,#1904,.T.);
#1906=LINE('',#1902,#12);
#1907=EDGE_CURVE('',#1901,#987,#1906,.T.);
#1908=ORIENTED_EDGE('',*,*,#1907,.T.);
#1909=EDGE_LOOP('',(#1889,#1895,#1898,#1899,#1905,#1908));
#1910=ORIENTED_EDGE('',*,*,#714,.F.);
#1911=CARTESIAN_POINT('',(1.250038432442,-1.377317653055,0.130000000000));
#1912=VERTEX_POINT('',#1911);
#1913=CARTESIAN_POINT('',(1.250038432442,-1.377317653055,0.000000000000));
#1914=LINE('',#1913,#12);
#1915=EDGE_CURVE('',#1912,#706,#1914,.T.);
#1916=ORIENTED_EDGE('',*,*,#1915,.F.);
#1917=LINE('',#1913,#12);
#1918=EDGE_CURVE('',#1602,#1912,#1917,.T.);
#1919=ORIENTED_EDGE('',*,*,#1918,.F.);
#1920=ORIENTED_EDGE('',*,*,#1604,.F.);
#1921=ORIENTED_EDGE('',*,*,#1829,.F.);
#1922=ORIENTED_EDGE('',*,*,#1826,.F.);
#1923=EDGE_LOOP('',(#1910,#1916,#1919,#1920,#1921,#1922));
#1924=FACE_OUTER_BOUND('',#1909,.T.);
#1925=ADVANCED_FACE('',(#1924),#1888,.T.);
#1926=FACE_OUTER_BOUND('',#1923,.T.);
#1927=ADVANCED_FACE('',(#1926),#1888,.T.);
#1928=CARTESIAN_POINT('',(2.000000000000,0.000000000000,0.000000000000));
#1929=AXIS2_PLACEMENT_3D('',#1928,#472,#11);
#1930=PLANE('',#1929);
#1931=ORIENTED_EDGE('',*,*,#783,.F.);
#1932=CARTESIAN_POINT('',(2.000000000000,-0.090000000000,0.130000000000));
#1933=VERTEX_POINT('',#1932);
#1934=CARTESIAN_POINT('',(2.000000000000,-0.090000000000,0.000000000000));
#1935=LINE('',#1934,#32);
#1936=EDGE_CURVE('',#775,#1933,#1935,.T.);
#1937=ORIENTED_EDGE('',*,*,#1936,.T.);
#1938=LINE('',#1934,#32);
#1939=EDGE_CURVE('',#1933,#1539,#1938,.T.);
#1940=ORIENTED_EDGE('',*,*,#1939,.T.);
#1941=ORIENTED_EDGE('',*,*,#1542,.F.);
#1942=CARTESIAN_POINT('',(2.000000000000,0.090000000000,0.130000000000));
#1943=VERTEX_POINT('',#1942);
#1944=CARTESIAN_POINT('',(2.000000000000,0.090000000000,0.000000000000));
#1945=LINE('',#1944,#12);
#1946=EDGE_CURVE('',#1533,#1943,#1945,.T.);
#1947=ORIENTED_EDGE('',*,*,#1946,.T.);
#1948=LINE('',#1944,#12);
#1949=EDGE_CURVE('',#1943,#780,#1948,.T.);
#1950=ORIENTED_EDGE('',*,*,#1949,.T.);
#1951=EDGE_LOOP('',(#1931,#1937,#1940,#1941,#1947,#1950));
#1952=FACE_OUTER_BOUND('',#1951,.T.);
#1953=ADVANCED_FACE('',(#1952),#1930,.T.);
#1954=CARTESIAN_POINT('',(0.000000000000,0.090000000000,0.000000000000));
#1955=AXIS2_PLACEMENT_3D('',#1954,#182,#31);
#1956=PLANE('',#1955);
#1957=ORIENTED_EDGE('',*,*,#788,.F.);
#1958=ORIENTED_EDGE('',*,*,#1949,.F.);
#1959=ORIENTED_EDGE('',*,*,#1946,.F.);
#1960=ORIENTED_EDGE('',*,*,#1536,.F.);
#1961=CARTESIAN_POINT('',(1.857821304647,0.090000000000,0.130000000000));
#1962=VERTEX_POINT('',#1961);
#1963=CARTESIAN_POINT('',(1.857821304647,0.090000000000,0.000000000000));
#1964=LINE('',#1963,#12);
#1965=EDGE_CURVE('',#1528,#1962,#1964,.T.);
#1966=ORIENTED_EDGE('',*,*,#1965,.T.);
#1967=LINE('',#1963,#12);
#1968=EDGE_CURVE('',#1962,#786,#1967,.T.);
#1969=ORIENTED_EDGE('',*,*,#1968,.T.);
#1970=EDGE_LOOP('',(#1957,#1958,#1959,#1960,#1966,#1969));
#1971=ORIENTED_EDGE('',*,*,#459,.F.);
#1972=CARTESIAN_POINT('',(-1.857821304647,0.090000000000,0.130000000000));
#1973=VERTEX_POINT('',#1972);
#1974=CARTESIAN_POINT('',(-1.857821304647,0.090000000000,0.000000000000));
#1975=LINE('',#1974,#12);
#1976=EDGE_CURVE('',#1973,#449,#1975,.T.);
#1977=ORIENTED_EDGE('',*,*,#1976,.F.);
#1978=LINE('',#1974,#12);
#1979=EDGE_CURVE('',#1806,#1973,#1978,.T.);
#1980=ORIENTED_EDGE('',*,*,#1979,.F.);
#1981=ORIENTED_EDGE('',*,*,#1808,.F.);
#1982=CARTESIAN_POINT('',(-2.000000000000,0.090000000000,0.130000000000));
#1983=VERTEX_POINT('',#1982);
#1984=CARTESIAN_POINT('',(-2.000000000000,0.090000000000,0.000000000000));
#1985=LINE('',#1984,#12);
#1986=EDGE_CURVE('',#1800,#1983,#1985,.T.);
#1987=ORIENTED_EDGE('',*,*,#1986,.T.);
#1988=LINE('',#1984,#12);
#1989=EDGE_CURVE('',#1983,#454,#1988,.T.);
#1990=ORIENTED_EDGE('',*,*,#1989,.T.);
#1991=EDGE_LOOP('',(#1971,#1977,#1980,#1981,#1987,#1990));
#1992=FACE_OUTER_BOUND('',#1970,.T.);
#1993=ADVANCED_FACE('',(#1992),#1956,.T.);
#1994=FACE_OUTER_BOUND('',#1991,.T.);
#1995=ADVANCED_FACE('',(#1994),#1956,.T.);
#1996=CARTESIAN_POINT('',(0.000000000000,-0.090000000000,0.000000000000));
#1997=AXIS2_PLACEMENT_3D('',#1996,#464,#11);
#1998=PLANE('',#1997);
#1999=ORIENTED_EDGE('',*,*,#777,.F.);
#2000=CARTESIAN_POINT('',(1.857821304647,-0.090000000000,0.130000000000));
#2001=VERTEX_POINT('',#2000);
#2002=CARTESIAN_POINT('',(1.857821304647,-0.090000000000,0.000000000000));
#2003=LINE('',#2002,#12);
#2004=EDGE_CURVE('',#2001,#770,#2003,.T.);
#2005=ORIENTED_EDGE('',*,*,#2004,.F.);
#2006=LINE('',#2002,#12);
#2007=EDGE_CURVE('',#1545,#2001,#2006,.T.);
#2008=ORIENTED_EDGE('',*,*,#2007,.F.);
#2009=ORIENTED_EDGE('',*,*,#1548,.F.);
#2010=ORIENTED_EDGE('',*,*,#1939,.F.);
#2011=ORIENTED_EDGE('',*,*,#1936,.F.);
#2012=EDGE_LOOP('',(#1999,#2005,#2008,#2009,#2010,#2011));
#2013=ORIENTED_EDGE('',*,*,#475,.F.);
#2014=CARTESIAN_POINT('',(-2.000000000000,-0.090000000000,0.130000000000));
#2015=VERTEX_POINT('',#2014);
#2016=CARTESIAN_POINT('',(-2.000000000000,-0.090000000000,0.000000000000));
#2017=LINE('',#2016,#32);
#2018=EDGE_CURVE('',#462,#2015,#2017,.T.);
#2019=ORIENTED_EDGE('',*,*,#2018,.T.);
#2020=LINE('',#2016,#32);
#2021=EDGE_CURVE('',#2015,#1795,#2020,.T.);
#2022=ORIENTED_EDGE('',*,*,#2021,.T.);
#2023=ORIENTED_EDGE('',*,*,#1797,.F.);
#2024=CARTESIAN_POINT('',(-1.857821304647,-0.090000000000,0.130000000000));
#2025=VERTEX_POINT('',#2024);
#2026=CARTESIAN_POINT('',(-1.857821304647,-0.090000000000,0.000000000000));
#2027=LINE('',#2026,#12);
#2028=EDGE_CURVE('',#1790,#2025,#2027,.T.);
#2029=ORIENTED_EDGE('',*,*,#2028,.T.);
#2030=LINE('',#2026,#12);
#2031=EDGE_CURVE('',#2025,#470,#2030,.T.);
#2032=ORIENTED_EDGE('',*,*,#2031,.T.);
#2033=EDGE_LOOP('',(#2013,#2019,#2022,#2023,#2029,#2032));
#2034=FACE_OUTER_BOUND('',#2012,.T.);
#2035=ADVANCED_FACE('',(#2034),#1998,.T.);
#2036=FACE_OUTER_BOUND('',#2033,.T.);
#2037=ADVANCED_FACE('',(#2036),#1998,.T.);
#2038=CARTESIAN_POINT('',(1.732050807569,-1.000000000000,0.000000000000));
#2039=AXIS2_PLACEMENT_3D('',#2038,#585,#577);
#2040=PLANE('',#2039);
#2041=ORIENTED_EDGE('',*,*,#750,.F.);
#2042=CARTESIAN_POINT('',(1.687050807569,-1.077942286341,0.130000000000));
#2043=VERTEX_POINT('',#2042);
#2044=CARTESIAN_POINT('',(1.687050807569,-1.077942286341,0.000000000000));
#2045=LINE('',#2044,#32);
#2046=EDGE_CURVE('',#741,#2043,#2045,.T.);
#2047=ORIENTED_EDGE('',*,*,#2046,.T.);
#2048=LINE('',#2044,#32);
#2049=EDGE_CURVE('',#2043,#1570,#2048,.T.);
#2050=ORIENTED_EDGE('',*,*,#2049,.T.);
#2051=ORIENTED_EDGE('',*,*,#1573,.F.);
#2052=CARTESIAN_POINT('',(1.777050807569,-0.922057713659,0.130000000000));
#2053=VERTEX_POINT('',#2052);
#2054=CARTESIAN_POINT('',(1.777050807569,-0.922057713659,0.000000000000));
#2055=LINE('',#2054,#12);
#2056=EDGE_CURVE('',#1565,#2053,#2055,.T.);
#2057=ORIENTED_EDGE('',*,*,#2056,.T.);
#2058=LINE('',#2054,#12);
#2059=EDGE_CURVE('',#2053,#747,#2058,.T.);
#2060=ORIENTED_EDGE('',*,*,#2059,.T.);
#2061=EDGE_LOOP('',(#2041,#2047,#2050,#2051,#2057,#2060));
#2062=FACE_OUTER_BOUND('',#2061,.T.);
#2063=ADVANCED_FACE('',(#2062),#2040,.T.);
#2064=CARTESIAN_POINT('',(0.045000000000,0.077942286341,0.000000000000));
#2065=AXIS2_PLACEMENT_3D('',#2064,#593,#585);
#2066=PLANE('',#2065);
#2067=ORIENTED_EDGE('',*,*,#999,.F.);
#2068=CARTESIAN_POINT('',(-1.563920445516,1.006852938664,0.130000000000));
#2069=VERTEX_POINT('',#2068);
#2070=CARTESIAN_POINT('',(-1.563920445516,1.006852938664,0.000000000000));
#2071=LINE('',#2070,#12);
#2072=EDGE_CURVE('',#2069,#992,#2071,.T.);
#2073=ORIENTED_EDGE('',*,*,#2072,.F.);
#2074=LINE('',#2070,#12);
#2075=EDGE_CURVE('',#1305,#2069,#2074,.T.);
#2076=ORIENTED_EDGE('',*,*,#2075,.F.);
#2077=ORIENTED_EDGE('',*,*,#1308,.F.);
#2078=CARTESIAN_POINT('',(-1.687050807569,1.077942286341,0.130000000000));
#2079=VERTEX_POINT('',#2078);
#2080=CARTESIAN_POINT('',(-1.687050807569,1.077942286341,0.000000000000));
#2081=LINE('',#2080,#12);
#2082=EDGE_CURVE('',#1299,#2079,#2081,.T.);
#2083=ORIENTED_EDGE('',*,*,#2082,.T.);
#2084=LINE('',#2080,#12);
#2085=EDGE_CURVE('',#2079,#997,#2084,.T.);
#2086=ORIENTED_EDGE('',*,*,#2085,.T.);
#2087=EDGE_LOOP('',(#2067,#2073,#2076,#2077,#2083,#2086));
#2088=ORIENTED_EDGE('',*,*,#758,.F.);
#2089=ORIENTED_EDGE('',*,*,#2059,.F.);
#2090=ORIENTED_EDGE('',*,*,#2056,.F.);
#2091=ORIENTED_EDGE('',*,*,#1567,.F.);
#2092=CARTESIAN_POINT('',(1.653920445516,-0.850968365983,0.130000000000));
#2093=VERTEX_POINT('',#2092);
#2094=CARTESIAN_POINT('',(1.653920445516,-0.850968365983,0.000000000000));
#2095=LINE('',#2094,#12);
#2096=EDGE_CURVE('',#1560,#2093,#2095,.T.);
#2097=ORIENTED_EDGE('',*,*,#2096,.T.);
#2098=LINE('',#2094,#12);
#2099=EDGE_CURVE('',#2093,#753,#2098,.T.);
#2100=ORIENTED_EDGE('',*,*,#2099,.T.);
#2101=EDGE_LOOP('',(#2088,#2089,#2090,#2091,#2097,#2100));
#2102=FACE_OUTER_BOUND('',#2087,.T.);
#2103=ADVANCED_FACE('',(#2102),#2066,.T.);
#2104=FACE_OUTER_BOUND('',#2101,.T.);
#2105=ADVANCED_FACE('',(#2104),#2066,.T.);
#2106=CARTESIAN_POINT('',(-0.045000000000,-0.077942286341,0.000000000000));
#2107=AXIS2_PLACEMENT_3D('',#2106,#577,#755);
#2108=PLANE('',#2107);
#2109=ORIENTED_EDGE('',*,*,#744,.F.);
#2110=CARTESIAN_POINT('',(1.563920445516,-1.006852938664,0.130000000000));
#2111=VERTEX_POINT('',#2110);
#2112=CARTESIAN_POINT('',(1.563920445516,-1.006852938664,0.000000000000));
#2113=LINE('',#2112,#12);
#2114=EDGE_CURVE('',#2111,#736,#2113,.T.);
#2115=ORIENTED_EDGE('',*,*,#2114,.F.);
#2116=LINE('',#2112,#12);
#2117=EDGE_CURVE('',#1576,#2111,#2116,.T.);
#2118=ORIENTED_EDGE('',*,*,#2117,.F.);
#2119=ORIENTED_EDGE('',*,*,#1578,.F.);
#2120=ORIENTED_EDGE('',*,*,#2049,.F.);
#2121=ORIENTED_EDGE('',*,*,#2046,.F.);
#2122=EDGE_LOOP('',(#2109,#2115,#2118,#2119,#2120,#2121));
#2123=ORIENTED_EDGE('',*,*,#1010,.F.);
#2124=CARTESIAN_POINT('',(-1.777050807569,0.922057713659,0.130000000000));
#2125=VERTEX_POINT('',#2124);
#2126=CARTESIAN_POINT('',(-1.777050807569,0.922057713659,0.000000000000));
#2127=LINE('',#2126,#32);
#2128=EDGE_CURVE('',#1002,#2125,#2127,.T.);
#2129=ORIENTED_EDGE('',*,*,#2128,.T.);
#2130=LINE('',#2126,#32);
#2131=EDGE_CURVE('',#2125,#1293,#2130,.T.);
#2132=ORIENTED_EDGE('',*,*,#2131,.T.);
#2133=ORIENTED_EDGE('',*,*,#1296,.F.);
#2134=CARTESIAN_POINT('',(-1.653920445516,0.850968365983,0.130000000000));
#2135=VERTEX_POINT('',#2134);
#2136=CARTESIAN_POINT('',(-1.653920445516,0.850968365983,0.000000000000));
#2137=LINE('',#2136,#12);
#2138=EDGE_CURVE('',#1288,#2135,#2137,.T.);
#2139=ORIENTED_EDGE('',*,*,#2138,.T.);
#2140=LINE('',#2136,#12);
#2141=EDGE_CURVE('',#2135,#1008,#2140,.T.);
#2142=ORIENTED_EDGE('',*,*,#2141,.T.);
#2143=EDGE_LOOP('',(#2123,#2129,#2132,#2133,#2139,#2142));
#2144=FACE_OUTER_BOUND('',#2122,.T.);
#2145=ADVANCED_FACE('',(#2144),#2108,.T.);
#2146=FACE_OUTER_BOUND('',#2143,.T.);
#2147=ADVANCED_FACE('',(#2146),#2108,.T.);
#2148=CARTESIAN_POINT('',(-1.414213562373,1.414213562373,0.000000000000));
#2149=AXIS2_PLACEMENT_3D('',#2148,#725,#564);
#2150=PLANE('',#2149);
#2151=ORIENTED_EDGE('',*,*,#984,.F.);
#2152=ORIENTED_EDGE('',*,*,#1865,.F.);
#2153=ORIENTED_EDGE('',*,*,#1862,.F.);
#2154=ORIENTED_EDGE('',*,*,#1325,.F.);
#2155=ORIENTED_EDGE('',*,*,#1897,.F.);
#2156=ORIENTED_EDGE('',*,*,#1894,.F.);
#2157=EDGE_LOOP('',(#2151,#2152,#2153,#2154,#2155,#2156));
#2158=FACE_OUTER_BOUND('',#2157,.T.);
#2159=ADVANCED_FACE('',(#2158),#2150,.T.);
#2160=CARTESIAN_POINT('',(-2.000000000000,0.000000000000,0.000000000000));
#2161=AXIS2_PLACEMENT_3D('',#2160,#456,#182);
#2162=PLANE('',#2161);
#2163=ORIENTED_EDGE('',*,*,#467,.F.);
#2164=ORIENTED_EDGE('',*,*,#1989,.F.);
#2165=ORIENTED_EDGE('',*,*,#1986,.F.);
#2166=ORIENTED_EDGE('',*,*,#1803,.F.);
#2167=ORIENTED_EDGE('',*,*,#2021,.F.);
#2168=ORIENTED_EDGE('',*,*,#2018,.F.);
#2169=EDGE_LOOP('',(#2163,#2164,#2165,#2166,#2167,#2168));
#2170=FACE_OUTER_BOUND('',#2169,.T.);
#2171=ADVANCED_FACE('',(#2170),#2162,.T.);
#2172=CARTESIAN_POINT('',(0.000000000000,-2.000000000000,0.000000000000));
#2173=AXIS2_PLACEMENT_3D('',#2172,#464,#456);
#2174=PLANE('',#2173);
#2175=ORIENTED_EDGE('',*,*,#1667,.F.);
#2176=CARTESIAN_POINT('',(0.090000000000,-2.000000000000,0.130000000000));
#2177=VERTEX_POINT('',#2176);
#2178=CARTESIAN_POINT('',(0.090000000000,-2.000000000000,0.000000000000));
#2179=LINE('',#2178,#12);
#2180=EDGE_CURVE('',#1659,#2177,#2179,.T.);
#2181=ORIENTED_EDGE('',*,*,#2180,.T.);
#2182=CARTESIAN_POINT('',(-0.090000000000,-2.000000000000,0.130000000000));
#2183=VERTEX_POINT('',#2182);
#2184=CARTESIAN_POINT('',(0.000000000000,-2.000000000000,0.130000000000));
#2185=LINE('',#2184,#473);
#2186=EDGE_CURVE('',#2183,#2177,#2185,.T.);
#2187=ORIENTED_EDGE('',*,*,#2186,.F.);
#2188=CARTESIAN_POINT('',(-0.090000000000,-2.000000000000,0.000000000000));
#2189=LINE('',#2188,#32);
#2190=EDGE_CURVE('',#2183,#1664,#2189,.T.);
#2191=ORIENTED_EDGE('',*,*,#2190,.T.);
#2192=EDGE_LOOP('',(#2175,#2181,#2187,#2191));
#2193=FACE_OUTER_BOUND('',#2192,.T.);
#2194=ADVANCED_FACE('',(#2193),#2174,.T.);
#2195=CARTESIAN_POINT('',(0.090000000000,0.000000000000,0.000000000000));
#2196=AXIS2_PLACEMENT_3D('',#2195,#472,#464);
#2197=PLANE('',#2196);
#2198=ORIENTED_EDGE('',*,*,#1661,.F.);
#2199=CARTESIAN_POINT('',(0.090000000000,-1.857821304647,0.130000000000));
#2200=VERTEX_POINT('',#2199);
#2201=CARTESIAN_POINT('',(0.090000000000,-1.857821304647,0.000000000000));
#2202=LINE('',#2201,#12);
#2203=EDGE_CURVE('',#1654,#2200,#2202,.T.);
#2204=ORIENTED_EDGE('',*,*,#2203,.T.);
#2205=CARTESIAN_POINT('',(0.090000000000,0.000000000000,0.130000000000));
#2206=LINE('',#2205,#651);
#2207=EDGE_CURVE('',#2177,#2200,#2206,.T.);
#2208=ORIENTED_EDGE('',*,*,#2207,.F.);
#2209=ORIENTED_EDGE('',*,*,#2180,.F.);
#2210=EDGE_LOOP('',(#2198,#2204,#2208,#2209));
#2211=ORIENTED_EDGE('',*,*,#909,.F.);
#2212=CARTESIAN_POINT('',(0.090000000000,1.857821304647,0.130000000000));
#2213=VERTEX_POINT('',#2212);
#2214=CARTESIAN_POINT('',(0.090000000000,1.857821304647,0.000000000000));
#2215=LINE('',#2214,#12);
#2216=EDGE_CURVE('',#2213,#901,#2215,.T.);
#2217=ORIENTED_EDGE('',*,*,#2216,.F.);
#2218=LINE('',#2214,#12);
#2219=EDGE_CURVE('',#1402,#2213,#2218,.T.);
#2220=ORIENTED_EDGE('',*,*,#2219,.F.);
#2221=ORIENTED_EDGE('',*,*,#1405,.F.);
#2222=CARTESIAN_POINT('',(0.090000000000,2.000000000000,0.130000000000));
#2223=VERTEX_POINT('',#2222);
#2224=CARTESIAN_POINT('',(0.090000000000,2.000000000000,0.000000000000));
#2225=LINE('',#2224,#12);
#2226=EDGE_CURVE('',#1396,#2223,#2225,.T.);
#2227=ORIENTED_EDGE('',*,*,#2226,.T.);
#2228=LINE('',#2224,#12);
#2229=EDGE_CURVE('',#2223,#906,#2228,.T.);
#2230=ORIENTED_EDGE('',*,*,#2229,.T.);
#2231=EDGE_LOOP('',(#2211,#2217,#2220,#2221,#2227,#2230));
#2232=FACE_OUTER_BOUND('',#2210,.T.);
#2233=ADVANCED_FACE('',(#2232),#2197,.T.);
#2234=FACE_OUTER_BOUND('',#2231,.T.);
#2235=ADVANCED_FACE('',(#2234),#2197,.T.);
#2236=CARTESIAN_POINT('',(-0.090000000000,0.000000000000,0.000000000000));
#2237=AXIS2_PLACEMENT_3D('',#2236,#456,#182);
#2238=PLANE('',#2237);
#2239=ORIENTED_EDGE('',*,*,#1672,.F.);
#2240=ORIENTED_EDGE('',*,*,#2190,.F.);
#2241=CARTESIAN_POINT('',(-0.090000000000,-1.857821304647,0.130000000000));
#2242=VERTEX_POINT('',#2241);
#2243=CARTESIAN_POINT('',(-0.090000000000,0.000000000000,0.130000000000));
#2244=LINE('',#2243,#465);
#2245=EDGE_CURVE('',#2242,#2183,#2244,.T.);
#2246=ORIENTED_EDGE('',*,*,#2245,.F.);
#2247=CARTESIAN_POINT('',(-0.090000000000,-1.857821304647,0.000000000000));
#2248=LINE('',#2247,#12);
#2249=EDGE_CURVE('',#1670,#2242,#2248,.T.);
#2250=ORIENTED_EDGE('',*,*,#2249,.F.);
#2251=EDGE_LOOP('',(#2239,#2240,#2246,#2250));
#2252=ORIENTED_EDGE('',*,*,#921,.F.);
#2253=CARTESIAN_POINT('',(-0.090000000000,2.000000000000,0.130000000000));
#2254=VERTEX_POINT('',#2253);
#2255=CARTESIAN_POINT('',(-0.090000000000,2.000000000000,0.000000000000));
#2256=LINE('',#2255,#32);
#2257=EDGE_CURVE('',#912,#2254,#2256,.T.);
#2258=ORIENTED_EDGE('',*,*,#2257,.T.);
#2259=LINE('',#2255,#32);
#2260=EDGE_CURVE('',#2254,#1390,#2259,.T.);
#2261=ORIENTED_EDGE('',*,*,#2260,.T.);
#2262=ORIENTED_EDGE('',*,*,#1393,.F.);
#2263=CARTESIAN_POINT('',(-0.090000000000,1.857821304647,0.130000000000));
#2264=VERTEX_POINT('',#2263);
#2265=CARTESIAN_POINT('',(-0.090000000000,1.857821304647,0.000000000000));
#2266=LINE('',#2265,#12);
#2267=EDGE_CURVE('',#1385,#2264,#2266,.T.);
#2268=ORIENTED_EDGE('',*,*,#2267,.T.);
#2269=LINE('',#2265,#12);
#2270=EDGE_CURVE('',#2264,#918,#2269,.T.);
#2271=ORIENTED_EDGE('',*,*,#2270,.T.);
#2272=EDGE_LOOP('',(#2252,#2258,#2261,#2262,#2268,#2271));
#2273=FACE_OUTER_BOUND('',#2251,.T.);
#2274=ADVANCED_FACE('',(#2273),#2238,.T.);
#2275=FACE_OUTER_BOUND('',#2272,.T.);
#2276=ADVANCED_FACE('',(#2275),#2238,.T.);
#2277=CARTESIAN_POINT('',(0.175000000000,0.000000000000,0.000000000000));
#2278=AXIS2_PLACEMENT_3D('',#2277,#472,#11);
#2279=PLANE('',#2278);
#2280=ORIENTED_EDGE('',*,*,#653,.T.);
#2281=CARTESIAN_POINT('',(0.175000000000,-1.200000000000,0.350000000000));
#2282=VERTEX_POINT('',#2281);
#2283=CARTESIAN_POINT('',(0.175000000000,-1.200000000000,0.000000000000));
#2284=LINE('',#2283,#12);
#2285=EDGE_CURVE('',#644,#2282,#2284,.T.);
#2286=ORIENTED_EDGE('',*,*,#2285,.T.);
#2287=CARTESIAN_POINT('',(0.175000000000,-1.851749173079,0.350000000000));
#2288=VERTEX_POINT('',#2287);
#2289=CARTESIAN_POINT('',(0.175000000000,0.000000000000,0.350000000000));
#2290=LINE('',#2289,#465);
#2291=EDGE_CURVE('',#2282,#2288,#2290,.T.);
#2292=ORIENTED_EDGE('',*,*,#2291,.T.);
#2293=CARTESIAN_POINT('',(0.175000000000,-2.000000000000,0.350000000000));
#2294=VERTEX_POINT('',#2293);
#2295=LINE('',#2289,#465);
#2296=EDGE_CURVE('',#2288,#2294,#2295,.T.);
#2297=ORIENTED_EDGE('',*,*,#2296,.T.);
#2298=CARTESIAN_POINT('',(0.175000000000,-2.023661252145,0.350000000000));
#2299=VERTEX_POINT('',#2298);
#2300=LINE('',#2289,#465);
#2301=EDGE_CURVE('',#2294,#2299,#2300,.T.);
#2302=ORIENTED_EDGE('',*,*,#2301,.T.);
#2303=CARTESIAN_POINT('',(0.175000000000,-2.117443469496,0.350000000000));
#2304=VERTEX_POINT('',#2303);
#2305=LINE('',#2289,#465);
#2306=EDGE_CURVE('',#2299,#2304,#2305,.T.);
#2307=ORIENTED_EDGE('',*,*,#2306,.T.);
#2308=CARTESIAN_POINT('',(0.175000000000,-2.208364779650,0.350000000000));
#2309=VERTEX_POINT('',#2308);
#2310=LINE('',#2289,#465);
#2311=EDGE_CURVE('',#2304,#2309,#2310,.T.);
#2312=ORIENTED_EDGE('',*,*,#2311,.T.);
#2313=CARTESIAN_POINT('',(0.175000000000,-2.400000000000,0.350000000000));
#2314=VERTEX_POINT('',#2313);
#2315=LINE('',#2289,#465);
#2316=EDGE_CURVE('',#2309,#2314,#2315,.T.);
#2317=ORIENTED_EDGE('',*,*,#2316,.T.);
#2318=CARTESIAN_POINT('',(0.175000000000,-2.400000000000,0.140000000000));
#2319=VERTEX_POINT('',#2318);
#2320=CARTESIAN_POINT('',(0.175000000000,-2.400000000000,0.000000000000));
#2321=LINE('',#2320,#32);
#2322=EDGE_CURVE('',#2314,#2319,#2321,.T.);
#2323=ORIENTED_EDGE('',*,*,#2322,.T.);
#2324=CARTESIAN_POINT('',(0.175000000000,-2.400000000000,0.130000000000));
#2325=VERTEX_POINT('',#2324);
#2326=LINE('',#2320,#32);
#2327=EDGE_CURVE('',#2319,#2325,#2326,.T.);
#2328=ORIENTED_EDGE('',*,*,#2327,.T.);
#2329=CARTESIAN_POINT('',(0.175000000000,-2.208364779650,0.130000000000));
#2330=VERTEX_POINT('',#2329);
#2331=CARTESIAN_POINT('',(0.175000000000,0.000000000000,0.130000000000));
#2332=LINE('',#2331,#651);
#2333=EDGE_CURVE('',#2325,#2330,#2332,.T.);
#2334=ORIENTED_EDGE('',*,*,#2333,.T.);
#2335=CARTESIAN_POINT('',(0.175000000000,-2.117443469496,0.130000000000));
#2336=VERTEX_POINT('',#2335);
#2337=LINE('',#2331,#651);
#2338=EDGE_CURVE('',#2330,#2336,#2337,.T.);
#2339=ORIENTED_EDGE('',*,*,#2338,.T.);
#2340=CARTESIAN_POINT('',(0.175000000000,-2.023661252145,0.130000000000));
#2341=VERTEX_POINT('',#2340);
#2342=LINE('',#2331,#651);
#2343=EDGE_CURVE('',#2336,#2341,#2342,.T.);
#2344=ORIENTED_EDGE('',*,*,#2343,.T.);
#2345=CARTESIAN_POINT('',(0.175000000000,-2.000000000000,0.130000000000));
#2346=VERTEX_POINT('',#2345);
#2347=LINE('',#2331,#651);
#2348=EDGE_CURVE('',#2341,#2346,#2347,.T.);
#2349=ORIENTED_EDGE('',*,*,#2348,.T.);
#2350=CARTESIAN_POINT('',(0.175000000000,-1.851749173079,0.130000000000));
#2351=VERTEX_POINT('',#2350);
#2352=LINE('',#2331,#651);
#2353=EDGE_CURVE('',#2346,#2351,#2352,.T.);
#2354=ORIENTED_EDGE('',*,*,#2353,.T.);
#2355=CARTESIAN_POINT('',(0.175000000000,-1.851749173079,0.000000000000));
#2356=LINE('',#2355,#12);
#2357=EDGE_CURVE('',#2351,#649,#2356,.T.);
#2358=ORIENTED_EDGE('',*,*,#2357,.T.);
#2359=EDGE_LOOP('',(#2280,#2286,#2292,#2297,#2302,#2307,#2312,#2317,#2323,#2328,#2334,#2339,#2344,#2349,#2354,#2358));
#2360=FACE_OUTER_BOUND('',#2359,.T.);
#2361=ADVANCED_FACE('',(#2360),#2279,.T.);
#2362=CARTESIAN_POINT('',(-0.175000000000,0.000000000000,0.000000000000));
#2363=AXIS2_PLACEMENT_3D('',#2362,#456,#31);
#2364=PLANE('',#2363);
#2365=ORIENTED_EDGE('',*,*,#630,.T.);
#2366=CARTESIAN_POINT('',(-0.175000000000,-1.851749173079,0.130000000000));
#2367=VERTEX_POINT('',#2366);
#2368=CARTESIAN_POINT('',(-0.175000000000,-1.851749173079,0.000000000000));
#2369=LINE('',#2368,#12);
#2370=EDGE_CURVE('',#2367,#622,#2369,.T.);
#2371=ORIENTED_EDGE('',*,*,#2370,.F.);
#2372=CARTESIAN_POINT('',(-0.175000000000,-2.000000000000,0.130000000000));
#2373=VERTEX_POINT('',#2372);
#2374=CARTESIAN_POINT('',(-0.175000000000,0.000000000000,0.130000000000));
#2375=LINE('',#2374,#465);
#2376=EDGE_CURVE('',#2367,#2373,#2375,.T.);
#2377=ORIENTED_EDGE('',*,*,#2376,.T.);
#2378=CARTESIAN_POINT('',(-0.175000000000,-2.023661252145,0.130000000000));
#2379=VERTEX_POINT('',#2378);
#2380=LINE('',#2374,#465);
#2381=EDGE_CURVE('',#2373,#2379,#2380,.T.);
#2382=ORIENTED_EDGE('',*,*,#2381,.T.);
#2383=CARTESIAN_POINT('',(-0.175000000000,-2.117443469496,0.130000000000));
#2384=VERTEX_POINT('',#2383);
#2385=LINE('',#2374,#465);
#2386=EDGE_CURVE('',#2379,#2384,#2385,.T.);
#2387=ORIENTED_EDGE('',*,*,#2386,.T.);
#2388=CARTESIAN_POINT('',(-0.175000000000,-2.208364779650,0.130000000000));
#2389=VERTEX_POINT('',#2388);
#2390=LINE('',#2374,#465);
#2391=EDGE_CURVE('',#2384,#2389,#2390,.T.);
#2392=ORIENTED_EDGE('',*,*,#2391,.T.);
#2393=CARTESIAN_POINT('',(-0.175000000000,-2.400000000000,0.130000000000));
#2394=VERTEX_POINT('',#2393);
#2395=LINE('',#2374,#465);
#2396=EDGE_CURVE('',#2389,#2394,#2395,.T.);
#2397=ORIENTED_EDGE('',*,*,#2396,.T.);
#2398=CARTESIAN_POINT('',(-0.175000000000,-2.400000000000,0.140000000000));
#2399=VERTEX_POINT('',#2398);
#2400=CARTESIAN_POINT('',(-0.175000000000,-2.400000000000,0.000000000000));
#2401=LINE('',#2400,#12);
#2402=EDGE_CURVE('',#2394,#2399,#2401,.T.);
#2403=ORIENTED_EDGE('',*,*,#2402,.T.);
#2404=CARTESIAN_POINT('',(-0.175000000000,-2.400000000000,0.350000000000));
#2405=VERTEX_POINT('',#2404);
#2406=LINE('',#2400,#12);
#2407=EDGE_CURVE('',#2399,#2405,#2406,.T.);
#2408=ORIENTED_EDGE('',*,*,#2407,.T.);
#2409=CARTESIAN_POINT('',(-0.175000000000,-2.208364779650,0.350000000000));
#2410=VERTEX_POINT('',#2409);
#2411=CARTESIAN_POINT('',(-0.175000000000,0.000000000000,0.350000000000));
#2412=LINE('',#2411,#651);
#2413=EDGE_CURVE('',#2405,#2410,#2412,.T.);
#2414=ORIENTED_EDGE('',*,*,#2413,.T.);
#2415=CARTESIAN_POINT('',(-0.175000000000,-2.117443469496,0.350000000000));
#2416=VERTEX_POINT('',#2415);
#2417=LINE('',#2411,#651);
#2418=EDGE_CURVE('',#2410,#2416,#2417,.T.);
#2419=ORIENTED_EDGE('',*,*,#2418,.T.);
#2420=CARTESIAN_POINT('',(-0.175000000000,-2.023661252145,0.350000000000));
#2421=VERTEX_POINT('',#2420);
#2422=LINE('',#2411,#651);
#2423=EDGE_CURVE('',#2416,#2421,#2422,.T.);
#2424=ORIENTED_EDGE('',*,*,#2423,.T.);
#2425=CARTESIAN_POINT('',(-0.175000000000,-2.000000000000,0.350000000000));
#2426=VERTEX_POINT('',#2425);
#2427=LINE('',#2411,#651);
#2428=EDGE_CURVE('',#2421,#2426,#2427,.T.);
#2429=ORIENTED_EDGE('',*,*,#2428,.T.);
#2430=CARTESIAN_POINT('',(-0.175000000000,-1.851749173079,0.350000000000));
#2431=VERTEX_POINT('',#2430);
#2432=LINE('',#2411,#651);
#2433=EDGE_CURVE('',#2426,#2431,#2432,.T.);
#2434=ORIENTED_EDGE('',*,*,#2433,.T.);
#2435=CARTESIAN_POINT('',(-0.175000000000,-1.200000000000,0.350000000000));
#2436=VERTEX_POINT('',#2435);
#2437=LINE('',#2411,#651);
#2438=EDGE_CURVE('',#2431,#2436,#2437,.T.);
#2439=ORIENTED_EDGE('',*,*,#2438,.T.);
#2440=CARTESIAN_POINT('',(-0.175000000000,-1.200000000000,0.000000000000));
#2441=LINE('',#2440,#32);
#2442=EDGE_CURVE('',#2436,#627,#2441,.T.);
#2443=ORIENTED_EDGE('',*,*,#2442,.T.);
#2444=EDGE_LOOP('',(#2365,#2371,#2377,#2382,#2387,#2392,#2397,#2403,#2408,#2414,#2419,#2424,#2429,#2434,#2439,#2443));
#2445=FACE_OUTER_BOUND('',#2444,.T.);
#2446=ADVANCED_FACE('',(#2445),#2364,.T.);
#2447=CARTESIAN_POINT('',(0.000000000000,-1.200000000000,0.000000000000));
#2448=AXIS2_PLACEMENT_3D('',#2447,#182,#31);
#2449=PLANE('',#2448);
#2450=ORIENTED_EDGE('',*,*,#646,.T.);
#2451=ORIENTED_EDGE('',*,*,#641,.T.);
#2452=ORIENTED_EDGE('',*,*,#636,.T.);
#2453=ORIENTED_EDGE('',*,*,#2442,.F.);
#2454=CARTESIAN_POINT('',(-0.090000000000,-1.200000000000,0.350000000000));
#2455=VERTEX_POINT('',#2454);
#2456=CARTESIAN_POINT('',(0.000000000000,-1.200000000000,0.350000000000));
#2457=LINE('',#2456,#473);
#2458=EDGE_CURVE('',#2436,#2455,#2457,.T.);
#2459=ORIENTED_EDGE('',*,*,#2458,.T.);
#2460=CARTESIAN_POINT('',(0.090000000000,-1.200000000000,0.350000000000));
#2461=VERTEX_POINT('',#2460);
#2462=LINE('',#2456,#473);
#2463=EDGE_CURVE('',#2455,#2461,#2462,.T.);
#2464=ORIENTED_EDGE('',*,*,#2463,.T.);
#2465=LINE('',#2456,#473);
#2466=EDGE_CURVE('',#2461,#2282,#2465,.T.);
#2467=ORIENTED_EDGE('',*,*,#2466,.T.);
#2468=ORIENTED_EDGE('',*,*,#2285,.F.);
#2469=EDGE_LOOP('',(#2450,#2451,#2452,#2453,#2459,#2464,#2467,#2468));
#2470=FACE_OUTER_BOUND('',#2469,.T.);
#2471=ADVANCED_FACE('',(#2470),#2449,.T.);
#2472=CARTESIAN_POINT('',(0.000000000000,-2.400000000000,0.000000000000));
#2473=AXIS2_PLACEMENT_3D('',#2472,#464,#11);
#2474=PLANE('',#2473);
#2475=ORIENTED_EDGE('',*,*,#2322,.F.);
#2476=CARTESIAN_POINT('',(0.156921938165,-2.400000000000,0.350000000000));
#2477=VERTEX_POINT('',#2476);
#2478=CARTESIAN_POINT('',(0.000000000000,-2.400000000000,0.350000000000));
#2479=LINE('',#2478,#457);
#2480=EDGE_CURVE('',#2314,#2477,#2479,.T.);
#2481=ORIENTED_EDGE('',*,*,#2480,.T.);
#2482=CARTESIAN_POINT('',(0.090000000000,-2.400000000000,0.350000000000));
#2483=VERTEX_POINT('',#2482);
#2484=LINE('',#2478,#457);
#2485=EDGE_CURVE('',#2477,#2483,#2484,.T.);
#2486=ORIENTED_EDGE('',*,*,#2485,.T.);
#2487=CARTESIAN_POINT('',(-0.090000000000,-2.400000000000,0.350000000000));
#2488=VERTEX_POINT('',#2487);
#2489=LINE('',#2478,#457);
#2490=EDGE_CURVE('',#2483,#2488,#2489,.T.);
#2491=ORIENTED_EDGE('',*,*,#2490,.T.);
#2492=CARTESIAN_POINT('',(-0.156921938165,-2.400000000000,0.350000000000));
#2493=VERTEX_POINT('',#2492);
#2494=LINE('',#2478,#457);
#2495=EDGE_CURVE('',#2488,#2493,#2494,.T.);
#2496=ORIENTED_EDGE('',*,*,#2495,.T.);
#2497=LINE('',#2478,#457);
#2498=EDGE_CURVE('',#2493,#2405,#2497,.T.);
#2499=ORIENTED_EDGE('',*,*,#2498,.T.);
#2500=ORIENTED_EDGE('',*,*,#2407,.F.);
#2501=ORIENTED_EDGE('',*,*,#2402,.F.);
#2502=CARTESIAN_POINT('',(-0.156921938165,-2.400000000000,0.130000000000));
#2503=VERTEX_POINT('',#2502);
#2504=CARTESIAN_POINT('',(0.000000000000,-2.400000000000,0.130000000000));
#2505=LINE('',#2504,#473);
#2506=EDGE_CURVE('',#2394,#2503,#2505,.T.);
#2507=ORIENTED_EDGE('',*,*,#2506,.T.);
#2508=CARTESIAN_POINT('',(-0.090000000000,-2.400000000000,0.130000000000));
#2509=VERTEX_POINT('',#2508);
#2510=LINE('',#2504,#473);
#2511=EDGE_CURVE('',#2503,#2509,#2510,.T.);
#2512=ORIENTED_EDGE('',*,*,#2511,.T.);
#2513=CARTESIAN_POINT('',(0.090000000000,-2.400000000000,0.130000000000));
#2514=VERTEX_POINT('',#2513);
#2515=LINE('',#2504,#473);
#2516=EDGE_CURVE('',#2509,#2514,#2515,.T.);
#2517=ORIENTED_EDGE('',*,*,#2516,.T.);
#2518=CARTESIAN_POINT('',(0.156921938165,-2.400000000000,0.130000000000));
#2519=VERTEX_POINT('',#2518);
#2520=LINE('',#2504,#473);
#2521=EDGE_CURVE('',#2514,#2519,#2520,.T.);
#2522=ORIENTED_EDGE('',*,*,#2521,.T.);
#2523=LINE('',#2504,#473);
#2524=EDGE_CURVE('',#2519,#2325,#2523,.T.);
#2525=ORIENTED_EDGE('',*,*,#2524,.T.);
#2526=ORIENTED_EDGE('',*,*,#2327,.F.);
#2527=EDGE_LOOP('',(#2475,#2481,#2486,#2491,#2496,#2499,#2500,#2501,#2507,#2512,#2517,#2522,#2525,#2526));
#2528=FACE_OUTER_BOUND('',#2527,.T.);
#2529=ADVANCED_FACE('',(#2528),#2474,.T.);
#2530=CARTESIAN_POINT('',(0.000000000000,0.000000000000,0.350000000000));
#2531=AXIS2_PLACEMENT_3D('',#2530,#11,#182);
#2532=PLANE('',#2531);
#2533=ORIENTED_EDGE('',*,*,#2291,.F.);
#2534=ORIENTED_EDGE('',*,*,#2466,.F.);
#2535=ORIENTED_EDGE('',*,*,#2463,.F.);
#2536=ORIENTED_EDGE('',*,*,#2458,.F.);
#2537=ORIENTED_EDGE('',*,*,#2438,.F.);
#2538=ORIENTED_EDGE('',*,*,#2433,.F.);
#2539=ORIENTED_EDGE('',*,*,#2428,.F.);
#2540=ORIENTED_EDGE('',*,*,#2423,.F.);
#2541=ORIENTED_EDGE('',*,*,#2418,.F.);
#2542=ORIENTED_EDGE('',*,*,#2413,.F.);
#2543=ORIENTED_EDGE('',*,*,#2498,.F.);
#2544=ORIENTED_EDGE('',*,*,#2495,.F.);
#2545=ORIENTED_EDGE('',*,*,#2490,.F.);
#2546=ORIENTED_EDGE('',*,*,#2485,.F.);
#2547=ORIENTED_EDGE('',*,*,#2480,.F.);
#2548=ORIENTED_EDGE('',*,*,#2316,.F.);
#2549=ORIENTED_EDGE('',*,*,#2311,.F.);
#2550=ORIENTED_EDGE('',*,*,#2306,.F.);
#2551=ORIENTED_EDGE('',*,*,#2301,.F.);
#2552=ORIENTED_EDGE('',*,*,#2296,.F.);
#2553=EDGE_LOOP('',(#2533,#2534,#2535,#2536,#2537,#2538,#2539,#2540,#2541,#2542,#2543,#2544,#2545,#2546,#2547,#2548,#2549,#2550,#2551,#2552));
#2554=FACE_OUTER_BOUND('',#2553,.T.);
#2555=ADVANCED_FACE('',(#2554),#2532,.T.);
#2556=CARTESIAN_POINT('',(0.000000000000,0.000000000000,0.130000000000));
#2557=AXIS2_PLACEMENT_3D('',#2556,#31,#464);
#2558=PLANE('',#2557);
#2559=ORIENTED_EDGE('',*,*,#2186,.T.);
#2560=ORIENTED_EDGE('',*,*,#2207,.T.);
#2561=AXIS2_PLACEMENT_3D('',#2556,#11,#182);
#2562=CIRCLE('',#2561,1.860000000000);
#2563=EDGE_CURVE('',#2200,#2351,#2562,.T.);
#2564=ORIENTED_EDGE('',*,*,#2563,.T.);
#2565=ORIENTED_EDGE('',*,*,#2353,.F.);
#2566=ORIENTED_EDGE('',*,*,#2348,.F.);
#2567=ORIENTED_EDGE('',*,*,#2343,.F.);
#2568=ORIENTED_EDGE('',*,*,#2338,.F.);
#2569=ORIENTED_EDGE('',*,*,#2333,.F.);
#2570=ORIENTED_EDGE('',*,*,#2524,.F.);
#2571=ORIENTED_EDGE('',*,*,#2521,.F.);
#2572=ORIENTED_EDGE('',*,*,#2516,.F.);
#2573=ORIENTED_EDGE('',*,*,#2511,.F.);
#2574=ORIENTED_EDGE('',*,*,#2506,.F.);
#2575=ORIENTED_EDGE('',*,*,#2396,.F.);
#2576=ORIENTED_EDGE('',*,*,#2391,.F.);
#2577=ORIENTED_EDGE('',*,*,#2386,.F.);
#2578=ORIENTED_EDGE('',*,*,#2381,.F.);
#2579=ORIENTED_EDGE('',*,*,#2376,.F.);
#2580=CIRCLE('',#2561,1.860000000000);
#2581=EDGE_CURVE('',#2367,#2242,#2580,.T.);
#2582=ORIENTED_EDGE('',*,*,#2581,.T.);
#2583=ORIENTED_EDGE('',*,*,#2245,.T.);
#2584=EDGE_LOOP('',(#2559,#2560,#2564,#2565,#2566,#2567,#2568,#2569,#2570,#2571,#2572,#2573,#2574,#2575,#2576,#2577,#2578,#2579,#2582,#2583));
#2585=FACE_OUTER_BOUND('',#2584,.T.);
#2586=ADVANCED_FACE('',(#2585),#2558,.T.);
#2587=CARTESIAN_POINT('',(1.000000000000,-1.732050807569,0.000000000000));
#2588=AXIS2_PLACEMENT_3D('',#2587,#522,#514);
#2589=PLANE('',#2588);
#2590=ORIENTED_EDGE('',*,*,#695,.F.);
#2591=CARTESIAN_POINT('',(0.922057713659,-1.777050807569,0.130000000000));
#2592=VERTEX_POINT('',#2591);
#2593=CARTESIAN_POINT('',(0.922057713659,-1.777050807569,0.000000000000));
#2594=LINE('',#2593,#32);
#2595=EDGE_CURVE('',#686,#2592,#2594,.T.);
#2596=ORIENTED_EDGE('',*,*,#2595,.T.);
#2597=LINE('',#2593,#32);
#2598=EDGE_CURVE('',#2592,#1617,#2597,.T.);
#2599=ORIENTED_EDGE('',*,*,#2598,.T.);
#2600=ORIENTED_EDGE('',*,*,#1620,.F.);
#2601=CARTESIAN_POINT('',(1.077942286341,-1.687050807569,0.130000000000));
#2602=VERTEX_POINT('',#2601);
#2603=CARTESIAN_POINT('',(1.077942286341,-1.687050807569,0.000000000000));
#2604=LINE('',#2603,#12);
#2605=EDGE_CURVE('',#1612,#2602,#2604,.T.);
#2606=ORIENTED_EDGE('',*,*,#2605,.T.);
#2607=LINE('',#2603,#12);
#2608=EDGE_CURVE('',#2602,#692,#2607,.T.);
#2609=ORIENTED_EDGE('',*,*,#2608,.T.);
#2610=EDGE_LOOP('',(#2590,#2596,#2599,#2600,#2606,#2609));
#2611=FACE_OUTER_BOUND('',#2610,.T.);
#2612=ADVANCED_FACE('',(#2611),#2589,.T.);
#2613=CARTESIAN_POINT('',(0.077942286341,0.045000000000,0.000000000000));
#2614=AXIS2_PLACEMENT_3D('',#2613,#530,#522);
#2615=PLANE('',#2614);
#2616=ORIENTED_EDGE('',*,*,#703,.F.);
#2617=ORIENTED_EDGE('',*,*,#2608,.F.);
#2618=ORIENTED_EDGE('',*,*,#2605,.F.);
#2619=ORIENTED_EDGE('',*,*,#1614,.F.);
#2620=CARTESIAN_POINT('',(1.006852938664,-1.563920445516,0.130000000000));
#2621=VERTEX_POINT('',#2620);
#2622=CARTESIAN_POINT('',(1.006852938664,-1.563920445516,0.000000000000));
#2623=LINE('',#2622,#12);
#2624=EDGE_CURVE('',#1607,#2621,#2623,.T.);
#2625=ORIENTED_EDGE('',*,*,#2624,.T.);
#2626=LINE('',#2622,#12);
#2627=EDGE_CURVE('',#2621,#698,#2626,.T.);
#2628=ORIENTED_EDGE('',*,*,#2627,.T.);
#2629=EDGE_LOOP('',(#2616,#2617,#2618,#2619,#2625,#2628));
#2630=ORIENTED_EDGE('',*,*,#957,.F.);
#2631=CARTESIAN_POINT('',(-0.850968365983,1.653920445516,0.130000000000));
#2632=VERTEX_POINT('',#2631);
#2633=CARTESIAN_POINT('',(-0.850968365983,1.653920445516,0.000000000000));
#2634=LINE('',#2633,#12);
#2635=EDGE_CURVE('',#2632,#950,#2634,.T.);
#2636=ORIENTED_EDGE('',*,*,#2635,.F.);
#2637=LINE('',#2633,#12);
#2638=EDGE_CURVE('',#1351,#2632,#2637,.T.);
#2639=ORIENTED_EDGE('',*,*,#2638,.F.);
#2640=ORIENTED_EDGE('',*,*,#1354,.F.);
#2641=CARTESIAN_POINT('',(-0.922057713659,1.777050807569,0.130000000000));
#2642=VERTEX_POINT('',#2641);
#2643=CARTESIAN_POINT('',(-0.922057713659,1.777050807569,0.000000000000));
#2644=LINE('',#2643,#12);
#2645=EDGE_CURVE('',#1345,#2642,#2644,.T.);
#2646=ORIENTED_EDGE('',*,*,#2645,.T.);
#2647=LINE('',#2643,#12);
#2648=EDGE_CURVE('',#2642,#955,#2647,.T.);
#2649=ORIENTED_EDGE('',*,*,#2648,.T.);
#2650=EDGE_LOOP('',(#2630,#2636,#2639,#2640,#2646,#2649));
#2651=FACE_OUTER_BOUND('',#2629,.T.);
#2652=ADVANCED_FACE('',(#2651),#2615,.T.);
#2653=FACE_OUTER_BOUND('',#2650,.T.);
#2654=ADVANCED_FACE('',(#2653),#2615,.T.);
#2655=CARTESIAN_POINT('',(-0.077942286341,-0.045000000000,0.000000000000));
#2656=AXIS2_PLACEMENT_3D('',#2655,#514,#700);
#2657=PLANE('',#2656);
#2658=ORIENTED_EDGE('',*,*,#689,.F.);
#2659=CARTESIAN_POINT('',(0.850968365983,-1.653920445516,0.130000000000));
#2660=VERTEX_POINT('',#2659);
#2661=CARTESIAN_POINT('',(0.850968365983,-1.653920445516,0.000000000000));
#2662=LINE('',#2661,#12);
#2663=EDGE_CURVE('',#2660,#681,#2662,.T.);
#2664=ORIENTED_EDGE('',*,*,#2663,.F.);
#2665=LINE('',#2661,#12);
#2666=EDGE_CURVE('',#1623,#2660,#2665,.T.);
#2667=ORIENTED_EDGE('',*,*,#2666,.F.);
#2668=ORIENTED_EDGE('',*,*,#1625,.F.);
#2669=ORIENTED_EDGE('',*,*,#2598,.F.);
#2670=ORIENTED_EDGE('',*,*,#2595,.F.);
#2671=EDGE_LOOP('',(#2658,#2664,#2667,#2668,#2669,#2670));
#2672=ORIENTED_EDGE('',*,*,#968,.F.);
#2673=CARTESIAN_POINT('',(-1.077942286341,1.687050807569,0.130000000000));
#2674=VERTEX_POINT('',#2673);
#2675=CARTESIAN_POINT('',(-1.077942286341,1.687050807569,0.000000000000));
#2676=LINE('',#2675,#32);
#2677=EDGE_CURVE('',#960,#2674,#2676,.T.);
#2678=ORIENTED_EDGE('',*,*,#2677,.T.);
#2679=LINE('',#2675,#32);
#2680=EDGE_CURVE('',#2674,#1339,#2679,.T.);
#2681=ORIENTED_EDGE('',*,*,#2680,.T.);
#2682=ORIENTED_EDGE('',*,*,#1342,.F.);
#2683=CARTESIAN_POINT('',(-1.006852938664,1.563920445516,0.130000000000));
#2684=VERTEX_POINT('',#2683);
#2685=CARTESIAN_POINT('',(-1.006852938664,1.563920445516,0.000000000000));
#2686=LINE('',#2685,#12);
#2687=EDGE_CURVE('',#1334,#2684,#2686,.T.);
#2688=ORIENTED_EDGE('',*,*,#2687,.T.);
#2689=LINE('',#2685,#12);
#2690=EDGE_CURVE('',#2684,#966,#2689,.T.);
#2691=ORIENTED_EDGE('',*,*,#2690,.T.);
#2692=EDGE_LOOP('',(#2672,#2678,#2681,#2682,#2688,#2691));
#2693=FACE_OUTER_BOUND('',#2671,.T.);
#2694=ADVANCED_FACE('',(#2693),#2657,.T.);
#2695=FACE_OUTER_BOUND('',#2692,.T.);
#2696=ADVANCED_FACE('',(#2695),#2657,.T.);
#2697=CARTESIAN_POINT('',(-1.732050807569,1.000000000000,0.000000000000));
#2698=AXIS2_PLACEMENT_3D('',#2697,#755,#593);
#2699=PLANE('',#2698);
#2700=ORIENTED_EDGE('',*,*,#1005,.F.);
#2701=ORIENTED_EDGE('',*,*,#2085,.F.);
#2702=ORIENTED_EDGE('',*,*,#2082,.F.);
#2703=ORIENTED_EDGE('',*,*,#1302,.F.);
#2704=ORIENTED_EDGE('',*,*,#2131,.F.);
#2705=ORIENTED_EDGE('',*,*,#2128,.F.);
#2706=EDGE_LOOP('',(#2700,#2701,#2702,#2703,#2704,#2705));
#2707=FACE_OUTER_BOUND('',#2706,.T.);
#2708=ADVANCED_FACE('',(#2707),#2699,.T.);
#2709=CARTESIAN_POINT('',(0.000000000000,0.000000000000,0.000000000000));
#2710=AXIS2_PLACEMENT_3D('',#2709,#11,#182);
#2711=CYLINDRICAL_SURFACE('',#2710,0.200000000000);
#2712=ORIENTED_EDGE('',*,*,#190,.T.);
#2713=ORIENTED_EDGE('',*,*,#443,.T.);
#2714=ORIENTED_EDGE('',*,*,#440,.T.);
#2715=ORIENTED_EDGE('',*,*,#435,.T.);
#2716=ORIENTED_EDGE('',*,*,#430,.T.);
#2717=ORIENTED_EDGE('',*,*,#425,.T.);
#2718=ORIENTED_EDGE('',*,*,#420,.T.);
#2719=ORIENTED_EDGE('',*,*,#415,.T.);
#2720=ORIENTED_EDGE('',*,*,#410,.T.);
#2721=ORIENTED_EDGE('',*,*,#405,.T.);
#2722=ORIENTED_EDGE('',*,*,#400,.T.);
#2723=ORIENTED_EDGE('',*,*,#395,.T.);
#2724=ORIENTED_EDGE('',*,*,#390,.T.);
#2725=ORIENTED_EDGE('',*,*,#385,.T.);
#2726=ORIENTED_EDGE('',*,*,#380,.T.);
#2727=ORIENTED_EDGE('',*,*,#375,.T.);
#2728=ORIENTED_EDGE('',*,*,#370,.T.);
#2729=ORIENTED_EDGE('',*,*,#365,.T.);
#2730=ORIENTED_EDGE('',*,*,#360,.T.);
#2731=ORIENTED_EDGE('',*,*,#355,.T.);
#2732=ORIENTED_EDGE('',*,*,#350,.T.);
#2733=ORIENTED_EDGE('',*,*,#345,.T.);
#2734=ORIENTED_EDGE('',*,*,#340,.T.);
#2735=ORIENTED_EDGE('',*,*,#335,.T.);
#2736=ORIENTED_EDGE('',*,*,#330,.T.);
#2737=ORIENTED_EDGE('',*,*,#325,.T.);
#2738=ORIENTED_EDGE('',*,*,#320,.T.);
#2739=ORIENTED_EDGE('',*,*,#315,.T.);
#2740=ORIENTED_EDGE('',*,*,#310,.T.);
#2741=ORIENTED_EDGE('',*,*,#305,.T.);
#2742=ORIENTED_EDGE('',*,*,#300,.T.);
#2743=ORIENTED_EDGE('',*,*,#295,.T.);
#2744=ORIENTED_EDGE('',*,*,#290,.T.);
#2745=ORIENTED_EDGE('',*,*,#285,.T.);
#2746=ORIENTED_EDGE('',*,*,#280,.T.);
#2747=ORIENTED_EDGE('',*,*,#275,.T.);
#2748=ORIENTED_EDGE('',*,*,#270,.T.);
#2749=ORIENTED_EDGE('',*,*,#265,.T.);
#2750=ORIENTED_EDGE('',*,*,#260,.T.);
#2751=ORIENTED_EDGE('',*,*,#255,.T.);
#2752=ORIENTED_EDGE('',*,*,#250,.T.);
#2753=ORIENTED_EDGE('',*,*,#245,.T.);
#2754=ORIENTED_EDGE('',*,*,#240,.T.);
#2755=ORIENTED_EDGE('',*,*,#235,.T.);
#2756=ORIENTED_EDGE('',*,*,#230,.T.);
#2757=ORIENTED_EDGE('',*,*,#225,.T.);
#2758=ORIENTED_EDGE('',*,*,#220,.T.);
#2759=ORIENTED_EDGE('',*,*,#215,.T.);
#2760=ORIENTED_EDGE('',*,*,#210,.T.);
#2761=ORIENTED_EDGE('',*,*,#205,.T.);
#2762=ORIENTED_EDGE('',*,*,#200,.T.);
#2763=ORIENTED_EDGE('',*,*,#195,.T.);
#2764=EDGE_LOOP('',(#2712,#2713,#2714,#2715,#2716,#2717,#2718,#2719,#2720,#2721,#2722,#2723,#2724,#2725,#2726,#2727,#2728,#2729,#2730,#2731,#2732,#2733,#2734,#2735,#2736,#2737,#2738,#2739,#2740,#2741,#2742,#2743,#2744,#2745,#2746,#2747,#2748,#2749,#2750,#2751,#2752,#2753,#2754,#2755,#2756,#2757,#2758,#2759,#2760,#2761,#2762,#2763));
#2765=ORIENTED_EDGE('',*,*,#1029,.F.);
#2766=ORIENTED_EDGE('',*,*,#1282,.F.);
#2767=ORIENTED_EDGE('',*,*,#1279,.F.);
#2768=ORIENTED_EDGE('',*,*,#1274,.F.);
#2769=ORIENTED_EDGE('',*,*,#1269,.F.);
#2770=ORIENTED_EDGE('',*,*,#1264,.F.);
#2771=ORIENTED_EDGE('',*,*,#1259,.F.);
#2772=ORIENTED_EDGE('',*,*,#1254,.F.);
#2773=ORIENTED_EDGE('',*,*,#1249,.F.);
#2774=ORIENTED_EDGE('',*,*,#1244,.F.);
#2775=ORIENTED_EDGE('',*,*,#1239,.F.);
#2776=ORIENTED_EDGE('',*,*,#1234,.F.);
#2777=ORIENTED_EDGE('',*,*,#1229,.F.);
#2778=ORIENTED_EDGE('',*,*,#1224,.F.);
#2779=ORIENTED_EDGE('',*,*,#1219,.F.);
#2780=ORIENTED_EDGE('',*,*,#1214,.F.);
#2781=ORIENTED_EDGE('',*,*,#1209,.F.);
#2782=ORIENTED_EDGE('',*,*,#1204,.F.);
#2783=ORIENTED_EDGE('',*,*,#1199,.F.);
#2784=ORIENTED_EDGE('',*,*,#1194,.F.);
#2785=ORIENTED_EDGE('',*,*,#1189,.F.);
#2786=ORIENTED_EDGE('',*,*,#1184,.F.);
#2787=ORIENTED_EDGE('',*,*,#1179,.F.);
#2788=ORIENTED_EDGE('',*,*,#1174,.F.);
#2789=ORIENTED_EDGE('',*,*,#1169,.F.);
#2790=ORIENTED_EDGE('',*,*,#1164,.F.);
#2791=ORIENTED_EDGE('',*,*,#1159,.F.);
#2792=ORIENTED_EDGE('',*,*,#1154,.F.);
#2793=ORIENTED_EDGE('',*,*,#1149,.F.);
#2794=ORIENTED_EDGE('',*,*,#1144,.F.);
#2795=ORIENTED_EDGE('',*,*,#1139,.F.);
#2796=ORIENTED_EDGE('',*,*,#1134,.F.);
#2797=ORIENTED_EDGE('',*,*,#1129,.F.);
#2798=ORIENTED_EDGE('',*,*,#1124,.F.);
#2799=ORIENTED_EDGE('',*,*,#1119,.F.);
#2800=ORIENTED_EDGE('',*,*,#1114,.F.);
#2801=ORIENTED_EDGE('',*,*,#1109,.F.);
#2802=ORIENTED_EDGE('',*,*,#1104,.F.);
#2803=ORIENTED_EDGE('',*,*,#1099,.F.);
#2804=ORIENTED_EDGE('',*,*,#1094,.F.);
#2805=ORIENTED_EDGE('',*,*,#1089,.F.);
#2806=ORIENTED_EDGE('',*,*,#1084,.F.);
#2807=ORIENTED_EDGE('',*,*,#1079,.F.);
#2808=ORIENTED_EDGE('',*,*,#1074,.F.);
#2809=ORIENTED_EDGE('',*,*,#1069,.F.);
#2810=ORIENTED_EDGE('',*,*,#1064,.F.);
#2811=ORIENTED_EDGE('',*,*,#1059,.F.);
#2812=ORIENTED_EDGE('',*,*,#1054,.F.);
#2813=ORIENTED_EDGE('',*,*,#1049,.F.);
#2814=ORIENTED_EDGE('',*,*,#1044,.F.);
#2815=ORIENTED_EDGE('',*,*,#1039,.F.);
#2816=ORIENTED_EDGE('',*,*,#1034,.F.);
#2817=EDGE_LOOP('',(#2765,#2766,#2767,#2768,#2769,#2770,#2771,#2772,#2773,#2774,#2775,#2776,#2777,#2778,#2779,#2780,#2781,#2782,#2783,#2784,#2785,#2786,#2787,#2788,#2789,#2790,#2791,#2792,#2793,#2794,#2795,#2796,#2797,#2798,#2799,#2800,#2801,#2802,#2803,#2804,#2805,#2806,#2807,#2808,#2809,#2810,#2811,#2812,#2813,#2814,#2815,#2816));
#2818=FACE_BOUND('',#2764,.T.);
#2819=FACE_BOUND('',#2817,.T.);
#2820=ADVANCED_FACE('',(#2818,#2819),#2711,.F.);
#2821=CARTESIAN_POINT('',(1.000000000000,1.732050807569,0.000000000000));
#2822=AXIS2_PLACEMENT_3D('',#2821,#593,#585);
#2823=PLANE('',#2822);
#2824=ORIENTED_EDGE('',*,*,#867,.F.);
#2825=CARTESIAN_POINT('',(1.077942286341,1.687050807569,0.130000000000));
#2826=VERTEX_POINT('',#2825);
#2827=CARTESIAN_POINT('',(1.077942286341,1.687050807569,0.000000000000));
#2828=LINE('',#2827,#32);
#2829=EDGE_CURVE('',#859,#2826,#2828,.T.);
#2830=ORIENTED_EDGE('',*,*,#2829,.T.);
#2831=LINE('',#2827,#32);
#2832=EDGE_CURVE('',#2826,#1447,#2831,.T.);
#2833=ORIENTED_EDGE('',*,*,#2832,.T.);
#2834=ORIENTED_EDGE('',*,*,#1450,.F.);
#2835=CARTESIAN_POINT('',(0.922057713659,1.777050807569,0.130000000000));
#2836=VERTEX_POINT('',#2835);
#2837=CARTESIAN_POINT('',(0.922057713659,1.777050807569,0.000000000000));
#2838=LINE('',#2837,#12);
#2839=EDGE_CURVE('',#1441,#2836,#2838,.T.);
#2840=ORIENTED_EDGE('',*,*,#2839,.T.);
#2841=LINE('',#2837,#12);
#2842=EDGE_CURVE('',#2836,#864,#2841,.T.);
#2843=ORIENTED_EDGE('',*,*,#2842,.T.);
#2844=EDGE_LOOP('',(#2824,#2830,#2833,#2834,#2840,#2843));
#2845=FACE_OUTER_BOUND('',#2844,.T.);
#2846=ADVANCED_FACE('',(#2845),#2823,.T.);
#2847=CARTESIAN_POINT('',(-0.077942286341,0.045000000000,0.000000000000));
#2848=AXIS2_PLACEMENT_3D('',#2847,#755,#593);
#2849=PLANE('',#2848);
#2850=ORIENTED_EDGE('',*,*,#872,.F.);
#2851=ORIENTED_EDGE('',*,*,#2842,.F.);
#2852=ORIENTED_EDGE('',*,*,#2839,.F.);
#2853=ORIENTED_EDGE('',*,*,#1444,.F.);
#2854=CARTESIAN_POINT('',(0.850968365983,1.653920445516,0.130000000000));
#2855=VERTEX_POINT('',#2854);
#2856=CARTESIAN_POINT('',(0.850968365983,1.653920445516,0.000000000000));
#2857=LINE('',#2856,#12);
#2858=EDGE_CURVE('',#1436,#2855,#2857,.T.);
#2859=ORIENTED_EDGE('',*,*,#2858,.T.);
#2860=LINE('',#2856,#12);
#2861=EDGE_CURVE('',#2855,#870,#2860,.T.);
#2862=ORIENTED_EDGE('',*,*,#2861,.T.);
#2863=EDGE_LOOP('',(#2850,#2851,#2852,#2853,#2859,#2862));
#2864=ORIENTED_EDGE('',*,*,#580,.F.);
#2865=CARTESIAN_POINT('',(-1.006852938664,-1.563920445516,0.130000000000));
#2866=VERTEX_POINT('',#2865);
#2867=CARTESIAN_POINT('',(-1.006852938664,-1.563920445516,0.000000000000));
#2868=LINE('',#2867,#12);
#2869=EDGE_CURVE('',#2866,#570,#2868,.T.);
#2870=ORIENTED_EDGE('',*,*,#2869,.F.);
#2871=LINE('',#2867,#12);
#2872=EDGE_CURVE('',#1717,#2866,#2871,.T.);
#2873=ORIENTED_EDGE('',*,*,#2872,.F.);
#2874=ORIENTED_EDGE('',*,*,#1719,.F.);
#2875=CARTESIAN_POINT('',(-1.077942286341,-1.687050807569,0.130000000000));
#2876=VERTEX_POINT('',#2875);
#2877=CARTESIAN_POINT('',(-1.077942286341,-1.687050807569,0.000000000000));
#2878=LINE('',#2877,#12);
#2879=EDGE_CURVE('',#1711,#2876,#2878,.T.);
#2880=ORIENTED_EDGE('',*,*,#2879,.T.);
#2881=LINE('',#2877,#12);
#2882=EDGE_CURVE('',#2876,#575,#2881,.T.);
#2883=ORIENTED_EDGE('',*,*,#2882,.T.);
#2884=EDGE_LOOP('',(#2864,#2870,#2873,#2874,#2880,#2883));
#2885=FACE_OUTER_BOUND('',#2863,.T.);
#2886=ADVANCED_FACE('',(#2885),#2849,.T.);
#2887=FACE_OUTER_BOUND('',#2884,.T.);
#2888=ADVANCED_FACE('',(#2887),#2849,.T.);
#2889=CARTESIAN_POINT('',(0.077942286341,-0.045000000000,0.000000000000));
#2890=AXIS2_PLACEMENT_3D('',#2889,#585,#577);
#2891=PLANE('',#2890);
#2892=ORIENTED_EDGE('',*,*,#596,.F.);
#2893=CARTESIAN_POINT('',(-0.922057713659,-1.777050807569,0.130000000000));
#2894=VERTEX_POINT('',#2893);
#2895=CARTESIAN_POINT('',(-0.922057713659,-1.777050807569,0.000000000000));
#2896=LINE('',#2895,#32);
#2897=EDGE_CURVE('',#583,#2894,#2896,.T.);
#2898=ORIENTED_EDGE('',*,*,#2897,.T.);
#2899=LINE('',#2895,#32);
#2900=EDGE_CURVE('',#2894,#1706,#2899,.T.);
#2901=ORIENTED_EDGE('',*,*,#2900,.T.);
#2902=ORIENTED_EDGE('',*,*,#1708,.F.);
#2903=CARTESIAN_POINT('',(-0.850968365983,-1.653920445516,0.130000000000));
#2904=VERTEX_POINT('',#2903);
#2905=CARTESIAN_POINT('',(-0.850968365983,-1.653920445516,0.000000000000));
#2906=LINE('',#2905,#12);
#2907=EDGE_CURVE('',#1701,#2904,#2906,.T.);
#2908=ORIENTED_EDGE('',*,*,#2907,.T.);
#2909=LINE('',#2905,#12);
#2910=EDGE_CURVE('',#2904,#591,#2909,.T.);
#2911=ORIENTED_EDGE('',*,*,#2910,.T.);
#2912=EDGE_LOOP('',(#2892,#2898,#2901,#2902,#2908,#2911));
#2913=ORIENTED_EDGE('',*,*,#861,.F.);
#2914=CARTESIAN_POINT('',(1.006852938664,1.563920445516,0.130000000000));
#2915=VERTEX_POINT('',#2914);
#2916=CARTESIAN_POINT('',(1.006852938664,1.563920445516,0.000000000000));
#2917=LINE('',#2916,#12);
#2918=EDGE_CURVE('',#2915,#854,#2917,.T.);
#2919=ORIENTED_EDGE('',*,*,#2918,.F.);
#2920=LINE('',#2916,#12);
#2921=EDGE_CURVE('',#1453,#2915,#2920,.T.);
#2922=ORIENTED_EDGE('',*,*,#2921,.F.);
#2923=ORIENTED_EDGE('',*,*,#1456,.F.);
#2924=ORIENTED_EDGE('',*,*,#2832,.F.);
#2925=ORIENTED_EDGE('',*,*,#2829,.F.);
#2926=EDGE_LOOP('',(#2913,#2919,#2922,#2923,#2924,#2925));
#2927=FACE_OUTER_BOUND('',#2912,.T.);
#2928=ADVANCED_FACE('',(#2927),#2891,.T.);
#2929=FACE_OUTER_BOUND('',#2926,.T.);
#2930=ADVANCED_FACE('',(#2929),#2891,.T.);
#2931=CARTESIAN_POINT('',(1.414213562373,1.414213562373,0.000000000000));
#2932=AXIS2_PLACEMENT_3D('',#2931,#564,#556);
#2933=PLANE('',#2932);
#2934=ORIENTED_EDGE('',*,*,#846,.F.);
#2935=CARTESIAN_POINT('',(1.477853172680,1.350573952066,0.130000000000));
#2936=VERTEX_POINT('',#2935);
#2937=CARTESIAN_POINT('',(1.477853172680,1.350573952066,0.000000000000));
#2938=LINE('',#2937,#32);
#2939=EDGE_CURVE('',#838,#2936,#2938,.T.);
#2940=ORIENTED_EDGE('',*,*,#2939,.T.);
#2941=LINE('',#2937,#32);
#2942=EDGE_CURVE('',#2936,#1470,#2941,.T.);
#2943=ORIENTED_EDGE('',*,*,#2942,.T.);
#2944=ORIENTED_EDGE('',*,*,#1473,.F.);
#2945=CARTESIAN_POINT('',(1.350573952066,1.477853172680,0.130000000000));
#2946=VERTEX_POINT('',#2945);
#2947=CARTESIAN_POINT('',(1.350573952066,1.477853172680,0.000000000000));
#2948=LINE('',#2947,#12);
#2949=EDGE_CURVE('',#1464,#2946,#2948,.T.);
#2950=ORIENTED_EDGE('',*,*,#2949,.T.);
#2951=LINE('',#2947,#12);
#2952=EDGE_CURVE('',#2946,#843,#2951,.T.);
#2953=ORIENTED_EDGE('',*,*,#2952,.T.);
#2954=EDGE_LOOP('',(#2934,#2940,#2943,#2944,#2950,#2953));
#2955=FACE_OUTER_BOUND('',#2954,.T.);
#2956=ADVANCED_FACE('',(#2955),#2933,.T.);
#2957=CARTESIAN_POINT('',(-0.063639610307,0.063639610307,0.000000000000));
#2958=AXIS2_PLACEMENT_3D('',#2957,#725,#564);
#2959=PLANE('',#2958);
#2960=ORIENTED_EDGE('',*,*,#551,.F.);
#2961=CARTESIAN_POINT('',(-1.377317653055,-1.250038432442,0.130000000000));
#2962=VERTEX_POINT('',#2961);
#2963=CARTESIAN_POINT('',(-1.377317653055,-1.250038432442,0.000000000000));
#2964=LINE('',#2963,#12);
#2965=EDGE_CURVE('',#2962,#541,#2964,.T.);
#2966=ORIENTED_EDGE('',*,*,#2965,.F.);
#2967=LINE('',#2963,#12);
#2968=EDGE_CURVE('',#1738,#2962,#2967,.T.);
#2969=ORIENTED_EDGE('',*,*,#2968,.F.);
#2970=ORIENTED_EDGE('',*,*,#1740,.F.);
#2971=CARTESIAN_POINT('',(-1.477853172680,-1.350573952066,0.130000000000));
#2972=VERTEX_POINT('',#2971);
#2973=CARTESIAN_POINT('',(-1.477853172680,-1.350573952066,0.000000000000));
#2974=LINE('',#2973,#12);
#2975=EDGE_CURVE('',#1732,#2972,#2974,.T.);
#2976=ORIENTED_EDGE('',*,*,#2975,.T.);
#2977=LINE('',#2973,#12);
#2978=EDGE_CURVE('',#2972,#546,#2977,.T.);
#2979=ORIENTED_EDGE('',*,*,#2978,.T.);
#2980=EDGE_LOOP('',(#2960,#2966,#2969,#2970,#2976,#2979));
#2981=ORIENTED_EDGE('',*,*,#851,.F.);
#2982=ORIENTED_EDGE('',*,*,#2952,.F.);
#2983=ORIENTED_EDGE('',*,*,#2949,.F.);
#2984=ORIENTED_EDGE('',*,*,#1467,.F.);
#2985=CARTESIAN_POINT('',(1.250038432442,1.377317653055,0.130000000000));
#2986=VERTEX_POINT('',#2985);
#2987=CARTESIAN_POINT('',(1.250038432442,1.377317653055,0.000000000000));
#2988=LINE('',#2987,#12);
#2989=EDGE_CURVE('',#1459,#2986,#2988,.T.);
#2990=ORIENTED_EDGE('',*,*,#2989,.T.);
#2991=LINE('',#2987,#12);
#2992=EDGE_CURVE('',#2986,#849,#2991,.T.);
#2993=ORIENTED_EDGE('',*,*,#2992,.T.);
#2994=EDGE_LOOP('',(#2981,#2982,#2983,#2984,#2990,#2993));
#2995=FACE_OUTER_BOUND('',#2980,.T.);
#2996=ADVANCED_FACE('',(#2995),#2959,.T.);
#2997=FACE_OUTER_BOUND('',#2994,.T.);
#2998=ADVANCED_FACE('',(#2997),#2959,.T.);
#2999=CARTESIAN_POINT('',(0.063639610307,-0.063639610307,0.000000000000));
#3000=AXIS2_PLACEMENT_3D('',#2999,#556,#548);
#3001=PLANE('',#3000);
#3002=ORIENTED_EDGE('',*,*,#567,.F.);
#3003=CARTESIAN_POINT('',(-1.350573952066,-1.477853172680,0.130000000000));
#3004=VERTEX_POINT('',#3003);
#3005=CARTESIAN_POINT('',(-1.350573952066,-1.477853172680,0.000000000000));
#3006=LINE('',#3005,#32);
#3007=EDGE_CURVE('',#554,#3004,#3006,.T.);
#3008=ORIENTED_EDGE('',*,*,#3007,.T.);
#3009=LINE('',#3005,#32);
#3010=EDGE_CURVE('',#3004,#1727,#3009,.T.);
#3011=ORIENTED_EDGE('',*,*,#3010,.T.);
#3012=ORIENTED_EDGE('',*,*,#1729,.F.);
#3013=CARTESIAN_POINT('',(-1.250038432442,-1.377317653055,0.130000000000));
#3014=VERTEX_POINT('',#3013);
#3015=CARTESIAN_POINT('',(-1.250038432442,-1.377317653055,0.000000000000));
#3016=LINE('',#3015,#12);
#3017=EDGE_CURVE('',#1722,#3014,#3016,.T.);
#3018=ORIENTED_EDGE('',*,*,#3017,.T.);
#3019=LINE('',#3015,#12);
#3020=EDGE_CURVE('',#3014,#562,#3019,.T.);
#3021=ORIENTED_EDGE('',*,*,#3020,.T.);
#3022=EDGE_LOOP('',(#3002,#3008,#3011,#3012,#3018,#3021));
#3023=ORIENTED_EDGE('',*,*,#840,.F.);
#3024=CARTESIAN_POINT('',(1.377317653055,1.250038432442,0.130000000000));
#3025=VERTEX_POINT('',#3024);
#3026=CARTESIAN_POINT('',(1.377317653055,1.250038432442,0.000000000000));
#3027=LINE('',#3026,#12);
#3028=EDGE_CURVE('',#3025,#833,#3027,.T.);
#3029=ORIENTED_EDGE('',*,*,#3028,.F.);
#3030=LINE('',#3026,#12);
#3031=EDGE_CURVE('',#1476,#3025,#3030,.T.);
#3032=ORIENTED_EDGE('',*,*,#3031,.F.);
#3033=ORIENTED_EDGE('',*,*,#1479,.F.);
#3034=ORIENTED_EDGE('',*,*,#2942,.F.);
#3035=ORIENTED_EDGE('',*,*,#2939,.F.);
#3036=EDGE_LOOP('',(#3023,#3029,#3032,#3033,#3034,#3035));
#3037=FACE_OUTER_BOUND('',#3022,.T.);
#3038=ADVANCED_FACE('',(#3037),#3001,.T.);
#3039=FACE_OUTER_BOUND('',#3036,.T.);
#3040=ADVANCED_FACE('',(#3039),#3001,.T.);
#3041=CARTESIAN_POINT('',(-1.000000000000,-1.732050807569,0.000000000000));
#3042=AXIS2_PLACEMENT_3D('',#3041,#577,#755);
#3043=PLANE('',#3042);
#3044=ORIENTED_EDGE('',*,*,#588,.F.);
#3045=ORIENTED_EDGE('',*,*,#2882,.F.);
#3046=ORIENTED_EDGE('',*,*,#2879,.F.);
#3047=ORIENTED_EDGE('',*,*,#1714,.F.);
#3048=ORIENTED_EDGE('',*,*,#2900,.F.);
#3049=ORIENTED_EDGE('',*,*,#2897,.F.);
#3050=EDGE_LOOP('',(#3044,#3045,#3046,#3047,#3048,#3049));
#3051=FACE_OUTER_BOUND('',#3050,.T.);
#3052=ADVANCED_FACE('',(#3051),#3043,.T.);
#3053=CARTESIAN_POINT('',(-1.414213562373,-1.414213562373,0.000000000000));
#3054=AXIS2_PLACEMENT_3D('',#3053,#548,#725);
#3055=PLANE('',#3054);
#3056=ORIENTED_EDGE('',*,*,#559,.F.);
#3057=ORIENTED_EDGE('',*,*,#2978,.F.);
#3058=ORIENTED_EDGE('',*,*,#2975,.F.);
#3059=ORIENTED_EDGE('',*,*,#1735,.F.);
#3060=ORIENTED_EDGE('',*,*,#3010,.F.);
#3061=ORIENTED_EDGE('',*,*,#3007,.F.);
#3062=EDGE_LOOP('',(#3056,#3057,#3058,#3059,#3060,#3061));
#3063=FACE_OUTER_BOUND('',#3062,.T.);
#3064=ADVANCED_FACE('',(#3063),#3055,.T.);
#3065=CARTESIAN_POINT('',(1.931851652578,0.517638090205,0.000000000000));
#3066=AXIS2_PLACEMENT_3D('',#3065,#501,#493);
#3067=PLANE('',#3066);
#3068=ORIENTED_EDGE('',*,*,#804,.F.);
#3069=CARTESIAN_POINT('',(1.955145366637,0.430704765839,0.130000000000));
#3070=VERTEX_POINT('',#3069);
#3071=CARTESIAN_POINT('',(1.955145366637,0.430704765839,0.000000000000));
#3072=LINE('',#3071,#32);
#3073=EDGE_CURVE('',#796,#3070,#3072,.T.);
#3074=ORIENTED_EDGE('',*,*,#3073,.T.);
#3075=LINE('',#3071,#32);
#3076=EDGE_CURVE('',#3070,#1516,#3075,.T.);
#3077=ORIENTED_EDGE('',*,*,#3076,.T.);
#3078=ORIENTED_EDGE('',*,*,#1519,.F.);
#3079=CARTESIAN_POINT('',(1.908557938519,0.604571414571,0.130000000000));
#3080=VERTEX_POINT('',#3079);
#3081=CARTESIAN_POINT('',(1.908557938519,0.604571414571,0.000000000000));
#3082=LINE('',#3081,#12);
#3083=EDGE_CURVE('',#1510,#3080,#3082,.T.);
#3084=ORIENTED_EDGE('',*,*,#3083,.T.);
#3085=LINE('',#3081,#12);
#3086=EDGE_CURVE('',#3080,#801,#3085,.T.);
#3087=ORIENTED_EDGE('',*,*,#3086,.T.);
#3088=EDGE_LOOP('',(#3068,#3074,#3077,#3078,#3084,#3087));
#3089=FACE_OUTER_BOUND('',#3088,.T.);
#3090=ADVANCED_FACE('',(#3089),#3067,.T.);
#3091=CARTESIAN_POINT('',(-0.023293714059,0.086933324366,0.000000000000));
#3092=AXIS2_PLACEMENT_3D('',#3091,#675,#501);
#3093=PLANE('',#3092);
#3094=ORIENTED_EDGE('',*,*,#488,.F.);
#3095=CARTESIAN_POINT('',(-1.817811292848,-0.393906211674,0.130000000000));
#3096=VERTEX_POINT('',#3095);
#3097=CARTESIAN_POINT('',(-1.817811292848,-0.393906211674,0.000000000000));
#3098=LINE('',#3097,#12);
#3099=EDGE_CURVE('',#3096,#478,#3098,.T.);
#3100=ORIENTED_EDGE('',*,*,#3099,.F.);
#3101=LINE('',#3097,#12);
#3102=EDGE_CURVE('',#1785,#3096,#3101,.T.);
#3103=ORIENTED_EDGE('',*,*,#3102,.F.);
#3104=ORIENTED_EDGE('',*,*,#1787,.F.);
#3105=CARTESIAN_POINT('',(-1.955145366637,-0.430704765839,0.130000000000));
#3106=VERTEX_POINT('',#3105);
#3107=CARTESIAN_POINT('',(-1.955145366637,-0.430704765839,0.000000000000));
#3108=LINE('',#3107,#12);
#3109=EDGE_CURVE('',#1779,#3106,#3108,.T.);
#3110=ORIENTED_EDGE('',*,*,#3109,.T.);
#3111=LINE('',#3107,#12);
#3112=EDGE_CURVE('',#3106,#483,#3111,.T.);
#3113=ORIENTED_EDGE('',*,*,#3112,.T.);
#3114=EDGE_LOOP('',(#3094,#3100,#3103,#3104,#3110,#3113));
#3115=ORIENTED_EDGE('',*,*,#809,.F.);
#3116=ORIENTED_EDGE('',*,*,#3086,.F.);
#3117=ORIENTED_EDGE('',*,*,#3083,.F.);
#3118=ORIENTED_EDGE('',*,*,#1513,.F.);
#3119=CARTESIAN_POINT('',(1.771223864729,0.567772860406,0.130000000000));
#3120=VERTEX_POINT('',#3119);
#3121=CARTESIAN_POINT('',(1.771223864729,0.567772860406,0.000000000000));
#3122=LINE('',#3121,#12);
#3123=EDGE_CURVE('',#1505,#3120,#3122,.T.);
#3124=ORIENTED_EDGE('',*,*,#3123,.T.);
#3125=LINE('',#3121,#12);
#3126=EDGE_CURVE('',#3120,#807,#3125,.T.);
#3127=ORIENTED_EDGE('',*,*,#3126,.T.);
#3128=EDGE_LOOP('',(#3115,#3116,#3117,#3118,#3124,#3127));
#3129=FACE_OUTER_BOUND('',#3114,.T.);
#3130=ADVANCED_FACE('',(#3129),#3093,.T.);
#3131=FACE_OUTER_BOUND('',#3128,.T.);
#3132=ADVANCED_FACE('',(#3131),#3093,.T.);
#3133=CARTESIAN_POINT('',(0.023293714059,-0.086933324366,0.000000000000));
#3134=AXIS2_PLACEMENT_3D('',#3133,#493,#485);
#3135=PLANE('',#3134);
#3136=ORIENTED_EDGE('',*,*,#504,.F.);
#3137=CARTESIAN_POINT('',(-1.908557938519,-0.604571414571,0.130000000000));
#3138=VERTEX_POINT('',#3137);
#3139=CARTESIAN_POINT('',(-1.908557938519,-0.604571414571,0.000000000000));
#3140=LINE('',#3139,#32);
#3141=EDGE_CURVE('',#491,#3138,#3140,.T.);
#3142=ORIENTED_EDGE('',*,*,#3141,.T.);
#3143=LINE('',#3139,#32);
#3144=EDGE_CURVE('',#3138,#1774,#3143,.T.);
#3145=ORIENTED_EDGE('',*,*,#3144,.T.);
#3146=ORIENTED_EDGE('',*,*,#1776,.F.);
#3147=CARTESIAN_POINT('',(-1.771223864729,-0.567772860406,0.130000000000));
#3148=VERTEX_POINT('',#3147);
#3149=CARTESIAN_POINT('',(-1.771223864729,-0.567772860406,0.000000000000));
#3150=LINE('',#3149,#12);
#3151=EDGE_CURVE('',#1769,#3148,#3150,.T.);
#3152=ORIENTED_EDGE('',*,*,#3151,.T.);
#3153=LINE('',#3149,#12);
#3154=EDGE_CURVE('',#3148,#499,#3153,.T.);
#3155=ORIENTED_EDGE('',*,*,#3154,.T.);
#3156=EDGE_LOOP('',(#3136,#3142,#3145,#3146,#3152,#3155));
#3157=ORIENTED_EDGE('',*,*,#798,.F.);
#3158=CARTESIAN_POINT('',(1.817811292848,0.393906211674,0.130000000000));
#3159=VERTEX_POINT('',#3158);
#3160=CARTESIAN_POINT('',(1.817811292848,0.393906211674,0.000000000000));
#3161=LINE('',#3160,#12);
#3162=EDGE_CURVE('',#3159,#791,#3161,.T.);
#3163=ORIENTED_EDGE('',*,*,#3162,.F.);
#3164=LINE('',#3160,#12);
#3165=EDGE_CURVE('',#1522,#3159,#3164,.T.);
#3166=ORIENTED_EDGE('',*,*,#3165,.F.);
#3167=ORIENTED_EDGE('',*,*,#1525,.F.);
#3168=ORIENTED_EDGE('',*,*,#3076,.F.);
#3169=ORIENTED_EDGE('',*,*,#3073,.F.);
#3170=EDGE_LOOP('',(#3157,#3163,#3166,#3167,#3168,#3169));
#3171=FACE_OUTER_BOUND('',#3156,.T.);
#3172=ADVANCED_FACE('',(#3171),#3135,.T.);
#3173=FACE_OUTER_BOUND('',#3170,.T.);
#3174=ADVANCED_FACE('',(#3173),#3135,.T.);
#3175=CARTESIAN_POINT('',(1.732050807569,1.000000000000,0.000000000000));
#3176=AXIS2_PLACEMENT_3D('',#3175,#530,#522);
#3177=PLANE('',#3176);
#3178=ORIENTED_EDGE('',*,*,#825,.F.);
#3179=CARTESIAN_POINT('',(1.777050807569,0.922057713659,0.130000000000));
#3180=VERTEX_POINT('',#3179);
#3181=CARTESIAN_POINT('',(1.777050807569,0.922057713659,0.000000000000));
#3182=LINE('',#3181,#32);
#3183=EDGE_CURVE('',#817,#3180,#3182,.T.);
#3184=ORIENTED_EDGE('',*,*,#3183,.T.);
#3185=LINE('',#3181,#32);
#3186=EDGE_CURVE('',#3180,#1493,#3185,.T.);
#3187=ORIENTED_EDGE('',*,*,#3186,.T.);
#3188=ORIENTED_EDGE('',*,*,#1496,.F.);
#3189=CARTESIAN_POINT('',(1.687050807569,1.077942286341,0.130000000000));
#3190=VERTEX_POINT('',#3189);
#3191=CARTESIAN_POINT('',(1.687050807569,1.077942286341,0.000000000000));
#3192=LINE('',#3191,#12);
#3193=EDGE_CURVE('',#1487,#3190,#3192,.T.);
#3194=ORIENTED_EDGE('',*,*,#3193,.T.);
#3195=LINE('',#3191,#12);
#3196=EDGE_CURVE('',#3190,#822,#3195,.T.);
#3197=ORIENTED_EDGE('',*,*,#3196,.T.);
#3198=EDGE_LOOP('',(#3178,#3184,#3187,#3188,#3194,#3197));
#3199=FACE_OUTER_BOUND('',#3198,.T.);
#3200=ADVANCED_FACE('',(#3199),#3177,.T.);
#3201=CARTESIAN_POINT('',(-0.045000000000,0.077942286341,0.000000000000));
#3202=AXIS2_PLACEMENT_3D('',#3201,#700,#530);
#3203=PLANE('',#3202);
#3204=ORIENTED_EDGE('',*,*,#830,.F.);
#3205=ORIENTED_EDGE('',*,*,#3196,.F.);
#3206=ORIENTED_EDGE('',*,*,#3193,.F.);
#3207=ORIENTED_EDGE('',*,*,#1490,.F.);
#3208=CARTESIAN_POINT('',(1.563920445516,1.006852938664,0.130000000000));
#3209=VERTEX_POINT('',#3208);
#3210=CARTESIAN_POINT('',(1.563920445516,1.006852938664,0.000000000000));
#3211=LINE('',#3210,#12);
#3212=EDGE_CURVE('',#1482,#3209,#3211,.T.);
#3213=ORIENTED_EDGE('',*,*,#3212,.T.);
#3214=LINE('',#3210,#12);
#3215=EDGE_CURVE('',#3209,#828,#3214,.T.);
#3216=ORIENTED_EDGE('',*,*,#3215,.T.);
#3217=EDGE_LOOP('',(#3204,#3205,#3206,#3207,#3213,#3216));
#3218=ORIENTED_EDGE('',*,*,#517,.F.);
#3219=CARTESIAN_POINT('',(-1.653920445516,-0.850968365983,0.130000000000));
#3220=VERTEX_POINT('',#3219);
#3221=CARTESIAN_POINT('',(-1.653920445516,-0.850968365983,0.000000000000));
#3222=LINE('',#3221,#12);
#3223=EDGE_CURVE('',#3220,#507,#3222,.T.);
#3224=ORIENTED_EDGE('',*,*,#3223,.F.);
#3225=LINE('',#3221,#12);
#3226=EDGE_CURVE('',#1764,#3220,#3225,.T.);
#3227=ORIENTED_EDGE('',*,*,#3226,.F.);
#3228=ORIENTED_EDGE('',*,*,#1766,.F.);
#3229=CARTESIAN_POINT('',(-1.777050807569,-0.922057713659,0.130000000000));
#3230=VERTEX_POINT('',#3229);
#3231=CARTESIAN_POINT('',(-1.777050807569,-0.922057713659,0.000000000000));
#3232=LINE('',#3231,#12);
#3233=EDGE_CURVE('',#1758,#3230,#3232,.T.);
#3234=ORIENTED_EDGE('',*,*,#3233,.T.);
#3235=LINE('',#3231,#12);
#3236=EDGE_CURVE('',#3230,#512,#3235,.T.);
#3237=ORIENTED_EDGE('',*,*,#3236,.T.);
#3238=EDGE_LOOP('',(#3218,#3224,#3227,#3228,#3234,#3237));
#3239=FACE_OUTER_BOUND('',#3217,.T.);
#3240=ADVANCED_FACE('',(#3239),#3203,.T.);
#3241=FACE_OUTER_BOUND('',#3238,.T.);
#3242=ADVANCED_FACE('',(#3241),#3203,.T.);
#3243=CARTESIAN_POINT('',(0.045000000000,-0.077942286341,0.000000000000));
#3244=AXIS2_PLACEMENT_3D('',#3243,#522,#514);
#3245=PLANE('',#3244);
#3246=ORIENTED_EDGE('',*,*,#819,.F.);
#3247=CARTESIAN_POINT('',(1.653920445516,0.850968365983,0.130000000000));
#3248=VERTEX_POINT('',#3247);
#3249=CARTESIAN_POINT('',(1.653920445516,0.850968365983,0.000000000000));
#3250=LINE('',#3249,#12);
#3251=EDGE_CURVE('',#3248,#812,#3250,.T.);
#3252=ORIENTED_EDGE('',*,*,#3251,.F.);
#3253=LINE('',#3249,#12);
#3254=EDGE_CURVE('',#1499,#3248,#3253,.T.);
#3255=ORIENTED_EDGE('',*,*,#3254,.F.);
#3256=ORIENTED_EDGE('',*,*,#1502,.F.);
#3257=ORIENTED_EDGE('',*,*,#3186,.F.);
#3258=ORIENTED_EDGE('',*,*,#3183,.F.);
#3259=EDGE_LOOP('',(#3246,#3252,#3255,#3256,#3257,#3258));
#3260=ORIENTED_EDGE('',*,*,#533,.F.);
#3261=CARTESIAN_POINT('',(-1.687050807569,-1.077942286341,0.130000000000));
#3262=VERTEX_POINT('',#3261);
#3263=CARTESIAN_POINT('',(-1.687050807569,-1.077942286341,0.000000000000));
#3264=LINE('',#3263,#32);
#3265=EDGE_CURVE('',#520,#3262,#3264,.T.);
#3266=ORIENTED_EDGE('',*,*,#3265,.T.);
#3267=LINE('',#3263,#32);
#3268=EDGE_CURVE('',#3262,#1753,#3267,.T.);
#3269=ORIENTED_EDGE('',*,*,#3268,.T.);
#3270=ORIENTED_EDGE('',*,*,#1755,.F.);
#3271=CARTESIAN_POINT('',(-1.563920445516,-1.006852938664,0.130000000000));
#3272=VERTEX_POINT('',#3271);
#3273=CARTESIAN_POINT('',(-1.563920445516,-1.006852938664,0.000000000000));
#3274=LINE('',#3273,#12);
#3275=EDGE_CURVE('',#1748,#3272,#3274,.T.);
#3276=ORIENTED_EDGE('',*,*,#3275,.T.);
#3277=LINE('',#3273,#12);
#3278=EDGE_CURVE('',#3272,#528,#3277,.T.);
#3279=ORIENTED_EDGE('',*,*,#3278,.T.);
#3280=EDGE_LOOP('',(#3260,#3266,#3269,#3270,#3276,#3279));
#3281=FACE_OUTER_BOUND('',#3259,.T.);
#3282=ADVANCED_FACE('',(#3281),#3245,.T.);
#3283=FACE_OUTER_BOUND('',#3280,.T.);
#3284=ADVANCED_FACE('',(#3283),#3245,.T.);
#3285=CARTESIAN_POINT('',(0.517638090205,1.931851652578,0.000000000000));
#3286=AXIS2_PLACEMENT_3D('',#3285,#3,#57);
#3287=PLANE('',#3286);
#3288=ORIENTED_EDGE('',*,*,#888,.F.);
#3289=CARTESIAN_POINT('',(0.604571414571,1.908557938519,0.130000000000));
#3290=VERTEX_POINT('',#3289);
#3291=CARTESIAN_POINT('',(0.604571414571,1.908557938519,0.000000000000));
#3292=LINE('',#3291,#32);
#3293=EDGE_CURVE('',#880,#3290,#3292,.T.);
#3294=ORIENTED_EDGE('',*,*,#3293,.T.);
#3295=LINE('',#3291,#32);
#3296=EDGE_CURVE('',#3290,#1424,#3295,.T.);
#3297=ORIENTED_EDGE('',*,*,#3296,.T.);
#3298=ORIENTED_EDGE('',*,*,#1427,.F.);
#3299=CARTESIAN_POINT('',(0.430704765839,1.955145366637,0.130000000000));
#3300=VERTEX_POINT('',#3299);
#3301=CARTESIAN_POINT('',(0.430704765839,1.955145366637,0.000000000000));
#3302=LINE('',#3301,#12);
#3303=EDGE_CURVE('',#1418,#3300,#3302,.T.);
#3304=ORIENTED_EDGE('',*,*,#3303,.T.);
#3305=LINE('',#3301,#12);
#3306=EDGE_CURVE('',#3300,#885,#3305,.T.);
#3307=ORIENTED_EDGE('',*,*,#3306,.T.);
#3308=EDGE_LOOP('',(#3288,#3294,#3297,#3298,#3304,#3307));
#3309=FACE_OUTER_BOUND('',#3308,.T.);
#3310=ADVANCED_FACE('',(#3309),#3287,.T.);
#3311=CARTESIAN_POINT('',(-0.086933324366,0.023293714059,0.000000000000));
#3312=AXIS2_PLACEMENT_3D('',#3311,#2,#3);
#3313=PLANE('',#3312);
#3314=ORIENTED_EDGE('',*,*,#607,.F.);
#3315=CARTESIAN_POINT('',(-0.567772860406,-1.771223864729,0.130000000000));
#3316=VERTEX_POINT('',#3315);
#3317=CARTESIAN_POINT('',(-0.567772860406,-1.771223864729,0.000000000000));
#3318=LINE('',#3317,#12);
#3319=EDGE_CURVE('',#3316,#599,#3318,.T.);
#3320=ORIENTED_EDGE('',*,*,#3319,.F.);
#3321=LINE('',#3317,#12);
#3322=EDGE_CURVE('',#1696,#3316,#3321,.T.);
#3323=ORIENTED_EDGE('',*,*,#3322,.F.);
#3324=ORIENTED_EDGE('',*,*,#1698,.F.);
#3325=CARTESIAN_POINT('',(-0.604571414571,-1.908557938519,0.130000000000));
#3326=VERTEX_POINT('',#3325);
#3327=CARTESIAN_POINT('',(-0.604571414571,-1.908557938519,0.000000000000));
#3328=LINE('',#3327,#12);
#3329=EDGE_CURVE('',#1690,#3326,#3328,.T.);
#3330=ORIENTED_EDGE('',*,*,#3329,.T.);
#3331=LINE('',#3327,#12);
#3332=EDGE_CURVE('',#3326,#604,#3331,.T.);
#3333=ORIENTED_EDGE('',*,*,#3332,.T.);
#3334=EDGE_LOOP('',(#3314,#3320,#3323,#3324,#3330,#3333));
#3335=ORIENTED_EDGE('',*,*,#893,.F.);
#3336=ORIENTED_EDGE('',*,*,#3306,.F.);
#3337=ORIENTED_EDGE('',*,*,#3303,.F.);
#3338=ORIENTED_EDGE('',*,*,#1421,.F.);
#3339=CARTESIAN_POINT('',(0.393906211674,1.817811292848,0.130000000000));
#3340=VERTEX_POINT('',#3339);
#3341=CARTESIAN_POINT('',(0.393906211674,1.817811292848,0.000000000000));
#3342=LINE('',#3341,#12);
#3343=EDGE_CURVE('',#1413,#3340,#3342,.T.);
#3344=ORIENTED_EDGE('',*,*,#3343,.T.);
#3345=LINE('',#3341,#12);
#3346=EDGE_CURVE('',#3340,#891,#3345,.T.);
#3347=ORIENTED_EDGE('',*,*,#3346,.T.);
#3348=EDGE_LOOP('',(#3335,#3336,#3337,#3338,#3344,#3347));
#3349=FACE_OUTER_BOUND('',#3334,.T.);
#3350=ADVANCED_FACE('',(#3349),#3313,.T.);
#3351=FACE_OUTER_BOUND('',#3348,.T.);
#3352=ADVANCED_FACE('',(#3351),#3313,.T.);
#3353=CARTESIAN_POINT('',(0.086933324366,-0.023293714059,0.000000000000));
#3354=AXIS2_PLACEMENT_3D('',#3353,#57,#42);
#3355=PLANE('',#3354);
#3356=ORIENTED_EDGE('',*,*,#882,.F.);
#3357=CARTESIAN_POINT('',(0.567772860406,1.771223864729,0.130000000000));
#3358=VERTEX_POINT('',#3357);
#3359=CARTESIAN_POINT('',(0.567772860406,1.771223864729,0.000000000000));
#3360=LINE('',#3359,#12);
#3361=EDGE_CURVE('',#3358,#875,#3360,.T.);
#3362=ORIENTED_EDGE('',*,*,#3361,.F.);
#3363=LINE('',#3359,#12);
#3364=EDGE_CURVE('',#1430,#3358,#3363,.T.);
#3365=ORIENTED_EDGE('',*,*,#3364,.F.);
#3366=ORIENTED_EDGE('',*,*,#1433,.F.);
#3367=ORIENTED_EDGE('',*,*,#3296,.F.);
#3368=ORIENTED_EDGE('',*,*,#3293,.F.);
#3369=EDGE_LOOP('',(#3356,#3362,#3365,#3366,#3367,#3368));
#3370=ORIENTED_EDGE('',*,*,#619,.F.);
#3371=CARTESIAN_POINT('',(-0.430704765839,-1.955145366637,0.130000000000));
#3372=VERTEX_POINT('',#3371);
#3373=CARTESIAN_POINT('',(-0.430704765839,-1.955145366637,0.000000000000));
#3374=LINE('',#3373,#32);
#3375=EDGE_CURVE('',#610,#3372,#3374,.T.);
#3376=ORIENTED_EDGE('',*,*,#3375,.T.);
#3377=LINE('',#3373,#32);
#3378=EDGE_CURVE('',#3372,#1685,#3377,.T.);
#3379=ORIENTED_EDGE('',*,*,#3378,.T.);
#3380=ORIENTED_EDGE('',*,*,#1687,.F.);
#3381=CARTESIAN_POINT('',(-0.393906211674,-1.817811292848,0.130000000000));
#3382=VERTEX_POINT('',#3381);
#3383=CARTESIAN_POINT('',(-0.393906211674,-1.817811292848,0.000000000000));
#3384=LINE('',#3383,#12);
#3385=EDGE_CURVE('',#1680,#3382,#3384,.T.);
#3386=ORIENTED_EDGE('',*,*,#3385,.T.);
#3387=LINE('',#3383,#12);
#3388=EDGE_CURVE('',#3382,#616,#3387,.T.);
#3389=ORIENTED_EDGE('',*,*,#3388,.T.);
#3390=EDGE_LOOP('',(#3370,#3376,#3379,#3380,#3386,#3389));
#3391=FACE_OUTER_BOUND('',#3369,.T.);
#3392=ADVANCED_FACE('',(#3391),#3355,.T.);
#3393=FACE_OUTER_BOUND('',#3390,.T.);
#3394=ADVANCED_FACE('',(#3393),#3355,.T.);
#3395=CARTESIAN_POINT('',(1.931851652578,-0.517638090205,0.000000000000));
#3396=AXIS2_PLACEMENT_3D('',#3395,#57,#42);
#3397=PLANE('',#3396);
#3398=ORIENTED_EDGE('',*,*,#107,.F.);
#3399=ORIENTED_EDGE('',*,*,#1556,.F.);
#3400=ORIENTED_EDGE('',*,*,#137,.F.);
#3401=ORIENTED_EDGE('',*,*,#132,.F.);
#3402=ORIENTED_EDGE('',*,*,#766,.F.);
#3403=ORIENTED_EDGE('',*,*,#110,.F.);
#3404=EDGE_LOOP('',(#3398,#3399,#3400,#3401,#3402,#3403));
#3405=FACE_OUTER_BOUND('',#3404,.T.);
#3406=ADVANCED_FACE('',(#3405),#3397,.T.);
#3407=CARTESIAN_POINT('',(0.517638090205,-1.931851652578,0.000000000000));
#3408=AXIS2_PLACEMENT_3D('',#3407,#493,#485);
#3409=PLANE('',#3408);
#3410=ORIENTED_EDGE('',*,*,#670,.F.);
#3411=CARTESIAN_POINT('',(0.430704765839,-1.955145366637,0.130000000000));
#3412=VERTEX_POINT('',#3411);
#3413=CARTESIAN_POINT('',(0.430704765839,-1.955145366637,0.000000000000));
#3414=LINE('',#3413,#32);
#3415=EDGE_CURVE('',#661,#3412,#3414,.T.);
#3416=ORIENTED_EDGE('',*,*,#3415,.T.);
#3417=LINE('',#3413,#32);
#3418=EDGE_CURVE('',#3412,#1638,#3417,.T.);
#3419=ORIENTED_EDGE('',*,*,#3418,.T.);
#3420=ORIENTED_EDGE('',*,*,#1641,.F.);
#3421=CARTESIAN_POINT('',(0.604571414571,-1.908557938519,0.130000000000));
#3422=VERTEX_POINT('',#3421);
#3423=CARTESIAN_POINT('',(0.604571414571,-1.908557938519,0.000000000000));
#3424=LINE('',#3423,#12);
#3425=EDGE_CURVE('',#1633,#3422,#3424,.T.);
#3426=ORIENTED_EDGE('',*,*,#3425,.T.);
#3427=LINE('',#3423,#12);
#3428=EDGE_CURVE('',#3422,#667,#3427,.T.);
#3429=ORIENTED_EDGE('',*,*,#3428,.T.);
#3430=EDGE_LOOP('',(#3410,#3416,#3419,#3420,#3426,#3429));
#3431=FACE_OUTER_BOUND('',#3430,.T.);
#3432=ADVANCED_FACE('',(#3431),#3409,.T.);
#3433=CARTESIAN_POINT('',(0.086933324366,0.023293714059,0.000000000000));
#3434=AXIS2_PLACEMENT_3D('',#3433,#501,#493);
#3435=PLANE('',#3434);
#3436=ORIENTED_EDGE('',*,*,#936,.F.);
#3437=CARTESIAN_POINT('',(-0.393906211674,1.817811292848,0.130000000000));
#3438=VERTEX_POINT('',#3437);
#3439=CARTESIAN_POINT('',(-0.393906211674,1.817811292848,0.000000000000));
#3440=LINE('',#3439,#12);
#3441=EDGE_CURVE('',#3438,#929,#3440,.T.);
#3442=ORIENTED_EDGE('',*,*,#3441,.F.);
#3443=LINE('',#3439,#12);
#3444=EDGE_CURVE('',#1374,#3438,#3443,.T.);
#3445=ORIENTED_EDGE('',*,*,#3444,.F.);
#3446=ORIENTED_EDGE('',*,*,#1377,.F.);
#3447=CARTESIAN_POINT('',(-0.430704765839,1.955145366637,0.130000000000));
#3448=VERTEX_POINT('',#3447);
#3449=CARTESIAN_POINT('',(-0.430704765839,1.955145366637,0.000000000000));
#3450=LINE('',#3449,#12);
#3451=EDGE_CURVE('',#1368,#3448,#3450,.T.);
#3452=ORIENTED_EDGE('',*,*,#3451,.T.);
#3453=LINE('',#3449,#12);
#3454=EDGE_CURVE('',#3448,#934,#3453,.T.);
#3455=ORIENTED_EDGE('',*,*,#3454,.T.);
#3456=EDGE_LOOP('',(#3436,#3442,#3445,#3446,#3452,#3455));
#3457=ORIENTED_EDGE('',*,*,#678,.F.);
#3458=ORIENTED_EDGE('',*,*,#3428,.F.);
#3459=ORIENTED_EDGE('',*,*,#3425,.F.);
#3460=ORIENTED_EDGE('',*,*,#1635,.F.);
#3461=CARTESIAN_POINT('',(0.567772860406,-1.771223864729,0.130000000000));
#3462=VERTEX_POINT('',#3461);
#3463=CARTESIAN_POINT('',(0.567772860406,-1.771223864729,0.000000000000));
#3464=LINE('',#3463,#12);
#3465=EDGE_CURVE('',#1628,#3462,#3464,.T.);
#3466=ORIENTED_EDGE('',*,*,#3465,.T.);
#3467=LINE('',#3463,#12);
#3468=EDGE_CURVE('',#3462,#673,#3467,.T.);
#3469=ORIENTED_EDGE('',*,*,#3468,.T.);
#3470=EDGE_LOOP('',(#3457,#3458,#3459,#3460,#3466,#3469));
#3471=FACE_OUTER_BOUND('',#3456,.T.);
#3472=ADVANCED_FACE('',(#3471),#3435,.T.);
#3473=FACE_OUTER_BOUND('',#3470,.T.);
#3474=ADVANCED_FACE('',(#3473),#3435,.T.);
#3475=CARTESIAN_POINT('',(-0.086933324366,-0.023293714059,0.000000000000));
#3476=AXIS2_PLACEMENT_3D('',#3475,#485,#675);
#3477=PLANE('',#3476);
#3478=ORIENTED_EDGE('',*,*,#947,.F.);
#3479=CARTESIAN_POINT('',(-0.604571414571,1.908557938519,0.130000000000));
#3480=VERTEX_POINT('',#3479);
#3481=CARTESIAN_POINT('',(-0.604571414571,1.908557938519,0.000000000000));
#3482=LINE('',#3481,#32);
#3483=EDGE_CURVE('',#939,#3480,#3482,.T.);
#3484=ORIENTED_EDGE('',*,*,#3483,.T.);
#3485=LINE('',#3481,#32);
#3486=EDGE_CURVE('',#3480,#1362,#3485,.T.);
#3487=ORIENTED_EDGE('',*,*,#3486,.T.);
#3488=ORIENTED_EDGE('',*,*,#1365,.F.);
#3489=CARTESIAN_POINT('',(-0.567772860406,1.771223864729,0.130000000000));
#3490=VERTEX_POINT('',#3489);
#3491=CARTESIAN_POINT('',(-0.567772860406,1.771223864729,0.000000000000));
#3492=LINE('',#3491,#12);
#3493=EDGE_CURVE('',#1357,#3490,#3492,.T.);
#3494=ORIENTED_EDGE('',*,*,#3493,.T.);
#3495=LINE('',#3491,#12);
#3496=EDGE_CURVE('',#3490,#945,#3495,.T.);
#3497=ORIENTED_EDGE('',*,*,#3496,.T.);
#3498=EDGE_LOOP('',(#3478,#3484,#3487,#3488,#3494,#3497));
#3499=ORIENTED_EDGE('',*,*,#664,.F.);
#3500=CARTESIAN_POINT('',(0.393906211674,-1.817811292848,0.130000000000));
#3501=VERTEX_POINT('',#3500);
#3502=CARTESIAN_POINT('',(0.393906211674,-1.817811292848,0.000000000000));
#3503=LINE('',#3502,#12);
#3504=EDGE_CURVE('',#3501,#656,#3503,.T.);
#3505=ORIENTED_EDGE('',*,*,#3504,.F.);
#3506=LINE('',#3502,#12);
#3507=EDGE_CURVE('',#1644,#3501,#3506,.T.);
#3508=ORIENTED_EDGE('',*,*,#3507,.F.);
#3509=ORIENTED_EDGE('',*,*,#1646,.F.);
#3510=ORIENTED_EDGE('',*,*,#3418,.F.);
#3511=ORIENTED_EDGE('',*,*,#3415,.F.);
#3512=EDGE_LOOP('',(#3499,#3505,#3508,#3509,#3510,#3511));
#3513=FACE_OUTER_BOUND('',#3498,.T.);
#3514=ADVANCED_FACE('',(#3513),#3477,.T.);
#3515=FACE_OUTER_BOUND('',#3512,.T.);
#3516=ADVANCED_FACE('',(#3515),#3477,.T.);
#3517=CARTESIAN_POINT('',(-1.931851652578,-0.517638090205,0.000000000000));
#3518=AXIS2_PLACEMENT_3D('',#3517,#485,#675);
#3519=PLANE('',#3518);
#3520=ORIENTED_EDGE('',*,*,#496,.F.);
#3521=ORIENTED_EDGE('',*,*,#3112,.F.);
#3522=ORIENTED_EDGE('',*,*,#3109,.F.);
#3523=ORIENTED_EDGE('',*,*,#1782,.F.);
#3524=ORIENTED_EDGE('',*,*,#3144,.F.);
#3525=ORIENTED_EDGE('',*,*,#3141,.F.);
#3526=EDGE_LOOP('',(#3520,#3521,#3522,#3523,#3524,#3525));
#3527=FACE_OUTER_BOUND('',#3526,.T.);
#3528=ADVANCED_FACE('',(#3527),#3519,.T.);
#3529=CARTESIAN_POINT('',(0.000000000000,2.000000000000,0.000000000000));
#3530=AXIS2_PLACEMENT_3D('',#3529,#182,#472);
#3531=PLANE('',#3530);
#3532=ORIENTED_EDGE('',*,*,#915,.F.);
#3533=ORIENTED_EDGE('',*,*,#2229,.F.);
#3534=ORIENTED_EDGE('',*,*,#2226,.F.);
#3535=ORIENTED_EDGE('',*,*,#1399,.F.);
#3536=ORIENTED_EDGE('',*,*,#2260,.F.);
#3537=ORIENTED_EDGE('',*,*,#2257,.F.);
#3538=EDGE_LOOP('',(#3532,#3533,#3534,#3535,#3536,#3537));
#3539=FACE_OUTER_BOUND('',#3538,.T.);
#3540=ADVANCED_FACE('',(#3539),#3531,.T.);
#3541=CARTESIAN_POINT('',(-1.000000000000,1.732050807569,0.000000000000));
#3542=AXIS2_PLACEMENT_3D('',#3541,#700,#530);
#3543=PLANE('',#3542);
#3544=ORIENTED_EDGE('',*,*,#963,.F.);
#3545=ORIENTED_EDGE('',*,*,#2648,.F.);
#3546=ORIENTED_EDGE('',*,*,#2645,.F.);
#3547=ORIENTED_EDGE('',*,*,#1348,.F.);
#3548=ORIENTED_EDGE('',*,*,#2680,.F.);
#3549=ORIENTED_EDGE('',*,*,#2677,.F.);
#3550=EDGE_LOOP('',(#3544,#3545,#3546,#3547,#3548,#3549));
#3551=FACE_OUTER_BOUND('',#3550,.T.);
#3552=ADVANCED_FACE('',(#3551),#3543,.T.);
#3553=CARTESIAN_POINT('',(-0.517638090205,1.931851652578,0.000000000000));
#3554=AXIS2_PLACEMENT_3D('',#3553,#675,#501);
#3555=PLANE('',#3554);
#3556=ORIENTED_EDGE('',*,*,#942,.F.);
#3557=ORIENTED_EDGE('',*,*,#3454,.F.);
#3558=ORIENTED_EDGE('',*,*,#3451,.F.);
#3559=ORIENTED_EDGE('',*,*,#1371,.F.);
#3560=ORIENTED_EDGE('',*,*,#3486,.F.);
#3561=ORIENTED_EDGE('',*,*,#3483,.F.);
#3562=EDGE_LOOP('',(#3556,#3557,#3558,#3559,#3560,#3561));
#3563=FACE_OUTER_BOUND('',#3562,.T.);
#3564=ADVANCED_FACE('',(#3563),#3555,.T.);
#3565=CARTESIAN_POINT('',(-1.732050807569,-1.000000000000,0.000000000000));
#3566=AXIS2_PLACEMENT_3D('',#3565,#514,#700);
#3567=PLANE('',#3566);
#3568=ORIENTED_EDGE('',*,*,#525,.F.);
#3569=ORIENTED_EDGE('',*,*,#3236,.F.);
#3570=ORIENTED_EDGE('',*,*,#3233,.F.);
#3571=ORIENTED_EDGE('',*,*,#1761,.F.);
#3572=ORIENTED_EDGE('',*,*,#3268,.F.);
#3573=ORIENTED_EDGE('',*,*,#3265,.F.);
#3574=EDGE_LOOP('',(#3568,#3569,#3570,#3571,#3572,#3573));
#3575=FACE_OUTER_BOUND('',#3574,.T.);
#3576=ADVANCED_FACE('',(#3575),#3567,.T.);
#3577=CARTESIAN_POINT('',(-0.517638090205,-1.931851652578,0.000000000000));
#3578=AXIS2_PLACEMENT_3D('',#3577,#42,#2);
#3579=PLANE('',#3578);
#3580=ORIENTED_EDGE('',*,*,#613,.F.);
#3581=ORIENTED_EDGE('',*,*,#3332,.F.);
#3582=ORIENTED_EDGE('',*,*,#3329,.F.);
#3583=ORIENTED_EDGE('',*,*,#1693,.F.);
#3584=ORIENTED_EDGE('',*,*,#3378,.F.);
#3585=ORIENTED_EDGE('',*,*,#3375,.F.);
#3586=EDGE_LOOP('',(#3580,#3581,#3582,#3583,#3584,#3585));
#3587=FACE_OUTER_BOUND('',#3586,.T.);
#3588=ADVANCED_FACE('',(#3587),#3579,.T.);
#3589=CYLINDRICAL_SURFACE('',#2710,1.860000000000);
#3590=ORIENTED_EDGE('',*,*,#170,.T.);
#3591=ORIENTED_EDGE('',*,*,#165,.T.);
#3592=ORIENTED_EDGE('',*,*,#1013,.F.);
#3593=ORIENTED_EDGE('',*,*,#2141,.F.);
#3594=ORIENTED_EDGE('',*,*,#2138,.F.);
#3595=ORIENTED_EDGE('',*,*,#1290,.T.);
#3596=EDGE_LOOP('',(#3590,#3591,#3592,#3593,#3594,#3595));
#3597=ORIENTED_EDGE('',*,*,#856,.F.);
#3598=ORIENTED_EDGE('',*,*,#2992,.F.);
#3599=ORIENTED_EDGE('',*,*,#2989,.F.);
#3600=ORIENTED_EDGE('',*,*,#1461,.T.);
#3601=ORIENTED_EDGE('',*,*,#2921,.T.);
#3602=ORIENTED_EDGE('',*,*,#2918,.T.);
#3603=EDGE_LOOP('',(#3597,#3598,#3599,#3600,#3601,#3602));
#3604=ORIENTED_EDGE('',*,*,#683,.F.);
#3605=ORIENTED_EDGE('',*,*,#3468,.F.);
#3606=ORIENTED_EDGE('',*,*,#3465,.F.);
#3607=ORIENTED_EDGE('',*,*,#1630,.T.);
#3608=ORIENTED_EDGE('',*,*,#2666,.T.);
#3609=ORIENTED_EDGE('',*,*,#2663,.T.);
#3610=EDGE_LOOP('',(#3604,#3605,#3606,#3607,#3608,#3609));
#3611=ORIENTED_EDGE('',*,*,#480,.F.);
#3612=ORIENTED_EDGE('',*,*,#2031,.F.);
#3613=ORIENTED_EDGE('',*,*,#2028,.F.);
#3614=ORIENTED_EDGE('',*,*,#1792,.T.);
#3615=ORIENTED_EDGE('',*,*,#3102,.T.);
#3616=ORIENTED_EDGE('',*,*,#3099,.T.);
#3617=EDGE_LOOP('',(#3611,#3612,#3613,#3614,#3615,#3616));
#3618=ORIENTED_EDGE('',*,*,#96,.T.);
#3619=ORIENTED_EDGE('',*,*,#91,.T.);
#3620=ORIENTED_EDGE('',*,*,#761,.F.);
#3621=ORIENTED_EDGE('',*,*,#2099,.F.);
#3622=ORIENTED_EDGE('',*,*,#2096,.F.);
#3623=ORIENTED_EDGE('',*,*,#1562,.T.);
#3624=EDGE_LOOP('',(#3618,#3619,#3620,#3621,#3622,#3623));
#3625=ORIENTED_EDGE('',*,*,#66,.F.);
#3626=ORIENTED_EDGE('',*,*,#1811,.T.);
#3627=ORIENTED_EDGE('',*,*,#1979,.T.);
#3628=ORIENTED_EDGE('',*,*,#1976,.T.);
#3629=ORIENTED_EDGE('',*,*,#451,.F.);
#3630=ORIENTED_EDGE('',*,*,#71,.F.);
#3631=EDGE_LOOP('',(#3625,#3626,#3627,#3628,#3629,#3630));
#3632=ORIENTED_EDGE('',*,*,#793,.F.);
#3633=ORIENTED_EDGE('',*,*,#1968,.F.);
#3634=ORIENTED_EDGE('',*,*,#1965,.F.);
#3635=ORIENTED_EDGE('',*,*,#1530,.T.);
#3636=ORIENTED_EDGE('',*,*,#3165,.T.);
#3637=ORIENTED_EDGE('',*,*,#3162,.T.);
#3638=EDGE_LOOP('',(#3632,#3633,#3634,#3635,#3636,#3637));
#3639=ORIENTED_EDGE('',*,*,#835,.F.);
#3640=ORIENTED_EDGE('',*,*,#3215,.F.);
#3641=ORIENTED_EDGE('',*,*,#3212,.F.);
#3642=ORIENTED_EDGE('',*,*,#1484,.T.);
#3643=ORIENTED_EDGE('',*,*,#3031,.T.);
#3644=ORIENTED_EDGE('',*,*,#3028,.T.);
#3645=EDGE_LOOP('',(#3639,#3640,#3641,#3642,#3643,#3644));
#3646=ORIENTED_EDGE('',*,*,#708,.F.);
#3647=ORIENTED_EDGE('',*,*,#2627,.F.);
#3648=ORIENTED_EDGE('',*,*,#2624,.F.);
#3649=ORIENTED_EDGE('',*,*,#1609,.T.);
#3650=ORIENTED_EDGE('',*,*,#1918,.T.);
#3651=ORIENTED_EDGE('',*,*,#1915,.T.);
#3652=EDGE_LOOP('',(#3646,#3647,#3648,#3649,#3650,#3651));
#3653=ORIENTED_EDGE('',*,*,#952,.F.);
#3654=ORIENTED_EDGE('',*,*,#3496,.F.);
#3655=ORIENTED_EDGE('',*,*,#3493,.F.);
#3656=ORIENTED_EDGE('',*,*,#1359,.T.);
#3657=ORIENTED_EDGE('',*,*,#2638,.T.);
#3658=ORIENTED_EDGE('',*,*,#2635,.T.);
#3659=EDGE_LOOP('',(#3653,#3654,#3655,#3656,#3657,#3658));
#3660=ORIENTED_EDGE('',*,*,#149,.F.);
#3661=ORIENTED_EDGE('',*,*,#1551,.T.);
#3662=ORIENTED_EDGE('',*,*,#2007,.T.);
#3663=ORIENTED_EDGE('',*,*,#2004,.T.);
#3664=ORIENTED_EDGE('',*,*,#772,.F.);
#3665=ORIENTED_EDGE('',*,*,#152,.F.);
#3666=EDGE_LOOP('',(#3660,#3661,#3662,#3663,#3664,#3665));
#3667=ORIENTED_EDGE('',*,*,#973,.F.);
#3668=ORIENTED_EDGE('',*,*,#2690,.F.);
#3669=ORIENTED_EDGE('',*,*,#2687,.F.);
#3670=ORIENTED_EDGE('',*,*,#1336,.T.);
#3671=ORIENTED_EDGE('',*,*,#1855,.T.);
#3672=ORIENTED_EDGE('',*,*,#1852,.T.);
#3673=EDGE_LOOP('',(#3667,#3668,#3669,#3670,#3671,#3672));
#3674=ORIENTED_EDGE('',*,*,#601,.F.);
#3675=ORIENTED_EDGE('',*,*,#2910,.F.);
#3676=ORIENTED_EDGE('',*,*,#2907,.F.);
#3677=ORIENTED_EDGE('',*,*,#1703,.T.);
#3678=ORIENTED_EDGE('',*,*,#3322,.T.);
#3679=ORIENTED_EDGE('',*,*,#3319,.T.);
#3680=EDGE_LOOP('',(#3674,#3675,#3676,#3677,#3678,#3679));
#3681=ORIENTED_EDGE('',*,*,#994,.F.);
#3682=ORIENTED_EDGE('',*,*,#1907,.F.);
#3683=ORIENTED_EDGE('',*,*,#1904,.F.);
#3684=ORIENTED_EDGE('',*,*,#1313,.T.);
#3685=ORIENTED_EDGE('',*,*,#2075,.T.);
#3686=ORIENTED_EDGE('',*,*,#2072,.T.);
#3687=EDGE_LOOP('',(#3681,#3682,#3683,#3684,#3685,#3686));
#3688=ORIENTED_EDGE('',*,*,#572,.F.);
#3689=ORIENTED_EDGE('',*,*,#3020,.F.);
#3690=ORIENTED_EDGE('',*,*,#3017,.F.);
#3691=ORIENTED_EDGE('',*,*,#1724,.T.);
#3692=ORIENTED_EDGE('',*,*,#2872,.T.);
#3693=ORIENTED_EDGE('',*,*,#2869,.T.);
#3694=EDGE_LOOP('',(#3688,#3689,#3690,#3691,#3692,#3693));
#3695=ORIENTED_EDGE('',*,*,#814,.F.);
#3696=ORIENTED_EDGE('',*,*,#3126,.F.);
#3697=ORIENTED_EDGE('',*,*,#3123,.F.);
#3698=ORIENTED_EDGE('',*,*,#1507,.T.);
#3699=ORIENTED_EDGE('',*,*,#3254,.T.);
#3700=ORIENTED_EDGE('',*,*,#3251,.T.);
#3701=EDGE_LOOP('',(#3695,#3696,#3697,#3698,#3699,#3700));
#3702=ORIENTED_EDGE('',*,*,#877,.F.);
#3703=ORIENTED_EDGE('',*,*,#2861,.F.);
#3704=ORIENTED_EDGE('',*,*,#2858,.F.);
#3705=ORIENTED_EDGE('',*,*,#1438,.T.);
#3706=ORIENTED_EDGE('',*,*,#3364,.T.);
#3707=ORIENTED_EDGE('',*,*,#3361,.T.);
#3708=EDGE_LOOP('',(#3702,#3703,#3704,#3705,#3706,#3707));
#3709=ORIENTED_EDGE('',*,*,#509,.F.);
#3710=ORIENTED_EDGE('',*,*,#3154,.F.);
#3711=ORIENTED_EDGE('',*,*,#3151,.F.);
#3712=ORIENTED_EDGE('',*,*,#1771,.T.);
#3713=ORIENTED_EDGE('',*,*,#3226,.T.);
#3714=ORIENTED_EDGE('',*,*,#3223,.T.);
#3715=EDGE_LOOP('',(#3709,#3710,#3711,#3712,#3713,#3714));
#3716=ORIENTED_EDGE('',*,*,#538,.F.);
#3717=ORIENTED_EDGE('',*,*,#3278,.F.);
#3718=ORIENTED_EDGE('',*,*,#3275,.F.);
#3719=ORIENTED_EDGE('',*,*,#1750,.T.);
#3720=ORIENTED_EDGE('',*,*,#1745,.T.);
#3721=ORIENTED_EDGE('',*,*,#2968,.T.);
#3722=ORIENTED_EDGE('',*,*,#2965,.T.);
#3723=ORIENTED_EDGE('',*,*,#543,.F.);
#3724=EDGE_LOOP('',(#3716,#3717,#3718,#3719,#3720,#3721,#3722,#3723));
#3725=ORIENTED_EDGE('',*,*,#624,.F.);
#3726=ORIENTED_EDGE('',*,*,#3388,.F.);
#3727=ORIENTED_EDGE('',*,*,#3385,.F.);
#3728=ORIENTED_EDGE('',*,*,#1682,.T.);
#3729=ORIENTED_EDGE('',*,*,#1677,.T.);
#3730=ORIENTED_EDGE('',*,*,#2249,.T.);
#3731=ORIENTED_EDGE('',*,*,#2581,.F.);
#3732=ORIENTED_EDGE('',*,*,#2370,.T.);
#3733=EDGE_LOOP('',(#3725,#3726,#3727,#3728,#3729,#3730,#3731,#3732));
#3734=ORIENTED_EDGE('',*,*,#898,.F.);
#3735=ORIENTED_EDGE('',*,*,#3346,.F.);
#3736=ORIENTED_EDGE('',*,*,#3343,.F.);
#3737=ORIENTED_EDGE('',*,*,#1415,.T.);
#3738=ORIENTED_EDGE('',*,*,#1410,.T.);
#3739=ORIENTED_EDGE('',*,*,#2219,.T.);
#3740=ORIENTED_EDGE('',*,*,#2216,.T.);
#3741=ORIENTED_EDGE('',*,*,#903,.F.);
#3742=EDGE_LOOP('',(#3734,#3735,#3736,#3737,#3738,#3739,#3740,#3741));
#3743=ORIENTED_EDGE('',*,*,#926,.F.);
#3744=ORIENTED_EDGE('',*,*,#2270,.F.);
#3745=ORIENTED_EDGE('',*,*,#2267,.F.);
#3746=ORIENTED_EDGE('',*,*,#1387,.T.);
#3747=ORIENTED_EDGE('',*,*,#1382,.T.);
#3748=ORIENTED_EDGE('',*,*,#3444,.T.);
#3749=ORIENTED_EDGE('',*,*,#3441,.T.);
#3750=ORIENTED_EDGE('',*,*,#931,.F.);
#3751=EDGE_LOOP('',(#3743,#3744,#3745,#3746,#3747,#3748,#3749,#3750));
#3752=ORIENTED_EDGE('',*,*,#733,.F.);
#3753=ORIENTED_EDGE('',*,*,#1879,.F.);
#3754=ORIENTED_EDGE('',*,*,#1876,.F.);
#3755=ORIENTED_EDGE('',*,*,#1588,.T.);
#3756=ORIENTED_EDGE('',*,*,#1583,.T.);
#3757=ORIENTED_EDGE('',*,*,#2117,.T.);
#3758=ORIENTED_EDGE('',*,*,#2114,.T.);
#3759=ORIENTED_EDGE('',*,*,#738,.F.);
#3760=EDGE_LOOP('',(#3752,#3753,#3754,#3755,#3756,#3757,#3758,#3759));
#3761=ORIENTED_EDGE('',*,*,#658,.F.);
#3762=ORIENTED_EDGE('',*,*,#2357,.F.);
#3763=ORIENTED_EDGE('',*,*,#2563,.F.);
#3764=ORIENTED_EDGE('',*,*,#2203,.F.);
#3765=ORIENTED_EDGE('',*,*,#1656,.T.);
#3766=ORIENTED_EDGE('',*,*,#1651,.T.);
#3767=ORIENTED_EDGE('',*,*,#3507,.T.);
#3768=ORIENTED_EDGE('',*,*,#3504,.T.);
#3769=EDGE_LOOP('',(#3761,#3762,#3763,#3764,#3765,#3766,#3767,#3768));
#3770=FACE_BOUND('',#3596,.T.);
#3771=FACE_BOUND('',#3603,.T.);
#3772=FACE_BOUND('',#3610,.T.);
#3773=FACE_BOUND('',#3617,.T.);
#3774=FACE_BOUND('',#3624,.T.);
#3775=FACE_BOUND('',#3631,.T.);
#3776=FACE_BOUND('',#3638,.T.);
#3777=FACE_BOUND('',#3645,.T.);
#3778=FACE_BOUND('',#3652,.T.);
#3779=FACE_BOUND('',#3659,.T.);
#3780=FACE_BOUND('',#3666,.T.);
#3781=FACE_BOUND('',#3673,.T.);
#3782=FACE_BOUND('',#3680,.T.);
#3783=FACE_BOUND('',#3687,.T.);
#3784=FACE_BOUND('',#3694,.T.);
#3785=FACE_BOUND('',#3701,.T.);
#3786=FACE_BOUND('',#3708,.T.);
#3787=FACE_BOUND('',#3715,.T.);
#3788=FACE_BOUND('',#3724,.T.);
#3789=FACE_BOUND('',#3733,.T.);
#3790=FACE_BOUND('',#3742,.T.);
#3791=FACE_BOUND('',#3751,.T.);
#3792=FACE_BOUND('',#3760,.T.);
#3793=FACE_BOUND('',#3769,.T.);
#3794=ADVANCED_FACE('',(#3770,#3771,#3772,#3773,#3774,#3775,#3776,#3777,#3778,#3779,#3780,#3781,#3782,#3783,#3784,#3785,#3786,#3787,#3788,#3789,#3790,#3791,#3792,#3793),#3589,.T.);
#3795=CLOSED_SHELL('',(#49,#114,#116,#178,#180,#1019,#1817,#1843,#1883,#1885,#1925,#1927,#1953,#1993,#1995,#2035,#2037,#2063,#2103,#2105,#2145,#2147,#2159,#2171,#2194,#2233,#2235,#2274,#2276,#2361,#2446,#2471,#2529,#2555,#2586,#2612,#2652,#2654,#2694,#2696,#2708,#2820,#2846,#2886,#2888,#2928,#2930,#2956,#2996,#2998,#3038,#3040,#3052,#3064,#3090,#3130,#3132,#3172,#3174,#3200,#3240,#3242,#3282,#3284,#3310,#3350,#3352,#3392,#3394,#3406,#3432,#3472,#3474,#3514,#3516,#3528,#3540,#3552,#3564,#3576,#3588,#3794));
#3796=MANIFOLD_SOLID_BREP('dial_side',#3795);
#3797=APPLICATION_CONTEXT('core data for automotive mechanical design processes');
#3798=APPLICATION_PROTOCOL_DEFINITION('international standard','automotive_design',2000,#3797);
#3799=PRODUCT_CONTEXT('',#3797,'mechanical');
#3800=PRODUCT('dial_side','dial_side','',(#3799));
#3801=PRODUCT_DEFINITION_FORMATION('','',#3800);
#3802=PRODUCT_DEFINITION_CONTEXT('part definition',#3797,'design');
#3803=PRODUCT_DEFINITION('','',#3801,#3802);
#3804=PRODUCT_DEFINITION_SHAPE('','',#3803);
#3805=(LENGTH_UNIT()NAMED_UNIT(*)SI_UNIT(.MILLI.,.METRE.));
#3806=(NAMED_UNIT(*)PLANE_ANGLE_UNIT()SI_UNIT($,.RADIAN.));
#3807=(NAMED_UNIT(*)SI_UNIT($,.STERADIAN.)SOLID_ANGLE_UNIT());
#3808=UNCERTAINTY_MEASURE_WITH_UNIT(LENGTH_MEASURE(1.E-07),#3805,'distance_accuracy_value','');
#3809=(GEOMETRIC_REPRESENTATION_CONTEXT(3)GLOBAL_UNCERTAINTY_ASSIGNED_CONTEXT((#3808))GLOBAL_UNIT_ASSIGNED_CONTEXT((#3805,#3806,#3807))REPRESENTATION_CONTEXT('',''));
#3810=ADVANCED_BREP_SHAPE_REPRESENTATION('',(#3796),#3809);
#3811=SHAPE_DEFINITION_REPRESENTATION(#3804,#3810);
ENDSEC;
END-ISO-10303-21;
