ISO-10303-21;
HEADER;
FILE_DESCRIPTION(('52 face(s), 384 edge(s), 288 vertex/vertices confirmed by cade at n=128, half-extent 2.000000000000'),'2;1');
FILE_NAME('dial_side.step','2026-08-23T00:00:00',('cade'),('cade'),'cade 0.1.0','cade','');
FILE_SCHEMA(('AUTOMOTIVE_DESIGN { 1 0 10303 214 1 1 1 1 }'));
ENDSEC;
DATA;
#1=CARTESIAN_POINT('',(-0.388228567654,1.448888739434,0.000000000000));
#2=DIRECTION('',(-0.258819045103,0.965925826289,0.000000000000));
#3=DIRECTION('',(0.965925826289,0.258819045103,0.000000000000));
#4=AXIS2_PLACEMENT_3D('',#1,#2,#3);
#5=PLANE('',#4);
#6=CARTESIAN_POINT('',(-0.475161892020,1.425595025374,-0.125000000000));
#7=VERTEX_POINT('',#6);
#8=CARTESIAN_POINT('',(-0.475161892020,1.425595025374,0.125000000000));
#9=VERTEX_POINT('',#8);
#10=CARTESIAN_POINT('',(-0.475161892020,1.425595025374,0.000000000000));
#11=DIRECTION('',(0.000000000000,0.000000000000,1.000000000000));
#12=VECTOR('',#11,1.0);
#13=LINE('',#10,#12);
#14=EDGE_CURVE('',#7,#9,#13,.T.);
#15=ORIENTED_EDGE('',*,*,#14,.T.);
#16=CARTESIAN_POINT('',(-0.301295243288,1.472182453493,0.125000000000));
#17=VERTEX_POINT('',#16);
#18=CARTESIAN_POINT('',(-0.388228567654,1.448888739434,0.125000000000));
#19=VECTOR('',#3,1.0);
#20=LINE('',#18,#19);
#21=EDGE_CURVE('',#9,#17,#20,.T.);
#22=ORIENTED_EDGE('',*,*,#21,.T.);
#23=CARTESIAN_POINT('',(-0.301295243288,1.472182453493,-0.125000000000));
#24=VERTEX_POINT('',#23);
#25=CARTESIAN_POINT('',(-0.301295243288,1.472182453493,0.000000000000));
#26=DIRECTION('',(0.000000000000,0.000000000000,-1.000000000000));
#27=VECTOR('',#26,1.0);
#28=LINE('',#25,#27);
#29=EDGE_CURVE('',#17,#24,#28,.T.);
#30=ORIENTED_EDGE('',*,*,#29,.T.);
#31=CARTESIAN_POINT('',(-0.388228567654,1.448888739434,-0.125000000000));
#32=DIRECTION('',(-0.965925826289,-0.258819045103,0.000000000000));
#33=VECTOR('',#32,1.0);
#34=LINE('',#31,#33);
#35=EDGE_CURVE('',#24,#7,#34,.T.);
#36=ORIENTED_EDGE('',*,*,#35,.T.);
#37=EDGE_LOOP('',(#15,#22,#30,#36));
#38=FACE_OUTER_BOUND('',#37,.T.);
#39=ADVANCED_FACE('',(#38),#5,.T.);
#40=CARTESIAN_POINT('',(-0.086933324366,-0.023293714059,0.000000000000));
#41=AXIS2_PLACEMENT_3D('',#40,#32,#2);
#42=PLANE('',#41);
#43=ORIENTED_EDGE('',*,*,#14,.F.);
#44=CARTESIAN_POINT('',(-0.438155632122,1.287485783238,-0.125000000000));
#45=VERTEX_POINT('',#44);
#46=CARTESIAN_POINT('',(-0.086933324366,-0.023293714059,-0.125000000000));
#47=DIRECTION('',(0.258819045103,-0.965925826289,0.000000000000));
#48=VECTOR('',#47,1.0);
#49=LINE('',#46,#48);
#50=EDGE_CURVE('',#7,#45,#49,.T.);
#51=ORIENTED_EDGE('',*,*,#50,.T.);
#52=CARTESIAN_POINT('',(-0.438155632122,1.287485783238,0.125000000000));
#53=VERTEX_POINT('',#52);
#54=CARTESIAN_POINT('',(-0.438155632122,1.287485783238,0.000000000000));
#55=LINE('',#54,#12);
#56=EDGE_CURVE('',#45,#53,#55,.T.);
#57=ORIENTED_EDGE('',*,*,#56,.T.);
#58=CARTESIAN_POINT('',(-0.086933324366,-0.023293714059,0.125000000000));
#59=VECTOR('',#2,1.0);
#60=LINE('',#58,#59);
#61=EDGE_CURVE('',#53,#9,#60,.T.);
#62=ORIENTED_EDGE('',*,*,#61,.T.);
#63=EDGE_LOOP('',(#43,#51,#57,#62));
#64=CARTESIAN_POINT('',(0.301295243288,-1.472182453493,0.125000000000));
#65=VERTEX_POINT('',#64);
#66=CARTESIAN_POINT('',(0.264288983390,-1.334073211356,0.125000000000));
#67=VERTEX_POINT('',#66);
#68=LINE('',#58,#59);
#69=EDGE_CURVE('',#65,#67,#68,.T.);
#70=ORIENTED_EDGE('',*,*,#69,.T.);
#71=CARTESIAN_POINT('',(0.264288983390,-1.334073211356,-0.125000000000));
#72=VERTEX_POINT('',#71);
#73=CARTESIAN_POINT('',(0.264288983390,-1.334073211356,0.000000000000));
#74=LINE('',#73,#12);
#75=EDGE_CURVE('',#72,#67,#74,.T.);
#76=ORIENTED_EDGE('',*,*,#75,.F.);
#77=CARTESIAN_POINT('',(0.301295243288,-1.472182453493,-0.125000000000));
#78=VERTEX_POINT('',#77);
#79=LINE('',#46,#48);
#80=EDGE_CURVE('',#72,#78,#79,.T.);
#81=ORIENTED_EDGE('',*,*,#80,.T.);
#82=CARTESIAN_POINT('',(0.301295243288,-1.472182453493,0.000000000000));
#83=LINE('',#82,#12);
#84=EDGE_CURVE('',#78,#65,#83,.T.);
#85=ORIENTED_EDGE('',*,*,#84,.T.);
#86=EDGE_LOOP('',(#70,#76,#81,#85));
#87=FACE_OUTER_BOUND('',#63,.T.);
#88=ADVANCED_FACE('',(#87),#42,.T.);
#89=FACE_OUTER_BOUND('',#86,.T.);
#90=ADVANCED_FACE('',(#89),#42,.T.);
#91=CARTESIAN_POINT('',(0.086933324366,0.023293714059,0.000000000000));
#92=AXIS2_PLACEMENT_3D('',#91,#3,#47);
#93=PLANE('',#92);
#94=CARTESIAN_POINT('',(0.438155632122,-1.287485783238,0.125000000000));
#95=VERTEX_POINT('',#94);
#96=CARTESIAN_POINT('',(0.475161892020,-1.425595025374,0.125000000000));
#97=VERTEX_POINT('',#96);
#98=CARTESIAN_POINT('',(0.086933324366,0.023293714059,0.125000000000));
#99=LINE('',#98,#48);
#100=EDGE_CURVE('',#95,#97,#99,.T.);
#101=ORIENTED_EDGE('',*,*,#100,.T.);
#102=CARTESIAN_POINT('',(0.475161892020,-1.425595025374,-0.125000000000));
#103=VERTEX_POINT('',#102);
#104=CARTESIAN_POINT('',(0.475161892020,-1.425595025374,0.000000000000));
#105=LINE('',#104,#27);
#106=EDGE_CURVE('',#97,#103,#105,.T.);
#107=ORIENTED_EDGE('',*,*,#106,.T.);
#108=CARTESIAN_POINT('',(0.438155632122,-1.287485783238,-0.125000000000));
#109=VERTEX_POINT('',#108);
#110=CARTESIAN_POINT('',(0.086933324366,0.023293714059,-0.125000000000));
#111=LINE('',#110,#59);
#112=EDGE_CURVE('',#103,#109,#111,.T.);
#113=ORIENTED_EDGE('',*,*,#112,.T.);
#114=CARTESIAN_POINT('',(0.438155632122,-1.287485783238,0.000000000000));
#115=LINE('',#114,#12);
#116=EDGE_CURVE('',#109,#95,#115,.T.);
#117=ORIENTED_EDGE('',*,*,#116,.T.);
#118=EDGE_LOOP('',(#101,#107,#113,#117));
#119=ORIENTED_EDGE('',*,*,#29,.F.);
#120=CARTESIAN_POINT('',(-0.264288983390,1.334073211356,0.125000000000));
#121=VERTEX_POINT('',#120);
#122=LINE('',#98,#48);
#123=EDGE_CURVE('',#17,#121,#122,.T.);
#124=ORIENTED_EDGE('',*,*,#123,.T.);
#125=CARTESIAN_POINT('',(-0.264288983390,1.334073211356,-0.125000000000));
#126=VERTEX_POINT('',#125);
#127=CARTESIAN_POINT('',(-0.264288983390,1.334073211356,0.000000000000));
#128=LINE('',#127,#12);
#129=EDGE_CURVE('',#126,#121,#128,.T.);
#130=ORIENTED_EDGE('',*,*,#129,.F.);
#131=LINE('',#110,#59);
#132=EDGE_CURVE('',#126,#24,#131,.T.);
#133=ORIENTED_EDGE('',*,*,#132,.T.);
#134=EDGE_LOOP('',(#119,#124,#130,#133));
#135=FACE_OUTER_BOUND('',#118,.T.);
#136=ADVANCED_FACE('',(#135),#93,.T.);
#137=FACE_OUTER_BOUND('',#134,.T.);
#138=ADVANCED_FACE('',(#137),#93,.T.);
#139=CARTESIAN_POINT('',(0.000000000000,0.000000000000,0.125000000000));
#140=DIRECTION('',(0.000000000000,1.000000000000,0.000000000000));
#141=AXIS2_PLACEMENT_3D('',#139,#11,#140);
#142=PLANE('',#141);
#143=CARTESIAN_POINT('',(-0.011360569157,0.199677082983,0.125000000000));
#144=VERTEX_POINT('',#143);
#145=CARTESIAN_POINT('',(-0.040706764796,0.195813583032,0.125000000000));
#146=VERTEX_POINT('',#145);
#147=CIRCLE('',#141,0.200000000000);
#148=EDGE_CURVE('',#144,#146,#147,.T.);
#149=ORIENTED_EDGE('',*,*,#148,.F.);
#150=CARTESIAN_POINT('',(0.011360569157,0.199677082983,0.125000000000));
#151=VERTEX_POINT('',#150);
#152=CIRCLE('',#141,0.200000000000);
#153=EDGE_CURVE('',#151,#144,#152,.T.);
#154=ORIENTED_EDGE('',*,*,#153,.F.);
#155=CARTESIAN_POINT('',(0.040706764796,0.195813583032,0.125000000000));
#156=VERTEX_POINT('',#155);
#157=CIRCLE('',#141,0.200000000000);
#158=EDGE_CURVE('',#156,#151,#157,.T.);
#159=ORIENTED_EDGE('',*,*,#158,.F.);
#160=CARTESIAN_POINT('',(0.062653699096,0.189932919710,0.125000000000));
#161=VERTEX_POINT('',#160);
#162=CIRCLE('',#141,0.200000000000);
#163=EDGE_CURVE('',#161,#156,#162,.T.);
#164=ORIENTED_EDGE('',*,*,#163,.F.);
#165=CARTESIAN_POINT('',(0.090000000000,0.178605710995,0.125000000000));
#166=VERTEX_POINT('',#165);
#167=CIRCLE('',#141,0.200000000000);
#168=EDGE_CURVE('',#166,#161,#167,.T.);
#169=ORIENTED_EDGE('',*,*,#168,.F.);
#170=CARTESIAN_POINT('',(0.109677082983,0.167245141838,0.125000000000));
#171=VERTEX_POINT('',#170);
#172=CIRCLE('',#141,0.200000000000);
#173=EDGE_CURVE('',#171,#166,#172,.T.);
#174=ORIENTED_EDGE('',*,*,#173,.F.);
#175=CARTESIAN_POINT('',(0.133159883936,0.149226154913,0.125000000000));
#176=VERTEX_POINT('',#175);
#177=CIRCLE('',#141,0.200000000000);
#178=EDGE_CURVE('',#176,#171,#177,.T.);
#179=ORIENTED_EDGE('',*,*,#178,.F.);
#180=CARTESIAN_POINT('',(0.149226154913,0.133159883936,0.125000000000));
#181=VERTEX_POINT('',#180);
#182=CIRCLE('',#141,0.200000000000);
#183=EDGE_CURVE('',#181,#176,#182,.T.);
#184=ORIENTED_EDGE('',*,*,#183,.F.);
#185=CARTESIAN_POINT('',(0.167245141838,0.109677082983,0.125000000000));
#186=VERTEX_POINT('',#185);
#187=CIRCLE('',#141,0.200000000000);
#188=EDGE_CURVE('',#186,#181,#187,.T.);
#189=ORIENTED_EDGE('',*,*,#188,.F.);
#190=CARTESIAN_POINT('',(0.178605710995,0.090000000000,0.125000000000));
#191=VERTEX_POINT('',#190);
#192=CIRCLE('',#141,0.200000000000);
#193=EDGE_CURVE('',#191,#186,#192,.T.);
#194=ORIENTED_EDGE('',*,*,#193,.F.);
#195=CARTESIAN_POINT('',(0.189932919710,0.062653699096,0.125000000000));
#196=VERTEX_POINT('',#195);
#197=CIRCLE('',#141,0.200000000000);
#198=EDGE_CURVE('',#196,#191,#197,.T.);
#199=ORIENTED_EDGE('',*,*,#198,.F.);
#200=CARTESIAN_POINT('',(0.195813583032,0.040706764796,0.125000000000));
#201=VERTEX_POINT('',#200);
#202=CIRCLE('',#141,0.200000000000);
#203=EDGE_CURVE('',#201,#196,#202,.T.);
#204=ORIENTED_EDGE('',*,*,#203,.F.);
#205=CARTESIAN_POINT('',(0.199677082983,0.011360569157,0.125000000000));
#206=VERTEX_POINT('',#205);
#207=CIRCLE('',#141,0.200000000000);
#208=EDGE_CURVE('',#206,#201,#207,.T.);
#209=ORIENTED_EDGE('',*,*,#208,.F.);
#210=CARTESIAN_POINT('',(0.199677082983,-0.011360569157,0.125000000000));
#211=VERTEX_POINT('',#210);
#212=CIRCLE('',#141,0.200000000000);
#213=EDGE_CURVE('',#211,#206,#212,.T.);
#214=ORIENTED_EDGE('',*,*,#213,.F.);
#215=CARTESIAN_POINT('',(0.195813583032,-0.040706764796,0.125000000000));
#216=VERTEX_POINT('',#215);
#217=CIRCLE('',#141,0.200000000000);
#218=EDGE_CURVE('',#216,#211,#217,.T.);
#219=ORIENTED_EDGE('',*,*,#218,.F.);
#220=CARTESIAN_POINT('',(0.189932919710,-0.062653699096,0.125000000000));
#221=VERTEX_POINT('',#220);
#222=CIRCLE('',#141,0.200000000000);
#223=EDGE_CURVE('',#221,#216,#222,.T.);
#224=ORIENTED_EDGE('',*,*,#223,.F.);
#225=CARTESIAN_POINT('',(0.178605710995,-0.090000000000,0.125000000000));
#226=VERTEX_POINT('',#225);
#227=CIRCLE('',#141,0.200000000000);
#228=EDGE_CURVE('',#226,#221,#227,.T.);
#229=ORIENTED_EDGE('',*,*,#228,.F.);
#230=CARTESIAN_POINT('',(0.167245141838,-0.109677082983,0.125000000000));
#231=VERTEX_POINT('',#230);
#232=CIRCLE('',#141,0.200000000000);
#233=EDGE_CURVE('',#231,#226,#232,.T.);
#234=ORIENTED_EDGE('',*,*,#233,.F.);
#235=CARTESIAN_POINT('',(0.149226154913,-0.133159883936,0.125000000000));
#236=VERTEX_POINT('',#235);
#237=CIRCLE('',#141,0.200000000000);
#238=EDGE_CURVE('',#236,#231,#237,.T.);
#239=ORIENTED_EDGE('',*,*,#238,.F.);
#240=CARTESIAN_POINT('',(0.133159883936,-0.149226154913,0.125000000000));
#241=VERTEX_POINT('',#240);
#242=CIRCLE('',#141,0.200000000000);
#243=EDGE_CURVE('',#241,#236,#242,.T.);
#244=ORIENTED_EDGE('',*,*,#243,.F.);
#245=CARTESIAN_POINT('',(0.109677082983,-0.167245141838,0.125000000000));
#246=VERTEX_POINT('',#245);
#247=CIRCLE('',#141,0.200000000000);
#248=EDGE_CURVE('',#246,#241,#247,.T.);
#249=ORIENTED_EDGE('',*,*,#248,.F.);
#250=CARTESIAN_POINT('',(0.090000000000,-0.178605710995,0.125000000000));
#251=VERTEX_POINT('',#250);
#252=CIRCLE('',#141,0.200000000000);
#253=EDGE_CURVE('',#251,#246,#252,.T.);
#254=ORIENTED_EDGE('',*,*,#253,.F.);
#255=CARTESIAN_POINT('',(0.062653699096,-0.189932919710,0.125000000000));
#256=VERTEX_POINT('',#255);
#257=CIRCLE('',#141,0.200000000000);
#258=EDGE_CURVE('',#256,#251,#257,.T.);
#259=ORIENTED_EDGE('',*,*,#258,.F.);
#260=CARTESIAN_POINT('',(0.040706764796,-0.195813583032,0.125000000000));
#261=VERTEX_POINT('',#260);
#262=CIRCLE('',#141,0.200000000000);
#263=EDGE_CURVE('',#261,#256,#262,.T.);
#264=ORIENTED_EDGE('',*,*,#263,.F.);
#265=CARTESIAN_POINT('',(0.011360569157,-0.199677082983,0.125000000000));
#266=VERTEX_POINT('',#265);
#267=CIRCLE('',#141,0.200000000000);
#268=EDGE_CURVE('',#266,#261,#267,.T.);
#269=ORIENTED_EDGE('',*,*,#268,.F.);
#270=CARTESIAN_POINT('',(-0.011360569157,-0.199677082983,0.125000000000));
#271=VERTEX_POINT('',#270);
#272=CIRCLE('',#141,0.200000000000);
#273=EDGE_CURVE('',#271,#266,#272,.T.);
#274=ORIENTED_EDGE('',*,*,#273,.F.);
#275=CARTESIAN_POINT('',(-0.040706764796,-0.195813583032,0.125000000000));
#276=VERTEX_POINT('',#275);
#277=CIRCLE('',#141,0.200000000000);
#278=EDGE_CURVE('',#276,#271,#277,.T.);
#279=ORIENTED_EDGE('',*,*,#278,.F.);
#280=CARTESIAN_POINT('',(-0.062653699096,-0.189932919710,0.125000000000));
#281=VERTEX_POINT('',#280);
#282=CIRCLE('',#141,0.200000000000);
#283=EDGE_CURVE('',#281,#276,#282,.T.);
#284=ORIENTED_EDGE('',*,*,#283,.F.);
#285=CARTESIAN_POINT('',(-0.090000000000,-0.178605710995,0.125000000000));
#286=VERTEX_POINT('',#285);
#287=CIRCLE('',#141,0.200000000000);
#288=EDGE_CURVE('',#286,#281,#287,.T.);
#289=ORIENTED_EDGE('',*,*,#288,.F.);
#290=CARTESIAN_POINT('',(-0.109677082983,-0.167245141838,0.125000000000));
#291=VERTEX_POINT('',#290);
#292=CIRCLE('',#141,0.200000000000);
#293=EDGE_CURVE('',#291,#286,#292,.T.);
#294=ORIENTED_EDGE('',*,*,#293,.F.);
#295=CARTESIAN_POINT('',(-0.133159883936,-0.149226154913,0.125000000000));
#296=VERTEX_POINT('',#295);
#297=CIRCLE('',#141,0.200000000000);
#298=EDGE_CURVE('',#296,#291,#297,.T.);
#299=ORIENTED_EDGE('',*,*,#298,.F.);
#300=CARTESIAN_POINT('',(-0.149226154913,-0.133159883936,0.125000000000));
#301=VERTEX_POINT('',#300);
#302=CIRCLE('',#141,0.200000000000);
#303=EDGE_CURVE('',#301,#296,#302,.T.);
#304=ORIENTED_EDGE('',*,*,#303,.F.);
#305=CARTESIAN_POINT('',(-0.167245141838,-0.109677082983,0.125000000000));
#306=VERTEX_POINT('',#305);
#307=CIRCLE('',#141,0.200000000000);
#308=EDGE_CURVE('',#306,#301,#307,.T.);
#309=ORIENTED_EDGE('',*,*,#308,.F.);
#310=CARTESIAN_POINT('',(-0.178605710995,-0.090000000000,0.125000000000));
#311=VERTEX_POINT('',#310);
#312=CIRCLE('',#141,0.200000000000);
#313=EDGE_CURVE('',#311,#306,#312,.T.);
#314=ORIENTED_EDGE('',*,*,#313,.F.);
#315=CARTESIAN_POINT('',(-0.189932919710,-0.062653699096,0.125000000000));
#316=VERTEX_POINT('',#315);
#317=CIRCLE('',#141,0.200000000000);
#318=EDGE_CURVE('',#316,#311,#317,.T.);
#319=ORIENTED_EDGE('',*,*,#318,.F.);
#320=CARTESIAN_POINT('',(-0.195813583032,-0.040706764796,0.125000000000));
#321=VERTEX_POINT('',#320);
#322=CIRCLE('',#141,0.200000000000);
#323=EDGE_CURVE('',#321,#316,#322,.T.);
#324=ORIENTED_EDGE('',*,*,#323,.F.);
#325=CARTESIAN_POINT('',(-0.199677082983,-0.011360569157,0.125000000000));
#326=VERTEX_POINT('',#325);
#327=CIRCLE('',#141,0.200000000000);
#328=EDGE_CURVE('',#326,#321,#327,.T.);
#329=ORIENTED_EDGE('',*,*,#328,.F.);
#330=CARTESIAN_POINT('',(-0.199677082983,0.011360569157,0.125000000000));
#331=VERTEX_POINT('',#330);
#332=CIRCLE('',#141,0.200000000000);
#333=EDGE_CURVE('',#331,#326,#332,.T.);
#334=ORIENTED_EDGE('',*,*,#333,.F.);
#335=CARTESIAN_POINT('',(-0.195813583032,0.040706764796,0.125000000000));
#336=VERTEX_POINT('',#335);
#337=CIRCLE('',#141,0.200000000000);
#338=EDGE_CURVE('',#336,#331,#337,.T.);
#339=ORIENTED_EDGE('',*,*,#338,.F.);
#340=CARTESIAN_POINT('',(-0.189932919710,0.062653699096,0.125000000000));
#341=VERTEX_POINT('',#340);
#342=CIRCLE('',#141,0.200000000000);
#343=EDGE_CURVE('',#341,#336,#342,.T.);
#344=ORIENTED_EDGE('',*,*,#343,.F.);
#345=CARTESIAN_POINT('',(-0.178605710995,0.090000000000,0.125000000000));
#346=VERTEX_POINT('',#345);
#347=CIRCLE('',#141,0.200000000000);
#348=EDGE_CURVE('',#346,#341,#347,.T.);
#349=ORIENTED_EDGE('',*,*,#348,.F.);
#350=CARTESIAN_POINT('',(-0.167245141838,0.109677082983,0.125000000000));
#351=VERTEX_POINT('',#350);
#352=CIRCLE('',#141,0.200000000000);
#353=EDGE_CURVE('',#351,#346,#352,.T.);
#354=ORIENTED_EDGE('',*,*,#353,.F.);
#355=CARTESIAN_POINT('',(-0.149226154913,0.133159883936,0.125000000000));
#356=VERTEX_POINT('',#355);
#357=CIRCLE('',#141,0.200000000000);
#358=EDGE_CURVE('',#356,#351,#357,.T.);
#359=ORIENTED_EDGE('',*,*,#358,.F.);
#360=CARTESIAN_POINT('',(-0.133159883936,0.149226154913,0.125000000000));
#361=VERTEX_POINT('',#360);
#362=CIRCLE('',#141,0.200000000000);
#363=EDGE_CURVE('',#361,#356,#362,.T.);
#364=ORIENTED_EDGE('',*,*,#363,.F.);
#365=CARTESIAN_POINT('',(-0.109677082983,0.167245141838,0.125000000000));
#366=VERTEX_POINT('',#365);
#367=CIRCLE('',#141,0.200000000000);
#368=EDGE_CURVE('',#366,#361,#367,.T.);
#369=ORIENTED_EDGE('',*,*,#368,.F.);
#370=CARTESIAN_POINT('',(-0.090000000000,0.178605710995,0.125000000000));
#371=VERTEX_POINT('',#370);
#372=CIRCLE('',#141,0.200000000000);
#373=EDGE_CURVE('',#371,#366,#372,.T.);
#374=ORIENTED_EDGE('',*,*,#373,.F.);
#375=CARTESIAN_POINT('',(-0.062653699096,0.189932919710,0.125000000000));
#376=VERTEX_POINT('',#375);
#377=CIRCLE('',#141,0.200000000000);
#378=EDGE_CURVE('',#376,#371,#377,.T.);
#379=ORIENTED_EDGE('',*,*,#378,.F.);
#380=CIRCLE('',#141,0.200000000000);
#381=EDGE_CURVE('',#146,#376,#380,.T.);
#382=ORIENTED_EDGE('',*,*,#381,.F.);
#383=EDGE_LOOP('',(#149,#154,#159,#164,#169,#174,#179,#184,#189,#194,#199,#204,#209,#214,#219,#224,#229,#234,#239,#244,#249,#254,#259,#264,#269,#274,#279,#284,#289,#294,#299,#304,#309,#314,#319,#324,#329,#334,#339,#344,#349,#354,#359,#364,#369,#374,#379,#382));
#384=ORIENTED_EDGE('',*,*,#21,.F.);
#385=ORIENTED_EDGE('',*,*,#61,.F.);
#386=CARTESIAN_POINT('',(-0.600567109320,1.220212746697,0.125000000000));
#387=VERTEX_POINT('',#386);
#388=CIRCLE('',#141,1.360000000000);
#389=EDGE_CURVE('',#53,#387,#388,.T.);
#390=ORIENTED_EDGE('',*,*,#389,.T.);
#391=CARTESIAN_POINT('',(-0.672057713659,1.344038105677,0.125000000000));
#392=VERTEX_POINT('',#391);
#393=CARTESIAN_POINT('',(0.077942286341,0.045000000000,0.125000000000));
#394=DIRECTION('',(-0.500000000000,0.866025403784,0.000000000000));
#395=VECTOR('',#394,1.0);
#396=LINE('',#393,#395);
#397=EDGE_CURVE('',#387,#392,#396,.T.);
#398=ORIENTED_EDGE('',*,*,#397,.T.);
#399=CARTESIAN_POINT('',(-0.827942286341,1.254038105677,0.125000000000));
#400=VERTEX_POINT('',#399);
#401=CARTESIAN_POINT('',(-0.750000000000,1.299038105677,0.125000000000));
#402=DIRECTION('',(-0.866025403784,-0.500000000000,0.000000000000));
#403=VECTOR('',#402,1.0);
#404=LINE('',#401,#403);
#405=EDGE_CURVE('',#392,#400,#404,.T.);
#406=ORIENTED_EDGE('',*,*,#405,.T.);
#407=CARTESIAN_POINT('',(-0.756451682001,1.130212746697,0.125000000000));
#408=VERTEX_POINT('',#407);
#409=CARTESIAN_POINT('',(-0.077942286341,-0.045000000000,0.125000000000));
#410=DIRECTION('',(0.500000000000,-0.866025403784,0.000000000000));
#411=VECTOR('',#410,1.0);
#412=LINE('',#409,#411);
#413=EDGE_CURVE('',#400,#408,#412,.T.);
#414=ORIENTED_EDGE('',*,*,#413,.T.);
#415=CARTESIAN_POINT('',(-0.895917579234,1.023196799848,0.125000000000));
#416=VERTEX_POINT('',#415);
#417=CIRCLE('',#141,1.360000000000);
#418=EDGE_CURVE('',#408,#416,#417,.T.);
#419=ORIENTED_EDGE('',*,*,#418,.T.);
#420=CARTESIAN_POINT('',(-0.997020561473,1.124299782087,0.125000000000));
#421=VERTEX_POINT('',#420);
#422=CARTESIAN_POINT('',(0.063639610307,0.063639610307,0.125000000000));
#423=DIRECTION('',(-0.707106781187,0.707106781187,0.000000000000));
#424=VECTOR('',#423,1.0);
#425=LINE('',#422,#424);
#426=EDGE_CURVE('',#416,#421,#425,.T.);
#427=ORIENTED_EDGE('',*,*,#426,.T.);
#428=CARTESIAN_POINT('',(-1.124299782087,0.997020561473,0.125000000000));
#429=VERTEX_POINT('',#428);
#430=CARTESIAN_POINT('',(-1.060660171780,1.060660171780,0.125000000000));
#431=DIRECTION('',(-0.707106781187,-0.707106781187,0.000000000000));
#432=VECTOR('',#431,1.0);
#433=LINE('',#430,#432);
#434=EDGE_CURVE('',#421,#429,#433,.T.);
#435=ORIENTED_EDGE('',*,*,#434,.T.);
#436=CARTESIAN_POINT('',(-1.023196799848,0.895917579234,0.125000000000));
#437=VERTEX_POINT('',#436);
#438=CARTESIAN_POINT('',(-0.063639610307,-0.063639610307,0.125000000000));
#439=DIRECTION('',(0.707106781187,-0.707106781187,0.000000000000));
#440=VECTOR('',#439,1.0);
#441=LINE('',#438,#440);
#442=EDGE_CURVE('',#429,#437,#441,.T.);
#443=ORIENTED_EDGE('',*,*,#442,.T.);
#444=CARTESIAN_POINT('',(-1.130212746697,0.756451682001,0.125000000000));
#445=VERTEX_POINT('',#444);
#446=CIRCLE('',#141,1.360000000000);
#447=EDGE_CURVE('',#437,#445,#446,.T.);
#448=ORIENTED_EDGE('',*,*,#447,.T.);
#449=CARTESIAN_POINT('',(-1.254038105677,0.827942286341,0.125000000000));
#450=VERTEX_POINT('',#449);
#451=CARTESIAN_POINT('',(0.045000000000,0.077942286341,0.125000000000));
#452=DIRECTION('',(-0.866025403784,0.500000000000,0.000000000000));
#453=VECTOR('',#452,1.0);
#454=LINE('',#451,#453);
#455=EDGE_CURVE('',#445,#450,#454,.T.);
#456=ORIENTED_EDGE('',*,*,#455,.T.);
#457=CARTESIAN_POINT('',(-1.344038105677,0.672057713659,0.125000000000));
#458=VERTEX_POINT('',#457);
#459=CARTESIAN_POINT('',(-1.299038105677,0.750000000000,0.125000000000));
#460=DIRECTION('',(-0.500000000000,-0.866025403784,0.000000000000));
#461=VECTOR('',#460,1.0);
#462=LINE('',#459,#461);
#463=EDGE_CURVE('',#450,#458,#462,.T.);
#464=ORIENTED_EDGE('',*,*,#463,.T.);
#465=CARTESIAN_POINT('',(-1.220212746697,0.600567109320,0.125000000000));
#466=VERTEX_POINT('',#465);
#467=CARTESIAN_POINT('',(-0.045000000000,-0.077942286341,0.125000000000));
#468=DIRECTION('',(0.866025403784,-0.500000000000,0.000000000000));
#469=VECTOR('',#468,1.0);
#470=LINE('',#467,#469);
#471=EDGE_CURVE('',#458,#466,#470,.T.);
#472=ORIENTED_EDGE('',*,*,#471,.T.);
#473=CARTESIAN_POINT('',(-1.287485783238,0.438155632122,0.125000000000));
#474=VERTEX_POINT('',#473);
#475=CIRCLE('',#141,1.360000000000);
#476=EDGE_CURVE('',#466,#474,#475,.T.);
#477=ORIENTED_EDGE('',*,*,#476,.T.);
#478=CARTESIAN_POINT('',(-1.425595025374,0.475161892020,0.125000000000));
#479=VERTEX_POINT('',#478);
#480=CARTESIAN_POINT('',(0.023293714059,0.086933324366,0.125000000000));
#481=DIRECTION('',(-0.965925826289,0.258819045103,0.000000000000));
#482=VECTOR('',#481,1.0);
#483=LINE('',#480,#482);
#484=EDGE_CURVE('',#474,#479,#483,.T.);
#485=ORIENTED_EDGE('',*,*,#484,.T.);
#486=CARTESIAN_POINT('',(-1.472182453493,0.301295243288,0.125000000000));
#487=VERTEX_POINT('',#486);
#488=CARTESIAN_POINT('',(-1.448888739434,0.388228567654,0.125000000000));
#489=DIRECTION('',(-0.258819045103,-0.965925826289,0.000000000000));
#490=VECTOR('',#489,1.0);
#491=LINE('',#488,#490);
#492=EDGE_CURVE('',#479,#487,#491,.T.);
#493=ORIENTED_EDGE('',*,*,#492,.T.);
#494=CARTESIAN_POINT('',(-1.334073211356,0.264288983390,0.125000000000));
#495=VERTEX_POINT('',#494);
#496=CARTESIAN_POINT('',(-0.023293714059,-0.086933324366,0.125000000000));
#497=DIRECTION('',(0.965925826289,-0.258819045103,0.000000000000));
#498=VECTOR('',#497,1.0);
#499=LINE('',#496,#498);
#500=EDGE_CURVE('',#487,#495,#499,.T.);
#501=ORIENTED_EDGE('',*,*,#500,.T.);
#502=CARTESIAN_POINT('',(-1.357018791322,0.090000000000,0.125000000000));
#503=VERTEX_POINT('',#502);
#504=CIRCLE('',#141,1.360000000000);
#505=EDGE_CURVE('',#495,#503,#504,.T.);
#506=ORIENTED_EDGE('',*,*,#505,.T.);
#507=CARTESIAN_POINT('',(-1.500000000000,0.090000000000,0.125000000000));
#508=VERTEX_POINT('',#507);
#509=CARTESIAN_POINT('',(0.000000000000,0.090000000000,0.125000000000));
#510=DIRECTION('',(-1.000000000000,0.000000000000,0.000000000000));
#511=VECTOR('',#510,1.0);
#512=LINE('',#509,#511);
#513=EDGE_CURVE('',#503,#508,#512,.T.);
#514=ORIENTED_EDGE('',*,*,#513,.T.);
#515=CARTESIAN_POINT('',(-1.500000000000,-0.090000000000,0.125000000000));
#516=VERTEX_POINT('',#515);
#517=CARTESIAN_POINT('',(-1.500000000000,0.000000000000,0.125000000000));
#518=DIRECTION('',(0.000000000000,-1.000000000000,0.000000000000));
#519=VECTOR('',#518,1.0);
#520=LINE('',#517,#519);
#521=EDGE_CURVE('',#508,#516,#520,.T.);
#522=ORIENTED_EDGE('',*,*,#521,.T.);
#523=CARTESIAN_POINT('',(-1.357018791322,-0.090000000000,0.125000000000));
#524=VERTEX_POINT('',#523);
#525=CARTESIAN_POINT('',(0.000000000000,-0.090000000000,0.125000000000));
#526=DIRECTION('',(1.000000000000,0.000000000000,0.000000000000));
#527=VECTOR('',#526,1.0);
#528=LINE('',#525,#527);
#529=EDGE_CURVE('',#516,#524,#528,.T.);
#530=ORIENTED_EDGE('',*,*,#529,.T.);
#531=CARTESIAN_POINT('',(-1.334073211356,-0.264288983390,0.125000000000));
#532=VERTEX_POINT('',#531);
#533=CIRCLE('',#141,1.360000000000);
#534=EDGE_CURVE('',#524,#532,#533,.T.);
#535=ORIENTED_EDGE('',*,*,#534,.T.);
#536=CARTESIAN_POINT('',(-1.472182453493,-0.301295243288,0.125000000000));
#537=VERTEX_POINT('',#536);
#538=CARTESIAN_POINT('',(-0.023293714059,0.086933324366,0.125000000000));
#539=LINE('',#538,#33);
#540=EDGE_CURVE('',#532,#537,#539,.T.);
#541=ORIENTED_EDGE('',*,*,#540,.T.);
#542=CARTESIAN_POINT('',(-1.425595025374,-0.475161892020,0.125000000000));
#543=VERTEX_POINT('',#542);
#544=CARTESIAN_POINT('',(-1.448888739434,-0.388228567654,0.125000000000));
#545=LINE('',#544,#48);
#546=EDGE_CURVE('',#537,#543,#545,.T.);
#547=ORIENTED_EDGE('',*,*,#546,.T.);
#548=CARTESIAN_POINT('',(-1.287485783238,-0.438155632122,0.125000000000));
#549=VERTEX_POINT('',#548);
#550=CARTESIAN_POINT('',(0.023293714059,-0.086933324366,0.125000000000));
#551=LINE('',#550,#19);
#552=EDGE_CURVE('',#543,#549,#551,.T.);
#553=ORIENTED_EDGE('',*,*,#552,.T.);
#554=CARTESIAN_POINT('',(-1.220212746697,-0.600567109320,0.125000000000));
#555=VERTEX_POINT('',#554);
#556=CIRCLE('',#141,1.360000000000);
#557=EDGE_CURVE('',#549,#555,#556,.T.);
#558=ORIENTED_EDGE('',*,*,#557,.T.);
#559=CARTESIAN_POINT('',(-1.344038105677,-0.672057713659,0.125000000000));
#560=VERTEX_POINT('',#559);
#561=CARTESIAN_POINT('',(-0.045000000000,0.077942286341,0.125000000000));
#562=LINE('',#561,#403);
#563=EDGE_CURVE('',#555,#560,#562,.T.);
#564=ORIENTED_EDGE('',*,*,#563,.T.);
#565=CARTESIAN_POINT('',(-1.254038105677,-0.827942286341,0.125000000000));
#566=VERTEX_POINT('',#565);
#567=CARTESIAN_POINT('',(-1.299038105677,-0.750000000000,0.125000000000));
#568=LINE('',#567,#411);
#569=EDGE_CURVE('',#560,#566,#568,.T.);
#570=ORIENTED_EDGE('',*,*,#569,.T.);
#571=CARTESIAN_POINT('',(-1.130212746697,-0.756451682001,0.125000000000));
#572=VERTEX_POINT('',#571);
#573=CARTESIAN_POINT('',(0.045000000000,-0.077942286341,0.125000000000));
#574=DIRECTION('',(0.866025403784,0.500000000000,0.000000000000));
#575=VECTOR('',#574,1.0);
#576=LINE('',#573,#575);
#577=EDGE_CURVE('',#566,#572,#576,.T.);
#578=ORIENTED_EDGE('',*,*,#577,.T.);
#579=CARTESIAN_POINT('',(-1.023196799848,-0.895917579234,0.125000000000));
#580=VERTEX_POINT('',#579);
#581=CIRCLE('',#141,1.360000000000);
#582=EDGE_CURVE('',#572,#580,#581,.T.);
#583=ORIENTED_EDGE('',*,*,#582,.T.);
#584=CARTESIAN_POINT('',(-1.124299782087,-0.997020561473,0.125000000000));
#585=VERTEX_POINT('',#584);
#586=CARTESIAN_POINT('',(-0.063639610307,0.063639610307,0.125000000000));
#587=LINE('',#586,#432);
#588=EDGE_CURVE('',#580,#585,#587,.T.);
#589=ORIENTED_EDGE('',*,*,#588,.T.);
#590=CARTESIAN_POINT('',(-0.997020561473,-1.124299782087,0.125000000000));
#591=VERTEX_POINT('',#590);
#592=CARTESIAN_POINT('',(-1.060660171780,-1.060660171780,0.125000000000));
#593=LINE('',#592,#440);
#594=EDGE_CURVE('',#585,#591,#593,.T.);
#595=ORIENTED_EDGE('',*,*,#594,.T.);
#596=CARTESIAN_POINT('',(-0.895917579234,-1.023196799848,0.125000000000));
#597=VERTEX_POINT('',#596);
#598=CARTESIAN_POINT('',(0.063639610307,-0.063639610307,0.125000000000));
#599=DIRECTION('',(0.707106781187,0.707106781187,0.000000000000));
#600=VECTOR('',#599,1.0);
#601=LINE('',#598,#600);
#602=EDGE_CURVE('',#591,#597,#601,.T.);
#603=ORIENTED_EDGE('',*,*,#602,.T.);
#604=CARTESIAN_POINT('',(-0.756451682001,-1.130212746697,0.125000000000));
#605=VERTEX_POINT('',#604);
#606=CIRCLE('',#141,1.360000000000);
#607=EDGE_CURVE('',#597,#605,#606,.T.);
#608=ORIENTED_EDGE('',*,*,#607,.T.);
#609=CARTESIAN_POINT('',(-0.827942286341,-1.254038105677,0.125000000000));
#610=VERTEX_POINT('',#609);
#611=CARTESIAN_POINT('',(-0.077942286341,0.045000000000,0.125000000000));
#612=LINE('',#611,#461);
#613=EDGE_CURVE('',#605,#610,#612,.T.);
#614=ORIENTED_EDGE('',*,*,#613,.T.);
#615=CARTESIAN_POINT('',(-0.672057713659,-1.344038105677,0.125000000000));
#616=VERTEX_POINT('',#615);
#617=CARTESIAN_POINT('',(-0.750000000000,-1.299038105677,0.125000000000));
#618=LINE('',#617,#469);
#619=EDGE_CURVE('',#610,#616,#618,.T.);
#620=ORIENTED_EDGE('',*,*,#619,.T.);
#621=CARTESIAN_POINT('',(-0.600567109320,-1.220212746697,0.125000000000));
#622=VERTEX_POINT('',#621);
#623=CARTESIAN_POINT('',(0.077942286341,-0.045000000000,0.125000000000));
#624=DIRECTION('',(0.500000000000,0.866025403784,0.000000000000));
#625=VECTOR('',#624,1.0);
#626=LINE('',#623,#625);
#627=EDGE_CURVE('',#616,#622,#626,.T.);
#628=ORIENTED_EDGE('',*,*,#627,.T.);
#629=CARTESIAN_POINT('',(-0.438155632122,-1.287485783238,0.125000000000));
#630=VERTEX_POINT('',#629);
#631=CIRCLE('',#141,1.360000000000);
#632=EDGE_CURVE('',#622,#630,#631,.T.);
#633=ORIENTED_EDGE('',*,*,#632,.T.);
#634=CARTESIAN_POINT('',(-0.475161892020,-1.425595025374,0.125000000000));
#635=VERTEX_POINT('',#634);
#636=CARTESIAN_POINT('',(-0.086933324366,0.023293714059,0.125000000000));
#637=LINE('',#636,#490);
#638=EDGE_CURVE('',#630,#635,#637,.T.);
#639=ORIENTED_EDGE('',*,*,#638,.T.);
#640=CARTESIAN_POINT('',(-0.301295243288,-1.472182453493,0.125000000000));
#641=VERTEX_POINT('',#640);
#642=CARTESIAN_POINT('',(-0.388228567654,-1.448888739434,0.125000000000));
#643=LINE('',#642,#498);
#644=EDGE_CURVE('',#635,#641,#643,.T.);
#645=ORIENTED_EDGE('',*,*,#644,.T.);
#646=CARTESIAN_POINT('',(-0.264288983390,-1.334073211356,0.125000000000));
#647=VERTEX_POINT('',#646);
#648=CARTESIAN_POINT('',(0.086933324366,-0.023293714059,0.125000000000));
#649=DIRECTION('',(0.258819045103,0.965925826289,0.000000000000));
#650=VECTOR('',#649,1.0);
#651=LINE('',#648,#650);
#652=EDGE_CURVE('',#641,#647,#651,.T.);
#653=ORIENTED_EDGE('',*,*,#652,.T.);
#654=CARTESIAN_POINT('',(-0.090000000000,-1.357018791322,0.125000000000));
#655=VERTEX_POINT('',#654);
#656=CIRCLE('',#141,1.360000000000);
#657=EDGE_CURVE('',#647,#655,#656,.T.);
#658=ORIENTED_EDGE('',*,*,#657,.T.);
#659=CARTESIAN_POINT('',(-0.090000000000,-1.500000000000,0.125000000000));
#660=VERTEX_POINT('',#659);
#661=CARTESIAN_POINT('',(-0.090000000000,0.000000000000,0.125000000000));
#662=LINE('',#661,#519);
#663=EDGE_CURVE('',#655,#660,#662,.T.);
#664=ORIENTED_EDGE('',*,*,#663,.T.);
#665=CARTESIAN_POINT('',(0.090000000000,-1.500000000000,0.125000000000));
#666=VERTEX_POINT('',#665);
#667=CARTESIAN_POINT('',(0.000000000000,-1.500000000000,0.125000000000));
#668=LINE('',#667,#527);
#669=EDGE_CURVE('',#660,#666,#668,.T.);
#670=ORIENTED_EDGE('',*,*,#669,.T.);
#671=CARTESIAN_POINT('',(0.090000000000,-1.357018791322,0.125000000000));
#672=VERTEX_POINT('',#671);
#673=CARTESIAN_POINT('',(0.090000000000,0.000000000000,0.125000000000));
#674=VECTOR('',#140,1.0);
#675=LINE('',#673,#674);
#676=EDGE_CURVE('',#666,#672,#675,.T.);
#677=ORIENTED_EDGE('',*,*,#676,.T.);
#678=CIRCLE('',#141,1.360000000000);
#679=EDGE_CURVE('',#672,#67,#678,.T.);
#680=ORIENTED_EDGE('',*,*,#679,.T.);
#681=ORIENTED_EDGE('',*,*,#69,.F.);
#682=CARTESIAN_POINT('',(0.388228567654,-1.448888739434,0.125000000000));
#683=LINE('',#682,#19);
#684=EDGE_CURVE('',#65,#97,#683,.T.);
#685=ORIENTED_EDGE('',*,*,#684,.T.);
#686=ORIENTED_EDGE('',*,*,#100,.F.);
#687=CARTESIAN_POINT('',(0.600567109320,-1.220212746697,0.125000000000));
#688=VERTEX_POINT('',#687);
#689=CIRCLE('',#141,1.360000000000);
#690=EDGE_CURVE('',#95,#688,#689,.T.);
#691=ORIENTED_EDGE('',*,*,#690,.T.);
#692=CARTESIAN_POINT('',(0.672057713659,-1.344038105677,0.125000000000));
#693=VERTEX_POINT('',#692);
#694=LINE('',#409,#411);
#695=EDGE_CURVE('',#688,#693,#694,.T.);
#696=ORIENTED_EDGE('',*,*,#695,.T.);
#697=CARTESIAN_POINT('',(0.827942286341,-1.254038105677,0.125000000000));
#698=VERTEX_POINT('',#697);
#699=CARTESIAN_POINT('',(0.750000000000,-1.299038105677,0.125000000000));
#700=LINE('',#699,#575);
#701=EDGE_CURVE('',#693,#698,#700,.T.);
#702=ORIENTED_EDGE('',*,*,#701,.T.);
#703=CARTESIAN_POINT('',(0.756451682001,-1.130212746697,0.125000000000));
#704=VERTEX_POINT('',#703);
#705=LINE('',#393,#395);
#706=EDGE_CURVE('',#698,#704,#705,.T.);
#707=ORIENTED_EDGE('',*,*,#706,.T.);
#708=CARTESIAN_POINT('',(0.895917579234,-1.023196799848,0.125000000000));
#709=VERTEX_POINT('',#708);
#710=CIRCLE('',#141,1.360000000000);
#711=EDGE_CURVE('',#704,#709,#710,.T.);
#712=ORIENTED_EDGE('',*,*,#711,.T.);
#713=CARTESIAN_POINT('',(0.997020561473,-1.124299782087,0.125000000000));
#714=VERTEX_POINT('',#713);
#715=LINE('',#438,#440);
#716=EDGE_CURVE('',#709,#714,#715,.T.);
#717=ORIENTED_EDGE('',*,*,#716,.T.);
#718=CARTESIAN_POINT('',(1.124299782087,-0.997020561473,0.125000000000));
#719=VERTEX_POINT('',#718);
#720=CARTESIAN_POINT('',(1.060660171780,-1.060660171780,0.125000000000));
#721=LINE('',#720,#600);
#722=EDGE_CURVE('',#714,#719,#721,.T.);
#723=ORIENTED_EDGE('',*,*,#722,.T.);
#724=CARTESIAN_POINT('',(1.023196799848,-0.895917579234,0.125000000000));
#725=VERTEX_POINT('',#724);
#726=LINE('',#422,#424);
#727=EDGE_CURVE('',#719,#725,#726,.T.);
#728=ORIENTED_EDGE('',*,*,#727,.T.);
#729=CARTESIAN_POINT('',(1.130212746697,-0.756451682001,0.125000000000));
#730=VERTEX_POINT('',#729);
#731=CIRCLE('',#141,1.360000000000);
#732=EDGE_CURVE('',#725,#730,#731,.T.);
#733=ORIENTED_EDGE('',*,*,#732,.T.);
#734=CARTESIAN_POINT('',(1.254038105677,-0.827942286341,0.125000000000));
#735=VERTEX_POINT('',#734);
#736=LINE('',#467,#469);
#737=EDGE_CURVE('',#730,#735,#736,.T.);
#738=ORIENTED_EDGE('',*,*,#737,.T.);
#739=CARTESIAN_POINT('',(1.344038105677,-0.672057713659,0.125000000000));
#740=VERTEX_POINT('',#739);
#741=CARTESIAN_POINT('',(1.299038105677,-0.750000000000,0.125000000000));
#742=LINE('',#741,#625);
#743=EDGE_CURVE('',#735,#740,#742,.T.);
#744=ORIENTED_EDGE('',*,*,#743,.T.);
#745=CARTESIAN_POINT('',(1.220212746697,-0.600567109320,0.125000000000));
#746=VERTEX_POINT('',#745);
#747=LINE('',#451,#453);
#748=EDGE_CURVE('',#740,#746,#747,.T.);
#749=ORIENTED_EDGE('',*,*,#748,.T.);
#750=CARTESIAN_POINT('',(1.287485783238,-0.438155632122,0.125000000000));
#751=VERTEX_POINT('',#750);
#752=CIRCLE('',#141,1.360000000000);
#753=EDGE_CURVE('',#746,#751,#752,.T.);
#754=ORIENTED_EDGE('',*,*,#753,.T.);
#755=CARTESIAN_POINT('',(1.425595025374,-0.475161892020,0.125000000000));
#756=VERTEX_POINT('',#755);
#757=LINE('',#496,#498);
#758=EDGE_CURVE('',#751,#756,#757,.T.);
#759=ORIENTED_EDGE('',*,*,#758,.T.);
#760=CARTESIAN_POINT('',(1.472182453493,-0.301295243288,0.125000000000));
#761=VERTEX_POINT('',#760);
#762=CARTESIAN_POINT('',(1.448888739434,-0.388228567654,0.125000000000));
#763=LINE('',#762,#650);
#764=EDGE_CURVE('',#756,#761,#763,.T.);
#765=ORIENTED_EDGE('',*,*,#764,.T.);
#766=CARTESIAN_POINT('',(1.334073211356,-0.264288983390,0.125000000000));
#767=VERTEX_POINT('',#766);
#768=LINE('',#480,#482);
#769=EDGE_CURVE('',#761,#767,#768,.T.);
#770=ORIENTED_EDGE('',*,*,#769,.T.);
#771=CARTESIAN_POINT('',(1.357018791322,-0.090000000000,0.125000000000));
#772=VERTEX_POINT('',#771);
#773=CIRCLE('',#141,1.360000000000);
#774=EDGE_CURVE('',#767,#772,#773,.T.);
#775=ORIENTED_EDGE('',*,*,#774,.T.);
#776=CARTESIAN_POINT('',(1.500000000000,-0.090000000000,0.125000000000));
#777=VERTEX_POINT('',#776);
#778=LINE('',#525,#527);
#779=EDGE_CURVE('',#772,#777,#778,.T.);
#780=ORIENTED_EDGE('',*,*,#779,.T.);
#781=CARTESIAN_POINT('',(1.500000000000,0.090000000000,0.125000000000));
#782=VERTEX_POINT('',#781);
#783=CARTESIAN_POINT('',(1.500000000000,0.000000000000,0.125000000000));
#784=LINE('',#783,#674);
#785=EDGE_CURVE('',#777,#782,#784,.T.);
#786=ORIENTED_EDGE('',*,*,#785,.T.);
#787=CARTESIAN_POINT('',(1.357018791322,0.090000000000,0.125000000000));
#788=VERTEX_POINT('',#787);
#789=LINE('',#509,#511);
#790=EDGE_CURVE('',#782,#788,#789,.T.);
#791=ORIENTED_EDGE('',*,*,#790,.T.);
#792=CARTESIAN_POINT('',(1.334073211356,0.264288983390,0.125000000000));
#793=VERTEX_POINT('',#792);
#794=CIRCLE('',#141,1.360000000000);
#795=EDGE_CURVE('',#788,#793,#794,.T.);
#796=ORIENTED_EDGE('',*,*,#795,.T.);
#797=CARTESIAN_POINT('',(1.472182453493,0.301295243288,0.125000000000));
#798=VERTEX_POINT('',#797);
#799=LINE('',#550,#19);
#800=EDGE_CURVE('',#793,#798,#799,.T.);
#801=ORIENTED_EDGE('',*,*,#800,.T.);
#802=CARTESIAN_POINT('',(1.425595025374,0.475161892020,0.125000000000));
#803=VERTEX_POINT('',#802);
#804=CARTESIAN_POINT('',(1.448888739434,0.388228567654,0.125000000000));
#805=LINE('',#804,#59);
#806=EDGE_CURVE('',#798,#803,#805,.T.);
#807=ORIENTED_EDGE('',*,*,#806,.T.);
#808=CARTESIAN_POINT('',(1.287485783238,0.438155632122,0.125000000000));
#809=VERTEX_POINT('',#808);
#810=LINE('',#538,#33);
#811=EDGE_CURVE('',#803,#809,#810,.T.);
#812=ORIENTED_EDGE('',*,*,#811,.T.);
#813=CARTESIAN_POINT('',(1.220212746697,0.600567109320,0.125000000000));
#814=VERTEX_POINT('',#813);
#815=CIRCLE('',#141,1.360000000000);
#816=EDGE_CURVE('',#809,#814,#815,.T.);
#817=ORIENTED_EDGE('',*,*,#816,.T.);
#818=CARTESIAN_POINT('',(1.344038105677,0.672057713659,0.125000000000));
#819=VERTEX_POINT('',#818);
#820=LINE('',#573,#575);
#821=EDGE_CURVE('',#814,#819,#820,.T.);
#822=ORIENTED_EDGE('',*,*,#821,.T.);
#823=CARTESIAN_POINT('',(1.254038105677,0.827942286341,0.125000000000));
#824=VERTEX_POINT('',#823);
#825=CARTESIAN_POINT('',(1.299038105677,0.750000000000,0.125000000000));
#826=LINE('',#825,#395);
#827=EDGE_CURVE('',#819,#824,#826,.T.);
#828=ORIENTED_EDGE('',*,*,#827,.T.);
#829=CARTESIAN_POINT('',(1.130212746697,0.756451682001,0.125000000000));
#830=VERTEX_POINT('',#829);
#831=LINE('',#561,#403);
#832=EDGE_CURVE('',#824,#830,#831,.T.);
#833=ORIENTED_EDGE('',*,*,#832,.T.);
#834=CARTESIAN_POINT('',(1.023196799848,0.895917579234,0.125000000000));
#835=VERTEX_POINT('',#834);
#836=CIRCLE('',#141,1.360000000000);
#837=EDGE_CURVE('',#830,#835,#836,.T.);
#838=ORIENTED_EDGE('',*,*,#837,.T.);
#839=CARTESIAN_POINT('',(1.124299782087,0.997020561473,0.125000000000));
#840=VERTEX_POINT('',#839);
#841=LINE('',#598,#600);
#842=EDGE_CURVE('',#835,#840,#841,.T.);
#843=ORIENTED_EDGE('',*,*,#842,.T.);
#844=CARTESIAN_POINT('',(0.997020561473,1.124299782087,0.125000000000));
#845=VERTEX_POINT('',#844);
#846=CARTESIAN_POINT('',(1.060660171780,1.060660171780,0.125000000000));
#847=LINE('',#846,#424);
#848=EDGE_CURVE('',#840,#845,#847,.T.);
#849=ORIENTED_EDGE('',*,*,#848,.T.);
#850=CARTESIAN_POINT('',(0.895917579234,1.023196799848,0.125000000000));
#851=VERTEX_POINT('',#850);
#852=LINE('',#586,#432);
#853=EDGE_CURVE('',#845,#851,#852,.T.);
#854=ORIENTED_EDGE('',*,*,#853,.T.);
#855=CARTESIAN_POINT('',(0.756451682001,1.130212746697,0.125000000000));
#856=VERTEX_POINT('',#855);
#857=CIRCLE('',#141,1.360000000000);
#858=EDGE_CURVE('',#851,#856,#857,.T.);
#859=ORIENTED_EDGE('',*,*,#858,.T.);
#860=CARTESIAN_POINT('',(0.827942286341,1.254038105677,0.125000000000));
#861=VERTEX_POINT('',#860);
#862=LINE('',#623,#625);
#863=EDGE_CURVE('',#856,#861,#862,.T.);
#864=ORIENTED_EDGE('',*,*,#863,.T.);
#865=CARTESIAN_POINT('',(0.672057713659,1.344038105677,0.125000000000));
#866=VERTEX_POINT('',#865);
#867=CARTESIAN_POINT('',(0.750000000000,1.299038105677,0.125000000000));
#868=LINE('',#867,#453);
#869=EDGE_CURVE('',#861,#866,#868,.T.);
#870=ORIENTED_EDGE('',*,*,#869,.T.);
#871=CARTESIAN_POINT('',(0.600567109320,1.220212746697,0.125000000000));
#872=VERTEX_POINT('',#871);
#873=LINE('',#611,#461);
#874=EDGE_CURVE('',#866,#872,#873,.T.);
#875=ORIENTED_EDGE('',*,*,#874,.T.);
#876=CARTESIAN_POINT('',(0.438155632122,1.287485783238,0.125000000000));
#877=VERTEX_POINT('',#876);
#878=CIRCLE('',#141,1.360000000000);
#879=EDGE_CURVE('',#872,#877,#878,.T.);
#880=ORIENTED_EDGE('',*,*,#879,.T.);
#881=CARTESIAN_POINT('',(0.475161892020,1.425595025374,0.125000000000));
#882=VERTEX_POINT('',#881);
#883=LINE('',#648,#650);
#884=EDGE_CURVE('',#877,#882,#883,.T.);
#885=ORIENTED_EDGE('',*,*,#884,.T.);
#886=CARTESIAN_POINT('',(0.301295243288,1.472182453493,0.125000000000));
#887=VERTEX_POINT('',#886);
#888=CARTESIAN_POINT('',(0.388228567654,1.448888739434,0.125000000000));
#889=LINE('',#888,#482);
#890=EDGE_CURVE('',#882,#887,#889,.T.);
#891=ORIENTED_EDGE('',*,*,#890,.T.);
#892=CARTESIAN_POINT('',(0.264288983390,1.334073211356,0.125000000000));
#893=VERTEX_POINT('',#892);
#894=LINE('',#636,#490);
#895=EDGE_CURVE('',#887,#893,#894,.T.);
#896=ORIENTED_EDGE('',*,*,#895,.T.);
#897=CARTESIAN_POINT('',(0.090000000000,1.357018791322,0.125000000000));
#898=VERTEX_POINT('',#897);
#899=CIRCLE('',#141,1.360000000000);
#900=EDGE_CURVE('',#893,#898,#899,.T.);
#901=ORIENTED_EDGE('',*,*,#900,.T.);
#902=CARTESIAN_POINT('',(0.090000000000,1.500000000000,0.125000000000));
#903=VERTEX_POINT('',#902);
#904=LINE('',#673,#674);
#905=EDGE_CURVE('',#898,#903,#904,.T.);
#906=ORIENTED_EDGE('',*,*,#905,.T.);
#907=CARTESIAN_POINT('',(-0.090000000000,1.500000000000,0.125000000000));
#908=VERTEX_POINT('',#907);
#909=CARTESIAN_POINT('',(0.000000000000,1.500000000000,0.125000000000));
#910=LINE('',#909,#511);
#911=EDGE_CURVE('',#903,#908,#910,.T.);
#912=ORIENTED_EDGE('',*,*,#911,.T.);
#913=CARTESIAN_POINT('',(-0.090000000000,1.357018791322,0.125000000000));
#914=VERTEX_POINT('',#913);
#915=LINE('',#661,#519);
#916=EDGE_CURVE('',#908,#914,#915,.T.);
#917=ORIENTED_EDGE('',*,*,#916,.T.);
#918=CIRCLE('',#141,1.360000000000);
#919=EDGE_CURVE('',#914,#121,#918,.T.);
#920=ORIENTED_EDGE('',*,*,#919,.T.);
#921=ORIENTED_EDGE('',*,*,#123,.F.);
#922=EDGE_LOOP('',(#384,#385,#390,#398,#406,#414,#419,#427,#435,#443,#448,#456,#464,#472,#477,#485,#493,#501,#506,#514,#522,#530,#535,#541,#547,#553,#558,#564,#570,#578,#583,#589,#595,#603,#608,#614,#620,#628,#633,#639,#645,#653,#658,#664,#670,#677,#680,#681,#685,#686,#691,#696,#702,#707,#712,#717,#723,#728,#733,#738,#744,#749,#754,#759,#765,#770,#775,#780,#786,#791,#796,#801,#807,#812,#817,#822,#828,#833,#838,#843,#849,#854,#859,#864,#870,#875,#880,#885,#891,#896,#901,#906,#912,#917,#920,#921));
#923=FACE_BOUND('',#383,.T.);
#924=FACE_OUTER_BOUND('',#922,.T.);
#925=ADVANCED_FACE('',(#923,#924),#142,.T.);
#926=CARTESIAN_POINT('',(0.000000000000,0.000000000000,-0.125000000000));
#927=AXIS2_PLACEMENT_3D('',#926,#26,#518);
#928=PLANE('',#927);
#929=CARTESIAN_POINT('',(-0.011360569157,0.199677082983,-0.125000000000));
#930=VERTEX_POINT('',#929);
#931=CARTESIAN_POINT('',(-0.040706764796,0.195813583032,-0.125000000000));
#932=VERTEX_POINT('',#931);
#933=AXIS2_PLACEMENT_3D('',#926,#11,#140);
#934=CIRCLE('',#933,0.200000000000);
#935=EDGE_CURVE('',#930,#932,#934,.T.);
#936=ORIENTED_EDGE('',*,*,#935,.T.);
#937=CARTESIAN_POINT('',(-0.062653699096,0.189932919710,-0.125000000000));
#938=VERTEX_POINT('',#937);
#939=CIRCLE('',#933,0.200000000000);
#940=EDGE_CURVE('',#932,#938,#939,.T.);
#941=ORIENTED_EDGE('',*,*,#940,.T.);
#942=CARTESIAN_POINT('',(-0.090000000000,0.178605710995,-0.125000000000));
#943=VERTEX_POINT('',#942);
#944=CIRCLE('',#933,0.200000000000);
#945=EDGE_CURVE('',#938,#943,#944,.T.);
#946=ORIENTED_EDGE('',*,*,#945,.T.);
#947=CARTESIAN_POINT('',(-0.109677082983,0.167245141838,-0.125000000000));
#948=VERTEX_POINT('',#947);
#949=CIRCLE('',#933,0.200000000000);
#950=EDGE_CURVE('',#943,#948,#949,.T.);
#951=ORIENTED_EDGE('',*,*,#950,.T.);
#952=CARTESIAN_POINT('',(-0.133159883936,0.149226154913,-0.125000000000));
#953=VERTEX_POINT('',#952);
#954=CIRCLE('',#933,0.200000000000);
#955=EDGE_CURVE('',#948,#953,#954,.T.);
#956=ORIENTED_EDGE('',*,*,#955,.T.);
#957=CARTESIAN_POINT('',(-0.149226154913,0.133159883936,-0.125000000000));
#958=VERTEX_POINT('',#957);
#959=CIRCLE('',#933,0.200000000000);
#960=EDGE_CURVE('',#953,#958,#959,.T.);
#961=ORIENTED_EDGE('',*,*,#960,.T.);
#962=CARTESIAN_POINT('',(-0.167245141838,0.109677082983,-0.125000000000));
#963=VERTEX_POINT('',#962);
#964=CIRCLE('',#933,0.200000000000);
#965=EDGE_CURVE('',#958,#963,#964,.T.);
#966=ORIENTED_EDGE('',*,*,#965,.T.);
#967=CARTESIAN_POINT('',(-0.178605710995,0.090000000000,-0.125000000000));
#968=VERTEX_POINT('',#967);
#969=CIRCLE('',#933,0.200000000000);
#970=EDGE_CURVE('',#963,#968,#969,.T.);
#971=ORIENTED_EDGE('',*,*,#970,.T.);
#972=CARTESIAN_POINT('',(-0.189932919710,0.062653699096,-0.125000000000));
#973=VERTEX_POINT('',#972);
#974=CIRCLE('',#933,0.200000000000);
#975=EDGE_CURVE('',#968,#973,#974,.T.);
#976=ORIENTED_EDGE('',*,*,#975,.T.);
#977=CARTESIAN_POINT('',(-0.195813583032,0.040706764796,-0.125000000000));
#978=VERTEX_POINT('',#977);
#979=CIRCLE('',#933,0.200000000000);
#980=EDGE_CURVE('',#973,#978,#979,.T.);
#981=ORIENTED_EDGE('',*,*,#980,.T.);
#982=CARTESIAN_POINT('',(-0.199677082983,0.011360569157,-0.125000000000));
#983=VERTEX_POINT('',#982);
#984=CIRCLE('',#933,0.200000000000);
#985=EDGE_CURVE('',#978,#983,#984,.T.);
#986=ORIENTED_EDGE('',*,*,#985,.T.);
#987=CARTESIAN_POINT('',(-0.199677082983,-0.011360569157,-0.125000000000));
#988=VERTEX_POINT('',#987);
#989=CIRCLE('',#933,0.200000000000);
#990=EDGE_CURVE('',#983,#988,#989,.T.);
#991=ORIENTED_EDGE('',*,*,#990,.T.);
#992=CARTESIAN_POINT('',(-0.195813583032,-0.040706764796,-0.125000000000));
#993=VERTEX_POINT('',#992);
#994=CIRCLE('',#933,0.200000000000);
#995=EDGE_CURVE('',#988,#993,#994,.T.);
#996=ORIENTED_EDGE('',*,*,#995,.T.);
#997=CARTESIAN_POINT('',(-0.189932919710,-0.062653699096,-0.125000000000));
#998=VERTEX_POINT('',#997);
#999=CIRCLE('',#933,0.200000000000);
#1000=EDGE_CURVE('',#993,#998,#999,.T.);
#1001=ORIENTED_EDGE('',*,*,#1000,.T.);
#1002=CARTESIAN_POINT('',(-0.178605710995,-0.090000000000,-0.125000000000));
#1003=VERTEX_POINT('',#1002);
#1004=CIRCLE('',#933,0.200000000000);
#1005=EDGE_CURVE('',#998,#1003,#1004,.T.);
#1006=ORIENTED_EDGE('',*,*,#1005,.T.);
#1007=CARTESIAN_POINT('',(-0.167245141838,-0.109677082983,-0.125000000000));
#1008=VERTEX_POINT('',#1007);
#1009=CIRCLE('',#933,0.200000000000);
#1010=EDGE_CURVE('',#1003,#1008,#1009,.T.);
#1011=ORIENTED_EDGE('',*,*,#1010,.T.);
#1012=CARTESIAN_POINT('',(-0.149226154913,-0.133159883936,-0.125000000000));
#1013=VERTEX_POINT('',#1012);
#1014=CIRCLE('',#933,0.200000000000);
#1015=EDGE_CURVE('',#1008,#1013,#1014,.T.);
#1016=ORIENTED_EDGE('',*,*,#1015,.T.);
#1017=CARTESIAN_POINT('',(-0.133159883936,-0.149226154913,-0.125000000000));
#1018=VERTEX_POINT('',#1017);
#1019=CIRCLE('',#933,0.200000000000);
#1020=EDGE_CURVE('',#1013,#1018,#1019,.T.);
#1021=ORIENTED_EDGE('',*,*,#1020,.T.);
#1022=CARTESIAN_POINT('',(-0.109677082983,-0.167245141838,-0.125000000000));
#1023=VERTEX_POINT('',#1022);
#1024=CIRCLE('',#933,0.200000000000);
#1025=EDGE_CURVE('',#1018,#1023,#1024,.T.);
#1026=ORIENTED_EDGE('',*,*,#1025,.T.);
#1027=CARTESIAN_POINT('',(-0.090000000000,-0.178605710995,-0.125000000000));
#1028=VERTEX_POINT('',#1027);
#1029=CIRCLE('',#933,0.200000000000);
#1030=EDGE_CURVE('',#1023,#1028,#1029,.T.);
#1031=ORIENTED_EDGE('',*,*,#1030,.T.);
#1032=CARTESIAN_POINT('',(-0.062653699096,-0.189932919710,-0.125000000000));
#1033=VERTEX_POINT('',#1032);
#1034=CIRCLE('',#933,0.200000000000);
#1035=EDGE_CURVE('',#1028,#1033,#1034,.T.);
#1036=ORIENTED_EDGE('',*,*,#1035,.T.);
#1037=CARTESIAN_POINT('',(-0.040706764796,-0.195813583032,-0.125000000000));
#1038=VERTEX_POINT('',#1037);
#1039=CIRCLE('',#933,0.200000000000);
#1040=EDGE_CURVE('',#1033,#1038,#1039,.T.);
#1041=ORIENTED_EDGE('',*,*,#1040,.T.);
#1042=CARTESIAN_POINT('',(-0.011360569157,-0.199677082983,-0.125000000000));
#1043=VERTEX_POINT('',#1042);
#1044=CIRCLE('',#933,0.200000000000);
#1045=EDGE_CURVE('',#1038,#1043,#1044,.T.);
#1046=ORIENTED_EDGE('',*,*,#1045,.T.);
#1047=CARTESIAN_POINT('',(0.011360569157,-0.199677082983,-0.125000000000));
#1048=VERTEX_POINT('',#1047);
#1049=CIRCLE('',#933,0.200000000000);
#1050=EDGE_CURVE('',#1043,#1048,#1049,.T.);
#1051=ORIENTED_EDGE('',*,*,#1050,.T.);
#1052=CARTESIAN_POINT('',(0.040706764796,-0.195813583032,-0.125000000000));
#1053=VERTEX_POINT('',#1052);
#1054=CIRCLE('',#933,0.200000000000);
#1055=EDGE_CURVE('',#1048,#1053,#1054,.T.);
#1056=ORIENTED_EDGE('',*,*,#1055,.T.);
#1057=CARTESIAN_POINT('',(0.062653699096,-0.189932919710,-0.125000000000));
#1058=VERTEX_POINT('',#1057);
#1059=CIRCLE('',#933,0.200000000000);
#1060=EDGE_CURVE('',#1053,#1058,#1059,.T.);
#1061=ORIENTED_EDGE('',*,*,#1060,.T.);
#1062=CARTESIAN_POINT('',(0.090000000000,-0.178605710995,-0.125000000000));
#1063=VERTEX_POINT('',#1062);
#1064=CIRCLE('',#933,0.200000000000);
#1065=EDGE_CURVE('',#1058,#1063,#1064,.T.);
#1066=ORIENTED_EDGE('',*,*,#1065,.T.);
#1067=CARTESIAN_POINT('',(0.109677082983,-0.167245141838,-0.125000000000));
#1068=VERTEX_POINT('',#1067);
#1069=CIRCLE('',#933,0.200000000000);
#1070=EDGE_CURVE('',#1063,#1068,#1069,.T.);
#1071=ORIENTED_EDGE('',*,*,#1070,.T.);
#1072=CARTESIAN_POINT('',(0.133159883936,-0.149226154913,-0.125000000000));
#1073=VERTEX_POINT('',#1072);
#1074=CIRCLE('',#933,0.200000000000);
#1075=EDGE_CURVE('',#1068,#1073,#1074,.T.);
#1076=ORIENTED_EDGE('',*,*,#1075,.T.);
#1077=CARTESIAN_POINT('',(0.149226154913,-0.133159883936,-0.125000000000));
#1078=VERTEX_POINT('',#1077);
#1079=CIRCLE('',#933,0.200000000000);
#1080=EDGE_CURVE('',#1073,#1078,#1079,.T.);
#1081=ORIENTED_EDGE('',*,*,#1080,.T.);
#1082=CARTESIAN_POINT('',(0.167245141838,-0.109677082983,-0.125000000000));
#1083=VERTEX_POINT('',#1082);
#1084=CIRCLE('',#933,0.200000000000);
#1085=EDGE_CURVE('',#1078,#1083,#1084,.T.);
#1086=ORIENTED_EDGE('',*,*,#1085,.T.);
#1087=CARTESIAN_POINT('',(0.178605710995,-0.090000000000,-0.125000000000));
#1088=VERTEX_POINT('',#1087);
#1089=CIRCLE('',#933,0.200000000000);
#1090=EDGE_CURVE('',#1083,#1088,#1089,.T.);
#1091=ORIENTED_EDGE('',*,*,#1090,.T.);
#1092=CARTESIAN_POINT('',(0.189932919710,-0.062653699096,-0.125000000000));
#1093=VERTEX_POINT('',#1092);
#1094=CIRCLE('',#933,0.200000000000);
#1095=EDGE_CURVE('',#1088,#1093,#1094,.T.);
#1096=ORIENTED_EDGE('',*,*,#1095,.T.);
#1097=CARTESIAN_POINT('',(0.195813583032,-0.040706764796,-0.125000000000));
#1098=VERTEX_POINT('',#1097);
#1099=CIRCLE('',#933,0.200000000000);
#1100=EDGE_CURVE('',#1093,#1098,#1099,.T.);
#1101=ORIENTED_EDGE('',*,*,#1100,.T.);
#1102=CARTESIAN_POINT('',(0.199677082983,-0.011360569157,-0.125000000000));
#1103=VERTEX_POINT('',#1102);
#1104=CIRCLE('',#933,0.200000000000);
#1105=EDGE_CURVE('',#1098,#1103,#1104,.T.);
#1106=ORIENTED_EDGE('',*,*,#1105,.T.);
#1107=CARTESIAN_POINT('',(0.199677082983,0.011360569157,-0.125000000000));
#1108=VERTEX_POINT('',#1107);
#1109=CIRCLE('',#933,0.200000000000);
#1110=EDGE_CURVE('',#1103,#1108,#1109,.T.);
#1111=ORIENTED_EDGE('',*,*,#1110,.T.);
#1112=CARTESIAN_POINT('',(0.195813583032,0.040706764796,-0.125000000000));
#1113=VERTEX_POINT('',#1112);
#1114=CIRCLE('',#933,0.200000000000);
#1115=EDGE_CURVE('',#1108,#1113,#1114,.T.);
#1116=ORIENTED_EDGE('',*,*,#1115,.T.);
#1117=CARTESIAN_POINT('',(0.189932919710,0.062653699096,-0.125000000000));
#1118=VERTEX_POINT('',#1117);
#1119=CIRCLE('',#933,0.200000000000);
#1120=EDGE_CURVE('',#1113,#1118,#1119,.T.);
#1121=ORIENTED_EDGE('',*,*,#1120,.T.);
#1122=CARTESIAN_POINT('',(0.178605710995,0.090000000000,-0.125000000000));
#1123=VERTEX_POINT('',#1122);
#1124=CIRCLE('',#933,0.200000000000);
#1125=EDGE_CURVE('',#1118,#1123,#1124,.T.);
#1126=ORIENTED_EDGE('',*,*,#1125,.T.);
#1127=CARTESIAN_POINT('',(0.167245141838,0.109677082983,-0.125000000000));
#1128=VERTEX_POINT('',#1127);
#1129=CIRCLE('',#933,0.200000000000);
#1130=EDGE_CURVE('',#1123,#1128,#1129,.T.);
#1131=ORIENTED_EDGE('',*,*,#1130,.T.);
#1132=CARTESIAN_POINT('',(0.149226154913,0.133159883936,-0.125000000000));
#1133=VERTEX_POINT('',#1132);
#1134=CIRCLE('',#933,0.200000000000);
#1135=EDGE_CURVE('',#1128,#1133,#1134,.T.);
#1136=ORIENTED_EDGE('',*,*,#1135,.T.);
#1137=CARTESIAN_POINT('',(0.133159883936,0.149226154913,-0.125000000000));
#1138=VERTEX_POINT('',#1137);
#1139=CIRCLE('',#933,0.200000000000);
#1140=EDGE_CURVE('',#1133,#1138,#1139,.T.);
#1141=ORIENTED_EDGE('',*,*,#1140,.T.);
#1142=CARTESIAN_POINT('',(0.109677082983,0.167245141838,-0.125000000000));
#1143=VERTEX_POINT('',#1142);
#1144=CIRCLE('',#933,0.200000000000);
#1145=EDGE_CURVE('',#1138,#1143,#1144,.T.);
#1146=ORIENTED_EDGE('',*,*,#1145,.T.);
#1147=CARTESIAN_POINT('',(0.090000000000,0.178605710995,-0.125000000000));
#1148=VERTEX_POINT('',#1147);
#1149=CIRCLE('',#933,0.200000000000);
#1150=EDGE_CURVE('',#1143,#1148,#1149,.T.);
#1151=ORIENTED_EDGE('',*,*,#1150,.T.);
#1152=CARTESIAN_POINT('',(0.062653699096,0.189932919710,-0.125000000000));
#1153=VERTEX_POINT('',#1152);
#1154=CIRCLE('',#933,0.200000000000);
#1155=EDGE_CURVE('',#1148,#1153,#1154,.T.);
#1156=ORIENTED_EDGE('',*,*,#1155,.T.);
#1157=CARTESIAN_POINT('',(0.040706764796,0.195813583032,-0.125000000000));
#1158=VERTEX_POINT('',#1157);
#1159=CIRCLE('',#933,0.200000000000);
#1160=EDGE_CURVE('',#1153,#1158,#1159,.T.);
#1161=ORIENTED_EDGE('',*,*,#1160,.T.);
#1162=CARTESIAN_POINT('',(0.011360569157,0.199677082983,-0.125000000000));
#1163=VERTEX_POINT('',#1162);
#1164=CIRCLE('',#933,0.200000000000);
#1165=EDGE_CURVE('',#1158,#1163,#1164,.T.);
#1166=ORIENTED_EDGE('',*,*,#1165,.T.);
#1167=CIRCLE('',#933,0.200000000000);
#1168=EDGE_CURVE('',#1163,#930,#1167,.T.);
#1169=ORIENTED_EDGE('',*,*,#1168,.T.);
#1170=EDGE_LOOP('',(#936,#941,#946,#951,#956,#961,#966,#971,#976,#981,#986,#991,#996,#1001,#1006,#1011,#1016,#1021,#1026,#1031,#1036,#1041,#1046,#1051,#1056,#1061,#1066,#1071,#1076,#1081,#1086,#1091,#1096,#1101,#1106,#1111,#1116,#1121,#1126,#1131,#1136,#1141,#1146,#1151,#1156,#1161,#1166,#1169));
#1171=ORIENTED_EDGE('',*,*,#35,.F.);
#1172=ORIENTED_EDGE('',*,*,#132,.F.);
#1173=CARTESIAN_POINT('',(-0.090000000000,1.357018791322,-0.125000000000));
#1174=VERTEX_POINT('',#1173);
#1175=CIRCLE('',#933,1.360000000000);
#1176=EDGE_CURVE('',#1174,#126,#1175,.T.);
#1177=ORIENTED_EDGE('',*,*,#1176,.F.);
#1178=CARTESIAN_POINT('',(-0.090000000000,1.500000000000,-0.125000000000));
#1179=VERTEX_POINT('',#1178);
#1180=CARTESIAN_POINT('',(-0.090000000000,0.000000000000,-0.125000000000));
#1181=LINE('',#1180,#674);
#1182=EDGE_CURVE('',#1174,#1179,#1181,.T.);
#1183=ORIENTED_EDGE('',*,*,#1182,.T.);
#1184=CARTESIAN_POINT('',(0.090000000000,1.500000000000,-0.125000000000));
#1185=VERTEX_POINT('',#1184);
#1186=CARTESIAN_POINT('',(0.000000000000,1.500000000000,-0.125000000000));
#1187=LINE('',#1186,#527);
#1188=EDGE_CURVE('',#1179,#1185,#1187,.T.);
#1189=ORIENTED_EDGE('',*,*,#1188,.T.);
#1190=CARTESIAN_POINT('',(0.090000000000,1.357018791322,-0.125000000000));
#1191=VERTEX_POINT('',#1190);
#1192=CARTESIAN_POINT('',(0.090000000000,0.000000000000,-0.125000000000));
#1193=LINE('',#1192,#519);
#1194=EDGE_CURVE('',#1185,#1191,#1193,.T.);
#1195=ORIENTED_EDGE('',*,*,#1194,.T.);
#1196=CARTESIAN_POINT('',(0.264288983390,1.334073211356,-0.125000000000));
#1197=VERTEX_POINT('',#1196);
#1198=CIRCLE('',#933,1.360000000000);
#1199=EDGE_CURVE('',#1197,#1191,#1198,.T.);
#1200=ORIENTED_EDGE('',*,*,#1199,.F.);
#1201=CARTESIAN_POINT('',(0.301295243288,1.472182453493,-0.125000000000));
#1202=VERTEX_POINT('',#1201);
#1203=CARTESIAN_POINT('',(-0.086933324366,0.023293714059,-0.125000000000));
#1204=LINE('',#1203,#650);
#1205=EDGE_CURVE('',#1197,#1202,#1204,.T.);
#1206=ORIENTED_EDGE('',*,*,#1205,.T.);
#1207=CARTESIAN_POINT('',(0.475161892020,1.425595025374,-0.125000000000));
#1208=VERTEX_POINT('',#1207);
#1209=CARTESIAN_POINT('',(0.388228567654,1.448888739434,-0.125000000000));
#1210=LINE('',#1209,#498);
#1211=EDGE_CURVE('',#1202,#1208,#1210,.T.);
#1212=ORIENTED_EDGE('',*,*,#1211,.T.);
#1213=CARTESIAN_POINT('',(0.438155632122,1.287485783238,-0.125000000000));
#1214=VERTEX_POINT('',#1213);
#1215=CARTESIAN_POINT('',(0.086933324366,-0.023293714059,-0.125000000000));
#1216=LINE('',#1215,#490);
#1217=EDGE_CURVE('',#1208,#1214,#1216,.T.);
#1218=ORIENTED_EDGE('',*,*,#1217,.T.);
#1219=CARTESIAN_POINT('',(0.600567109320,1.220212746697,-0.125000000000));
#1220=VERTEX_POINT('',#1219);
#1221=CIRCLE('',#933,1.360000000000);
#1222=EDGE_CURVE('',#1220,#1214,#1221,.T.);
#1223=ORIENTED_EDGE('',*,*,#1222,.F.);
#1224=CARTESIAN_POINT('',(0.672057713659,1.344038105677,-0.125000000000));
#1225=VERTEX_POINT('',#1224);
#1226=CARTESIAN_POINT('',(-0.077942286341,0.045000000000,-0.125000000000));
#1227=LINE('',#1226,#625);
#1228=EDGE_CURVE('',#1220,#1225,#1227,.T.);
#1229=ORIENTED_EDGE('',*,*,#1228,.T.);
#1230=CARTESIAN_POINT('',(0.827942286341,1.254038105677,-0.125000000000));
#1231=VERTEX_POINT('',#1230);
#1232=CARTESIAN_POINT('',(0.750000000000,1.299038105677,-0.125000000000));
#1233=LINE('',#1232,#469);
#1234=EDGE_CURVE('',#1225,#1231,#1233,.T.);
#1235=ORIENTED_EDGE('',*,*,#1234,.T.);
#1236=CARTESIAN_POINT('',(0.756451682001,1.130212746697,-0.125000000000));
#1237=VERTEX_POINT('',#1236);
#1238=CARTESIAN_POINT('',(0.077942286341,-0.045000000000,-0.125000000000));
#1239=LINE('',#1238,#461);
#1240=EDGE_CURVE('',#1231,#1237,#1239,.T.);
#1241=ORIENTED_EDGE('',*,*,#1240,.T.);
#1242=CARTESIAN_POINT('',(0.895917579234,1.023196799848,-0.125000000000));
#1243=VERTEX_POINT('',#1242);
#1244=CIRCLE('',#933,1.360000000000);
#1245=EDGE_CURVE('',#1243,#1237,#1244,.T.);
#1246=ORIENTED_EDGE('',*,*,#1245,.F.);
#1247=CARTESIAN_POINT('',(0.997020561473,1.124299782087,-0.125000000000));
#1248=VERTEX_POINT('',#1247);
#1249=CARTESIAN_POINT('',(-0.063639610307,0.063639610307,-0.125000000000));
#1250=LINE('',#1249,#600);
#1251=EDGE_CURVE('',#1243,#1248,#1250,.T.);
#1252=ORIENTED_EDGE('',*,*,#1251,.T.);
#1253=CARTESIAN_POINT('',(1.124299782087,0.997020561473,-0.125000000000));
#1254=VERTEX_POINT('',#1253);
#1255=CARTESIAN_POINT('',(1.060660171780,1.060660171780,-0.125000000000));
#1256=LINE('',#1255,#440);
#1257=EDGE_CURVE('',#1248,#1254,#1256,.T.);
#1258=ORIENTED_EDGE('',*,*,#1257,.T.);
#1259=CARTESIAN_POINT('',(1.023196799848,0.895917579234,-0.125000000000));
#1260=VERTEX_POINT('',#1259);
#1261=CARTESIAN_POINT('',(0.063639610307,-0.063639610307,-0.125000000000));
#1262=LINE('',#1261,#432);
#1263=EDGE_CURVE('',#1254,#1260,#1262,.T.);
#1264=ORIENTED_EDGE('',*,*,#1263,.T.);
#1265=CARTESIAN_POINT('',(1.130212746697,0.756451682001,-0.125000000000));
#1266=VERTEX_POINT('',#1265);
#1267=CIRCLE('',#933,1.360000000000);
#1268=EDGE_CURVE('',#1266,#1260,#1267,.T.);
#1269=ORIENTED_EDGE('',*,*,#1268,.F.);
#1270=CARTESIAN_POINT('',(1.254038105677,0.827942286341,-0.125000000000));
#1271=VERTEX_POINT('',#1270);
#1272=CARTESIAN_POINT('',(-0.045000000000,0.077942286341,-0.125000000000));
#1273=LINE('',#1272,#575);
#1274=EDGE_CURVE('',#1266,#1271,#1273,.T.);
#1275=ORIENTED_EDGE('',*,*,#1274,.T.);
#1276=CARTESIAN_POINT('',(1.344038105677,0.672057713659,-0.125000000000));
#1277=VERTEX_POINT('',#1276);
#1278=CARTESIAN_POINT('',(1.299038105677,0.750000000000,-0.125000000000));
#1279=LINE('',#1278,#411);
#1280=EDGE_CURVE('',#1271,#1277,#1279,.T.);
#1281=ORIENTED_EDGE('',*,*,#1280,.T.);
#1282=CARTESIAN_POINT('',(1.220212746697,0.600567109320,-0.125000000000));
#1283=VERTEX_POINT('',#1282);
#1284=CARTESIAN_POINT('',(0.045000000000,-0.077942286341,-0.125000000000));
#1285=LINE('',#1284,#403);
#1286=EDGE_CURVE('',#1277,#1283,#1285,.T.);
#1287=ORIENTED_EDGE('',*,*,#1286,.T.);
#1288=CARTESIAN_POINT('',(1.287485783238,0.438155632122,-0.125000000000));
#1289=VERTEX_POINT('',#1288);
#1290=CIRCLE('',#933,1.360000000000);
#1291=EDGE_CURVE('',#1289,#1283,#1290,.T.);
#1292=ORIENTED_EDGE('',*,*,#1291,.F.);
#1293=CARTESIAN_POINT('',(1.425595025374,0.475161892020,-0.125000000000));
#1294=VERTEX_POINT('',#1293);
#1295=CARTESIAN_POINT('',(-0.023293714059,0.086933324366,-0.125000000000));
#1296=LINE('',#1295,#19);
#1297=EDGE_CURVE('',#1289,#1294,#1296,.T.);
#1298=ORIENTED_EDGE('',*,*,#1297,.T.);
#1299=CARTESIAN_POINT('',(1.472182453493,0.301295243288,-0.125000000000));
#1300=VERTEX_POINT('',#1299);
#1301=CARTESIAN_POINT('',(1.448888739434,0.388228567654,-0.125000000000));
#1302=LINE('',#1301,#48);
#1303=EDGE_CURVE('',#1294,#1300,#1302,.T.);
#1304=ORIENTED_EDGE('',*,*,#1303,.T.);
#1305=CARTESIAN_POINT('',(1.334073211356,0.264288983390,-0.125000000000));
#1306=VERTEX_POINT('',#1305);
#1307=CARTESIAN_POINT('',(0.023293714059,-0.086933324366,-0.125000000000));
#1308=LINE('',#1307,#33);
#1309=EDGE_CURVE('',#1300,#1306,#1308,.T.);
#1310=ORIENTED_EDGE('',*,*,#1309,.T.);
#1311=CARTESIAN_POINT('',(1.357018791322,0.090000000000,-0.125000000000));
#1312=VERTEX_POINT('',#1311);
#1313=CIRCLE('',#933,1.360000000000);
#1314=EDGE_CURVE('',#1312,#1306,#1313,.T.);
#1315=ORIENTED_EDGE('',*,*,#1314,.F.);
#1316=CARTESIAN_POINT('',(1.500000000000,0.090000000000,-0.125000000000));
#1317=VERTEX_POINT('',#1316);
#1318=CARTESIAN_POINT('',(0.000000000000,0.090000000000,-0.125000000000));
#1319=LINE('',#1318,#527);
#1320=EDGE_CURVE('',#1312,#1317,#1319,.T.);
#1321=ORIENTED_EDGE('',*,*,#1320,.T.);
#1322=CARTESIAN_POINT('',(1.500000000000,-0.090000000000,-0.125000000000));
#1323=VERTEX_POINT('',#1322);
#1324=CARTESIAN_POINT('',(1.500000000000,0.000000000000,-0.125000000000));
#1325=LINE('',#1324,#519);
#1326=EDGE_CURVE('',#1317,#1323,#1325,.T.);
#1327=ORIENTED_EDGE('',*,*,#1326,.T.);
#1328=CARTESIAN_POINT('',(1.357018791322,-0.090000000000,-0.125000000000));
#1329=VERTEX_POINT('',#1328);
#1330=CARTESIAN_POINT('',(0.000000000000,-0.090000000000,-0.125000000000));
#1331=LINE('',#1330,#511);
#1332=EDGE_CURVE('',#1323,#1329,#1331,.T.);
#1333=ORIENTED_EDGE('',*,*,#1332,.T.);
#1334=CARTESIAN_POINT('',(1.334073211356,-0.264288983390,-0.125000000000));
#1335=VERTEX_POINT('',#1334);
#1336=CIRCLE('',#933,1.360000000000);
#1337=EDGE_CURVE('',#1335,#1329,#1336,.T.);
#1338=ORIENTED_EDGE('',*,*,#1337,.F.);
#1339=CARTESIAN_POINT('',(1.472182453493,-0.301295243288,-0.125000000000));
#1340=VERTEX_POINT('',#1339);
#1341=CARTESIAN_POINT('',(0.023293714059,0.086933324366,-0.125000000000));
#1342=LINE('',#1341,#498);
#1343=EDGE_CURVE('',#1335,#1340,#1342,.T.);
#1344=ORIENTED_EDGE('',*,*,#1343,.T.);
#1345=CARTESIAN_POINT('',(1.425595025374,-0.475161892020,-0.125000000000));
#1346=VERTEX_POINT('',#1345);
#1347=CARTESIAN_POINT('',(1.448888739434,-0.388228567654,-0.125000000000));
#1348=LINE('',#1347,#490);
#1349=EDGE_CURVE('',#1340,#1346,#1348,.T.);
#1350=ORIENTED_EDGE('',*,*,#1349,.T.);
#1351=CARTESIAN_POINT('',(1.287485783238,-0.438155632122,-0.125000000000));
#1352=VERTEX_POINT('',#1351);
#1353=CARTESIAN_POINT('',(-0.023293714059,-0.086933324366,-0.125000000000));
#1354=LINE('',#1353,#482);
#1355=EDGE_CURVE('',#1346,#1352,#1354,.T.);
#1356=ORIENTED_EDGE('',*,*,#1355,.T.);
#1357=CARTESIAN_POINT('',(1.220212746697,-0.600567109320,-0.125000000000));
#1358=VERTEX_POINT('',#1357);
#1359=CIRCLE('',#933,1.360000000000);
#1360=EDGE_CURVE('',#1358,#1352,#1359,.T.);
#1361=ORIENTED_EDGE('',*,*,#1360,.F.);
#1362=CARTESIAN_POINT('',(1.344038105677,-0.672057713659,-0.125000000000));
#1363=VERTEX_POINT('',#1362);
#1364=CARTESIAN_POINT('',(0.045000000000,0.077942286341,-0.125000000000));
#1365=LINE('',#1364,#469);
#1366=EDGE_CURVE('',#1358,#1363,#1365,.T.);
#1367=ORIENTED_EDGE('',*,*,#1366,.T.);
#1368=CARTESIAN_POINT('',(1.254038105677,-0.827942286341,-0.125000000000));
#1369=VERTEX_POINT('',#1368);
#1370=CARTESIAN_POINT('',(1.299038105677,-0.750000000000,-0.125000000000));
#1371=LINE('',#1370,#461);
#1372=EDGE_CURVE('',#1363,#1369,#1371,.T.);
#1373=ORIENTED_EDGE('',*,*,#1372,.T.);
#1374=CARTESIAN_POINT('',(1.130212746697,-0.756451682001,-0.125000000000));
#1375=VERTEX_POINT('',#1374);
#1376=CARTESIAN_POINT('',(-0.045000000000,-0.077942286341,-0.125000000000));
#1377=LINE('',#1376,#453);
#1378=EDGE_CURVE('',#1369,#1375,#1377,.T.);
#1379=ORIENTED_EDGE('',*,*,#1378,.T.);
#1380=CARTESIAN_POINT('',(1.023196799848,-0.895917579234,-0.125000000000));
#1381=VERTEX_POINT('',#1380);
#1382=CIRCLE('',#933,1.360000000000);
#1383=EDGE_CURVE('',#1381,#1375,#1382,.T.);
#1384=ORIENTED_EDGE('',*,*,#1383,.F.);
#1385=CARTESIAN_POINT('',(1.124299782087,-0.997020561473,-0.125000000000));
#1386=VERTEX_POINT('',#1385);
#1387=CARTESIAN_POINT('',(0.063639610307,0.063639610307,-0.125000000000));
#1388=LINE('',#1387,#440);
#1389=EDGE_CURVE('',#1381,#1386,#1388,.T.);
#1390=ORIENTED_EDGE('',*,*,#1389,.T.);
#1391=CARTESIAN_POINT('',(0.997020561473,-1.124299782087,-0.125000000000));
#1392=VERTEX_POINT('',#1391);
#1393=CARTESIAN_POINT('',(1.060660171780,-1.060660171780,-0.125000000000));
#1394=LINE('',#1393,#432);
#1395=EDGE_CURVE('',#1386,#1392,#1394,.T.);
#1396=ORIENTED_EDGE('',*,*,#1395,.T.);
#1397=CARTESIAN_POINT('',(0.895917579234,-1.023196799848,-0.125000000000));
#1398=VERTEX_POINT('',#1397);
#1399=CARTESIAN_POINT('',(-0.063639610307,-0.063639610307,-0.125000000000));
#1400=LINE('',#1399,#424);
#1401=EDGE_CURVE('',#1392,#1398,#1400,.T.);
#1402=ORIENTED_EDGE('',*,*,#1401,.T.);
#1403=CARTESIAN_POINT('',(0.756451682001,-1.130212746697,-0.125000000000));
#1404=VERTEX_POINT('',#1403);
#1405=CIRCLE('',#933,1.360000000000);
#1406=EDGE_CURVE('',#1404,#1398,#1405,.T.);
#1407=ORIENTED_EDGE('',*,*,#1406,.F.);
#1408=CARTESIAN_POINT('',(0.827942286341,-1.254038105677,-0.125000000000));
#1409=VERTEX_POINT('',#1408);
#1410=CARTESIAN_POINT('',(0.077942286341,0.045000000000,-0.125000000000));
#1411=LINE('',#1410,#411);
#1412=EDGE_CURVE('',#1404,#1409,#1411,.T.);
#1413=ORIENTED_EDGE('',*,*,#1412,.T.);
#1414=CARTESIAN_POINT('',(0.672057713659,-1.344038105677,-0.125000000000));
#1415=VERTEX_POINT('',#1414);
#1416=CARTESIAN_POINT('',(0.750000000000,-1.299038105677,-0.125000000000));
#1417=LINE('',#1416,#403);
#1418=EDGE_CURVE('',#1409,#1415,#1417,.T.);
#1419=ORIENTED_EDGE('',*,*,#1418,.T.);
#1420=CARTESIAN_POINT('',(0.600567109320,-1.220212746697,-0.125000000000));
#1421=VERTEX_POINT('',#1420);
#1422=CARTESIAN_POINT('',(-0.077942286341,-0.045000000000,-0.125000000000));
#1423=LINE('',#1422,#395);
#1424=EDGE_CURVE('',#1415,#1421,#1423,.T.);
#1425=ORIENTED_EDGE('',*,*,#1424,.T.);
#1426=CIRCLE('',#933,1.360000000000);
#1427=EDGE_CURVE('',#109,#1421,#1426,.T.);
#1428=ORIENTED_EDGE('',*,*,#1427,.F.);
#1429=ORIENTED_EDGE('',*,*,#112,.F.);
#1430=CARTESIAN_POINT('',(0.388228567654,-1.448888739434,-0.125000000000));
#1431=LINE('',#1430,#33);
#1432=EDGE_CURVE('',#103,#78,#1431,.T.);
#1433=ORIENTED_EDGE('',*,*,#1432,.T.);
#1434=ORIENTED_EDGE('',*,*,#80,.F.);
#1435=CARTESIAN_POINT('',(0.090000000000,-1.357018791322,-0.125000000000));
#1436=VERTEX_POINT('',#1435);
#1437=CIRCLE('',#933,1.360000000000);
#1438=EDGE_CURVE('',#1436,#72,#1437,.T.);
#1439=ORIENTED_EDGE('',*,*,#1438,.F.);
#1440=CARTESIAN_POINT('',(0.090000000000,-1.500000000000,-0.125000000000));
#1441=VERTEX_POINT('',#1440);
#1442=LINE('',#1192,#519);
#1443=EDGE_CURVE('',#1436,#1441,#1442,.T.);
#1444=ORIENTED_EDGE('',*,*,#1443,.T.);
#1445=CARTESIAN_POINT('',(-0.090000000000,-1.500000000000,-0.125000000000));
#1446=VERTEX_POINT('',#1445);
#1447=CARTESIAN_POINT('',(0.000000000000,-1.500000000000,-0.125000000000));
#1448=LINE('',#1447,#511);
#1449=EDGE_CURVE('',#1441,#1446,#1448,.T.);
#1450=ORIENTED_EDGE('',*,*,#1449,.T.);
#1451=CARTESIAN_POINT('',(-0.090000000000,-1.357018791322,-0.125000000000));
#1452=VERTEX_POINT('',#1451);
#1453=LINE('',#1180,#674);
#1454=EDGE_CURVE('',#1446,#1452,#1453,.T.);
#1455=ORIENTED_EDGE('',*,*,#1454,.T.);
#1456=CARTESIAN_POINT('',(-0.264288983390,-1.334073211356,-0.125000000000));
#1457=VERTEX_POINT('',#1456);
#1458=CIRCLE('',#933,1.360000000000);
#1459=EDGE_CURVE('',#1457,#1452,#1458,.T.);
#1460=ORIENTED_EDGE('',*,*,#1459,.F.);
#1461=CARTESIAN_POINT('',(-0.301295243288,-1.472182453493,-0.125000000000));
#1462=VERTEX_POINT('',#1461);
#1463=LINE('',#1215,#490);
#1464=EDGE_CURVE('',#1457,#1462,#1463,.T.);
#1465=ORIENTED_EDGE('',*,*,#1464,.T.);
#1466=CARTESIAN_POINT('',(-0.475161892020,-1.425595025374,-0.125000000000));
#1467=VERTEX_POINT('',#1466);
#1468=CARTESIAN_POINT('',(-0.388228567654,-1.448888739434,-0.125000000000));
#1469=LINE('',#1468,#482);
#1470=EDGE_CURVE('',#1462,#1467,#1469,.T.);
#1471=ORIENTED_EDGE('',*,*,#1470,.T.);
#1472=CARTESIAN_POINT('',(-0.438155632122,-1.287485783238,-0.125000000000));
#1473=VERTEX_POINT('',#1472);
#1474=LINE('',#1203,#650);
#1475=EDGE_CURVE('',#1467,#1473,#1474,.T.);
#1476=ORIENTED_EDGE('',*,*,#1475,.T.);
#1477=CARTESIAN_POINT('',(-0.600567109320,-1.220212746697,-0.125000000000));
#1478=VERTEX_POINT('',#1477);
#1479=CIRCLE('',#933,1.360000000000);
#1480=EDGE_CURVE('',#1478,#1473,#1479,.T.);
#1481=ORIENTED_EDGE('',*,*,#1480,.F.);
#1482=CARTESIAN_POINT('',(-0.672057713659,-1.344038105677,-0.125000000000));
#1483=VERTEX_POINT('',#1482);
#1484=LINE('',#1238,#461);
#1485=EDGE_CURVE('',#1478,#1483,#1484,.T.);
#1486=ORIENTED_EDGE('',*,*,#1485,.T.);
#1487=CARTESIAN_POINT('',(-0.827942286341,-1.254038105677,-0.125000000000));
#1488=VERTEX_POINT('',#1487);
#1489=CARTESIAN_POINT('',(-0.750000000000,-1.299038105677,-0.125000000000));
#1490=LINE('',#1489,#453);
#1491=EDGE_CURVE('',#1483,#1488,#1490,.T.);
#1492=ORIENTED_EDGE('',*,*,#1491,.T.);
#1493=CARTESIAN_POINT('',(-0.756451682001,-1.130212746697,-0.125000000000));
#1494=VERTEX_POINT('',#1493);
#1495=LINE('',#1226,#625);
#1496=EDGE_CURVE('',#1488,#1494,#1495,.T.);
#1497=ORIENTED_EDGE('',*,*,#1496,.T.);
#1498=CARTESIAN_POINT('',(-0.895917579234,-1.023196799848,-0.125000000000));
#1499=VERTEX_POINT('',#1498);
#1500=CIRCLE('',#933,1.360000000000);
#1501=EDGE_CURVE('',#1499,#1494,#1500,.T.);
#1502=ORIENTED_EDGE('',*,*,#1501,.F.);
#1503=CARTESIAN_POINT('',(-0.997020561473,-1.124299782087,-0.125000000000));
#1504=VERTEX_POINT('',#1503);
#1505=LINE('',#1261,#432);
#1506=EDGE_CURVE('',#1499,#1504,#1505,.T.);
#1507=ORIENTED_EDGE('',*,*,#1506,.T.);
#1508=CARTESIAN_POINT('',(-1.124299782087,-0.997020561473,-0.125000000000));
#1509=VERTEX_POINT('',#1508);
#1510=CARTESIAN_POINT('',(-1.060660171780,-1.060660171780,-0.125000000000));
#1511=LINE('',#1510,#424);
#1512=EDGE_CURVE('',#1504,#1509,#1511,.T.);
#1513=ORIENTED_EDGE('',*,*,#1512,.T.);
#1514=CARTESIAN_POINT('',(-1.023196799848,-0.895917579234,-0.125000000000));
#1515=VERTEX_POINT('',#1514);
#1516=LINE('',#1249,#600);
#1517=EDGE_CURVE('',#1509,#1515,#1516,.T.);
#1518=ORIENTED_EDGE('',*,*,#1517,.T.);
#1519=CARTESIAN_POINT('',(-1.130212746697,-0.756451682001,-0.125000000000));
#1520=VERTEX_POINT('',#1519);
#1521=CIRCLE('',#933,1.360000000000);
#1522=EDGE_CURVE('',#1520,#1515,#1521,.T.);
#1523=ORIENTED_EDGE('',*,*,#1522,.F.);
#1524=CARTESIAN_POINT('',(-1.254038105677,-0.827942286341,-0.125000000000));
#1525=VERTEX_POINT('',#1524);
#1526=LINE('',#1284,#403);
#1527=EDGE_CURVE('',#1520,#1525,#1526,.T.);
#1528=ORIENTED_EDGE('',*,*,#1527,.T.);
#1529=CARTESIAN_POINT('',(-1.344038105677,-0.672057713659,-0.125000000000));
#1530=VERTEX_POINT('',#1529);
#1531=CARTESIAN_POINT('',(-1.299038105677,-0.750000000000,-0.125000000000));
#1532=LINE('',#1531,#395);
#1533=EDGE_CURVE('',#1525,#1530,#1532,.T.);
#1534=ORIENTED_EDGE('',*,*,#1533,.T.);
#1535=CARTESIAN_POINT('',(-1.220212746697,-0.600567109320,-0.125000000000));
#1536=VERTEX_POINT('',#1535);
#1537=LINE('',#1272,#575);
#1538=EDGE_CURVE('',#1530,#1536,#1537,.T.);
#1539=ORIENTED_EDGE('',*,*,#1538,.T.);
#1540=CARTESIAN_POINT('',(-1.287485783238,-0.438155632122,-0.125000000000));
#1541=VERTEX_POINT('',#1540);
#1542=CIRCLE('',#933,1.360000000000);
#1543=EDGE_CURVE('',#1541,#1536,#1542,.T.);
#1544=ORIENTED_EDGE('',*,*,#1543,.F.);
#1545=CARTESIAN_POINT('',(-1.425595025374,-0.475161892020,-0.125000000000));
#1546=VERTEX_POINT('',#1545);
#1547=LINE('',#1307,#33);
#1548=EDGE_CURVE('',#1541,#1546,#1547,.T.);
#1549=ORIENTED_EDGE('',*,*,#1548,.T.);
#1550=CARTESIAN_POINT('',(-1.472182453493,-0.301295243288,-0.125000000000));
#1551=VERTEX_POINT('',#1550);
#1552=CARTESIAN_POINT('',(-1.448888739434,-0.388228567654,-0.125000000000));
#1553=LINE('',#1552,#59);
#1554=EDGE_CURVE('',#1546,#1551,#1553,.T.);
#1555=ORIENTED_EDGE('',*,*,#1554,.T.);
#1556=CARTESIAN_POINT('',(-1.334073211356,-0.264288983390,-0.125000000000));
#1557=VERTEX_POINT('',#1556);
#1558=LINE('',#1295,#19);
#1559=EDGE_CURVE('',#1551,#1557,#1558,.T.);
#1560=ORIENTED_EDGE('',*,*,#1559,.T.);
#1561=CARTESIAN_POINT('',(-1.357018791322,-0.090000000000,-0.125000000000));
#1562=VERTEX_POINT('',#1561);
#1563=CIRCLE('',#933,1.360000000000);
#1564=EDGE_CURVE('',#1562,#1557,#1563,.T.);
#1565=ORIENTED_EDGE('',*,*,#1564,.F.);
#1566=CARTESIAN_POINT('',(-1.500000000000,-0.090000000000,-0.125000000000));
#1567=VERTEX_POINT('',#1566);
#1568=LINE('',#1330,#511);
#1569=EDGE_CURVE('',#1562,#1567,#1568,.T.);
#1570=ORIENTED_EDGE('',*,*,#1569,.T.);
#1571=CARTESIAN_POINT('',(-1.500000000000,0.090000000000,-0.125000000000));
#1572=VERTEX_POINT('',#1571);
#1573=CARTESIAN_POINT('',(-1.500000000000,0.000000000000,-0.125000000000));
#1574=LINE('',#1573,#674);
#1575=EDGE_CURVE('',#1567,#1572,#1574,.T.);
#1576=ORIENTED_EDGE('',*,*,#1575,.T.);
#1577=CARTESIAN_POINT('',(-1.357018791322,0.090000000000,-0.125000000000));
#1578=VERTEX_POINT('',#1577);
#1579=LINE('',#1318,#527);
#1580=EDGE_CURVE('',#1572,#1578,#1579,.T.);
#1581=ORIENTED_EDGE('',*,*,#1580,.T.);
#1582=CARTESIAN_POINT('',(-1.334073211356,0.264288983390,-0.125000000000));
#1583=VERTEX_POINT('',#1582);
#1584=CIRCLE('',#933,1.360000000000);
#1585=EDGE_CURVE('',#1583,#1578,#1584,.T.);
#1586=ORIENTED_EDGE('',*,*,#1585,.F.);
#1587=CARTESIAN_POINT('',(-1.472182453493,0.301295243288,-0.125000000000));
#1588=VERTEX_POINT('',#1587);
#1589=LINE('',#1353,#482);
#1590=EDGE_CURVE('',#1583,#1588,#1589,.T.);
#1591=ORIENTED_EDGE('',*,*,#1590,.T.);
#1592=CARTESIAN_POINT('',(-1.425595025374,0.475161892020,-0.125000000000));
#1593=VERTEX_POINT('',#1592);
#1594=CARTESIAN_POINT('',(-1.448888739434,0.388228567654,-0.125000000000));
#1595=LINE('',#1594,#650);
#1596=EDGE_CURVE('',#1588,#1593,#1595,.T.);
#1597=ORIENTED_EDGE('',*,*,#1596,.T.);
#1598=CARTESIAN_POINT('',(-1.287485783238,0.438155632122,-0.125000000000));
#1599=VERTEX_POINT('',#1598);
#1600=LINE('',#1341,#498);
#1601=EDGE_CURVE('',#1593,#1599,#1600,.T.);
#1602=ORIENTED_EDGE('',*,*,#1601,.T.);
#1603=CARTESIAN_POINT('',(-1.220212746697,0.600567109320,-0.125000000000));
#1604=VERTEX_POINT('',#1603);
#1605=CIRCLE('',#933,1.360000000000);
#1606=EDGE_CURVE('',#1604,#1599,#1605,.T.);
#1607=ORIENTED_EDGE('',*,*,#1606,.F.);
#1608=CARTESIAN_POINT('',(-1.344038105677,0.672057713659,-0.125000000000));
#1609=VERTEX_POINT('',#1608);
#1610=LINE('',#1376,#453);
#1611=EDGE_CURVE('',#1604,#1609,#1610,.T.);
#1612=ORIENTED_EDGE('',*,*,#1611,.T.);
#1613=CARTESIAN_POINT('',(-1.254038105677,0.827942286341,-0.125000000000));
#1614=VERTEX_POINT('',#1613);
#1615=CARTESIAN_POINT('',(-1.299038105677,0.750000000000,-0.125000000000));
#1616=LINE('',#1615,#625);
#1617=EDGE_CURVE('',#1609,#1614,#1616,.T.);
#1618=ORIENTED_EDGE('',*,*,#1617,.T.);
#1619=CARTESIAN_POINT('',(-1.130212746697,0.756451682001,-0.125000000000));
#1620=VERTEX_POINT('',#1619);
#1621=LINE('',#1364,#469);
#1622=EDGE_CURVE('',#1614,#1620,#1621,.T.);
#1623=ORIENTED_EDGE('',*,*,#1622,.T.);
#1624=CARTESIAN_POINT('',(-1.023196799848,0.895917579234,-0.125000000000));
#1625=VERTEX_POINT('',#1624);
#1626=CIRCLE('',#933,1.360000000000);
#1627=EDGE_CURVE('',#1625,#1620,#1626,.T.);
#1628=ORIENTED_EDGE('',*,*,#1627,.F.);
#1629=CARTESIAN_POINT('',(-1.124299782087,0.997020561473,-0.125000000000));
#1630=VERTEX_POINT('',#1629);
#1631=LINE('',#1399,#424);
#1632=EDGE_CURVE('',#1625,#1630,#1631,.T.);
#1633=ORIENTED_EDGE('',*,*,#1632,.T.);
#1634=CARTESIAN_POINT('',(-0.997020561473,1.124299782087,-0.125000000000));
#1635=VERTEX_POINT('',#1634);
#1636=CARTESIAN_POINT('',(-1.060660171780,1.060660171780,-0.125000000000));
#1637=LINE('',#1636,#600);
#1638=EDGE_CURVE('',#1630,#1635,#1637,.T.);
#1639=ORIENTED_EDGE('',*,*,#1638,.T.);
#1640=CARTESIAN_POINT('',(-0.895917579234,1.023196799848,-0.125000000000));
#1641=VERTEX_POINT('',#1640);
#1642=LINE('',#1387,#440);
#1643=EDGE_CURVE('',#1635,#1641,#1642,.T.);
#1644=ORIENTED_EDGE('',*,*,#1643,.T.);
#1645=CARTESIAN_POINT('',(-0.756451682001,1.130212746697,-0.125000000000));
#1646=VERTEX_POINT('',#1645);
#1647=CIRCLE('',#933,1.360000000000);
#1648=EDGE_CURVE('',#1646,#1641,#1647,.T.);
#1649=ORIENTED_EDGE('',*,*,#1648,.F.);
#1650=CARTESIAN_POINT('',(-0.827942286341,1.254038105677,-0.125000000000));
#1651=VERTEX_POINT('',#1650);
#1652=LINE('',#1422,#395);
#1653=EDGE_CURVE('',#1646,#1651,#1652,.T.);
#1654=ORIENTED_EDGE('',*,*,#1653,.T.);
#1655=CARTESIAN_POINT('',(-0.672057713659,1.344038105677,-0.125000000000));
#1656=VERTEX_POINT('',#1655);
#1657=CARTESIAN_POINT('',(-0.750000000000,1.299038105677,-0.125000000000));
#1658=LINE('',#1657,#575);
#1659=EDGE_CURVE('',#1651,#1656,#1658,.T.);
#1660=ORIENTED_EDGE('',*,*,#1659,.T.);
#1661=CARTESIAN_POINT('',(-0.600567109320,1.220212746697,-0.125000000000));
#1662=VERTEX_POINT('',#1661);
#1663=LINE('',#1410,#411);
#1664=EDGE_CURVE('',#1656,#1662,#1663,.T.);
#1665=ORIENTED_EDGE('',*,*,#1664,.T.);
#1666=CIRCLE('',#933,1.360000000000);
#1667=EDGE_CURVE('',#45,#1662,#1666,.T.);
#1668=ORIENTED_EDGE('',*,*,#1667,.F.);
#1669=ORIENTED_EDGE('',*,*,#50,.F.);
#1670=EDGE_LOOP('',(#1171,#1172,#1177,#1183,#1189,#1195,#1200,#1206,#1212,#1218,#1223,#1229,#1235,#1241,#1246,#1252,#1258,#1264,#1269,#1275,#1281,#1287,#1292,#1298,#1304,#1310,#1315,#1321,#1327,#1333,#1338,#1344,#1350,#1356,#1361,#1367,#1373,#1379,#1384,#1390,#1396,#1402,#1407,#1413,#1419,#1425,#1428,#1429,#1433,#1434,#1439,#1444,#1450,#1455,#1460,#1465,#1471,#1476,#1481,#1486,#1492,#1497,#1502,#1507,#1513,#1518,#1523,#1528,#1534,#1539,#1544,#1549,#1555,#1560,#1565,#1570,#1576,#1581,#1586,#1591,#1597,#1602,#1607,#1612,#1618,#1623,#1628,#1633,#1639,#1644,#1649,#1654,#1660,#1665,#1668,#1669));
#1671=FACE_BOUND('',#1170,.T.);
#1672=FACE_OUTER_BOUND('',#1670,.T.);
#1673=ADVANCED_FACE('',(#1671,#1672),#928,.T.);
#1674=CARTESIAN_POINT('',(0.000000000000,1.500000000000,0.000000000000));
#1675=AXIS2_PLACEMENT_3D('',#1674,#140,#526);
#1676=PLANE('',#1675);
#1677=ORIENTED_EDGE('',*,*,#911,.F.);
#1678=CARTESIAN_POINT('',(0.090000000000,1.500000000000,0.000000000000));
#1679=LINE('',#1678,#27);
#1680=EDGE_CURVE('',#903,#1185,#1679,.T.);
#1681=ORIENTED_EDGE('',*,*,#1680,.T.);
#1682=ORIENTED_EDGE('',*,*,#1188,.F.);
#1683=CARTESIAN_POINT('',(-0.090000000000,1.500000000000,0.000000000000));
#1684=LINE('',#1683,#12);
#1685=EDGE_CURVE('',#1179,#908,#1684,.T.);
#1686=ORIENTED_EDGE('',*,*,#1685,.T.);
#1687=EDGE_LOOP('',(#1677,#1681,#1682,#1686));
#1688=FACE_OUTER_BOUND('',#1687,.T.);
#1689=ADVANCED_FACE('',(#1688),#1676,.T.);
#1690=CARTESIAN_POINT('',(-0.090000000000,0.000000000000,0.000000000000));
#1691=AXIS2_PLACEMENT_3D('',#1690,#510,#140);
#1692=PLANE('',#1691);
#1693=ORIENTED_EDGE('',*,*,#916,.F.);
#1694=ORIENTED_EDGE('',*,*,#1685,.F.);
#1695=ORIENTED_EDGE('',*,*,#1182,.F.);
#1696=CARTESIAN_POINT('',(-0.090000000000,1.357018791322,0.000000000000));
#1697=LINE('',#1696,#12);
#1698=EDGE_CURVE('',#1174,#914,#1697,.T.);
#1699=ORIENTED_EDGE('',*,*,#1698,.T.);
#1700=EDGE_LOOP('',(#1693,#1694,#1695,#1699));
#1701=ORIENTED_EDGE('',*,*,#663,.F.);
#1702=CARTESIAN_POINT('',(-0.090000000000,-1.357018791322,0.000000000000));
#1703=LINE('',#1702,#12);
#1704=EDGE_CURVE('',#1452,#655,#1703,.T.);
#1705=ORIENTED_EDGE('',*,*,#1704,.F.);
#1706=ORIENTED_EDGE('',*,*,#1454,.F.);
#1707=CARTESIAN_POINT('',(-0.090000000000,-1.500000000000,0.000000000000));
#1708=LINE('',#1707,#12);
#1709=EDGE_CURVE('',#1446,#660,#1708,.T.);
#1710=ORIENTED_EDGE('',*,*,#1709,.T.);
#1711=EDGE_LOOP('',(#1701,#1705,#1706,#1710));
#1712=FACE_OUTER_BOUND('',#1700,.T.);
#1713=ADVANCED_FACE('',(#1712),#1692,.T.);
#1714=FACE_OUTER_BOUND('',#1711,.T.);
#1715=ADVANCED_FACE('',(#1714),#1692,.T.);
#1716=CARTESIAN_POINT('',(0.090000000000,0.000000000000,0.000000000000));
#1717=AXIS2_PLACEMENT_3D('',#1716,#526,#518);
#1718=PLANE('',#1717);
#1719=ORIENTED_EDGE('',*,*,#905,.F.);
#1720=CARTESIAN_POINT('',(0.090000000000,1.357018791322,0.000000000000));
#1721=LINE('',#1720,#12);
#1722=EDGE_CURVE('',#1191,#898,#1721,.T.);
#1723=ORIENTED_EDGE('',*,*,#1722,.F.);
#1724=ORIENTED_EDGE('',*,*,#1194,.F.);
#1725=ORIENTED_EDGE('',*,*,#1680,.F.);
#1726=EDGE_LOOP('',(#1719,#1723,#1724,#1725));
#1727=ORIENTED_EDGE('',*,*,#676,.F.);
#1728=CARTESIAN_POINT('',(0.090000000000,-1.500000000000,0.000000000000));
#1729=LINE('',#1728,#27);
#1730=EDGE_CURVE('',#666,#1441,#1729,.T.);
#1731=ORIENTED_EDGE('',*,*,#1730,.T.);
#1732=ORIENTED_EDGE('',*,*,#1443,.F.);
#1733=CARTESIAN_POINT('',(0.090000000000,-1.357018791322,0.000000000000));
#1734=LINE('',#1733,#12);
#1735=EDGE_CURVE('',#1436,#672,#1734,.T.);
#1736=ORIENTED_EDGE('',*,*,#1735,.T.);
#1737=EDGE_LOOP('',(#1727,#1731,#1732,#1736));
#1738=FACE_OUTER_BOUND('',#1726,.T.);
#1739=ADVANCED_FACE('',(#1738),#1718,.T.);
#1740=FACE_OUTER_BOUND('',#1737,.T.);
#1741=ADVANCED_FACE('',(#1740),#1718,.T.);
#1742=CARTESIAN_POINT('',(-0.750000000000,1.299038105677,0.000000000000));
#1743=AXIS2_PLACEMENT_3D('',#1742,#394,#574);
#1744=PLANE('',#1743);
#1745=ORIENTED_EDGE('',*,*,#405,.F.);
#1746=CARTESIAN_POINT('',(-0.672057713659,1.344038105677,0.000000000000));
#1747=LINE('',#1746,#27);
#1748=EDGE_CURVE('',#392,#1656,#1747,.T.);
#1749=ORIENTED_EDGE('',*,*,#1748,.T.);
#1750=ORIENTED_EDGE('',*,*,#1659,.F.);
#1751=CARTESIAN_POINT('',(-0.827942286341,1.254038105677,0.000000000000));
#1752=LINE('',#1751,#12);
#1753=EDGE_CURVE('',#1651,#400,#1752,.T.);
#1754=ORIENTED_EDGE('',*,*,#1753,.T.);
#1755=EDGE_LOOP('',(#1745,#1749,#1750,#1754));
#1756=FACE_OUTER_BOUND('',#1755,.T.);
#1757=ADVANCED_FACE('',(#1756),#1744,.T.);
#1758=CARTESIAN_POINT('',(-0.077942286341,-0.045000000000,0.000000000000));
#1759=AXIS2_PLACEMENT_3D('',#1758,#402,#394);
#1760=PLANE('',#1759);
#1761=ORIENTED_EDGE('',*,*,#413,.F.);
#1762=ORIENTED_EDGE('',*,*,#1753,.F.);
#1763=ORIENTED_EDGE('',*,*,#1653,.F.);
#1764=CARTESIAN_POINT('',(-0.756451682001,1.130212746697,0.000000000000));
#1765=LINE('',#1764,#12);
#1766=EDGE_CURVE('',#1646,#408,#1765,.T.);
#1767=ORIENTED_EDGE('',*,*,#1766,.T.);
#1768=EDGE_LOOP('',(#1761,#1762,#1763,#1767));
#1769=ORIENTED_EDGE('',*,*,#695,.F.);
#1770=CARTESIAN_POINT('',(0.600567109320,-1.220212746697,0.000000000000));
#1771=LINE('',#1770,#12);
#1772=EDGE_CURVE('',#1421,#688,#1771,.T.);
#1773=ORIENTED_EDGE('',*,*,#1772,.F.);
#1774=ORIENTED_EDGE('',*,*,#1424,.F.);
#1775=CARTESIAN_POINT('',(0.672057713659,-1.344038105677,0.000000000000));
#1776=LINE('',#1775,#12);
#1777=EDGE_CURVE('',#1415,#693,#1776,.T.);
#1778=ORIENTED_EDGE('',*,*,#1777,.T.);
#1779=EDGE_LOOP('',(#1769,#1773,#1774,#1778));
#1780=FACE_OUTER_BOUND('',#1768,.T.);
#1781=ADVANCED_FACE('',(#1780),#1760,.T.);
#1782=FACE_OUTER_BOUND('',#1779,.T.);
#1783=ADVANCED_FACE('',(#1782),#1760,.T.);
#1784=CARTESIAN_POINT('',(0.077942286341,0.045000000000,0.000000000000));
#1785=AXIS2_PLACEMENT_3D('',#1784,#574,#410);
#1786=PLANE('',#1785);
#1787=ORIENTED_EDGE('',*,*,#397,.F.);
#1788=CARTESIAN_POINT('',(-0.600567109320,1.220212746697,0.000000000000));
#1789=LINE('',#1788,#12);
#1790=EDGE_CURVE('',#1662,#387,#1789,.T.);
#1791=ORIENTED_EDGE('',*,*,#1790,.F.);
#1792=ORIENTED_EDGE('',*,*,#1664,.F.);
#1793=ORIENTED_EDGE('',*,*,#1748,.F.);
#1794=EDGE_LOOP('',(#1787,#1791,#1792,#1793));
#1795=ORIENTED_EDGE('',*,*,#706,.F.);
#1796=CARTESIAN_POINT('',(0.827942286341,-1.254038105677,0.000000000000));
#1797=LINE('',#1796,#27);
#1798=EDGE_CURVE('',#698,#1409,#1797,.T.);
#1799=ORIENTED_EDGE('',*,*,#1798,.T.);
#1800=ORIENTED_EDGE('',*,*,#1412,.F.);
#1801=CARTESIAN_POINT('',(0.756451682001,-1.130212746697,0.000000000000));
#1802=LINE('',#1801,#12);
#1803=EDGE_CURVE('',#1404,#704,#1802,.T.);
#1804=ORIENTED_EDGE('',*,*,#1803,.T.);
#1805=EDGE_LOOP('',(#1795,#1799,#1800,#1804));
#1806=FACE_OUTER_BOUND('',#1794,.T.);
#1807=ADVANCED_FACE('',(#1806),#1786,.T.);
#1808=FACE_OUTER_BOUND('',#1805,.T.);
#1809=ADVANCED_FACE('',(#1808),#1786,.T.);
#1810=CARTESIAN_POINT('',(0.000000000000,-1.500000000000,0.000000000000));
#1811=AXIS2_PLACEMENT_3D('',#1810,#518,#510);
#1812=PLANE('',#1811);
#1813=ORIENTED_EDGE('',*,*,#669,.F.);
#1814=ORIENTED_EDGE('',*,*,#1709,.F.);
#1815=ORIENTED_EDGE('',*,*,#1449,.F.);
#1816=ORIENTED_EDGE('',*,*,#1730,.F.);
#1817=EDGE_LOOP('',(#1813,#1814,#1815,#1816));
#1818=FACE_OUTER_BOUND('',#1817,.T.);
#1819=ADVANCED_FACE('',(#1818),#1812,.T.);
#1820=CARTESIAN_POINT('',(1.060660171780,1.060660171780,0.000000000000));
#1821=AXIS2_PLACEMENT_3D('',#1820,#599,#439);
#1822=PLANE('',#1821);
#1823=ORIENTED_EDGE('',*,*,#848,.F.);
#1824=CARTESIAN_POINT('',(1.124299782087,0.997020561473,0.000000000000));
#1825=LINE('',#1824,#27);
#1826=EDGE_CURVE('',#840,#1254,#1825,.T.);
#1827=ORIENTED_EDGE('',*,*,#1826,.T.);
#1828=ORIENTED_EDGE('',*,*,#1257,.F.);
#1829=CARTESIAN_POINT('',(0.997020561473,1.124299782087,0.000000000000));
#1830=LINE('',#1829,#12);
#1831=EDGE_CURVE('',#1248,#845,#1830,.T.);
#1832=ORIENTED_EDGE('',*,*,#1831,.T.);
#1833=EDGE_LOOP('',(#1823,#1827,#1828,#1832));
#1834=FACE_OUTER_BOUND('',#1833,.T.);
#1835=ADVANCED_FACE('',(#1834),#1822,.T.);
#1836=CARTESIAN_POINT('',(-0.063639610307,0.063639610307,0.000000000000));
#1837=AXIS2_PLACEMENT_3D('',#1836,#423,#599);
#1838=PLANE('',#1837);
#1839=ORIENTED_EDGE('',*,*,#588,.F.);
#1840=CARTESIAN_POINT('',(-1.023196799848,-0.895917579234,0.000000000000));
#1841=LINE('',#1840,#12);
#1842=EDGE_CURVE('',#1515,#580,#1841,.T.);
#1843=ORIENTED_EDGE('',*,*,#1842,.F.);
#1844=ORIENTED_EDGE('',*,*,#1517,.F.);
#1845=CARTESIAN_POINT('',(-1.124299782087,-0.997020561473,0.000000000000));
#1846=LINE('',#1845,#12);
#1847=EDGE_CURVE('',#1509,#585,#1846,.T.);
#1848=ORIENTED_EDGE('',*,*,#1847,.T.);
#1849=EDGE_LOOP('',(#1839,#1843,#1844,#1848));
#1850=ORIENTED_EDGE('',*,*,#853,.F.);
#1851=ORIENTED_EDGE('',*,*,#1831,.F.);
#1852=ORIENTED_EDGE('',*,*,#1251,.F.);
#1853=CARTESIAN_POINT('',(0.895917579234,1.023196799848,0.000000000000));
#1854=LINE('',#1853,#12);
#1855=EDGE_CURVE('',#1243,#851,#1854,.T.);
#1856=ORIENTED_EDGE('',*,*,#1855,.T.);
#1857=EDGE_LOOP('',(#1850,#1851,#1852,#1856));
#1858=FACE_OUTER_BOUND('',#1849,.T.);
#1859=ADVANCED_FACE('',(#1858),#1838,.T.);
#1860=FACE_OUTER_BOUND('',#1857,.T.);
#1861=ADVANCED_FACE('',(#1860),#1838,.T.);
#1862=CARTESIAN_POINT('',(0.063639610307,-0.063639610307,0.000000000000));
#1863=AXIS2_PLACEMENT_3D('',#1862,#439,#431);
#1864=PLANE('',#1863);
#1865=ORIENTED_EDGE('',*,*,#842,.F.);
#1866=CARTESIAN_POINT('',(1.023196799848,0.895917579234,0.000000000000));
#1867=LINE('',#1866,#12);
#1868=EDGE_CURVE('',#1260,#835,#1867,.T.);
#1869=ORIENTED_EDGE('',*,*,#1868,.F.);
#1870=ORIENTED_EDGE('',*,*,#1263,.F.);
#1871=ORIENTED_EDGE('',*,*,#1826,.F.);
#1872=EDGE_LOOP('',(#1865,#1869,#1870,#1871));
#1873=ORIENTED_EDGE('',*,*,#602,.F.);
#1874=CARTESIAN_POINT('',(-0.997020561473,-1.124299782087,0.000000000000));
#1875=LINE('',#1874,#27);
#1876=EDGE_CURVE('',#591,#1504,#1875,.T.);
#1877=ORIENTED_EDGE('',*,*,#1876,.T.);
#1878=ORIENTED_EDGE('',*,*,#1506,.F.);
#1879=CARTESIAN_POINT('',(-0.895917579234,-1.023196799848,0.000000000000));
#1880=LINE('',#1879,#12);
#1881=EDGE_CURVE('',#1499,#597,#1880,.T.);
#1882=ORIENTED_EDGE('',*,*,#1881,.T.);
#1883=EDGE_LOOP('',(#1873,#1877,#1878,#1882));
#1884=FACE_OUTER_BOUND('',#1872,.T.);
#1885=ADVANCED_FACE('',(#1884),#1864,.T.);
#1886=FACE_OUTER_BOUND('',#1883,.T.);
#1887=ADVANCED_FACE('',(#1886),#1864,.T.);
#1888=CARTESIAN_POINT('',(0.750000000000,1.299038105677,0.000000000000));
#1889=AXIS2_PLACEMENT_3D('',#1888,#624,#468);
#1890=PLANE('',#1889);
#1891=ORIENTED_EDGE('',*,*,#869,.F.);
#1892=CARTESIAN_POINT('',(0.827942286341,1.254038105677,0.000000000000));
#1893=LINE('',#1892,#27);
#1894=EDGE_CURVE('',#861,#1231,#1893,.T.);
#1895=ORIENTED_EDGE('',*,*,#1894,.T.);
#1896=ORIENTED_EDGE('',*,*,#1234,.F.);
#1897=CARTESIAN_POINT('',(0.672057713659,1.344038105677,0.000000000000));
#1898=LINE('',#1897,#12);
#1899=EDGE_CURVE('',#1225,#866,#1898,.T.);
#1900=ORIENTED_EDGE('',*,*,#1899,.T.);
#1901=EDGE_LOOP('',(#1891,#1895,#1896,#1900));
#1902=FACE_OUTER_BOUND('',#1901,.T.);
#1903=ADVANCED_FACE('',(#1902),#1890,.T.);
#1904=CARTESIAN_POINT('',(-0.077942286341,0.045000000000,0.000000000000));
#1905=AXIS2_PLACEMENT_3D('',#1904,#452,#624);
#1906=PLANE('',#1905);
#1907=ORIENTED_EDGE('',*,*,#874,.F.);
#1908=ORIENTED_EDGE('',*,*,#1899,.F.);
#1909=ORIENTED_EDGE('',*,*,#1228,.F.);
#1910=CARTESIAN_POINT('',(0.600567109320,1.220212746697,0.000000000000));
#1911=LINE('',#1910,#12);
#1912=EDGE_CURVE('',#1220,#872,#1911,.T.);
#1913=ORIENTED_EDGE('',*,*,#1912,.T.);
#1914=EDGE_LOOP('',(#1907,#1908,#1909,#1913));
#1915=ORIENTED_EDGE('',*,*,#613,.F.);
#1916=CARTESIAN_POINT('',(-0.756451682001,-1.130212746697,0.000000000000));
#1917=LINE('',#1916,#12);
#1918=EDGE_CURVE('',#1494,#605,#1917,.T.);
#1919=ORIENTED_EDGE('',*,*,#1918,.F.);
#1920=ORIENTED_EDGE('',*,*,#1496,.F.);
#1921=CARTESIAN_POINT('',(-0.827942286341,-1.254038105677,0.000000000000));
#1922=LINE('',#1921,#12);
#1923=EDGE_CURVE('',#1488,#610,#1922,.T.);
#1924=ORIENTED_EDGE('',*,*,#1923,.T.);
#1925=EDGE_LOOP('',(#1915,#1919,#1920,#1924));
#1926=FACE_OUTER_BOUND('',#1914,.T.);
#1927=ADVANCED_FACE('',(#1926),#1906,.T.);
#1928=FACE_OUTER_BOUND('',#1925,.T.);
#1929=ADVANCED_FACE('',(#1928),#1906,.T.);
#1930=CARTESIAN_POINT('',(0.077942286341,-0.045000000000,0.000000000000));
#1931=AXIS2_PLACEMENT_3D('',#1930,#468,#460);
#1932=PLANE('',#1931);
#1933=ORIENTED_EDGE('',*,*,#627,.F.);
#1934=CARTESIAN_POINT('',(-0.672057713659,-1.344038105677,0.000000000000));
#1935=LINE('',#1934,#27);
#1936=EDGE_CURVE('',#616,#1483,#1935,.T.);
#1937=ORIENTED_EDGE('',*,*,#1936,.T.);
#1938=ORIENTED_EDGE('',*,*,#1485,.F.);
#1939=CARTESIAN_POINT('',(-0.600567109320,-1.220212746697,0.000000000000));
#1940=LINE('',#1939,#12);
#1941=EDGE_CURVE('',#1478,#622,#1940,.T.);
#1942=ORIENTED_EDGE('',*,*,#1941,.T.);
#1943=EDGE_LOOP('',(#1933,#1937,#1938,#1942));
#1944=ORIENTED_EDGE('',*,*,#863,.F.);
#1945=CARTESIAN_POINT('',(0.756451682001,1.130212746697,0.000000000000));
#1946=LINE('',#1945,#12);
#1947=EDGE_CURVE('',#1237,#856,#1946,.T.);
#1948=ORIENTED_EDGE('',*,*,#1947,.F.);
#1949=ORIENTED_EDGE('',*,*,#1240,.F.);
#1950=ORIENTED_EDGE('',*,*,#1894,.F.);
#1951=EDGE_LOOP('',(#1944,#1948,#1949,#1950));
#1952=FACE_OUTER_BOUND('',#1943,.T.);
#1953=ADVANCED_FACE('',(#1952),#1932,.T.);
#1954=FACE_OUTER_BOUND('',#1951,.T.);
#1955=ADVANCED_FACE('',(#1954),#1932,.T.);
#1956=CARTESIAN_POINT('',(0.388228567654,1.448888739434,0.000000000000));
#1957=AXIS2_PLACEMENT_3D('',#1956,#649,#497);
#1958=PLANE('',#1957);
#1959=ORIENTED_EDGE('',*,*,#890,.F.);
#1960=CARTESIAN_POINT('',(0.475161892020,1.425595025374,0.000000000000));
#1961=LINE('',#1960,#27);
#1962=EDGE_CURVE('',#882,#1208,#1961,.T.);
#1963=ORIENTED_EDGE('',*,*,#1962,.T.);
#1964=ORIENTED_EDGE('',*,*,#1211,.F.);
#1965=CARTESIAN_POINT('',(0.301295243288,1.472182453493,0.000000000000));
#1966=LINE('',#1965,#12);
#1967=EDGE_CURVE('',#1202,#887,#1966,.T.);
#1968=ORIENTED_EDGE('',*,*,#1967,.T.);
#1969=EDGE_LOOP('',(#1959,#1963,#1964,#1968));
#1970=FACE_OUTER_BOUND('',#1969,.T.);
#1971=ADVANCED_FACE('',(#1970),#1958,.T.);
#1972=CARTESIAN_POINT('',(-0.086933324366,0.023293714059,0.000000000000));
#1973=AXIS2_PLACEMENT_3D('',#1972,#481,#649);
#1974=PLANE('',#1973);
#1975=ORIENTED_EDGE('',*,*,#895,.F.);
#1976=ORIENTED_EDGE('',*,*,#1967,.F.);
#1977=ORIENTED_EDGE('',*,*,#1205,.F.);
#1978=CARTESIAN_POINT('',(0.264288983390,1.334073211356,0.000000000000));
#1979=LINE('',#1978,#12);
#1980=EDGE_CURVE('',#1197,#893,#1979,.T.);
#1981=ORIENTED_EDGE('',*,*,#1980,.T.);
#1982=EDGE_LOOP('',(#1975,#1976,#1977,#1981));
#1983=ORIENTED_EDGE('',*,*,#638,.F.);
#1984=CARTESIAN_POINT('',(-0.438155632122,-1.287485783238,0.000000000000));
#1985=LINE('',#1984,#12);
#1986=EDGE_CURVE('',#1473,#630,#1985,.T.);
#1987=ORIENTED_EDGE('',*,*,#1986,.F.);
#1988=ORIENTED_EDGE('',*,*,#1475,.F.);
#1989=CARTESIAN_POINT('',(-0.475161892020,-1.425595025374,0.000000000000));
#1990=LINE('',#1989,#12);
#1991=EDGE_CURVE('',#1467,#635,#1990,.T.);
#1992=ORIENTED_EDGE('',*,*,#1991,.T.);
#1993=EDGE_LOOP('',(#1983,#1987,#1988,#1992));
#1994=FACE_OUTER_BOUND('',#1982,.T.);
#1995=ADVANCED_FACE('',(#1994),#1974,.T.);
#1996=FACE_OUTER_BOUND('',#1993,.T.);
#1997=ADVANCED_FACE('',(#1996),#1974,.T.);
#1998=CARTESIAN_POINT('',(0.086933324366,-0.023293714059,0.000000000000));
#1999=AXIS2_PLACEMENT_3D('',#1998,#497,#489);
#2000=PLANE('',#1999);
#2001=ORIENTED_EDGE('',*,*,#652,.F.);
#2002=CARTESIAN_POINT('',(-0.301295243288,-1.472182453493,0.000000000000));
#2003=LINE('',#2002,#27);
#2004=EDGE_CURVE('',#641,#1462,#2003,.T.);
#2005=ORIENTED_EDGE('',*,*,#2004,.T.);
#2006=ORIENTED_EDGE('',*,*,#1464,.F.);
#2007=CARTESIAN_POINT('',(-0.264288983390,-1.334073211356,0.000000000000));
#2008=LINE('',#2007,#12);
#2009=EDGE_CURVE('',#1457,#647,#2008,.T.);
#2010=ORIENTED_EDGE('',*,*,#2009,.T.);
#2011=EDGE_LOOP('',(#2001,#2005,#2006,#2010));
#2012=ORIENTED_EDGE('',*,*,#884,.F.);
#2013=CARTESIAN_POINT('',(0.438155632122,1.287485783238,0.000000000000));
#2014=LINE('',#2013,#12);
#2015=EDGE_CURVE('',#1214,#877,#2014,.T.);
#2016=ORIENTED_EDGE('',*,*,#2015,.F.);
#2017=ORIENTED_EDGE('',*,*,#1217,.F.);
#2018=ORIENTED_EDGE('',*,*,#1962,.F.);
#2019=EDGE_LOOP('',(#2012,#2016,#2017,#2018));
#2020=FACE_OUTER_BOUND('',#2011,.T.);
#2021=ADVANCED_FACE('',(#2020),#2000,.T.);
#2022=FACE_OUTER_BOUND('',#2019,.T.);
#2023=ADVANCED_FACE('',(#2022),#2000,.T.);
#2024=CARTESIAN_POINT('',(0.000000000000,0.000000000000,0.000000000000));
#2025=AXIS2_PLACEMENT_3D('',#2024,#11,#140);
#2026=CYLINDRICAL_SURFACE('',#2025,0.200000000000);
#2027=ORIENTED_EDGE('',*,*,#935,.F.);
#2028=ORIENTED_EDGE('',*,*,#1168,.F.);
#2029=ORIENTED_EDGE('',*,*,#1165,.F.);
#2030=ORIENTED_EDGE('',*,*,#1160,.F.);
#2031=ORIENTED_EDGE('',*,*,#1155,.F.);
#2032=ORIENTED_EDGE('',*,*,#1150,.F.);
#2033=ORIENTED_EDGE('',*,*,#1145,.F.);
#2034=ORIENTED_EDGE('',*,*,#1140,.F.);
#2035=ORIENTED_EDGE('',*,*,#1135,.F.);
#2036=ORIENTED_EDGE('',*,*,#1130,.F.);
#2037=ORIENTED_EDGE('',*,*,#1125,.F.);
#2038=ORIENTED_EDGE('',*,*,#1120,.F.);
#2039=ORIENTED_EDGE('',*,*,#1115,.F.);
#2040=ORIENTED_EDGE('',*,*,#1110,.F.);
#2041=ORIENTED_EDGE('',*,*,#1105,.F.);
#2042=ORIENTED_EDGE('',*,*,#1100,.F.);
#2043=ORIENTED_EDGE('',*,*,#1095,.F.);
#2044=ORIENTED_EDGE('',*,*,#1090,.F.);
#2045=ORIENTED_EDGE('',*,*,#1085,.F.);
#2046=ORIENTED_EDGE('',*,*,#1080,.F.);
#2047=ORIENTED_EDGE('',*,*,#1075,.F.);
#2048=ORIENTED_EDGE('',*,*,#1070,.F.);
#2049=ORIENTED_EDGE('',*,*,#1065,.F.);
#2050=ORIENTED_EDGE('',*,*,#1060,.F.);
#2051=ORIENTED_EDGE('',*,*,#1055,.F.);
#2052=ORIENTED_EDGE('',*,*,#1050,.F.);
#2053=ORIENTED_EDGE('',*,*,#1045,.F.);
#2054=ORIENTED_EDGE('',*,*,#1040,.F.);
#2055=ORIENTED_EDGE('',*,*,#1035,.F.);
#2056=ORIENTED_EDGE('',*,*,#1030,.F.);
#2057=ORIENTED_EDGE('',*,*,#1025,.F.);
#2058=ORIENTED_EDGE('',*,*,#1020,.F.);
#2059=ORIENTED_EDGE('',*,*,#1015,.F.);
#2060=ORIENTED_EDGE('',*,*,#1010,.F.);
#2061=ORIENTED_EDGE('',*,*,#1005,.F.);
#2062=ORIENTED_EDGE('',*,*,#1000,.F.);
#2063=ORIENTED_EDGE('',*,*,#995,.F.);
#2064=ORIENTED_EDGE('',*,*,#990,.F.);
#2065=ORIENTED_EDGE('',*,*,#985,.F.);
#2066=ORIENTED_EDGE('',*,*,#980,.F.);
#2067=ORIENTED_EDGE('',*,*,#975,.F.);
#2068=ORIENTED_EDGE('',*,*,#970,.F.);
#2069=ORIENTED_EDGE('',*,*,#965,.F.);
#2070=ORIENTED_EDGE('',*,*,#960,.F.);
#2071=ORIENTED_EDGE('',*,*,#955,.F.);
#2072=ORIENTED_EDGE('',*,*,#950,.F.);
#2073=ORIENTED_EDGE('',*,*,#945,.F.);
#2074=ORIENTED_EDGE('',*,*,#940,.F.);
#2075=EDGE_LOOP('',(#2027,#2028,#2029,#2030,#2031,#2032,#2033,#2034,#2035,#2036,#2037,#2038,#2039,#2040,#2041,#2042,#2043,#2044,#2045,#2046,#2047,#2048,#2049,#2050,#2051,#2052,#2053,#2054,#2055,#2056,#2057,#2058,#2059,#2060,#2061,#2062,#2063,#2064,#2065,#2066,#2067,#2068,#2069,#2070,#2071,#2072,#2073,#2074));
#2076=ORIENTED_EDGE('',*,*,#148,.T.);
#2077=ORIENTED_EDGE('',*,*,#381,.T.);
#2078=ORIENTED_EDGE('',*,*,#378,.T.);
#2079=ORIENTED_EDGE('',*,*,#373,.T.);
#2080=ORIENTED_EDGE('',*,*,#368,.T.);
#2081=ORIENTED_EDGE('',*,*,#363,.T.);
#2082=ORIENTED_EDGE('',*,*,#358,.T.);
#2083=ORIENTED_EDGE('',*,*,#353,.T.);
#2084=ORIENTED_EDGE('',*,*,#348,.T.);
#2085=ORIENTED_EDGE('',*,*,#343,.T.);
#2086=ORIENTED_EDGE('',*,*,#338,.T.);
#2087=ORIENTED_EDGE('',*,*,#333,.T.);
#2088=ORIENTED_EDGE('',*,*,#328,.T.);
#2089=ORIENTED_EDGE('',*,*,#323,.T.);
#2090=ORIENTED_EDGE('',*,*,#318,.T.);
#2091=ORIENTED_EDGE('',*,*,#313,.T.);
#2092=ORIENTED_EDGE('',*,*,#308,.T.);
#2093=ORIENTED_EDGE('',*,*,#303,.T.);
#2094=ORIENTED_EDGE('',*,*,#298,.T.);
#2095=ORIENTED_EDGE('',*,*,#293,.T.);
#2096=ORIENTED_EDGE('',*,*,#288,.T.);
#2097=ORIENTED_EDGE('',*,*,#283,.T.);
#2098=ORIENTED_EDGE('',*,*,#278,.T.);
#2099=ORIENTED_EDGE('',*,*,#273,.T.);
#2100=ORIENTED_EDGE('',*,*,#268,.T.);
#2101=ORIENTED_EDGE('',*,*,#263,.T.);
#2102=ORIENTED_EDGE('',*,*,#258,.T.);
#2103=ORIENTED_EDGE('',*,*,#253,.T.);
#2104=ORIENTED_EDGE('',*,*,#248,.T.);
#2105=ORIENTED_EDGE('',*,*,#243,.T.);
#2106=ORIENTED_EDGE('',*,*,#238,.T.);
#2107=ORIENTED_EDGE('',*,*,#233,.T.);
#2108=ORIENTED_EDGE('',*,*,#228,.T.);
#2109=ORIENTED_EDGE('',*,*,#223,.T.);
#2110=ORIENTED_EDGE('',*,*,#218,.T.);
#2111=ORIENTED_EDGE('',*,*,#213,.T.);
#2112=ORIENTED_EDGE('',*,*,#208,.T.);
#2113=ORIENTED_EDGE('',*,*,#203,.T.);
#2114=ORIENTED_EDGE('',*,*,#198,.T.);
#2115=ORIENTED_EDGE('',*,*,#193,.T.);
#2116=ORIENTED_EDGE('',*,*,#188,.T.);
#2117=ORIENTED_EDGE('',*,*,#183,.T.);
#2118=ORIENTED_EDGE('',*,*,#178,.T.);
#2119=ORIENTED_EDGE('',*,*,#173,.T.);
#2120=ORIENTED_EDGE('',*,*,#168,.T.);
#2121=ORIENTED_EDGE('',*,*,#163,.T.);
#2122=ORIENTED_EDGE('',*,*,#158,.T.);
#2123=ORIENTED_EDGE('',*,*,#153,.T.);
#2124=EDGE_LOOP('',(#2076,#2077,#2078,#2079,#2080,#2081,#2082,#2083,#2084,#2085,#2086,#2087,#2088,#2089,#2090,#2091,#2092,#2093,#2094,#2095,#2096,#2097,#2098,#2099,#2100,#2101,#2102,#2103,#2104,#2105,#2106,#2107,#2108,#2109,#2110,#2111,#2112,#2113,#2114,#2115,#2116,#2117,#2118,#2119,#2120,#2121,#2122,#2123));
#2125=FACE_BOUND('',#2075,.T.);
#2126=FACE_BOUND('',#2124,.T.);
#2127=ADVANCED_FACE('',(#2125,#2126),#2026,.F.);
#2128=CARTESIAN_POINT('',(-1.299038105677,0.750000000000,0.000000000000));
#2129=AXIS2_PLACEMENT_3D('',#2128,#452,#624);
#2130=PLANE('',#2129);
#2131=ORIENTED_EDGE('',*,*,#463,.F.);
#2132=CARTESIAN_POINT('',(-1.254038105677,0.827942286341,0.000000000000));
#2133=LINE('',#2132,#27);
#2134=EDGE_CURVE('',#450,#1614,#2133,.T.);
#2135=ORIENTED_EDGE('',*,*,#2134,.T.);
#2136=ORIENTED_EDGE('',*,*,#1617,.F.);
#2137=CARTESIAN_POINT('',(-1.344038105677,0.672057713659,0.000000000000));
#2138=LINE('',#2137,#12);
#2139=EDGE_CURVE('',#1609,#458,#2138,.T.);
#2140=ORIENTED_EDGE('',*,*,#2139,.T.);
#2141=EDGE_LOOP('',(#2131,#2135,#2136,#2140));
#2142=FACE_OUTER_BOUND('',#2141,.T.);
#2143=ADVANCED_FACE('',(#2142),#2130,.T.);
#2144=CARTESIAN_POINT('',(-0.045000000000,-0.077942286341,0.000000000000));
#2145=AXIS2_PLACEMENT_3D('',#2144,#460,#452);
#2146=PLANE('',#2145);
#2147=ORIENTED_EDGE('',*,*,#737,.F.);
#2148=CARTESIAN_POINT('',(1.130212746697,-0.756451682001,0.000000000000));
#2149=LINE('',#2148,#12);
#2150=EDGE_CURVE('',#1375,#730,#2149,.T.);
#2151=ORIENTED_EDGE('',*,*,#2150,.F.);
#2152=ORIENTED_EDGE('',*,*,#1378,.F.);
#2153=CARTESIAN_POINT('',(1.254038105677,-0.827942286341,0.000000000000));
#2154=LINE('',#2153,#12);
#2155=EDGE_CURVE('',#1369,#735,#2154,.T.);
#2156=ORIENTED_EDGE('',*,*,#2155,.T.);
#2157=EDGE_LOOP('',(#2147,#2151,#2152,#2156));
#2158=ORIENTED_EDGE('',*,*,#471,.F.);
#2159=ORIENTED_EDGE('',*,*,#2139,.F.);
#2160=ORIENTED_EDGE('',*,*,#1611,.F.);
#2161=CARTESIAN_POINT('',(-1.220212746697,0.600567109320,0.000000000000));
#2162=LINE('',#2161,#12);
#2163=EDGE_CURVE('',#1604,#466,#2162,.T.);
#2164=ORIENTED_EDGE('',*,*,#2163,.T.);
#2165=EDGE_LOOP('',(#2158,#2159,#2160,#2164));
#2166=FACE_OUTER_BOUND('',#2157,.T.);
#2167=ADVANCED_FACE('',(#2166),#2146,.T.);
#2168=FACE_OUTER_BOUND('',#2165,.T.);
#2169=ADVANCED_FACE('',(#2168),#2146,.T.);
#2170=CARTESIAN_POINT('',(0.045000000000,0.077942286341,0.000000000000));
#2171=AXIS2_PLACEMENT_3D('',#2170,#624,#468);
#2172=PLANE('',#2171);
#2173=ORIENTED_EDGE('',*,*,#748,.F.);
#2174=CARTESIAN_POINT('',(1.344038105677,-0.672057713659,0.000000000000));
#2175=LINE('',#2174,#27);
#2176=EDGE_CURVE('',#740,#1363,#2175,.T.);
#2177=ORIENTED_EDGE('',*,*,#2176,.T.);
#2178=ORIENTED_EDGE('',*,*,#1366,.F.);
#2179=CARTESIAN_POINT('',(1.220212746697,-0.600567109320,0.000000000000));
#2180=LINE('',#2179,#12);
#2181=EDGE_CURVE('',#1358,#746,#2180,.T.);
#2182=ORIENTED_EDGE('',*,*,#2181,.T.);
#2183=EDGE_LOOP('',(#2173,#2177,#2178,#2182));
#2184=ORIENTED_EDGE('',*,*,#455,.F.);
#2185=CARTESIAN_POINT('',(-1.130212746697,0.756451682001,0.000000000000));
#2186=LINE('',#2185,#12);
#2187=EDGE_CURVE('',#1620,#445,#2186,.T.);
#2188=ORIENTED_EDGE('',*,*,#2187,.F.);
#2189=ORIENTED_EDGE('',*,*,#1622,.F.);
#2190=ORIENTED_EDGE('',*,*,#2134,.F.);
#2191=EDGE_LOOP('',(#2184,#2188,#2189,#2190));
#2192=FACE_OUTER_BOUND('',#2183,.T.);
#2193=ADVANCED_FACE('',(#2192),#2172,.T.);
#2194=FACE_OUTER_BOUND('',#2191,.T.);
#2195=ADVANCED_FACE('',(#2194),#2172,.T.);
#2196=CYLINDRICAL_SURFACE('',#2025,1.360000000000);
#2197=ORIENTED_EDGE('',*,*,#582,.F.);
#2198=CARTESIAN_POINT('',(-1.130212746697,-0.756451682001,0.000000000000));
#2199=LINE('',#2198,#12);
#2200=EDGE_CURVE('',#1520,#572,#2199,.T.);
#2201=ORIENTED_EDGE('',*,*,#2200,.F.);
#2202=ORIENTED_EDGE('',*,*,#1522,.T.);
#2203=ORIENTED_EDGE('',*,*,#1842,.T.);
#2204=EDGE_LOOP('',(#2197,#2201,#2202,#2203));
#2205=ORIENTED_EDGE('',*,*,#795,.F.);
#2206=CARTESIAN_POINT('',(1.357018791322,0.090000000000,0.000000000000));
#2207=LINE('',#2206,#12);
#2208=EDGE_CURVE('',#1312,#788,#2207,.T.);
#2209=ORIENTED_EDGE('',*,*,#2208,.F.);
#2210=ORIENTED_EDGE('',*,*,#1314,.T.);
#2211=CARTESIAN_POINT('',(1.334073211356,0.264288983390,0.000000000000));
#2212=LINE('',#2211,#12);
#2213=EDGE_CURVE('',#1306,#793,#2212,.T.);
#2214=ORIENTED_EDGE('',*,*,#2213,.T.);
#2215=EDGE_LOOP('',(#2205,#2209,#2210,#2214));
#2216=ORIENTED_EDGE('',*,*,#476,.F.);
#2217=ORIENTED_EDGE('',*,*,#2163,.F.);
#2218=ORIENTED_EDGE('',*,*,#1606,.T.);
#2219=CARTESIAN_POINT('',(-1.287485783238,0.438155632122,0.000000000000));
#2220=LINE('',#2219,#12);
#2221=EDGE_CURVE('',#1599,#474,#2220,.T.);
#2222=ORIENTED_EDGE('',*,*,#2221,.T.);
#2223=EDGE_LOOP('',(#2216,#2217,#2218,#2222));
#2224=ORIENTED_EDGE('',*,*,#56,.F.);
#2225=ORIENTED_EDGE('',*,*,#1667,.T.);
#2226=ORIENTED_EDGE('',*,*,#1790,.T.);
#2227=ORIENTED_EDGE('',*,*,#389,.F.);
#2228=EDGE_LOOP('',(#2224,#2225,#2226,#2227));
#2229=ORIENTED_EDGE('',*,*,#879,.F.);
#2230=ORIENTED_EDGE('',*,*,#1912,.F.);
#2231=ORIENTED_EDGE('',*,*,#1222,.T.);
#2232=ORIENTED_EDGE('',*,*,#2015,.T.);
#2233=EDGE_LOOP('',(#2229,#2230,#2231,#2232));
#2234=ORIENTED_EDGE('',*,*,#607,.F.);
#2235=ORIENTED_EDGE('',*,*,#1881,.F.);
#2236=ORIENTED_EDGE('',*,*,#1501,.T.);
#2237=ORIENTED_EDGE('',*,*,#1918,.T.);
#2238=EDGE_LOOP('',(#2234,#2235,#2236,#2237));
#2239=ORIENTED_EDGE('',*,*,#418,.F.);
#2240=ORIENTED_EDGE('',*,*,#1766,.F.);
#2241=ORIENTED_EDGE('',*,*,#1648,.T.);
#2242=CARTESIAN_POINT('',(-0.895917579234,1.023196799848,0.000000000000));
#2243=LINE('',#2242,#12);
#2244=EDGE_CURVE('',#1641,#416,#2243,.T.);
#2245=ORIENTED_EDGE('',*,*,#2244,.T.);
#2246=EDGE_LOOP('',(#2239,#2240,#2241,#2245));
#2247=ORIENTED_EDGE('',*,*,#900,.F.);
#2248=ORIENTED_EDGE('',*,*,#1980,.F.);
#2249=ORIENTED_EDGE('',*,*,#1199,.T.);
#2250=ORIENTED_EDGE('',*,*,#1722,.T.);
#2251=EDGE_LOOP('',(#2247,#2248,#2249,#2250));
#2252=ORIENTED_EDGE('',*,*,#711,.F.);
#2253=ORIENTED_EDGE('',*,*,#1803,.F.);
#2254=ORIENTED_EDGE('',*,*,#1406,.T.);
#2255=CARTESIAN_POINT('',(0.895917579234,-1.023196799848,0.000000000000));
#2256=LINE('',#2255,#12);
#2257=EDGE_CURVE('',#1398,#709,#2256,.T.);
#2258=ORIENTED_EDGE('',*,*,#2257,.T.);
#2259=EDGE_LOOP('',(#2252,#2253,#2254,#2258));
#2260=ORIENTED_EDGE('',*,*,#774,.F.);
#2261=CARTESIAN_POINT('',(1.334073211356,-0.264288983390,0.000000000000));
#2262=LINE('',#2261,#12);
#2263=EDGE_CURVE('',#1335,#767,#2262,.T.);
#2264=ORIENTED_EDGE('',*,*,#2263,.F.);
#2265=ORIENTED_EDGE('',*,*,#1337,.T.);
#2266=CARTESIAN_POINT('',(1.357018791322,-0.090000000000,0.000000000000));
#2267=LINE('',#2266,#12);
#2268=EDGE_CURVE('',#1329,#772,#2267,.T.);
#2269=ORIENTED_EDGE('',*,*,#2268,.T.);
#2270=EDGE_LOOP('',(#2260,#2264,#2265,#2269));
#2271=ORIENTED_EDGE('',*,*,#447,.F.);
#2272=CARTESIAN_POINT('',(-1.023196799848,0.895917579234,0.000000000000));
#2273=LINE('',#2272,#12);
#2274=EDGE_CURVE('',#1625,#437,#2273,.T.);
#2275=ORIENTED_EDGE('',*,*,#2274,.F.);
#2276=ORIENTED_EDGE('',*,*,#1627,.T.);
#2277=ORIENTED_EDGE('',*,*,#2187,.T.);
#2278=EDGE_LOOP('',(#2271,#2275,#2276,#2277));
#2279=ORIENTED_EDGE('',*,*,#858,.F.);
#2280=ORIENTED_EDGE('',*,*,#1855,.F.);
#2281=ORIENTED_EDGE('',*,*,#1245,.T.);
#2282=ORIENTED_EDGE('',*,*,#1947,.T.);
#2283=EDGE_LOOP('',(#2279,#2280,#2281,#2282));
#2284=ORIENTED_EDGE('',*,*,#557,.F.);
#2285=CARTESIAN_POINT('',(-1.287485783238,-0.438155632122,0.000000000000));
#2286=LINE('',#2285,#12);
#2287=EDGE_CURVE('',#1541,#549,#2286,.T.);
#2288=ORIENTED_EDGE('',*,*,#2287,.F.);
#2289=ORIENTED_EDGE('',*,*,#1543,.T.);
#2290=CARTESIAN_POINT('',(-1.220212746697,-0.600567109320,0.000000000000));
#2291=LINE('',#2290,#12);
#2292=EDGE_CURVE('',#1536,#555,#2291,.T.);
#2293=ORIENTED_EDGE('',*,*,#2292,.T.);
#2294=EDGE_LOOP('',(#2284,#2288,#2289,#2293));
#2295=ORIENTED_EDGE('',*,*,#116,.F.);
#2296=ORIENTED_EDGE('',*,*,#1427,.T.);
#2297=ORIENTED_EDGE('',*,*,#1772,.T.);
#2298=ORIENTED_EDGE('',*,*,#690,.F.);
#2299=EDGE_LOOP('',(#2295,#2296,#2297,#2298));
#2300=ORIENTED_EDGE('',*,*,#657,.F.);
#2301=ORIENTED_EDGE('',*,*,#2009,.F.);
#2302=ORIENTED_EDGE('',*,*,#1459,.T.);
#2303=ORIENTED_EDGE('',*,*,#1704,.T.);
#2304=EDGE_LOOP('',(#2300,#2301,#2302,#2303));
#2305=ORIENTED_EDGE('',*,*,#837,.F.);
#2306=CARTESIAN_POINT('',(1.130212746697,0.756451682001,0.000000000000));
#2307=LINE('',#2306,#12);
#2308=EDGE_CURVE('',#1266,#830,#2307,.T.);
#2309=ORIENTED_EDGE('',*,*,#2308,.F.);
#2310=ORIENTED_EDGE('',*,*,#1268,.T.);
#2311=ORIENTED_EDGE('',*,*,#1868,.T.);
#2312=EDGE_LOOP('',(#2305,#2309,#2310,#2311));
#2313=ORIENTED_EDGE('',*,*,#75,.T.);
#2314=ORIENTED_EDGE('',*,*,#679,.F.);
#2315=ORIENTED_EDGE('',*,*,#1735,.F.);
#2316=ORIENTED_EDGE('',*,*,#1438,.T.);
#2317=EDGE_LOOP('',(#2313,#2314,#2315,#2316));
#2318=ORIENTED_EDGE('',*,*,#505,.F.);
#2319=CARTESIAN_POINT('',(-1.334073211356,0.264288983390,0.000000000000));
#2320=LINE('',#2319,#12);
#2321=EDGE_CURVE('',#1583,#495,#2320,.T.);
#2322=ORIENTED_EDGE('',*,*,#2321,.F.);
#2323=ORIENTED_EDGE('',*,*,#1585,.T.);
#2324=CARTESIAN_POINT('',(-1.357018791322,0.090000000000,0.000000000000));
#2325=LINE('',#2324,#12);
#2326=EDGE_CURVE('',#1578,#503,#2325,.T.);
#2327=ORIENTED_EDGE('',*,*,#2326,.T.);
#2328=EDGE_LOOP('',(#2318,#2322,#2323,#2327));
#2329=ORIENTED_EDGE('',*,*,#129,.T.);
#2330=ORIENTED_EDGE('',*,*,#919,.F.);
#2331=ORIENTED_EDGE('',*,*,#1698,.F.);
#2332=ORIENTED_EDGE('',*,*,#1176,.T.);
#2333=EDGE_LOOP('',(#2329,#2330,#2331,#2332));
#2334=ORIENTED_EDGE('',*,*,#632,.F.);
#2335=ORIENTED_EDGE('',*,*,#1941,.F.);
#2336=ORIENTED_EDGE('',*,*,#1480,.T.);
#2337=ORIENTED_EDGE('',*,*,#1986,.T.);
#2338=EDGE_LOOP('',(#2334,#2335,#2336,#2337));
#2339=ORIENTED_EDGE('',*,*,#732,.F.);
#2340=CARTESIAN_POINT('',(1.023196799848,-0.895917579234,0.000000000000));
#2341=LINE('',#2340,#12);
#2342=EDGE_CURVE('',#1381,#725,#2341,.T.);
#2343=ORIENTED_EDGE('',*,*,#2342,.F.);
#2344=ORIENTED_EDGE('',*,*,#1383,.T.);
#2345=ORIENTED_EDGE('',*,*,#2150,.T.);
#2346=EDGE_LOOP('',(#2339,#2343,#2344,#2345));
#2347=ORIENTED_EDGE('',*,*,#816,.F.);
#2348=CARTESIAN_POINT('',(1.287485783238,0.438155632122,0.000000000000));
#2349=LINE('',#2348,#12);
#2350=EDGE_CURVE('',#1289,#809,#2349,.T.);
#2351=ORIENTED_EDGE('',*,*,#2350,.F.);
#2352=ORIENTED_EDGE('',*,*,#1291,.T.);
#2353=CARTESIAN_POINT('',(1.220212746697,0.600567109320,0.000000000000));
#2354=LINE('',#2353,#12);
#2355=EDGE_CURVE('',#1283,#814,#2354,.T.);
#2356=ORIENTED_EDGE('',*,*,#2355,.T.);
#2357=EDGE_LOOP('',(#2347,#2351,#2352,#2356));
#2358=ORIENTED_EDGE('',*,*,#534,.F.);
#2359=CARTESIAN_POINT('',(-1.357018791322,-0.090000000000,0.000000000000));
#2360=LINE('',#2359,#12);
#2361=EDGE_CURVE('',#1562,#524,#2360,.T.);
#2362=ORIENTED_EDGE('',*,*,#2361,.F.);
#2363=ORIENTED_EDGE('',*,*,#1564,.T.);
#2364=CARTESIAN_POINT('',(-1.334073211356,-0.264288983390,0.000000000000));
#2365=LINE('',#2364,#12);
#2366=EDGE_CURVE('',#1557,#532,#2365,.T.);
#2367=ORIENTED_EDGE('',*,*,#2366,.T.);
#2368=EDGE_LOOP('',(#2358,#2362,#2363,#2367));
#2369=ORIENTED_EDGE('',*,*,#753,.F.);
#2370=ORIENTED_EDGE('',*,*,#2181,.F.);
#2371=ORIENTED_EDGE('',*,*,#1360,.T.);
#2372=CARTESIAN_POINT('',(1.287485783238,-0.438155632122,0.000000000000));
#2373=LINE('',#2372,#12);
#2374=EDGE_CURVE('',#1352,#751,#2373,.T.);
#2375=ORIENTED_EDGE('',*,*,#2374,.T.);
#2376=EDGE_LOOP('',(#2369,#2370,#2371,#2375));
#2377=FACE_BOUND('',#2204,.T.);
#2378=FACE_BOUND('',#2215,.T.);
#2379=FACE_BOUND('',#2223,.T.);
#2380=FACE_BOUND('',#2228,.T.);
#2381=FACE_BOUND('',#2233,.T.);
#2382=FACE_BOUND('',#2238,.T.);
#2383=FACE_BOUND('',#2246,.T.);
#2384=FACE_BOUND('',#2251,.T.);
#2385=FACE_BOUND('',#2259,.T.);
#2386=FACE_BOUND('',#2270,.T.);
#2387=FACE_BOUND('',#2278,.T.);
#2388=FACE_BOUND('',#2283,.T.);
#2389=FACE_BOUND('',#2294,.T.);
#2390=FACE_BOUND('',#2299,.T.);
#2391=FACE_BOUND('',#2304,.T.);
#2392=FACE_BOUND('',#2312,.T.);
#2393=FACE_BOUND('',#2317,.T.);
#2394=FACE_BOUND('',#2328,.T.);
#2395=FACE_BOUND('',#2333,.T.);
#2396=FACE_BOUND('',#2338,.T.);
#2397=FACE_BOUND('',#2346,.T.);
#2398=FACE_BOUND('',#2357,.T.);
#2399=FACE_BOUND('',#2368,.T.);
#2400=FACE_BOUND('',#2376,.T.);
#2401=ADVANCED_FACE('',(#2377,#2378,#2379,#2380,#2381,#2382,#2383,#2384,#2385,#2386,#2387,#2388,#2389,#2390,#2391,#2392,#2393,#2394,#2395,#2396,#2397,#2398,#2399,#2400),#2196,.T.);
#2402=CARTESIAN_POINT('',(-1.448888739434,-0.388228567654,0.000000000000));
#2403=AXIS2_PLACEMENT_3D('',#2402,#32,#2);
#2404=PLANE('',#2403);
#2405=ORIENTED_EDGE('',*,*,#546,.F.);
#2406=CARTESIAN_POINT('',(-1.472182453493,-0.301295243288,0.000000000000));
#2407=LINE('',#2406,#27);
#2408=EDGE_CURVE('',#537,#1551,#2407,.T.);
#2409=ORIENTED_EDGE('',*,*,#2408,.T.);
#2410=ORIENTED_EDGE('',*,*,#1554,.F.);
#2411=CARTESIAN_POINT('',(-1.425595025374,-0.475161892020,0.000000000000));
#2412=LINE('',#2411,#12);
#2413=EDGE_CURVE('',#1546,#543,#2412,.T.);
#2414=ORIENTED_EDGE('',*,*,#2413,.T.);
#2415=EDGE_LOOP('',(#2405,#2409,#2410,#2414));
#2416=FACE_OUTER_BOUND('',#2415,.T.);
#2417=ADVANCED_FACE('',(#2416),#2404,.T.);
#2418=CARTESIAN_POINT('',(0.023293714059,-0.086933324366,0.000000000000));
#2419=AXIS2_PLACEMENT_3D('',#2418,#47,#32);
#2420=PLANE('',#2419);
#2421=ORIENTED_EDGE('',*,*,#800,.F.);
#2422=ORIENTED_EDGE('',*,*,#2213,.F.);
#2423=ORIENTED_EDGE('',*,*,#1309,.F.);
#2424=CARTESIAN_POINT('',(1.472182453493,0.301295243288,0.000000000000));
#2425=LINE('',#2424,#12);
#2426=EDGE_CURVE('',#1300,#798,#2425,.T.);
#2427=ORIENTED_EDGE('',*,*,#2426,.T.);
#2428=EDGE_LOOP('',(#2421,#2422,#2423,#2427));
#2429=ORIENTED_EDGE('',*,*,#552,.F.);
#2430=ORIENTED_EDGE('',*,*,#2413,.F.);
#2431=ORIENTED_EDGE('',*,*,#1548,.F.);
#2432=ORIENTED_EDGE('',*,*,#2287,.T.);
#2433=EDGE_LOOP('',(#2429,#2430,#2431,#2432));
#2434=FACE_OUTER_BOUND('',#2428,.T.);
#2435=ADVANCED_FACE('',(#2434),#2420,.T.);
#2436=FACE_OUTER_BOUND('',#2433,.T.);
#2437=ADVANCED_FACE('',(#2436),#2420,.T.);
#2438=CARTESIAN_POINT('',(-0.023293714059,0.086933324366,0.000000000000));
#2439=AXIS2_PLACEMENT_3D('',#2438,#2,#3);
#2440=PLANE('',#2439);
#2441=ORIENTED_EDGE('',*,*,#540,.F.);
#2442=ORIENTED_EDGE('',*,*,#2366,.F.);
#2443=ORIENTED_EDGE('',*,*,#1559,.F.);
#2444=ORIENTED_EDGE('',*,*,#2408,.F.);
#2445=EDGE_LOOP('',(#2441,#2442,#2443,#2444));
#2446=ORIENTED_EDGE('',*,*,#811,.F.);
#2447=CARTESIAN_POINT('',(1.425595025374,0.475161892020,0.000000000000));
#2448=LINE('',#2447,#27);
#2449=EDGE_CURVE('',#803,#1294,#2448,.T.);
#2450=ORIENTED_EDGE('',*,*,#2449,.T.);
#2451=ORIENTED_EDGE('',*,*,#1297,.F.);
#2452=ORIENTED_EDGE('',*,*,#2350,.T.);
#2453=EDGE_LOOP('',(#2446,#2450,#2451,#2452));
#2454=FACE_OUTER_BOUND('',#2445,.T.);
#2455=ADVANCED_FACE('',(#2454),#2440,.T.);
#2456=FACE_OUTER_BOUND('',#2453,.T.);
#2457=ADVANCED_FACE('',(#2456),#2440,.T.);
#2458=CARTESIAN_POINT('',(1.500000000000,0.000000000000,0.000000000000));
#2459=AXIS2_PLACEMENT_3D('',#2458,#526,#11);
#2460=PLANE('',#2459);
#2461=ORIENTED_EDGE('',*,*,#785,.F.);
#2462=CARTESIAN_POINT('',(1.500000000000,-0.090000000000,0.000000000000));
#2463=LINE('',#2462,#27);
#2464=EDGE_CURVE('',#777,#1323,#2463,.T.);
#2465=ORIENTED_EDGE('',*,*,#2464,.T.);
#2466=ORIENTED_EDGE('',*,*,#1326,.F.);
#2467=CARTESIAN_POINT('',(1.500000000000,0.090000000000,0.000000000000));
#2468=LINE('',#2467,#12);
#2469=EDGE_CURVE('',#1317,#782,#2468,.T.);
#2470=ORIENTED_EDGE('',*,*,#2469,.T.);
#2471=EDGE_LOOP('',(#2461,#2465,#2466,#2470));
#2472=FACE_OUTER_BOUND('',#2471,.T.);
#2473=ADVANCED_FACE('',(#2472),#2460,.T.);
#2474=CARTESIAN_POINT('',(0.000000000000,0.090000000000,0.000000000000));
#2475=AXIS2_PLACEMENT_3D('',#2474,#140,#26);
#2476=PLANE('',#2475);
#2477=ORIENTED_EDGE('',*,*,#513,.F.);
#2478=ORIENTED_EDGE('',*,*,#2326,.F.);
#2479=ORIENTED_EDGE('',*,*,#1580,.F.);
#2480=CARTESIAN_POINT('',(-1.500000000000,0.090000000000,0.000000000000));
#2481=LINE('',#2480,#12);
#2482=EDGE_CURVE('',#1572,#508,#2481,.T.);
#2483=ORIENTED_EDGE('',*,*,#2482,.T.);
#2484=EDGE_LOOP('',(#2477,#2478,#2479,#2483));
#2485=ORIENTED_EDGE('',*,*,#790,.F.);
#2486=ORIENTED_EDGE('',*,*,#2469,.F.);
#2487=ORIENTED_EDGE('',*,*,#1320,.F.);
#2488=ORIENTED_EDGE('',*,*,#2208,.T.);
#2489=EDGE_LOOP('',(#2485,#2486,#2487,#2488));
#2490=FACE_OUTER_BOUND('',#2484,.T.);
#2491=ADVANCED_FACE('',(#2490),#2476,.T.);
#2492=FACE_OUTER_BOUND('',#2489,.T.);
#2493=ADVANCED_FACE('',(#2492),#2476,.T.);
#2494=CARTESIAN_POINT('',(0.000000000000,-0.090000000000,0.000000000000));
#2495=AXIS2_PLACEMENT_3D('',#2494,#518,#11);
#2496=PLANE('',#2495);
#2497=ORIENTED_EDGE('',*,*,#529,.F.);
#2498=CARTESIAN_POINT('',(-1.500000000000,-0.090000000000,0.000000000000));
#2499=LINE('',#2498,#27);
#2500=EDGE_CURVE('',#516,#1567,#2499,.T.);
#2501=ORIENTED_EDGE('',*,*,#2500,.T.);
#2502=ORIENTED_EDGE('',*,*,#1569,.F.);
#2503=ORIENTED_EDGE('',*,*,#2361,.T.);
#2504=EDGE_LOOP('',(#2497,#2501,#2502,#2503));
#2505=ORIENTED_EDGE('',*,*,#779,.F.);
#2506=ORIENTED_EDGE('',*,*,#2268,.F.);
#2507=ORIENTED_EDGE('',*,*,#1332,.F.);
#2508=ORIENTED_EDGE('',*,*,#2464,.F.);
#2509=EDGE_LOOP('',(#2505,#2506,#2507,#2508));
#2510=FACE_OUTER_BOUND('',#2504,.T.);
#2511=ADVANCED_FACE('',(#2510),#2496,.T.);
#2512=FACE_OUTER_BOUND('',#2509,.T.);
#2513=ADVANCED_FACE('',(#2512),#2496,.T.);
#2514=CARTESIAN_POINT('',(0.388228567654,-1.448888739434,0.000000000000));
#2515=AXIS2_PLACEMENT_3D('',#2514,#47,#32);
#2516=PLANE('',#2515);
#2517=ORIENTED_EDGE('',*,*,#84,.F.);
#2518=ORIENTED_EDGE('',*,*,#1432,.F.);
#2519=ORIENTED_EDGE('',*,*,#106,.F.);
#2520=ORIENTED_EDGE('',*,*,#684,.F.);
#2521=EDGE_LOOP('',(#2517,#2518,#2519,#2520));
#2522=FACE_OUTER_BOUND('',#2521,.T.);
#2523=ADVANCED_FACE('',(#2522),#2516,.T.);
#2524=CARTESIAN_POINT('',(-0.750000000000,-1.299038105677,0.000000000000));
#2525=AXIS2_PLACEMENT_3D('',#2524,#460,#452);
#2526=PLANE('',#2525);
#2527=ORIENTED_EDGE('',*,*,#619,.F.);
#2528=ORIENTED_EDGE('',*,*,#1923,.F.);
#2529=ORIENTED_EDGE('',*,*,#1491,.F.);
#2530=ORIENTED_EDGE('',*,*,#1936,.F.);
#2531=EDGE_LOOP('',(#2527,#2528,#2529,#2530));
#2532=FACE_OUTER_BOUND('',#2531,.T.);
#2533=ADVANCED_FACE('',(#2532),#2526,.T.);
#2534=CARTESIAN_POINT('',(0.750000000000,-1.299038105677,0.000000000000));
#2535=AXIS2_PLACEMENT_3D('',#2534,#410,#402);
#2536=PLANE('',#2535);
#2537=ORIENTED_EDGE('',*,*,#701,.F.);
#2538=ORIENTED_EDGE('',*,*,#1777,.F.);
#2539=ORIENTED_EDGE('',*,*,#1418,.F.);
#2540=ORIENTED_EDGE('',*,*,#1798,.F.);
#2541=EDGE_LOOP('',(#2537,#2538,#2539,#2540));
#2542=FACE_OUTER_BOUND('',#2541,.T.);
#2543=ADVANCED_FACE('',(#2542),#2536,.T.);
#2544=CARTESIAN_POINT('',(-1.060660171780,1.060660171780,0.000000000000));
#2545=AXIS2_PLACEMENT_3D('',#2544,#423,#599);
#2546=PLANE('',#2545);
#2547=ORIENTED_EDGE('',*,*,#434,.F.);
#2548=CARTESIAN_POINT('',(-0.997020561473,1.124299782087,0.000000000000));
#2549=LINE('',#2548,#27);
#2550=EDGE_CURVE('',#421,#1635,#2549,.T.);
#2551=ORIENTED_EDGE('',*,*,#2550,.T.);
#2552=ORIENTED_EDGE('',*,*,#1638,.F.);
#2553=CARTESIAN_POINT('',(-1.124299782087,0.997020561473,0.000000000000));
#2554=LINE('',#2553,#12);
#2555=EDGE_CURVE('',#1630,#429,#2554,.T.);
#2556=ORIENTED_EDGE('',*,*,#2555,.T.);
#2557=EDGE_LOOP('',(#2547,#2551,#2552,#2556));
#2558=FACE_OUTER_BOUND('',#2557,.T.);
#2559=ADVANCED_FACE('',(#2558),#2546,.T.);
#2560=CARTESIAN_POINT('',(-0.063639610307,-0.063639610307,0.000000000000));
#2561=AXIS2_PLACEMENT_3D('',#2560,#431,#423);
#2562=PLANE('',#2561);
#2563=ORIENTED_EDGE('',*,*,#442,.F.);
#2564=ORIENTED_EDGE('',*,*,#2555,.F.);
#2565=ORIENTED_EDGE('',*,*,#1632,.F.);
#2566=ORIENTED_EDGE('',*,*,#2274,.T.);
#2567=EDGE_LOOP('',(#2563,#2564,#2565,#2566));
#2568=ORIENTED_EDGE('',*,*,#716,.F.);
#2569=ORIENTED_EDGE('',*,*,#2257,.F.);
#2570=ORIENTED_EDGE('',*,*,#1401,.F.);
#2571=CARTESIAN_POINT('',(0.997020561473,-1.124299782087,0.000000000000));
#2572=LINE('',#2571,#12);
#2573=EDGE_CURVE('',#1392,#714,#2572,.T.);
#2574=ORIENTED_EDGE('',*,*,#2573,.T.);
#2575=EDGE_LOOP('',(#2568,#2569,#2570,#2574));
#2576=FACE_OUTER_BOUND('',#2567,.T.);
#2577=ADVANCED_FACE('',(#2576),#2562,.T.);
#2578=FACE_OUTER_BOUND('',#2575,.T.);
#2579=ADVANCED_FACE('',(#2578),#2562,.T.);
#2580=CARTESIAN_POINT('',(0.063639610307,0.063639610307,0.000000000000));
#2581=AXIS2_PLACEMENT_3D('',#2580,#599,#439);
#2582=PLANE('',#2581);
#2583=ORIENTED_EDGE('',*,*,#727,.F.);
#2584=CARTESIAN_POINT('',(1.124299782087,-0.997020561473,0.000000000000));
#2585=LINE('',#2584,#27);
#2586=EDGE_CURVE('',#719,#1386,#2585,.T.);
#2587=ORIENTED_EDGE('',*,*,#2586,.T.);
#2588=ORIENTED_EDGE('',*,*,#1389,.F.);
#2589=ORIENTED_EDGE('',*,*,#2342,.T.);
#2590=EDGE_LOOP('',(#2583,#2587,#2588,#2589));
#2591=ORIENTED_EDGE('',*,*,#426,.F.);
#2592=ORIENTED_EDGE('',*,*,#2244,.F.);
#2593=ORIENTED_EDGE('',*,*,#1643,.F.);
#2594=ORIENTED_EDGE('',*,*,#2550,.F.);
#2595=EDGE_LOOP('',(#2591,#2592,#2593,#2594));
#2596=FACE_OUTER_BOUND('',#2590,.T.);
#2597=ADVANCED_FACE('',(#2596),#2582,.T.);
#2598=FACE_OUTER_BOUND('',#2595,.T.);
#2599=ADVANCED_FACE('',(#2598),#2582,.T.);
#2600=CARTESIAN_POINT('',(-1.060660171780,-1.060660171780,0.000000000000));
#2601=AXIS2_PLACEMENT_3D('',#2600,#431,#423);
#2602=PLANE('',#2601);
#2603=ORIENTED_EDGE('',*,*,#594,.F.);
#2604=ORIENTED_EDGE('',*,*,#1847,.F.);
#2605=ORIENTED_EDGE('',*,*,#1512,.F.);
#2606=ORIENTED_EDGE('',*,*,#1876,.F.);
#2607=EDGE_LOOP('',(#2603,#2604,#2605,#2606));
#2608=FACE_OUTER_BOUND('',#2607,.T.);
#2609=ADVANCED_FACE('',(#2608),#2602,.T.);
#2610=CARTESIAN_POINT('',(1.448888739434,0.388228567654,0.000000000000));
#2611=AXIS2_PLACEMENT_3D('',#2610,#3,#47);
#2612=PLANE('',#2611);
#2613=ORIENTED_EDGE('',*,*,#806,.F.);
#2614=ORIENTED_EDGE('',*,*,#2426,.F.);
#2615=ORIENTED_EDGE('',*,*,#1303,.F.);
#2616=ORIENTED_EDGE('',*,*,#2449,.F.);
#2617=EDGE_LOOP('',(#2613,#2614,#2615,#2616));
#2618=FACE_OUTER_BOUND('',#2617,.T.);
#2619=ADVANCED_FACE('',(#2618),#2612,.T.);
#2620=CARTESIAN_POINT('',(1.060660171780,-1.060660171780,0.000000000000));
#2621=AXIS2_PLACEMENT_3D('',#2620,#439,#431);
#2622=PLANE('',#2621);
#2623=ORIENTED_EDGE('',*,*,#722,.F.);
#2624=ORIENTED_EDGE('',*,*,#2573,.F.);
#2625=ORIENTED_EDGE('',*,*,#1395,.F.);
#2626=ORIENTED_EDGE('',*,*,#2586,.F.);
#2627=EDGE_LOOP('',(#2623,#2624,#2625,#2626));
#2628=FACE_OUTER_BOUND('',#2627,.T.);
#2629=ADVANCED_FACE('',(#2628),#2622,.T.);
#2630=CARTESIAN_POINT('',(1.299038105677,0.750000000000,0.000000000000));
#2631=AXIS2_PLACEMENT_3D('',#2630,#574,#410);
#2632=PLANE('',#2631);
#2633=ORIENTED_EDGE('',*,*,#827,.F.);
#2634=CARTESIAN_POINT('',(1.344038105677,0.672057713659,0.000000000000));
#2635=LINE('',#2634,#27);
#2636=EDGE_CURVE('',#819,#1277,#2635,.T.);
#2637=ORIENTED_EDGE('',*,*,#2636,.T.);
#2638=ORIENTED_EDGE('',*,*,#1280,.F.);
#2639=CARTESIAN_POINT('',(1.254038105677,0.827942286341,0.000000000000));
#2640=LINE('',#2639,#12);
#2641=EDGE_CURVE('',#1271,#824,#2640,.T.);
#2642=ORIENTED_EDGE('',*,*,#2641,.T.);
#2643=EDGE_LOOP('',(#2633,#2637,#2638,#2642));
#2644=FACE_OUTER_BOUND('',#2643,.T.);
#2645=ADVANCED_FACE('',(#2644),#2632,.T.);
#2646=CARTESIAN_POINT('',(-0.045000000000,0.077942286341,0.000000000000));
#2647=AXIS2_PLACEMENT_3D('',#2646,#394,#574);
#2648=PLANE('',#2647);
#2649=ORIENTED_EDGE('',*,*,#563,.F.);
#2650=ORIENTED_EDGE('',*,*,#2292,.F.);
#2651=ORIENTED_EDGE('',*,*,#1538,.F.);
#2652=CARTESIAN_POINT('',(-1.344038105677,-0.672057713659,0.000000000000));
#2653=LINE('',#2652,#12);
#2654=EDGE_CURVE('',#1530,#560,#2653,.T.);
#2655=ORIENTED_EDGE('',*,*,#2654,.T.);
#2656=EDGE_LOOP('',(#2649,#2650,#2651,#2655));
#2657=ORIENTED_EDGE('',*,*,#832,.F.);
#2658=ORIENTED_EDGE('',*,*,#2641,.F.);
#2659=ORIENTED_EDGE('',*,*,#1274,.F.);
#2660=ORIENTED_EDGE('',*,*,#2308,.T.);
#2661=EDGE_LOOP('',(#2657,#2658,#2659,#2660));
#2662=FACE_OUTER_BOUND('',#2656,.T.);
#2663=ADVANCED_FACE('',(#2662),#2648,.T.);
#2664=FACE_OUTER_BOUND('',#2661,.T.);
#2665=ADVANCED_FACE('',(#2664),#2648,.T.);
#2666=CARTESIAN_POINT('',(0.045000000000,-0.077942286341,0.000000000000));
#2667=AXIS2_PLACEMENT_3D('',#2666,#410,#402);
#2668=PLANE('',#2667);
#2669=ORIENTED_EDGE('',*,*,#821,.F.);
#2670=ORIENTED_EDGE('',*,*,#2355,.F.);
#2671=ORIENTED_EDGE('',*,*,#1286,.F.);
#2672=ORIENTED_EDGE('',*,*,#2636,.F.);
#2673=EDGE_LOOP('',(#2669,#2670,#2671,#2672));
#2674=ORIENTED_EDGE('',*,*,#577,.F.);
#2675=CARTESIAN_POINT('',(-1.254038105677,-0.827942286341,0.000000000000));
#2676=LINE('',#2675,#27);
#2677=EDGE_CURVE('',#566,#1525,#2676,.T.);
#2678=ORIENTED_EDGE('',*,*,#2677,.T.);
#2679=ORIENTED_EDGE('',*,*,#1527,.F.);
#2680=ORIENTED_EDGE('',*,*,#2200,.T.);
#2681=EDGE_LOOP('',(#2674,#2678,#2679,#2680));
#2682=FACE_OUTER_BOUND('',#2673,.T.);
#2683=ADVANCED_FACE('',(#2682),#2668,.T.);
#2684=FACE_OUTER_BOUND('',#2681,.T.);
#2685=ADVANCED_FACE('',(#2684),#2668,.T.);
#2686=CARTESIAN_POINT('',(-1.448888739434,0.388228567654,0.000000000000));
#2687=AXIS2_PLACEMENT_3D('',#2686,#481,#649);
#2688=PLANE('',#2687);
#2689=ORIENTED_EDGE('',*,*,#492,.F.);
#2690=CARTESIAN_POINT('',(-1.425595025374,0.475161892020,0.000000000000));
#2691=LINE('',#2690,#27);
#2692=EDGE_CURVE('',#479,#1593,#2691,.T.);
#2693=ORIENTED_EDGE('',*,*,#2692,.T.);
#2694=ORIENTED_EDGE('',*,*,#1596,.F.);
#2695=CARTESIAN_POINT('',(-1.472182453493,0.301295243288,0.000000000000));
#2696=LINE('',#2695,#12);
#2697=EDGE_CURVE('',#1588,#487,#2696,.T.);
#2698=ORIENTED_EDGE('',*,*,#2697,.T.);
#2699=EDGE_LOOP('',(#2689,#2693,#2694,#2698));
#2700=FACE_OUTER_BOUND('',#2699,.T.);
#2701=ADVANCED_FACE('',(#2700),#2688,.T.);
#2702=CARTESIAN_POINT('',(-0.023293714059,-0.086933324366,0.000000000000));
#2703=AXIS2_PLACEMENT_3D('',#2702,#489,#481);
#2704=PLANE('',#2703);
#2705=ORIENTED_EDGE('',*,*,#500,.F.);
#2706=ORIENTED_EDGE('',*,*,#2697,.F.);
#2707=ORIENTED_EDGE('',*,*,#1590,.F.);
#2708=ORIENTED_EDGE('',*,*,#2321,.T.);
#2709=EDGE_LOOP('',(#2705,#2706,#2707,#2708));
#2710=ORIENTED_EDGE('',*,*,#758,.F.);
#2711=ORIENTED_EDGE('',*,*,#2374,.F.);
#2712=ORIENTED_EDGE('',*,*,#1355,.F.);
#2713=CARTESIAN_POINT('',(1.425595025374,-0.475161892020,0.000000000000));
#2714=LINE('',#2713,#12);
#2715=EDGE_CURVE('',#1346,#756,#2714,.T.);
#2716=ORIENTED_EDGE('',*,*,#2715,.T.);
#2717=EDGE_LOOP('',(#2710,#2711,#2712,#2716));
#2718=FACE_OUTER_BOUND('',#2709,.T.);
#2719=ADVANCED_FACE('',(#2718),#2704,.T.);
#2720=FACE_OUTER_BOUND('',#2717,.T.);
#2721=ADVANCED_FACE('',(#2720),#2704,.T.);
#2722=CARTESIAN_POINT('',(0.023293714059,0.086933324366,0.000000000000));
#2723=AXIS2_PLACEMENT_3D('',#2722,#649,#497);
#2724=PLANE('',#2723);
#2725=ORIENTED_EDGE('',*,*,#484,.F.);
#2726=ORIENTED_EDGE('',*,*,#2221,.F.);
#2727=ORIENTED_EDGE('',*,*,#1601,.F.);
#2728=ORIENTED_EDGE('',*,*,#2692,.F.);
#2729=EDGE_LOOP('',(#2725,#2726,#2727,#2728));
#2730=ORIENTED_EDGE('',*,*,#769,.F.);
#2731=CARTESIAN_POINT('',(1.472182453493,-0.301295243288,0.000000000000));
#2732=LINE('',#2731,#27);
#2733=EDGE_CURVE('',#761,#1340,#2732,.T.);
#2734=ORIENTED_EDGE('',*,*,#2733,.T.);
#2735=ORIENTED_EDGE('',*,*,#1343,.F.);
#2736=ORIENTED_EDGE('',*,*,#2263,.T.);
#2737=EDGE_LOOP('',(#2730,#2734,#2735,#2736));
#2738=FACE_OUTER_BOUND('',#2729,.T.);
#2739=ADVANCED_FACE('',(#2738),#2724,.T.);
#2740=FACE_OUTER_BOUND('',#2737,.T.);
#2741=ADVANCED_FACE('',(#2740),#2724,.T.);
#2742=CARTESIAN_POINT('',(1.299038105677,-0.750000000000,0.000000000000));
#2743=AXIS2_PLACEMENT_3D('',#2742,#468,#460);
#2744=PLANE('',#2743);
#2745=ORIENTED_EDGE('',*,*,#743,.F.);
#2746=ORIENTED_EDGE('',*,*,#2155,.F.);
#2747=ORIENTED_EDGE('',*,*,#1372,.F.);
#2748=ORIENTED_EDGE('',*,*,#2176,.F.);
#2749=EDGE_LOOP('',(#2745,#2746,#2747,#2748));
#2750=FACE_OUTER_BOUND('',#2749,.T.);
#2751=ADVANCED_FACE('',(#2750),#2744,.T.);
#2752=CARTESIAN_POINT('',(-0.388228567654,-1.448888739434,0.000000000000));
#2753=AXIS2_PLACEMENT_3D('',#2752,#489,#481);
#2754=PLANE('',#2753);
#2755=ORIENTED_EDGE('',*,*,#644,.F.);
#2756=ORIENTED_EDGE('',*,*,#1991,.F.);
#2757=ORIENTED_EDGE('',*,*,#1470,.F.);
#2758=ORIENTED_EDGE('',*,*,#2004,.F.);
#2759=EDGE_LOOP('',(#2755,#2756,#2757,#2758));
#2760=FACE_OUTER_BOUND('',#2759,.T.);
#2761=ADVANCED_FACE('',(#2760),#2754,.T.);
#2762=CARTESIAN_POINT('',(-1.500000000000,0.000000000000,0.000000000000));
#2763=AXIS2_PLACEMENT_3D('',#2762,#510,#140);
#2764=PLANE('',#2763);
#2765=ORIENTED_EDGE('',*,*,#521,.F.);
#2766=ORIENTED_EDGE('',*,*,#2482,.F.);
#2767=ORIENTED_EDGE('',*,*,#1575,.F.);
#2768=ORIENTED_EDGE('',*,*,#2500,.F.);
#2769=EDGE_LOOP('',(#2765,#2766,#2767,#2768));
#2770=FACE_OUTER_BOUND('',#2769,.T.);
#2771=ADVANCED_FACE('',(#2770),#2764,.T.);
#2772=CARTESIAN_POINT('',(-1.299038105677,-0.750000000000,0.000000000000));
#2773=AXIS2_PLACEMENT_3D('',#2772,#402,#394);
#2774=PLANE('',#2773);
#2775=ORIENTED_EDGE('',*,*,#569,.F.);
#2776=ORIENTED_EDGE('',*,*,#2654,.F.);
#2777=ORIENTED_EDGE('',*,*,#1533,.F.);
#2778=ORIENTED_EDGE('',*,*,#2677,.F.);
#2779=EDGE_LOOP('',(#2775,#2776,#2777,#2778));
#2780=FACE_OUTER_BOUND('',#2779,.T.);
#2781=ADVANCED_FACE('',(#2780),#2774,.T.);
#2782=CARTESIAN_POINT('',(1.448888739434,-0.388228567654,0.000000000000));
#2783=AXIS2_PLACEMENT_3D('',#2782,#497,#489);
#2784=PLANE('',#2783);
#2785=ORIENTED_EDGE('',*,*,#764,.F.);
#2786=ORIENTED_EDGE('',*,*,#2715,.F.);
#2787=ORIENTED_EDGE('',*,*,#1349,.F.);
#2788=ORIENTED_EDGE('',*,*,#2733,.F.);
#2789=EDGE_LOOP('',(#2785,#2786,#2787,#2788));
#2790=FACE_OUTER_BOUND('',#2789,.T.);
#2791=ADVANCED_FACE('',(#2790),#2784,.T.);
#2792=CLOSED_SHELL('',(#39,#88,#90,#136,#138,#925,#1673,#1689,#1713,#1715,#1739,#1741,#1757,#1781,#1783,#1807,#1809,#1819,#1835,#1859,#1861,#1885,#1887,#1903,#1927,#1929,#1953,#1955,#1971,#1995,#1997,#2021,#2023,#2127,#2143,#2167,#2169,#2193,#2195,#2401,#2417,#2435,#2437,#2455,#2457,#2473,#2491,#2493,#2511,#2513,#2523,#2533,#2543,#2559,#2577,#2579,#2597,#2599,#2609,#2619,#2629,#2645,#2663,#2665,#2683,#2685,#2701,#2719,#2721,#2739,#2741,#2751,#2761,#2771,#2781,#2791));
#2793=MANIFOLD_SOLID_BREP('dial_side',#2792);
#2794=APPLICATION_CONTEXT('core data for automotive mechanical design processes');
#2795=APPLICATION_PROTOCOL_DEFINITION('international standard','automotive_design',2000,#2794);
#2796=PRODUCT_CONTEXT('',#2794,'mechanical');
#2797=PRODUCT('dial_side','dial_side','',(#2796));
#2798=PRODUCT_DEFINITION_FORMATION('','',#2797);
#2799=PRODUCT_DEFINITION_CONTEXT('part definition',#2794,'design');
#2800=PRODUCT_DEFINITION('','',#2798,#2799);
#2801=PRODUCT_DEFINITION_SHAPE('','',#2800);
#2802=(LENGTH_UNIT()NAMED_UNIT(*)SI_UNIT(.MILLI.,.METRE.));
#2803=(NAMED_UNIT(*)PLANE_ANGLE_UNIT()SI_UNIT($,.RADIAN.));
#2804=(NAMED_UNIT(*)SI_UNIT($,.STERADIAN.)SOLID_ANGLE_UNIT());
#2805=UNCERTAINTY_MEASURE_WITH_UNIT(LENGTH_MEASURE(1.E-07),#2802,'distance_accuracy_value','');
#2806=(GEOMETRIC_REPRESENTATION_CONTEXT(3)GLOBAL_UNCERTAINTY_ASSIGNED_CONTEXT((#2805))GLOBAL_UNIT_ASSIGNED_CONTEXT((#2802,#2803,#2804))REPRESENTATION_CONTEXT('',''));
#2807=ADVANCED_BREP_SHAPE_REPRESENTATION('',(#2793),#2806);
#2808=SHAPE_DEFINITION_REPRESENTATION(#2801,#2807);
ENDSEC;
END-ISO-10303-21;
