ISO-10303-21;
HEADER;
FILE_DESCRIPTION(('56 face(s), 416 edge(s), 312 vertex/vertices confirmed by cade at n=128, half-extent 2.500000000000'),'2;1');
FILE_NAME('barrel_and_winding.step','2026-08-23T00:00:00',('cade'),('cade'),'cade 0.1.0','cade','');
FILE_SCHEMA(('AUTOMOTIVE_DESIGN { 1 0 10303 214 1 1 1 1 }'));
ENDSEC;
DATA;
#1=CARTESIAN_POINT('',(0.709209774085,-1.870032485371,0.000000000000));
#2=DIRECTION('',(0.354604887043,-0.935016242685,0.000000000000));
#3=DIRECTION('',(-0.935016242685,-0.354604887043,0.000000000000));
#4=AXIS2_PLACEMENT_3D('',#1,#2,#3);
#5=PLANE('',#4);
#6=CARTESIAN_POINT('',(0.812061560780,-1.831025947796,-0.175000000000));
#7=VERTEX_POINT('',#6);
#8=CARTESIAN_POINT('',(0.812061560780,-1.831025947796,0.175000000000));
#9=VERTEX_POINT('',#8);
#10=CARTESIAN_POINT('',(0.812061560780,-1.831025947796,0.000000000000));
#11=DIRECTION('',(0.000000000000,0.000000000000,1.000000000000));
#12=VECTOR('',#11,1.0);
#13=LINE('',#10,#12);
#14=EDGE_CURVE('',#7,#9,#13,.T.);
#15=ORIENTED_EDGE('',*,*,#14,.T.);
#16=CARTESIAN_POINT('',(0.606357987390,-1.909039022946,0.175000000000));
#17=VERTEX_POINT('',#16);
#18=CARTESIAN_POINT('',(0.709209774085,-1.870032485371,0.175000000000));
#19=VECTOR('',#3,1.0);
#20=LINE('',#18,#19);
#21=EDGE_CURVE('',#9,#17,#20,.T.);
#22=ORIENTED_EDGE('',*,*,#21,.T.);
#23=CARTESIAN_POINT('',(0.606357987390,-1.909039022946,-0.175000000000));
#24=VERTEX_POINT('',#23);
#25=CARTESIAN_POINT('',(0.606357987390,-1.909039022946,0.000000000000));
#26=DIRECTION('',(0.000000000000,0.000000000000,-1.000000000000));
#27=VECTOR('',#26,1.0);
#28=LINE('',#25,#27);
#29=EDGE_CURVE('',#17,#24,#28,.T.);
#30=ORIENTED_EDGE('',*,*,#29,.T.);
#31=CARTESIAN_POINT('',(0.709209774085,-1.870032485371,-0.175000000000));
#32=DIRECTION('',(0.935016242685,0.354604887043,0.000000000000));
#33=VECTOR('',#32,1.0);
#34=LINE('',#31,#33);
#35=EDGE_CURVE('',#24,#7,#34,.T.);
#36=ORIENTED_EDGE('',*,*,#35,.T.);
#37=EDGE_LOOP('',(#15,#22,#30,#36));
#38=FACE_OUTER_BOUND('',#37,.T.);
#39=ADVANCED_FACE('',(#38),#5,.T.);
#40=CARTESIAN_POINT('',(0.102851786695,0.039006537575,0.000000000000));
#41=AXIS2_PLACEMENT_3D('',#40,#32,#2);
#42=PLANE('',#41);
#43=ORIENTED_EDGE('',*,*,#14,.F.);
#44=CARTESIAN_POINT('',(0.747052833656,-1.659612022048,-0.175000000000));
#45=VERTEX_POINT('',#44);
#46=CARTESIAN_POINT('',(0.102851786695,0.039006537575,-0.175000000000));
#47=DIRECTION('',(-0.354604887043,0.935016242685,0.000000000000));
#48=VECTOR('',#47,1.0);
#49=LINE('',#46,#48);
#50=EDGE_CURVE('',#7,#45,#49,.T.);
#51=ORIENTED_EDGE('',*,*,#50,.T.);
#52=CARTESIAN_POINT('',(0.747052833656,-1.659612022048,0.175000000000));
#53=VERTEX_POINT('',#52);
#54=CARTESIAN_POINT('',(0.747052833656,-1.659612022048,0.000000000000));
#55=LINE('',#54,#12);
#56=EDGE_CURVE('',#45,#53,#55,.T.);
#57=ORIENTED_EDGE('',*,*,#56,.T.);
#58=CARTESIAN_POINT('',(0.102851786695,0.039006537575,0.175000000000));
#59=VECTOR('',#2,1.0);
#60=LINE('',#58,#59);
#61=EDGE_CURVE('',#53,#9,#60,.T.);
#62=ORIENTED_EDGE('',*,*,#61,.T.);
#63=EDGE_LOOP('',(#43,#51,#57,#62));
#64=CARTESIAN_POINT('',(-0.606357987390,1.909039022946,0.175000000000));
#65=VERTEX_POINT('',#64);
#66=CARTESIAN_POINT('',(-0.541349260265,1.737625097197,0.175000000000));
#67=VERTEX_POINT('',#66);
#68=LINE('',#58,#59);
#69=EDGE_CURVE('',#65,#67,#68,.T.);
#70=ORIENTED_EDGE('',*,*,#69,.T.);
#71=CARTESIAN_POINT('',(-0.541349260265,1.737625097197,-0.175000000000));
#72=VERTEX_POINT('',#71);
#73=CARTESIAN_POINT('',(-0.541349260265,1.737625097197,0.000000000000));
#74=LINE('',#73,#12);
#75=EDGE_CURVE('',#72,#67,#74,.T.);
#76=ORIENTED_EDGE('',*,*,#75,.F.);
#77=CARTESIAN_POINT('',(-0.606357987390,1.909039022946,-0.175000000000));
#78=VERTEX_POINT('',#77);
#79=LINE('',#46,#48);
#80=EDGE_CURVE('',#72,#78,#79,.T.);
#81=ORIENTED_EDGE('',*,*,#80,.T.);
#82=CARTESIAN_POINT('',(-0.606357987390,1.909039022946,0.000000000000));
#83=LINE('',#82,#12);
#84=EDGE_CURVE('',#78,#65,#83,.T.);
#85=ORIENTED_EDGE('',*,*,#84,.T.);
#86=EDGE_LOOP('',(#70,#76,#81,#85));
#87=FACE_OUTER_BOUND('',#63,.T.);
#88=ADVANCED_FACE('',(#87),#42,.T.);
#89=FACE_OUTER_BOUND('',#86,.T.);
#90=ADVANCED_FACE('',(#89),#42,.T.);
#91=CARTESIAN_POINT('',(-0.102851786695,-0.039006537575,0.000000000000));
#92=AXIS2_PLACEMENT_3D('',#91,#3,#47);
#93=PLANE('',#92);
#94=CARTESIAN_POINT('',(-0.747052833656,1.659612022048,0.175000000000));
#95=VERTEX_POINT('',#94);
#96=CARTESIAN_POINT('',(-0.812061560780,1.831025947796,0.175000000000));
#97=VERTEX_POINT('',#96);
#98=CARTESIAN_POINT('',(-0.102851786695,-0.039006537575,0.175000000000));
#99=LINE('',#98,#48);
#100=EDGE_CURVE('',#95,#97,#99,.T.);
#101=ORIENTED_EDGE('',*,*,#100,.T.);
#102=CARTESIAN_POINT('',(-0.812061560780,1.831025947796,-0.175000000000));
#103=VERTEX_POINT('',#102);
#104=CARTESIAN_POINT('',(-0.812061560780,1.831025947796,0.000000000000));
#105=LINE('',#104,#27);
#106=EDGE_CURVE('',#97,#103,#105,.T.);
#107=ORIENTED_EDGE('',*,*,#106,.T.);
#108=CARTESIAN_POINT('',(-0.747052833656,1.659612022048,-0.175000000000));
#109=VERTEX_POINT('',#108);
#110=CARTESIAN_POINT('',(-0.102851786695,-0.039006537575,-0.175000000000));
#111=LINE('',#110,#59);
#112=EDGE_CURVE('',#103,#109,#111,.T.);
#113=ORIENTED_EDGE('',*,*,#112,.T.);
#114=CARTESIAN_POINT('',(-0.747052833656,1.659612022048,0.000000000000));
#115=LINE('',#114,#12);
#116=EDGE_CURVE('',#109,#95,#115,.T.);
#117=ORIENTED_EDGE('',*,*,#116,.T.);
#118=EDGE_LOOP('',(#101,#107,#113,#117));
#119=ORIENTED_EDGE('',*,*,#29,.F.);
#120=CARTESIAN_POINT('',(0.541349260265,-1.737625097197,0.175000000000));
#121=VERTEX_POINT('',#120);
#122=LINE('',#98,#48);
#123=EDGE_CURVE('',#17,#121,#122,.T.);
#124=ORIENTED_EDGE('',*,*,#123,.T.);
#125=CARTESIAN_POINT('',(0.541349260265,-1.737625097197,-0.175000000000));
#126=VERTEX_POINT('',#125);
#127=CARTESIAN_POINT('',(0.541349260265,-1.737625097197,0.000000000000));
#128=LINE('',#127,#12);
#129=EDGE_CURVE('',#126,#121,#128,.T.);
#130=ORIENTED_EDGE('',*,*,#129,.F.);
#131=LINE('',#110,#59);
#132=EDGE_CURVE('',#126,#24,#131,.T.);
#133=ORIENTED_EDGE('',*,*,#132,.T.);
#134=EDGE_LOOP('',(#119,#124,#130,#133));
#135=FACE_OUTER_BOUND('',#118,.T.);
#136=ADVANCED_FACE('',(#135),#93,.T.);
#137=FACE_OUTER_BOUND('',#134,.T.);
#138=ADVANCED_FACE('',(#137),#93,.T.);
#139=CARTESIAN_POINT('',(0.000000000000,0.000000000000,0.175000000000));
#140=DIRECTION('',(0.000000000000,1.000000000000,0.000000000000));
#141=AXIS2_PLACEMENT_3D('',#139,#11,#140);
#142=PLANE('',#141);
#143=CARTESIAN_POINT('',(-0.011545331841,0.279761872514,0.175000000000));
#144=VERTEX_POINT('',#143);
#145=CARTESIAN_POINT('',(-0.055741552883,0.274395479704,0.175000000000));
#146=VERTEX_POINT('',#145);
#147=CIRCLE('',#141,0.280000000000);
#148=EDGE_CURVE('',#144,#146,#147,.T.);
#149=ORIENTED_EDGE('',*,*,#148,.F.);
#150=CARTESIAN_POINT('',(0.011545331841,0.279761872514,0.175000000000));
#151=VERTEX_POINT('',#150);
#152=CIRCLE('',#141,0.280000000000);
#153=EDGE_CURVE('',#151,#144,#152,.T.);
#154=ORIENTED_EDGE('',*,*,#153,.F.);
#155=CARTESIAN_POINT('',(0.055741552883,0.274395479704,0.175000000000));
#156=VERTEX_POINT('',#155);
#157=CIRCLE('',#141,0.280000000000);
#158=EDGE_CURVE('',#156,#151,#157,.T.);
#159=ORIENTED_EDGE('',*,*,#158,.F.);
#160=CARTESIAN_POINT('',(0.078161243843,0.268869522187,0.175000000000));
#161=VERTEX_POINT('',#160);
#162=CIRCLE('',#141,0.280000000000);
#163=EDGE_CURVE('',#161,#156,#162,.T.);
#164=ORIENTED_EDGE('',*,*,#163,.F.);
#165=CARTESIAN_POINT('',(0.119788941165,0.253082219001,0.175000000000));
#166=VERTEX_POINT('',#165);
#167=CIRCLE('',#141,0.280000000000);
#168=EDGE_CURVE('',#166,#161,#167,.T.);
#169=ORIENTED_EDGE('',*,*,#168,.F.);
#170=CARTESIAN_POINT('',(0.140234708458,0.242351452530,0.175000000000));
#171=VERTEX_POINT('',#170);
#172=CIRCLE('',#141,0.280000000000);
#173=EDGE_CURVE('',#171,#166,#172,.T.);
#174=ORIENTED_EDGE('',*,*,#173,.F.);
#175=CARTESIAN_POINT('',(0.176874631602,0.217060739646,0.175000000000));
#176=VERTEX_POINT('',#175);
#177=CIRCLE('',#141,0.280000000000);
#178=EDGE_CURVE('',#176,#171,#177,.T.);
#179=ORIENTED_EDGE('',*,*,#178,.F.);
#180=CARTESIAN_POINT('',(0.194158241550,0.201748797365,0.175000000000));
#181=VERTEX_POINT('',#180);
#182=CIRCLE('',#141,0.280000000000);
#183=EDGE_CURVE('',#181,#176,#182,.T.);
#184=ORIENTED_EDGE('',*,*,#183,.F.);
#185=CARTESIAN_POINT('',(0.223681011363,0.168424479086,0.175000000000));
#186=VERTEX_POINT('',#185);
#187=CIRCLE('',#141,0.280000000000);
#188=EDGE_CURVE('',#186,#181,#187,.T.);
#189=ORIENTED_EDGE('',*,*,#188,.F.);
#190=CARTESIAN_POINT('',(0.236798003379,0.149421235424,0.175000000000));
#191=VERTEX_POINT('',#190);
#192=CIRCLE('',#141,0.280000000000);
#193=EDGE_CURVE('',#191,#186,#192,.T.);
#194=ORIENTED_EDGE('',*,*,#193,.F.);
#195=CARTESIAN_POINT('',(0.257487863792,0.110000000000,0.175000000000));
#196=VERTEX_POINT('',#195);
#197=CIRCLE('',#141,0.280000000000);
#198=EDGE_CURVE('',#196,#191,#197,.T.);
#199=ORIENTED_EDGE('',*,*,#198,.F.);
#200=CARTESIAN_POINT('',(0.265675925978,0.088409854403,0.175000000000));
#201=VERTEX_POINT('',#200);
#202=CIRCLE('',#141,0.280000000000);
#203=EDGE_CURVE('',#201,#196,#202,.T.);
#204=ORIENTED_EDGE('',*,*,#203,.F.);
#205=CARTESIAN_POINT('',(0.276330457507,0.045182720748,0.175000000000));
#206=VERTEX_POINT('',#205);
#207=CIRCLE('',#141,0.280000000000);
#208=EDGE_CURVE('',#206,#201,#207,.T.);
#209=ORIENTED_EDGE('',*,*,#208,.F.);
#210=CARTESIAN_POINT('',(0.279113729452,0.022260414002,0.175000000000));
#211=VERTEX_POINT('',#210);
#212=CIRCLE('',#141,0.280000000000);
#213=EDGE_CURVE('',#211,#206,#212,.T.);
#214=ORIENTED_EDGE('',*,*,#213,.F.);
#215=CARTESIAN_POINT('',(0.279113729452,-0.022260414002,0.175000000000));
#216=VERTEX_POINT('',#215);
#217=CIRCLE('',#141,0.280000000000);
#218=EDGE_CURVE('',#216,#211,#217,.T.);
#219=ORIENTED_EDGE('',*,*,#218,.F.);
#220=CARTESIAN_POINT('',(0.276330457507,-0.045182720748,0.175000000000));
#221=VERTEX_POINT('',#220);
#222=CIRCLE('',#141,0.280000000000);
#223=EDGE_CURVE('',#221,#216,#222,.T.);
#224=ORIENTED_EDGE('',*,*,#223,.F.);
#225=CARTESIAN_POINT('',(0.265675925978,-0.088409854403,0.175000000000));
#226=VERTEX_POINT('',#225);
#227=CIRCLE('',#141,0.280000000000);
#228=EDGE_CURVE('',#226,#221,#227,.T.);
#229=ORIENTED_EDGE('',*,*,#228,.F.);
#230=CARTESIAN_POINT('',(0.257487863792,-0.110000000000,0.175000000000));
#231=VERTEX_POINT('',#230);
#232=CIRCLE('',#141,0.280000000000);
#233=EDGE_CURVE('',#231,#226,#232,.T.);
#234=ORIENTED_EDGE('',*,*,#233,.F.);
#235=CARTESIAN_POINT('',(0.236798003379,-0.149421235424,0.175000000000));
#236=VERTEX_POINT('',#235);
#237=CIRCLE('',#141,0.280000000000);
#238=EDGE_CURVE('',#236,#231,#237,.T.);
#239=ORIENTED_EDGE('',*,*,#238,.F.);
#240=CARTESIAN_POINT('',(0.223681011363,-0.168424479086,0.175000000000));
#241=VERTEX_POINT('',#240);
#242=CIRCLE('',#141,0.280000000000);
#243=EDGE_CURVE('',#241,#236,#242,.T.);
#244=ORIENTED_EDGE('',*,*,#243,.F.);
#245=CARTESIAN_POINT('',(0.194158241550,-0.201748797365,0.175000000000));
#246=VERTEX_POINT('',#245);
#247=CIRCLE('',#141,0.280000000000);
#248=EDGE_CURVE('',#246,#241,#247,.T.);
#249=ORIENTED_EDGE('',*,*,#248,.F.);
#250=CARTESIAN_POINT('',(0.176874631602,-0.217060739646,0.175000000000));
#251=VERTEX_POINT('',#250);
#252=CIRCLE('',#141,0.280000000000);
#253=EDGE_CURVE('',#251,#246,#252,.T.);
#254=ORIENTED_EDGE('',*,*,#253,.F.);
#255=CARTESIAN_POINT('',(0.140234708458,-0.242351452530,0.175000000000));
#256=VERTEX_POINT('',#255);
#257=CIRCLE('',#141,0.280000000000);
#258=EDGE_CURVE('',#256,#251,#257,.T.);
#259=ORIENTED_EDGE('',*,*,#258,.F.);
#260=CARTESIAN_POINT('',(0.119788941165,-0.253082219001,0.175000000000));
#261=VERTEX_POINT('',#260);
#262=CIRCLE('',#141,0.280000000000);
#263=EDGE_CURVE('',#261,#256,#262,.T.);
#264=ORIENTED_EDGE('',*,*,#263,.F.);
#265=CARTESIAN_POINT('',(0.078161243843,-0.268869522187,0.175000000000));
#266=VERTEX_POINT('',#265);
#267=CIRCLE('',#141,0.280000000000);
#268=EDGE_CURVE('',#266,#261,#267,.T.);
#269=ORIENTED_EDGE('',*,*,#268,.F.);
#270=CARTESIAN_POINT('',(0.055741552883,-0.274395479704,0.175000000000));
#271=VERTEX_POINT('',#270);
#272=CIRCLE('',#141,0.280000000000);
#273=EDGE_CURVE('',#271,#266,#272,.T.);
#274=ORIENTED_EDGE('',*,*,#273,.F.);
#275=CARTESIAN_POINT('',(0.011545331841,-0.279761872514,0.175000000000));
#276=VERTEX_POINT('',#275);
#277=CIRCLE('',#141,0.280000000000);
#278=EDGE_CURVE('',#276,#271,#277,.T.);
#279=ORIENTED_EDGE('',*,*,#278,.F.);
#280=CARTESIAN_POINT('',(-0.011545331841,-0.279761872514,0.175000000000));
#281=VERTEX_POINT('',#280);
#282=CIRCLE('',#141,0.280000000000);
#283=EDGE_CURVE('',#281,#276,#282,.T.);
#284=ORIENTED_EDGE('',*,*,#283,.F.);
#285=CARTESIAN_POINT('',(-0.055741552883,-0.274395479704,0.175000000000));
#286=VERTEX_POINT('',#285);
#287=CIRCLE('',#141,0.280000000000);
#288=EDGE_CURVE('',#286,#281,#287,.T.);
#289=ORIENTED_EDGE('',*,*,#288,.F.);
#290=CARTESIAN_POINT('',(-0.078161243843,-0.268869522187,0.175000000000));
#291=VERTEX_POINT('',#290);
#292=CIRCLE('',#141,0.280000000000);
#293=EDGE_CURVE('',#291,#286,#292,.T.);
#294=ORIENTED_EDGE('',*,*,#293,.F.);
#295=CARTESIAN_POINT('',(-0.119788941165,-0.253082219001,0.175000000000));
#296=VERTEX_POINT('',#295);
#297=CIRCLE('',#141,0.280000000000);
#298=EDGE_CURVE('',#296,#291,#297,.T.);
#299=ORIENTED_EDGE('',*,*,#298,.F.);
#300=CARTESIAN_POINT('',(-0.140234708458,-0.242351452530,0.175000000000));
#301=VERTEX_POINT('',#300);
#302=CIRCLE('',#141,0.280000000000);
#303=EDGE_CURVE('',#301,#296,#302,.T.);
#304=ORIENTED_EDGE('',*,*,#303,.F.);
#305=CARTESIAN_POINT('',(-0.176874631602,-0.217060739646,0.175000000000));
#306=VERTEX_POINT('',#305);
#307=CIRCLE('',#141,0.280000000000);
#308=EDGE_CURVE('',#306,#301,#307,.T.);
#309=ORIENTED_EDGE('',*,*,#308,.F.);
#310=CARTESIAN_POINT('',(-0.194158241550,-0.201748797365,0.175000000000));
#311=VERTEX_POINT('',#310);
#312=CIRCLE('',#141,0.280000000000);
#313=EDGE_CURVE('',#311,#306,#312,.T.);
#314=ORIENTED_EDGE('',*,*,#313,.F.);
#315=CARTESIAN_POINT('',(-0.223681011363,-0.168424479086,0.175000000000));
#316=VERTEX_POINT('',#315);
#317=CIRCLE('',#141,0.280000000000);
#318=EDGE_CURVE('',#316,#311,#317,.T.);
#319=ORIENTED_EDGE('',*,*,#318,.F.);
#320=CARTESIAN_POINT('',(-0.236798003379,-0.149421235424,0.175000000000));
#321=VERTEX_POINT('',#320);
#322=CIRCLE('',#141,0.280000000000);
#323=EDGE_CURVE('',#321,#316,#322,.T.);
#324=ORIENTED_EDGE('',*,*,#323,.F.);
#325=CARTESIAN_POINT('',(-0.257487863792,-0.110000000000,0.175000000000));
#326=VERTEX_POINT('',#325);
#327=CIRCLE('',#141,0.280000000000);
#328=EDGE_CURVE('',#326,#321,#327,.T.);
#329=ORIENTED_EDGE('',*,*,#328,.F.);
#330=CARTESIAN_POINT('',(-0.265675925978,-0.088409854403,0.175000000000));
#331=VERTEX_POINT('',#330);
#332=CIRCLE('',#141,0.280000000000);
#333=EDGE_CURVE('',#331,#326,#332,.T.);
#334=ORIENTED_EDGE('',*,*,#333,.F.);
#335=CARTESIAN_POINT('',(-0.276330457507,-0.045182720748,0.175000000000));
#336=VERTEX_POINT('',#335);
#337=CIRCLE('',#141,0.280000000000);
#338=EDGE_CURVE('',#336,#331,#337,.T.);
#339=ORIENTED_EDGE('',*,*,#338,.F.);
#340=CARTESIAN_POINT('',(-0.279113729452,-0.022260414002,0.175000000000));
#341=VERTEX_POINT('',#340);
#342=CIRCLE('',#141,0.280000000000);
#343=EDGE_CURVE('',#341,#336,#342,.T.);
#344=ORIENTED_EDGE('',*,*,#343,.F.);
#345=CARTESIAN_POINT('',(-0.279113729452,0.022260414002,0.175000000000));
#346=VERTEX_POINT('',#345);
#347=CIRCLE('',#141,0.280000000000);
#348=EDGE_CURVE('',#346,#341,#347,.T.);
#349=ORIENTED_EDGE('',*,*,#348,.F.);
#350=CARTESIAN_POINT('',(-0.276330457507,0.045182720748,0.175000000000));
#351=VERTEX_POINT('',#350);
#352=CIRCLE('',#141,0.280000000000);
#353=EDGE_CURVE('',#351,#346,#352,.T.);
#354=ORIENTED_EDGE('',*,*,#353,.F.);
#355=CARTESIAN_POINT('',(-0.265675925978,0.088409854403,0.175000000000));
#356=VERTEX_POINT('',#355);
#357=CIRCLE('',#141,0.280000000000);
#358=EDGE_CURVE('',#356,#351,#357,.T.);
#359=ORIENTED_EDGE('',*,*,#358,.F.);
#360=CARTESIAN_POINT('',(-0.257487863792,0.110000000000,0.175000000000));
#361=VERTEX_POINT('',#360);
#362=CIRCLE('',#141,0.280000000000);
#363=EDGE_CURVE('',#361,#356,#362,.T.);
#364=ORIENTED_EDGE('',*,*,#363,.F.);
#365=CARTESIAN_POINT('',(-0.236798003379,0.149421235424,0.175000000000));
#366=VERTEX_POINT('',#365);
#367=CIRCLE('',#141,0.280000000000);
#368=EDGE_CURVE('',#366,#361,#367,.T.);
#369=ORIENTED_EDGE('',*,*,#368,.F.);
#370=CARTESIAN_POINT('',(-0.223681011363,0.168424479086,0.175000000000));
#371=VERTEX_POINT('',#370);
#372=CIRCLE('',#141,0.280000000000);
#373=EDGE_CURVE('',#371,#366,#372,.T.);
#374=ORIENTED_EDGE('',*,*,#373,.F.);
#375=CARTESIAN_POINT('',(-0.194158241550,0.201748797365,0.175000000000));
#376=VERTEX_POINT('',#375);
#377=CIRCLE('',#141,0.280000000000);
#378=EDGE_CURVE('',#376,#371,#377,.T.);
#379=ORIENTED_EDGE('',*,*,#378,.F.);
#380=CARTESIAN_POINT('',(-0.176874631602,0.217060739646,0.175000000000));
#381=VERTEX_POINT('',#380);
#382=CIRCLE('',#141,0.280000000000);
#383=EDGE_CURVE('',#381,#376,#382,.T.);
#384=ORIENTED_EDGE('',*,*,#383,.F.);
#385=CARTESIAN_POINT('',(-0.140234708458,0.242351452530,0.175000000000));
#386=VERTEX_POINT('',#385);
#387=CIRCLE('',#141,0.280000000000);
#388=EDGE_CURVE('',#386,#381,#387,.T.);
#389=ORIENTED_EDGE('',*,*,#388,.F.);
#390=CARTESIAN_POINT('',(-0.119788941165,0.253082219001,0.175000000000));
#391=VERTEX_POINT('',#390);
#392=CIRCLE('',#141,0.280000000000);
#393=EDGE_CURVE('',#391,#386,#392,.T.);
#394=ORIENTED_EDGE('',*,*,#393,.F.);
#395=CARTESIAN_POINT('',(-0.078161243843,0.268869522187,0.175000000000));
#396=VERTEX_POINT('',#395);
#397=CIRCLE('',#141,0.280000000000);
#398=EDGE_CURVE('',#396,#391,#397,.T.);
#399=ORIENTED_EDGE('',*,*,#398,.F.);
#400=CIRCLE('',#141,0.280000000000);
#401=EDGE_CURVE('',#146,#396,#400,.T.);
#402=ORIENTED_EDGE('',*,*,#401,.F.);
#403=EDGE_LOOP('',(#149,#154,#159,#164,#169,#174,#179,#184,#189,#194,#199,#204,#209,#214,#219,#224,#229,#234,#239,#244,#249,#254,#259,#264,#269,#274,#279,#284,#289,#294,#299,#304,#309,#314,#319,#324,#329,#334,#339,#344,#349,#354,#359,#364,#369,#374,#379,#384,#389,#394,#399,#402));
#404=ORIENTED_EDGE('',*,*,#21,.F.);
#405=ORIENTED_EDGE('',*,*,#61,.F.);
#406=CARTESIAN_POINT('',(0.941459539043,-1.557579512046,0.175000000000));
#407=VERTEX_POINT('',#406);
#408=CIRCLE('',#141,1.820000000000);
#409=EDGE_CURVE('',#53,#407,#408,.T.);
#410=ORIENTED_EDGE('',*,*,#409,.T.);
#411=CARTESIAN_POINT('',(1.045601268214,-1.708454853928,0.175000000000));
#412=VERTEX_POINT('',#411);
#413=CARTESIAN_POINT('',(-0.090528225248,-0.062487122140,0.175000000000));
#414=DIRECTION('',(0.568064746731,-0.822983865894,0.000000000000));
#415=VECTOR('',#414,1.0);
#416=LINE('',#413,#415);
#417=EDGE_CURVE('',#407,#412,#416,.T.);
#418=ORIENTED_EDGE('',*,*,#417,.T.);
#419=CARTESIAN_POINT('',(1.226657718711,-1.583480609647,0.175000000000));
#420=VERTEX_POINT('',#419);
#421=CARTESIAN_POINT('',(1.136129493462,-1.645967731787,0.175000000000));
#422=DIRECTION('',(0.822983865894,0.568064746731,0.000000000000));
#423=VECTOR('',#422,1.0);
#424=LINE('',#421,#423);
#425=EDGE_CURVE('',#412,#420,#424,.T.);
#426=ORIENTED_EDGE('',*,*,#425,.T.);
#427=CARTESIAN_POINT('',(1.122515989540,-1.432605267765,0.175000000000));
#428=VERTEX_POINT('',#427);
#429=CARTESIAN_POINT('',(0.090528225248,0.062487122140,0.175000000000));
#430=DIRECTION('',(-0.568064746731,0.822983865894,0.000000000000));
#431=VECTOR('',#430,1.0);
#432=LINE('',#429,#431);
#433=EDGE_CURVE('',#420,#428,#432,.T.);
#434=ORIENTED_EDGE('',*,*,#433,.T.);
#435=CARTESIAN_POINT('',(1.286855611477,-1.287013067226,0.175000000000));
#436=VERTEX_POINT('',#435);
#437=CIRCLE('',#141,1.820000000000);
#438=EDGE_CURVE('',#428,#436,#437,.T.);
#439=ORIENTED_EDGE('',*,*,#438,.T.);
#440=CARTESIAN_POINT('',(1.424078003936,-1.408581498780,0.175000000000));
#441=VERTEX_POINT('',#440);
#442=CARTESIAN_POINT('',(-0.072943492406,-0.082336182299,0.175000000000));
#443=DIRECTION('',(0.748510748171,-0.663122658241,0.000000000000));
#444=VECTOR('',#443,1.0);
#445=LINE('',#442,#444);
#446=EDGE_CURVE('',#436,#441,#445,.T.);
#447=ORIENTED_EDGE('',*,*,#446,.T.);
#448=CARTESIAN_POINT('',(1.569964988749,-1.243909134183,0.175000000000));
#449=VERTEX_POINT('',#448);
#450=CARTESIAN_POINT('',(1.497021496342,-1.326245316482,0.175000000000));
#451=DIRECTION('',(0.663122658241,0.748510748171,0.000000000000));
#452=VECTOR('',#451,1.0);
#453=LINE('',#450,#452);
#454=EDGE_CURVE('',#441,#449,#453,.T.);
#455=ORIENTED_EDGE('',*,*,#454,.T.);
#456=CARTESIAN_POINT('',(1.432742596290,-1.122340702628,0.175000000000));
#457=VERTEX_POINT('',#456);
#458=CARTESIAN_POINT('',(0.072943492406,0.082336182299,0.175000000000));
#459=DIRECTION('',(-0.748510748171,0.663122658241,0.000000000000));
#460=VECTOR('',#459,1.0);
#461=LINE('',#458,#460);
#462=EDGE_CURVE('',#449,#457,#461,.T.);
#463=ORIENTED_EDGE('',*,*,#462,.T.);
#464=CARTESIAN_POINT('',(1.557464313303,-0.941650101040,0.175000000000));
#465=VERTEX_POINT('',#464);
#466=CIRCLE('',#141,1.820000000000);
#467=EDGE_CURVE('',#457,#465,#466,.T.);
#468=ORIENTED_EDGE('',*,*,#467,.T.);
#469=CARTESIAN_POINT('',(1.719792502382,-1.026846506909,0.175000000000));
#470=VERTEX_POINT('',#469);
#471=CARTESIAN_POINT('',(-0.051119548925,-0.097400162822,0.175000000000));
#472=DIRECTION('',(0.885456025653,-0.464723172044,0.000000000000));
#473=VECTOR('',#472,1.0);
#474=LINE('',#471,#473);
#475=EDGE_CURVE('',#465,#470,#474,.T.);
#476=ORIENTED_EDGE('',*,*,#475,.T.);
#477=CARTESIAN_POINT('',(1.822031600231,-0.832046181266,0.175000000000));
#478=VERTEX_POINT('',#477);
#479=CARTESIAN_POINT('',(1.770912051306,-0.929446344088,0.175000000000));
#480=DIRECTION('',(0.464723172044,0.885456025653,0.000000000000));
#481=VECTOR('',#480,1.0);
#482=LINE('',#479,#481);
#483=EDGE_CURVE('',#470,#478,#482,.T.);
#484=ORIENTED_EDGE('',*,*,#483,.T.);
#485=CARTESIAN_POINT('',(1.659703411152,-0.746849775396,0.175000000000));
#486=VERTEX_POINT('',#485);
#487=CARTESIAN_POINT('',(0.051119548925,0.097400162822,0.175000000000));
#488=DIRECTION('',(-0.885456025653,0.464723172044,0.000000000000));
#489=VECTOR('',#488,1.0);
#490=LINE('',#487,#489);
#491=EDGE_CURVE('',#478,#486,#490,.T.);
#492=ORIENTED_EDGE('',*,*,#491,.T.);
#493=CARTESIAN_POINT('',(1.737558850391,-0.541561853741,0.175000000000));
#494=VERTEX_POINT('',#493);
#495=CIRCLE('',#141,1.820000000000);
#496=EDGE_CURVE('',#486,#494,#495,.T.);
#497=ORIENTED_EDGE('',*,*,#496,.T.);
#498=CARTESIAN_POINT('',(1.915558911780,-0.585434928492,0.175000000000));
#499=VERTEX_POINT('',#498);
#500=CARTESIAN_POINT('',(-0.026324723072,-0.106803599917,0.175000000000));
#501=DIRECTION('',(0.970941817426,-0.239315664288,0.000000000000));
#502=VECTOR('',#501,1.0);
#503=LINE('',#500,#502);
#504=EDGE_CURVE('',#494,#499,#503,.T.);
#505=ORIENTED_EDGE('',*,*,#504,.T.);
#506=CARTESIAN_POINT('',(1.968208357924,-0.371827728658,0.175000000000));
#507=VERTEX_POINT('',#506);
#508=CARTESIAN_POINT('',(1.941883634852,-0.478631328575,0.175000000000));
#509=DIRECTION('',(0.239315664288,0.970941817426,0.000000000000));
#510=VECTOR('',#509,1.0);
#511=LINE('',#508,#510);
#512=EDGE_CURVE('',#499,#507,#511,.T.);
#513=ORIENTED_EDGE('',*,*,#512,.T.);
#514=CARTESIAN_POINT('',(1.790208296534,-0.327954653907,0.175000000000));
#515=VERTEX_POINT('',#514);
#516=CARTESIAN_POINT('',(0.026324723072,0.106803599917,0.175000000000));
#517=DIRECTION('',(-0.970941817426,0.239315664288,0.000000000000));
#518=VECTOR('',#517,1.0);
#519=LINE('',#516,#518);
#520=EDGE_CURVE('',#507,#515,#519,.T.);
#521=ORIENTED_EDGE('',*,*,#520,.T.);
#522=CARTESIAN_POINT('',(1.816672782864,-0.110000000000,0.175000000000));
#523=VERTEX_POINT('',#522);
#524=CIRCLE('',#141,1.820000000000);
#525=EDGE_CURVE('',#515,#523,#524,.T.);
#526=ORIENTED_EDGE('',*,*,#525,.T.);
#527=CARTESIAN_POINT('',(2.000000000000,-0.110000000000,0.175000000000));
#528=VERTEX_POINT('',#527);
#529=CARTESIAN_POINT('',(0.000000000000,-0.110000000000,0.175000000000));
#530=DIRECTION('',(1.000000000000,0.000000000000,0.000000000000));
#531=VECTOR('',#530,1.0);
#532=LINE('',#529,#531);
#533=EDGE_CURVE('',#523,#528,#532,.T.);
#534=ORIENTED_EDGE('',*,*,#533,.T.);
#535=CARTESIAN_POINT('',(2.000000000000,0.110000000000,0.175000000000));
#536=VERTEX_POINT('',#535);
#537=CARTESIAN_POINT('',(2.000000000000,0.000000000000,0.175000000000));
#538=VECTOR('',#140,1.0);
#539=LINE('',#537,#538);
#540=EDGE_CURVE('',#528,#536,#539,.T.);
#541=ORIENTED_EDGE('',*,*,#540,.T.);
#542=CARTESIAN_POINT('',(1.816672782864,0.110000000000,0.175000000000));
#543=VERTEX_POINT('',#542);
#544=CARTESIAN_POINT('',(0.000000000000,0.110000000000,0.175000000000));
#545=DIRECTION('',(-1.000000000000,0.000000000000,0.000000000000));
#546=VECTOR('',#545,1.0);
#547=LINE('',#544,#546);
#548=EDGE_CURVE('',#536,#543,#547,.T.);
#549=ORIENTED_EDGE('',*,*,#548,.T.);
#550=CARTESIAN_POINT('',(1.790208296534,0.327954653907,0.175000000000));
#551=VERTEX_POINT('',#550);
#552=CIRCLE('',#141,1.820000000000);
#553=EDGE_CURVE('',#543,#551,#552,.T.);
#554=ORIENTED_EDGE('',*,*,#553,.T.);
#555=CARTESIAN_POINT('',(1.968208357924,0.371827728658,0.175000000000));
#556=VERTEX_POINT('',#555);
#557=CARTESIAN_POINT('',(0.026324723072,-0.106803599917,0.175000000000));
#558=DIRECTION('',(0.970941817426,0.239315664288,0.000000000000));
#559=VECTOR('',#558,1.0);
#560=LINE('',#557,#559);
#561=EDGE_CURVE('',#551,#556,#560,.T.);
#562=ORIENTED_EDGE('',*,*,#561,.T.);
#563=CARTESIAN_POINT('',(1.915558911780,0.585434928492,0.175000000000));
#564=VERTEX_POINT('',#563);
#565=CARTESIAN_POINT('',(1.941883634852,0.478631328575,0.175000000000));
#566=DIRECTION('',(-0.239315664288,0.970941817426,0.000000000000));
#567=VECTOR('',#566,1.0);
#568=LINE('',#565,#567);
#569=EDGE_CURVE('',#556,#564,#568,.T.);
#570=ORIENTED_EDGE('',*,*,#569,.T.);
#571=CARTESIAN_POINT('',(1.737558850391,0.541561853741,0.175000000000));
#572=VERTEX_POINT('',#571);
#573=CARTESIAN_POINT('',(-0.026324723072,0.106803599917,0.175000000000));
#574=DIRECTION('',(-0.970941817426,-0.239315664288,0.000000000000));
#575=VECTOR('',#574,1.0);
#576=LINE('',#573,#575);
#577=EDGE_CURVE('',#564,#572,#576,.T.);
#578=ORIENTED_EDGE('',*,*,#577,.T.);
#579=CARTESIAN_POINT('',(1.659703411152,0.746849775396,0.175000000000));
#580=VERTEX_POINT('',#579);
#581=CIRCLE('',#141,1.820000000000);
#582=EDGE_CURVE('',#572,#580,#581,.T.);
#583=ORIENTED_EDGE('',*,*,#582,.T.);
#584=CARTESIAN_POINT('',(1.822031600231,0.832046181266,0.175000000000));
#585=VERTEX_POINT('',#584);
#586=CARTESIAN_POINT('',(0.051119548925,-0.097400162822,0.175000000000));
#587=DIRECTION('',(0.885456025653,0.464723172044,0.000000000000));
#588=VECTOR('',#587,1.0);
#589=LINE('',#586,#588);
#590=EDGE_CURVE('',#580,#585,#589,.T.);
#591=ORIENTED_EDGE('',*,*,#590,.T.);
#592=CARTESIAN_POINT('',(1.719792502382,1.026846506909,0.175000000000));
#593=VERTEX_POINT('',#592);
#594=CARTESIAN_POINT('',(1.770912051306,0.929446344088,0.175000000000));
#595=DIRECTION('',(-0.464723172044,0.885456025653,0.000000000000));
#596=VECTOR('',#595,1.0);
#597=LINE('',#594,#596);
#598=EDGE_CURVE('',#585,#593,#597,.T.);
#599=ORIENTED_EDGE('',*,*,#598,.T.);
#600=CARTESIAN_POINT('',(1.557464313303,0.941650101040,0.175000000000));
#601=VERTEX_POINT('',#600);
#602=CARTESIAN_POINT('',(-0.051119548925,0.097400162822,0.175000000000));
#603=DIRECTION('',(-0.885456025653,-0.464723172044,0.000000000000));
#604=VECTOR('',#603,1.0);
#605=LINE('',#602,#604);
#606=EDGE_CURVE('',#593,#601,#605,.T.);
#607=ORIENTED_EDGE('',*,*,#606,.T.);
#608=CARTESIAN_POINT('',(1.432742596290,1.122340702628,0.175000000000));
#609=VERTEX_POINT('',#608);
#610=CIRCLE('',#141,1.820000000000);
#611=EDGE_CURVE('',#601,#609,#610,.T.);
#612=ORIENTED_EDGE('',*,*,#611,.T.);
#613=CARTESIAN_POINT('',(1.569964988749,1.243909134183,0.175000000000));
#614=VERTEX_POINT('',#613);
#615=CARTESIAN_POINT('',(0.072943492406,-0.082336182299,0.175000000000));
#616=DIRECTION('',(0.748510748171,0.663122658241,0.000000000000));
#617=VECTOR('',#616,1.0);
#618=LINE('',#615,#617);
#619=EDGE_CURVE('',#609,#614,#618,.T.);
#620=ORIENTED_EDGE('',*,*,#619,.T.);
#621=CARTESIAN_POINT('',(1.424078003936,1.408581498780,0.175000000000));
#622=VERTEX_POINT('',#621);
#623=CARTESIAN_POINT('',(1.497021496342,1.326245316482,0.175000000000));
#624=DIRECTION('',(-0.663122658241,0.748510748171,0.000000000000));
#625=VECTOR('',#624,1.0);
#626=LINE('',#623,#625);
#627=EDGE_CURVE('',#614,#622,#626,.T.);
#628=ORIENTED_EDGE('',*,*,#627,.T.);
#629=CARTESIAN_POINT('',(1.286855611477,1.287013067226,0.175000000000));
#630=VERTEX_POINT('',#629);
#631=CARTESIAN_POINT('',(-0.072943492406,0.082336182299,0.175000000000));
#632=DIRECTION('',(-0.748510748171,-0.663122658241,0.000000000000));
#633=VECTOR('',#632,1.0);
#634=LINE('',#631,#633);
#635=EDGE_CURVE('',#622,#630,#634,.T.);
#636=ORIENTED_EDGE('',*,*,#635,.T.);
#637=CARTESIAN_POINT('',(1.122515989540,1.432605267765,0.175000000000));
#638=VERTEX_POINT('',#637);
#639=CIRCLE('',#141,1.820000000000);
#640=EDGE_CURVE('',#630,#638,#639,.T.);
#641=ORIENTED_EDGE('',*,*,#640,.T.);
#642=CARTESIAN_POINT('',(1.226657718711,1.583480609647,0.175000000000));
#643=VERTEX_POINT('',#642);
#644=CARTESIAN_POINT('',(0.090528225248,-0.062487122140,0.175000000000));
#645=DIRECTION('',(0.568064746731,0.822983865894,0.000000000000));
#646=VECTOR('',#645,1.0);
#647=LINE('',#644,#646);
#648=EDGE_CURVE('',#638,#643,#647,.T.);
#649=ORIENTED_EDGE('',*,*,#648,.T.);
#650=CARTESIAN_POINT('',(1.045601268214,1.708454853928,0.175000000000));
#651=VERTEX_POINT('',#650);
#652=CARTESIAN_POINT('',(1.136129493462,1.645967731787,0.175000000000));
#653=DIRECTION('',(-0.822983865894,0.568064746731,0.000000000000));
#654=VECTOR('',#653,1.0);
#655=LINE('',#652,#654);
#656=EDGE_CURVE('',#643,#651,#655,.T.);
#657=ORIENTED_EDGE('',*,*,#656,.T.);
#658=CARTESIAN_POINT('',(0.941459539043,1.557579512046,0.175000000000));
#659=VERTEX_POINT('',#658);
#660=CARTESIAN_POINT('',(-0.090528225248,0.062487122140,0.175000000000));
#661=DIRECTION('',(-0.568064746731,-0.822983865894,0.000000000000));
#662=VECTOR('',#661,1.0);
#663=LINE('',#660,#662);
#664=EDGE_CURVE('',#651,#659,#663,.T.);
#665=ORIENTED_EDGE('',*,*,#664,.T.);
#666=CARTESIAN_POINT('',(0.747052833656,1.659612022048,0.175000000000));
#667=VERTEX_POINT('',#666);
#668=CIRCLE('',#141,1.820000000000);
#669=EDGE_CURVE('',#659,#667,#668,.T.);
#670=ORIENTED_EDGE('',*,*,#669,.T.);
#671=CARTESIAN_POINT('',(0.812061560780,1.831025947796,0.175000000000));
#672=VERTEX_POINT('',#671);
#673=CARTESIAN_POINT('',(0.102851786695,-0.039006537575,0.175000000000));
#674=DIRECTION('',(0.354604887043,0.935016242685,0.000000000000));
#675=VECTOR('',#674,1.0);
#676=LINE('',#673,#675);
#677=EDGE_CURVE('',#667,#672,#676,.T.);
#678=ORIENTED_EDGE('',*,*,#677,.T.);
#679=CARTESIAN_POINT('',(0.606357987390,1.909039022946,0.175000000000));
#680=VERTEX_POINT('',#679);
#681=CARTESIAN_POINT('',(0.709209774085,1.870032485371,0.175000000000));
#682=DIRECTION('',(-0.935016242685,0.354604887043,0.000000000000));
#683=VECTOR('',#682,1.0);
#684=LINE('',#681,#683);
#685=EDGE_CURVE('',#672,#680,#684,.T.);
#686=ORIENTED_EDGE('',*,*,#685,.T.);
#687=CARTESIAN_POINT('',(0.541349260265,1.737625097197,0.175000000000));
#688=VERTEX_POINT('',#687);
#689=CARTESIAN_POINT('',(-0.102851786695,0.039006537575,0.175000000000));
#690=DIRECTION('',(-0.354604887043,-0.935016242685,0.000000000000));
#691=VECTOR('',#690,1.0);
#692=LINE('',#689,#691);
#693=EDGE_CURVE('',#680,#688,#692,.T.);
#694=ORIENTED_EDGE('',*,*,#693,.T.);
#695=CARTESIAN_POINT('',(0.328173682507,1.790168158054,0.175000000000));
#696=VERTEX_POINT('',#695);
#697=CIRCLE('',#141,1.820000000000);
#698=EDGE_CURVE('',#688,#696,#697,.T.);
#699=ORIENTED_EDGE('',*,*,#698,.T.);
#700=CARTESIAN_POINT('',(0.350271336661,1.972158713368,0.175000000000));
#701=VERTEX_POINT('',#700);
#702=CARTESIAN_POINT('',(0.109197976151,-0.013259034828,0.175000000000));
#703=DIRECTION('',(0.120536680255,0.992708874098,0.000000000000));
#704=VECTOR('',#703,1.0);
#705=LINE('',#702,#704);
#706=EDGE_CURVE('',#696,#701,#705,.T.);
#707=ORIENTED_EDGE('',*,*,#706,.T.);
#708=CARTESIAN_POINT('',(0.131875384360,1.998676783024,0.175000000000));
#709=VERTEX_POINT('',#708);
#710=CARTESIAN_POINT('',(0.241073360511,1.985417748196,0.175000000000));
#711=DIRECTION('',(-0.992708874098,0.120536680255,0.000000000000));
#712=VECTOR('',#711,1.0);
#713=LINE('',#710,#712);
#714=EDGE_CURVE('',#701,#709,#713,.T.);
#715=ORIENTED_EDGE('',*,*,#714,.T.);
#716=CARTESIAN_POINT('',(0.109777730206,1.816686227710,0.175000000000));
#717=VERTEX_POINT('',#716);
#718=CARTESIAN_POINT('',(-0.109197976151,0.013259034828,0.175000000000));
#719=DIRECTION('',(-0.120536680255,-0.992708874098,0.000000000000));
#720=VECTOR('',#719,1.0);
#721=LINE('',#718,#720);
#722=EDGE_CURVE('',#709,#717,#721,.T.);
#723=ORIENTED_EDGE('',*,*,#722,.T.);
#724=CARTESIAN_POINT('',(-0.109777730206,1.816686227710,0.175000000000));
#725=VERTEX_POINT('',#724);
#726=CIRCLE('',#141,1.820000000000);
#727=EDGE_CURVE('',#717,#725,#726,.T.);
#728=ORIENTED_EDGE('',*,*,#727,.T.);
#729=CARTESIAN_POINT('',(-0.131875384360,1.998676783024,0.175000000000));
#730=VERTEX_POINT('',#729);
#731=CARTESIAN_POINT('',(0.109197976151,0.013259034828,0.175000000000));
#732=DIRECTION('',(-0.120536680255,0.992708874098,0.000000000000));
#733=VECTOR('',#732,1.0);
#734=LINE('',#731,#733);
#735=EDGE_CURVE('',#725,#730,#734,.T.);
#736=ORIENTED_EDGE('',*,*,#735,.T.);
#737=CARTESIAN_POINT('',(-0.350271336661,1.972158713368,0.175000000000));
#738=VERTEX_POINT('',#737);
#739=CARTESIAN_POINT('',(-0.241073360511,1.985417748196,0.175000000000));
#740=DIRECTION('',(-0.992708874098,-0.120536680255,0.000000000000));
#741=VECTOR('',#740,1.0);
#742=LINE('',#739,#741);
#743=EDGE_CURVE('',#730,#738,#742,.T.);
#744=ORIENTED_EDGE('',*,*,#743,.T.);
#745=CARTESIAN_POINT('',(-0.328173682507,1.790168158054,0.175000000000));
#746=VERTEX_POINT('',#745);
#747=CARTESIAN_POINT('',(-0.109197976151,-0.013259034828,0.175000000000));
#748=DIRECTION('',(0.120536680255,-0.992708874098,0.000000000000));
#749=VECTOR('',#748,1.0);
#750=LINE('',#747,#749);
#751=EDGE_CURVE('',#738,#746,#750,.T.);
#752=ORIENTED_EDGE('',*,*,#751,.T.);
#753=CIRCLE('',#141,1.820000000000);
#754=EDGE_CURVE('',#746,#67,#753,.T.);
#755=ORIENTED_EDGE('',*,*,#754,.T.);
#756=ORIENTED_EDGE('',*,*,#69,.F.);
#757=CARTESIAN_POINT('',(-0.709209774085,1.870032485371,0.175000000000));
#758=LINE('',#757,#19);
#759=EDGE_CURVE('',#65,#97,#758,.T.);
#760=ORIENTED_EDGE('',*,*,#759,.T.);
#761=ORIENTED_EDGE('',*,*,#100,.F.);
#762=CARTESIAN_POINT('',(-0.941459539043,1.557579512046,0.175000000000));
#763=VERTEX_POINT('',#762);
#764=CIRCLE('',#141,1.820000000000);
#765=EDGE_CURVE('',#95,#763,#764,.T.);
#766=ORIENTED_EDGE('',*,*,#765,.T.);
#767=CARTESIAN_POINT('',(-1.045601268214,1.708454853928,0.175000000000));
#768=VERTEX_POINT('',#767);
#769=LINE('',#429,#431);
#770=EDGE_CURVE('',#763,#768,#769,.T.);
#771=ORIENTED_EDGE('',*,*,#770,.T.);
#772=CARTESIAN_POINT('',(-1.226657718711,1.583480609647,0.175000000000));
#773=VERTEX_POINT('',#772);
#774=CARTESIAN_POINT('',(-1.136129493462,1.645967731787,0.175000000000));
#775=DIRECTION('',(-0.822983865894,-0.568064746731,0.000000000000));
#776=VECTOR('',#775,1.0);
#777=LINE('',#774,#776);
#778=EDGE_CURVE('',#768,#773,#777,.T.);
#779=ORIENTED_EDGE('',*,*,#778,.T.);
#780=CARTESIAN_POINT('',(-1.122515989540,1.432605267765,0.175000000000));
#781=VERTEX_POINT('',#780);
#782=LINE('',#413,#415);
#783=EDGE_CURVE('',#773,#781,#782,.T.);
#784=ORIENTED_EDGE('',*,*,#783,.T.);
#785=CARTESIAN_POINT('',(-1.286855611477,1.287013067226,0.175000000000));
#786=VERTEX_POINT('',#785);
#787=CIRCLE('',#141,1.820000000000);
#788=EDGE_CURVE('',#781,#786,#787,.T.);
#789=ORIENTED_EDGE('',*,*,#788,.T.);
#790=CARTESIAN_POINT('',(-1.424078003936,1.408581498780,0.175000000000));
#791=VERTEX_POINT('',#790);
#792=LINE('',#458,#460);
#793=EDGE_CURVE('',#786,#791,#792,.T.);
#794=ORIENTED_EDGE('',*,*,#793,.T.);
#795=CARTESIAN_POINT('',(-1.569964988749,1.243909134183,0.175000000000));
#796=VERTEX_POINT('',#795);
#797=CARTESIAN_POINT('',(-1.497021496342,1.326245316482,0.175000000000));
#798=DIRECTION('',(-0.663122658241,-0.748510748171,0.000000000000));
#799=VECTOR('',#798,1.0);
#800=LINE('',#797,#799);
#801=EDGE_CURVE('',#791,#796,#800,.T.);
#802=ORIENTED_EDGE('',*,*,#801,.T.);
#803=CARTESIAN_POINT('',(-1.432742596290,1.122340702628,0.175000000000));
#804=VERTEX_POINT('',#803);
#805=LINE('',#442,#444);
#806=EDGE_CURVE('',#796,#804,#805,.T.);
#807=ORIENTED_EDGE('',*,*,#806,.T.);
#808=CARTESIAN_POINT('',(-1.557464313303,0.941650101040,0.175000000000));
#809=VERTEX_POINT('',#808);
#810=CIRCLE('',#141,1.820000000000);
#811=EDGE_CURVE('',#804,#809,#810,.T.);
#812=ORIENTED_EDGE('',*,*,#811,.T.);
#813=CARTESIAN_POINT('',(-1.719792502382,1.026846506909,0.175000000000));
#814=VERTEX_POINT('',#813);
#815=LINE('',#487,#489);
#816=EDGE_CURVE('',#809,#814,#815,.T.);
#817=ORIENTED_EDGE('',*,*,#816,.T.);
#818=CARTESIAN_POINT('',(-1.822031600231,0.832046181266,0.175000000000));
#819=VERTEX_POINT('',#818);
#820=CARTESIAN_POINT('',(-1.770912051306,0.929446344088,0.175000000000));
#821=DIRECTION('',(-0.464723172044,-0.885456025653,0.000000000000));
#822=VECTOR('',#821,1.0);
#823=LINE('',#820,#822);
#824=EDGE_CURVE('',#814,#819,#823,.T.);
#825=ORIENTED_EDGE('',*,*,#824,.T.);
#826=CARTESIAN_POINT('',(-1.659703411152,0.746849775396,0.175000000000));
#827=VERTEX_POINT('',#826);
#828=LINE('',#471,#473);
#829=EDGE_CURVE('',#819,#827,#828,.T.);
#830=ORIENTED_EDGE('',*,*,#829,.T.);
#831=CARTESIAN_POINT('',(-1.737558850391,0.541561853741,0.175000000000));
#832=VERTEX_POINT('',#831);
#833=CIRCLE('',#141,1.820000000000);
#834=EDGE_CURVE('',#827,#832,#833,.T.);
#835=ORIENTED_EDGE('',*,*,#834,.T.);
#836=CARTESIAN_POINT('',(-1.915558911780,0.585434928492,0.175000000000));
#837=VERTEX_POINT('',#836);
#838=LINE('',#516,#518);
#839=EDGE_CURVE('',#832,#837,#838,.T.);
#840=ORIENTED_EDGE('',*,*,#839,.T.);
#841=CARTESIAN_POINT('',(-1.968208357924,0.371827728658,0.175000000000));
#842=VERTEX_POINT('',#841);
#843=CARTESIAN_POINT('',(-1.941883634852,0.478631328575,0.175000000000));
#844=DIRECTION('',(-0.239315664288,-0.970941817426,0.000000000000));
#845=VECTOR('',#844,1.0);
#846=LINE('',#843,#845);
#847=EDGE_CURVE('',#837,#842,#846,.T.);
#848=ORIENTED_EDGE('',*,*,#847,.T.);
#849=CARTESIAN_POINT('',(-1.790208296534,0.327954653907,0.175000000000));
#850=VERTEX_POINT('',#849);
#851=LINE('',#500,#502);
#852=EDGE_CURVE('',#842,#850,#851,.T.);
#853=ORIENTED_EDGE('',*,*,#852,.T.);
#854=CARTESIAN_POINT('',(-1.816672782864,0.110000000000,0.175000000000));
#855=VERTEX_POINT('',#854);
#856=CIRCLE('',#141,1.820000000000);
#857=EDGE_CURVE('',#850,#855,#856,.T.);
#858=ORIENTED_EDGE('',*,*,#857,.T.);
#859=CARTESIAN_POINT('',(-2.000000000000,0.110000000000,0.175000000000));
#860=VERTEX_POINT('',#859);
#861=LINE('',#544,#546);
#862=EDGE_CURVE('',#855,#860,#861,.T.);
#863=ORIENTED_EDGE('',*,*,#862,.T.);
#864=CARTESIAN_POINT('',(-2.000000000000,-0.110000000000,0.175000000000));
#865=VERTEX_POINT('',#864);
#866=CARTESIAN_POINT('',(-2.000000000000,0.000000000000,0.175000000000));
#867=DIRECTION('',(0.000000000000,-1.000000000000,0.000000000000));
#868=VECTOR('',#867,1.0);
#869=LINE('',#866,#868);
#870=EDGE_CURVE('',#860,#865,#869,.T.);
#871=ORIENTED_EDGE('',*,*,#870,.T.);
#872=CARTESIAN_POINT('',(-1.816672782864,-0.110000000000,0.175000000000));
#873=VERTEX_POINT('',#872);
#874=LINE('',#529,#531);
#875=EDGE_CURVE('',#865,#873,#874,.T.);
#876=ORIENTED_EDGE('',*,*,#875,.T.);
#877=CARTESIAN_POINT('',(-1.790208296534,-0.327954653907,0.175000000000));
#878=VERTEX_POINT('',#877);
#879=CIRCLE('',#141,1.820000000000);
#880=EDGE_CURVE('',#873,#878,#879,.T.);
#881=ORIENTED_EDGE('',*,*,#880,.T.);
#882=CARTESIAN_POINT('',(-1.968208357924,-0.371827728658,0.175000000000));
#883=VERTEX_POINT('',#882);
#884=LINE('',#573,#575);
#885=EDGE_CURVE('',#878,#883,#884,.T.);
#886=ORIENTED_EDGE('',*,*,#885,.T.);
#887=CARTESIAN_POINT('',(-1.915558911780,-0.585434928492,0.175000000000));
#888=VERTEX_POINT('',#887);
#889=CARTESIAN_POINT('',(-1.941883634852,-0.478631328575,0.175000000000));
#890=DIRECTION('',(0.239315664288,-0.970941817426,0.000000000000));
#891=VECTOR('',#890,1.0);
#892=LINE('',#889,#891);
#893=EDGE_CURVE('',#883,#888,#892,.T.);
#894=ORIENTED_EDGE('',*,*,#893,.T.);
#895=CARTESIAN_POINT('',(-1.737558850391,-0.541561853741,0.175000000000));
#896=VERTEX_POINT('',#895);
#897=LINE('',#557,#559);
#898=EDGE_CURVE('',#888,#896,#897,.T.);
#899=ORIENTED_EDGE('',*,*,#898,.T.);
#900=CARTESIAN_POINT('',(-1.659703411152,-0.746849775396,0.175000000000));
#901=VERTEX_POINT('',#900);
#902=CIRCLE('',#141,1.820000000000);
#903=EDGE_CURVE('',#896,#901,#902,.T.);
#904=ORIENTED_EDGE('',*,*,#903,.T.);
#905=CARTESIAN_POINT('',(-1.822031600231,-0.832046181266,0.175000000000));
#906=VERTEX_POINT('',#905);
#907=LINE('',#602,#604);
#908=EDGE_CURVE('',#901,#906,#907,.T.);
#909=ORIENTED_EDGE('',*,*,#908,.T.);
#910=CARTESIAN_POINT('',(-1.719792502382,-1.026846506909,0.175000000000));
#911=VERTEX_POINT('',#910);
#912=CARTESIAN_POINT('',(-1.770912051306,-0.929446344088,0.175000000000));
#913=DIRECTION('',(0.464723172044,-0.885456025653,0.000000000000));
#914=VECTOR('',#913,1.0);
#915=LINE('',#912,#914);
#916=EDGE_CURVE('',#906,#911,#915,.T.);
#917=ORIENTED_EDGE('',*,*,#916,.T.);
#918=CARTESIAN_POINT('',(-1.557464313303,-0.941650101040,0.175000000000));
#919=VERTEX_POINT('',#918);
#920=LINE('',#586,#588);
#921=EDGE_CURVE('',#911,#919,#920,.T.);
#922=ORIENTED_EDGE('',*,*,#921,.T.);
#923=CARTESIAN_POINT('',(-1.432742596290,-1.122340702628,0.175000000000));
#924=VERTEX_POINT('',#923);
#925=CIRCLE('',#141,1.820000000000);
#926=EDGE_CURVE('',#919,#924,#925,.T.);
#927=ORIENTED_EDGE('',*,*,#926,.T.);
#928=CARTESIAN_POINT('',(-1.569964988749,-1.243909134183,0.175000000000));
#929=VERTEX_POINT('',#928);
#930=LINE('',#631,#633);
#931=EDGE_CURVE('',#924,#929,#930,.T.);
#932=ORIENTED_EDGE('',*,*,#931,.T.);
#933=CARTESIAN_POINT('',(-1.424078003936,-1.408581498780,0.175000000000));
#934=VERTEX_POINT('',#933);
#935=CARTESIAN_POINT('',(-1.497021496342,-1.326245316482,0.175000000000));
#936=DIRECTION('',(0.663122658241,-0.748510748171,0.000000000000));
#937=VECTOR('',#936,1.0);
#938=LINE('',#935,#937);
#939=EDGE_CURVE('',#929,#934,#938,.T.);
#940=ORIENTED_EDGE('',*,*,#939,.T.);
#941=CARTESIAN_POINT('',(-1.286855611477,-1.287013067226,0.175000000000));
#942=VERTEX_POINT('',#941);
#943=LINE('',#615,#617);
#944=EDGE_CURVE('',#934,#942,#943,.T.);
#945=ORIENTED_EDGE('',*,*,#944,.T.);
#946=CARTESIAN_POINT('',(-1.122515989540,-1.432605267765,0.175000000000));
#947=VERTEX_POINT('',#946);
#948=CIRCLE('',#141,1.820000000000);
#949=EDGE_CURVE('',#942,#947,#948,.T.);
#950=ORIENTED_EDGE('',*,*,#949,.T.);
#951=CARTESIAN_POINT('',(-1.226657718711,-1.583480609647,0.175000000000));
#952=VERTEX_POINT('',#951);
#953=LINE('',#660,#662);
#954=EDGE_CURVE('',#947,#952,#953,.T.);
#955=ORIENTED_EDGE('',*,*,#954,.T.);
#956=CARTESIAN_POINT('',(-1.045601268214,-1.708454853928,0.175000000000));
#957=VERTEX_POINT('',#956);
#958=CARTESIAN_POINT('',(-1.136129493462,-1.645967731787,0.175000000000));
#959=DIRECTION('',(0.822983865894,-0.568064746731,0.000000000000));
#960=VECTOR('',#959,1.0);
#961=LINE('',#958,#960);
#962=EDGE_CURVE('',#952,#957,#961,.T.);
#963=ORIENTED_EDGE('',*,*,#962,.T.);
#964=CARTESIAN_POINT('',(-0.941459539043,-1.557579512046,0.175000000000));
#965=VERTEX_POINT('',#964);
#966=LINE('',#644,#646);
#967=EDGE_CURVE('',#957,#965,#966,.T.);
#968=ORIENTED_EDGE('',*,*,#967,.T.);
#969=CARTESIAN_POINT('',(-0.747052833656,-1.659612022048,0.175000000000));
#970=VERTEX_POINT('',#969);
#971=CIRCLE('',#141,1.820000000000);
#972=EDGE_CURVE('',#965,#970,#971,.T.);
#973=ORIENTED_EDGE('',*,*,#972,.T.);
#974=CARTESIAN_POINT('',(-0.812061560780,-1.831025947796,0.175000000000));
#975=VERTEX_POINT('',#974);
#976=LINE('',#689,#691);
#977=EDGE_CURVE('',#970,#975,#976,.T.);
#978=ORIENTED_EDGE('',*,*,#977,.T.);
#979=CARTESIAN_POINT('',(-0.606357987390,-1.909039022946,0.175000000000));
#980=VERTEX_POINT('',#979);
#981=CARTESIAN_POINT('',(-0.709209774085,-1.870032485371,0.175000000000));
#982=DIRECTION('',(0.935016242685,-0.354604887043,0.000000000000));
#983=VECTOR('',#982,1.0);
#984=LINE('',#981,#983);
#985=EDGE_CURVE('',#975,#980,#984,.T.);
#986=ORIENTED_EDGE('',*,*,#985,.T.);
#987=CARTESIAN_POINT('',(-0.541349260265,-1.737625097197,0.175000000000));
#988=VERTEX_POINT('',#987);
#989=LINE('',#673,#675);
#990=EDGE_CURVE('',#980,#988,#989,.T.);
#991=ORIENTED_EDGE('',*,*,#990,.T.);
#992=CARTESIAN_POINT('',(-0.328173682507,-1.790168158054,0.175000000000));
#993=VERTEX_POINT('',#992);
#994=CIRCLE('',#141,1.820000000000);
#995=EDGE_CURVE('',#988,#993,#994,.T.);
#996=ORIENTED_EDGE('',*,*,#995,.T.);
#997=CARTESIAN_POINT('',(-0.350271336661,-1.972158713368,0.175000000000));
#998=VERTEX_POINT('',#997);
#999=LINE('',#718,#720);
#1000=EDGE_CURVE('',#993,#998,#999,.T.);
#1001=ORIENTED_EDGE('',*,*,#1000,.T.);
#1002=CARTESIAN_POINT('',(-0.131875384360,-1.998676783024,0.175000000000));
#1003=VERTEX_POINT('',#1002);
#1004=CARTESIAN_POINT('',(-0.241073360511,-1.985417748196,0.175000000000));
#1005=DIRECTION('',(0.992708874098,-0.120536680255,0.000000000000));
#1006=VECTOR('',#1005,1.0);
#1007=LINE('',#1004,#1006);
#1008=EDGE_CURVE('',#998,#1003,#1007,.T.);
#1009=ORIENTED_EDGE('',*,*,#1008,.T.);
#1010=CARTESIAN_POINT('',(-0.109777730206,-1.816686227710,0.175000000000));
#1011=VERTEX_POINT('',#1010);
#1012=LINE('',#702,#704);
#1013=EDGE_CURVE('',#1003,#1011,#1012,.T.);
#1014=ORIENTED_EDGE('',*,*,#1013,.T.);
#1015=CARTESIAN_POINT('',(0.109777730206,-1.816686227710,0.175000000000));
#1016=VERTEX_POINT('',#1015);
#1017=CIRCLE('',#141,1.820000000000);
#1018=EDGE_CURVE('',#1011,#1016,#1017,.T.);
#1019=ORIENTED_EDGE('',*,*,#1018,.T.);
#1020=CARTESIAN_POINT('',(0.131875384360,-1.998676783024,0.175000000000));
#1021=VERTEX_POINT('',#1020);
#1022=LINE('',#747,#749);
#1023=EDGE_CURVE('',#1016,#1021,#1022,.T.);
#1024=ORIENTED_EDGE('',*,*,#1023,.T.);
#1025=CARTESIAN_POINT('',(0.350271336661,-1.972158713368,0.175000000000));
#1026=VERTEX_POINT('',#1025);
#1027=CARTESIAN_POINT('',(0.241073360511,-1.985417748196,0.175000000000));
#1028=DIRECTION('',(0.992708874098,0.120536680255,0.000000000000));
#1029=VECTOR('',#1028,1.0);
#1030=LINE('',#1027,#1029);
#1031=EDGE_CURVE('',#1021,#1026,#1030,.T.);
#1032=ORIENTED_EDGE('',*,*,#1031,.T.);
#1033=CARTESIAN_POINT('',(0.328173682507,-1.790168158054,0.175000000000));
#1034=VERTEX_POINT('',#1033);
#1035=LINE('',#731,#733);
#1036=EDGE_CURVE('',#1026,#1034,#1035,.T.);
#1037=ORIENTED_EDGE('',*,*,#1036,.T.);
#1038=CIRCLE('',#141,1.820000000000);
#1039=EDGE_CURVE('',#1034,#121,#1038,.T.);
#1040=ORIENTED_EDGE('',*,*,#1039,.T.);
#1041=ORIENTED_EDGE('',*,*,#123,.F.);
#1042=EDGE_LOOP('',(#404,#405,#410,#418,#426,#434,#439,#447,#455,#463,#468,#476,#484,#492,#497,#505,#513,#521,#526,#534,#541,#549,#554,#562,#570,#578,#583,#591,#599,#607,#612,#620,#628,#636,#641,#649,#657,#665,#670,#678,#686,#694,#699,#707,#715,#723,#728,#736,#744,#752,#755,#756,#760,#761,#766,#771,#779,#784,#789,#794,#802,#807,#812,#817,#825,#830,#835,#840,#848,#853,#858,#863,#871,#876,#881,#886,#894,#899,#904,#909,#917,#922,#927,#932,#940,#945,#950,#955,#963,#968,#973,#978,#986,#991,#996,#1001,#1009,#1014,#1019,#1024,#1032,#1037,#1040,#1041));
#1043=FACE_BOUND('',#403,.T.);
#1044=FACE_OUTER_BOUND('',#1042,.T.);
#1045=ADVANCED_FACE('',(#1043,#1044),#142,.T.);
#1046=CARTESIAN_POINT('',(0.000000000000,0.000000000000,-0.175000000000));
#1047=AXIS2_PLACEMENT_3D('',#1046,#26,#867);
#1048=PLANE('',#1047);
#1049=CARTESIAN_POINT('',(-0.011545331841,0.279761872514,-0.175000000000));
#1050=VERTEX_POINT('',#1049);
#1051=CARTESIAN_POINT('',(-0.055741552883,0.274395479704,-0.175000000000));
#1052=VERTEX_POINT('',#1051);
#1053=AXIS2_PLACEMENT_3D('',#1046,#11,#140);
#1054=CIRCLE('',#1053,0.280000000000);
#1055=EDGE_CURVE('',#1050,#1052,#1054,.T.);
#1056=ORIENTED_EDGE('',*,*,#1055,.T.);
#1057=CARTESIAN_POINT('',(-0.078161243843,0.268869522187,-0.175000000000));
#1058=VERTEX_POINT('',#1057);
#1059=CIRCLE('',#1053,0.280000000000);
#1060=EDGE_CURVE('',#1052,#1058,#1059,.T.);
#1061=ORIENTED_EDGE('',*,*,#1060,.T.);
#1062=CARTESIAN_POINT('',(-0.119788941165,0.253082219001,-0.175000000000));
#1063=VERTEX_POINT('',#1062);
#1064=CIRCLE('',#1053,0.280000000000);
#1065=EDGE_CURVE('',#1058,#1063,#1064,.T.);
#1066=ORIENTED_EDGE('',*,*,#1065,.T.);
#1067=CARTESIAN_POINT('',(-0.140234708458,0.242351452530,-0.175000000000));
#1068=VERTEX_POINT('',#1067);
#1069=CIRCLE('',#1053,0.280000000000);
#1070=EDGE_CURVE('',#1063,#1068,#1069,.T.);
#1071=ORIENTED_EDGE('',*,*,#1070,.T.);
#1072=CARTESIAN_POINT('',(-0.176874631602,0.217060739646,-0.175000000000));
#1073=VERTEX_POINT('',#1072);
#1074=CIRCLE('',#1053,0.280000000000);
#1075=EDGE_CURVE('',#1068,#1073,#1074,.T.);
#1076=ORIENTED_EDGE('',*,*,#1075,.T.);
#1077=CARTESIAN_POINT('',(-0.194158241550,0.201748797365,-0.175000000000));
#1078=VERTEX_POINT('',#1077);
#1079=CIRCLE('',#1053,0.280000000000);
#1080=EDGE_CURVE('',#1073,#1078,#1079,.T.);
#1081=ORIENTED_EDGE('',*,*,#1080,.T.);
#1082=CARTESIAN_POINT('',(-0.223681011363,0.168424479086,-0.175000000000));
#1083=VERTEX_POINT('',#1082);
#1084=CIRCLE('',#1053,0.280000000000);
#1085=EDGE_CURVE('',#1078,#1083,#1084,.T.);
#1086=ORIENTED_EDGE('',*,*,#1085,.T.);
#1087=CARTESIAN_POINT('',(-0.236798003379,0.149421235424,-0.175000000000));
#1088=VERTEX_POINT('',#1087);
#1089=CIRCLE('',#1053,0.280000000000);
#1090=EDGE_CURVE('',#1083,#1088,#1089,.T.);
#1091=ORIENTED_EDGE('',*,*,#1090,.T.);
#1092=CARTESIAN_POINT('',(-0.257487863792,0.110000000000,-0.175000000000));
#1093=VERTEX_POINT('',#1092);
#1094=CIRCLE('',#1053,0.280000000000);
#1095=EDGE_CURVE('',#1088,#1093,#1094,.T.);
#1096=ORIENTED_EDGE('',*,*,#1095,.T.);
#1097=CARTESIAN_POINT('',(-0.265675925978,0.088409854403,-0.175000000000));
#1098=VERTEX_POINT('',#1097);
#1099=CIRCLE('',#1053,0.280000000000);
#1100=EDGE_CURVE('',#1093,#1098,#1099,.T.);
#1101=ORIENTED_EDGE('',*,*,#1100,.T.);
#1102=CARTESIAN_POINT('',(-0.276330457507,0.045182720748,-0.175000000000));
#1103=VERTEX_POINT('',#1102);
#1104=CIRCLE('',#1053,0.280000000000);
#1105=EDGE_CURVE('',#1098,#1103,#1104,.T.);
#1106=ORIENTED_EDGE('',*,*,#1105,.T.);
#1107=CARTESIAN_POINT('',(-0.279113729452,0.022260414002,-0.175000000000));
#1108=VERTEX_POINT('',#1107);
#1109=CIRCLE('',#1053,0.280000000000);
#1110=EDGE_CURVE('',#1103,#1108,#1109,.T.);
#1111=ORIENTED_EDGE('',*,*,#1110,.T.);
#1112=CARTESIAN_POINT('',(-0.279113729452,-0.022260414002,-0.175000000000));
#1113=VERTEX_POINT('',#1112);
#1114=CIRCLE('',#1053,0.280000000000);
#1115=EDGE_CURVE('',#1108,#1113,#1114,.T.);
#1116=ORIENTED_EDGE('',*,*,#1115,.T.);
#1117=CARTESIAN_POINT('',(-0.276330457507,-0.045182720748,-0.175000000000));
#1118=VERTEX_POINT('',#1117);
#1119=CIRCLE('',#1053,0.280000000000);
#1120=EDGE_CURVE('',#1113,#1118,#1119,.T.);
#1121=ORIENTED_EDGE('',*,*,#1120,.T.);
#1122=CARTESIAN_POINT('',(-0.265675925978,-0.088409854403,-0.175000000000));
#1123=VERTEX_POINT('',#1122);
#1124=CIRCLE('',#1053,0.280000000000);
#1125=EDGE_CURVE('',#1118,#1123,#1124,.T.);
#1126=ORIENTED_EDGE('',*,*,#1125,.T.);
#1127=CARTESIAN_POINT('',(-0.257487863792,-0.110000000000,-0.175000000000));
#1128=VERTEX_POINT('',#1127);
#1129=CIRCLE('',#1053,0.280000000000);
#1130=EDGE_CURVE('',#1123,#1128,#1129,.T.);
#1131=ORIENTED_EDGE('',*,*,#1130,.T.);
#1132=CARTESIAN_POINT('',(-0.236798003379,-0.149421235424,-0.175000000000));
#1133=VERTEX_POINT('',#1132);
#1134=CIRCLE('',#1053,0.280000000000);
#1135=EDGE_CURVE('',#1128,#1133,#1134,.T.);
#1136=ORIENTED_EDGE('',*,*,#1135,.T.);
#1137=CARTESIAN_POINT('',(-0.223681011363,-0.168424479086,-0.175000000000));
#1138=VERTEX_POINT('',#1137);
#1139=CIRCLE('',#1053,0.280000000000);
#1140=EDGE_CURVE('',#1133,#1138,#1139,.T.);
#1141=ORIENTED_EDGE('',*,*,#1140,.T.);
#1142=CARTESIAN_POINT('',(-0.194158241550,-0.201748797365,-0.175000000000));
#1143=VERTEX_POINT('',#1142);
#1144=CIRCLE('',#1053,0.280000000000);
#1145=EDGE_CURVE('',#1138,#1143,#1144,.T.);
#1146=ORIENTED_EDGE('',*,*,#1145,.T.);
#1147=CARTESIAN_POINT('',(-0.176874631602,-0.217060739646,-0.175000000000));
#1148=VERTEX_POINT('',#1147);
#1149=CIRCLE('',#1053,0.280000000000);
#1150=EDGE_CURVE('',#1143,#1148,#1149,.T.);
#1151=ORIENTED_EDGE('',*,*,#1150,.T.);
#1152=CARTESIAN_POINT('',(-0.140234708458,-0.242351452530,-0.175000000000));
#1153=VERTEX_POINT('',#1152);
#1154=CIRCLE('',#1053,0.280000000000);
#1155=EDGE_CURVE('',#1148,#1153,#1154,.T.);
#1156=ORIENTED_EDGE('',*,*,#1155,.T.);
#1157=CARTESIAN_POINT('',(-0.119788941165,-0.253082219001,-0.175000000000));
#1158=VERTEX_POINT('',#1157);
#1159=CIRCLE('',#1053,0.280000000000);
#1160=EDGE_CURVE('',#1153,#1158,#1159,.T.);
#1161=ORIENTED_EDGE('',*,*,#1160,.T.);
#1162=CARTESIAN_POINT('',(-0.078161243843,-0.268869522187,-0.175000000000));
#1163=VERTEX_POINT('',#1162);
#1164=CIRCLE('',#1053,0.280000000000);
#1165=EDGE_CURVE('',#1158,#1163,#1164,.T.);
#1166=ORIENTED_EDGE('',*,*,#1165,.T.);
#1167=CARTESIAN_POINT('',(-0.055741552883,-0.274395479704,-0.175000000000));
#1168=VERTEX_POINT('',#1167);
#1169=CIRCLE('',#1053,0.280000000000);
#1170=EDGE_CURVE('',#1163,#1168,#1169,.T.);
#1171=ORIENTED_EDGE('',*,*,#1170,.T.);
#1172=CARTESIAN_POINT('',(-0.011545331841,-0.279761872514,-0.175000000000));
#1173=VERTEX_POINT('',#1172);
#1174=CIRCLE('',#1053,0.280000000000);
#1175=EDGE_CURVE('',#1168,#1173,#1174,.T.);
#1176=ORIENTED_EDGE('',*,*,#1175,.T.);
#1177=CARTESIAN_POINT('',(0.011545331841,-0.279761872514,-0.175000000000));
#1178=VERTEX_POINT('',#1177);
#1179=CIRCLE('',#1053,0.280000000000);
#1180=EDGE_CURVE('',#1173,#1178,#1179,.T.);
#1181=ORIENTED_EDGE('',*,*,#1180,.T.);
#1182=CARTESIAN_POINT('',(0.055741552883,-0.274395479704,-0.175000000000));
#1183=VERTEX_POINT('',#1182);
#1184=CIRCLE('',#1053,0.280000000000);
#1185=EDGE_CURVE('',#1178,#1183,#1184,.T.);
#1186=ORIENTED_EDGE('',*,*,#1185,.T.);
#1187=CARTESIAN_POINT('',(0.078161243843,-0.268869522187,-0.175000000000));
#1188=VERTEX_POINT('',#1187);
#1189=CIRCLE('',#1053,0.280000000000);
#1190=EDGE_CURVE('',#1183,#1188,#1189,.T.);
#1191=ORIENTED_EDGE('',*,*,#1190,.T.);
#1192=CARTESIAN_POINT('',(0.119788941165,-0.253082219001,-0.175000000000));
#1193=VERTEX_POINT('',#1192);
#1194=CIRCLE('',#1053,0.280000000000);
#1195=EDGE_CURVE('',#1188,#1193,#1194,.T.);
#1196=ORIENTED_EDGE('',*,*,#1195,.T.);
#1197=CARTESIAN_POINT('',(0.140234708458,-0.242351452530,-0.175000000000));
#1198=VERTEX_POINT('',#1197);
#1199=CIRCLE('',#1053,0.280000000000);
#1200=EDGE_CURVE('',#1193,#1198,#1199,.T.);
#1201=ORIENTED_EDGE('',*,*,#1200,.T.);
#1202=CARTESIAN_POINT('',(0.176874631602,-0.217060739646,-0.175000000000));
#1203=VERTEX_POINT('',#1202);
#1204=CIRCLE('',#1053,0.280000000000);
#1205=EDGE_CURVE('',#1198,#1203,#1204,.T.);
#1206=ORIENTED_EDGE('',*,*,#1205,.T.);
#1207=CARTESIAN_POINT('',(0.194158241550,-0.201748797365,-0.175000000000));
#1208=VERTEX_POINT('',#1207);
#1209=CIRCLE('',#1053,0.280000000000);
#1210=EDGE_CURVE('',#1203,#1208,#1209,.T.);
#1211=ORIENTED_EDGE('',*,*,#1210,.T.);
#1212=CARTESIAN_POINT('',(0.223681011363,-0.168424479086,-0.175000000000));
#1213=VERTEX_POINT('',#1212);
#1214=CIRCLE('',#1053,0.280000000000);
#1215=EDGE_CURVE('',#1208,#1213,#1214,.T.);
#1216=ORIENTED_EDGE('',*,*,#1215,.T.);
#1217=CARTESIAN_POINT('',(0.236798003379,-0.149421235424,-0.175000000000));
#1218=VERTEX_POINT('',#1217);
#1219=CIRCLE('',#1053,0.280000000000);
#1220=EDGE_CURVE('',#1213,#1218,#1219,.T.);
#1221=ORIENTED_EDGE('',*,*,#1220,.T.);
#1222=CARTESIAN_POINT('',(0.257487863792,-0.110000000000,-0.175000000000));
#1223=VERTEX_POINT('',#1222);
#1224=CIRCLE('',#1053,0.280000000000);
#1225=EDGE_CURVE('',#1218,#1223,#1224,.T.);
#1226=ORIENTED_EDGE('',*,*,#1225,.T.);
#1227=CARTESIAN_POINT('',(0.265675925978,-0.088409854403,-0.175000000000));
#1228=VERTEX_POINT('',#1227);
#1229=CIRCLE('',#1053,0.280000000000);
#1230=EDGE_CURVE('',#1223,#1228,#1229,.T.);
#1231=ORIENTED_EDGE('',*,*,#1230,.T.);
#1232=CARTESIAN_POINT('',(0.276330457507,-0.045182720748,-0.175000000000));
#1233=VERTEX_POINT('',#1232);
#1234=CIRCLE('',#1053,0.280000000000);
#1235=EDGE_CURVE('',#1228,#1233,#1234,.T.);
#1236=ORIENTED_EDGE('',*,*,#1235,.T.);
#1237=CARTESIAN_POINT('',(0.279113729452,-0.022260414002,-0.175000000000));
#1238=VERTEX_POINT('',#1237);
#1239=CIRCLE('',#1053,0.280000000000);
#1240=EDGE_CURVE('',#1233,#1238,#1239,.T.);
#1241=ORIENTED_EDGE('',*,*,#1240,.T.);
#1242=CARTESIAN_POINT('',(0.279113729452,0.022260414002,-0.175000000000));
#1243=VERTEX_POINT('',#1242);
#1244=CIRCLE('',#1053,0.280000000000);
#1245=EDGE_CURVE('',#1238,#1243,#1244,.T.);
#1246=ORIENTED_EDGE('',*,*,#1245,.T.);
#1247=CARTESIAN_POINT('',(0.276330457507,0.045182720748,-0.175000000000));
#1248=VERTEX_POINT('',#1247);
#1249=CIRCLE('',#1053,0.280000000000);
#1250=EDGE_CURVE('',#1243,#1248,#1249,.T.);
#1251=ORIENTED_EDGE('',*,*,#1250,.T.);
#1252=CARTESIAN_POINT('',(0.265675925978,0.088409854403,-0.175000000000));
#1253=VERTEX_POINT('',#1252);
#1254=CIRCLE('',#1053,0.280000000000);
#1255=EDGE_CURVE('',#1248,#1253,#1254,.T.);
#1256=ORIENTED_EDGE('',*,*,#1255,.T.);
#1257=CARTESIAN_POINT('',(0.257487863792,0.110000000000,-0.175000000000));
#1258=VERTEX_POINT('',#1257);
#1259=CIRCLE('',#1053,0.280000000000);
#1260=EDGE_CURVE('',#1253,#1258,#1259,.T.);
#1261=ORIENTED_EDGE('',*,*,#1260,.T.);
#1262=CARTESIAN_POINT('',(0.236798003379,0.149421235424,-0.175000000000));
#1263=VERTEX_POINT('',#1262);
#1264=CIRCLE('',#1053,0.280000000000);
#1265=EDGE_CURVE('',#1258,#1263,#1264,.T.);
#1266=ORIENTED_EDGE('',*,*,#1265,.T.);
#1267=CARTESIAN_POINT('',(0.223681011363,0.168424479086,-0.175000000000));
#1268=VERTEX_POINT('',#1267);
#1269=CIRCLE('',#1053,0.280000000000);
#1270=EDGE_CURVE('',#1263,#1268,#1269,.T.);
#1271=ORIENTED_EDGE('',*,*,#1270,.T.);
#1272=CARTESIAN_POINT('',(0.194158241550,0.201748797365,-0.175000000000));
#1273=VERTEX_POINT('',#1272);
#1274=CIRCLE('',#1053,0.280000000000);
#1275=EDGE_CURVE('',#1268,#1273,#1274,.T.);
#1276=ORIENTED_EDGE('',*,*,#1275,.T.);
#1277=CARTESIAN_POINT('',(0.176874631602,0.217060739646,-0.175000000000));
#1278=VERTEX_POINT('',#1277);
#1279=CIRCLE('',#1053,0.280000000000);
#1280=EDGE_CURVE('',#1273,#1278,#1279,.T.);
#1281=ORIENTED_EDGE('',*,*,#1280,.T.);
#1282=CARTESIAN_POINT('',(0.140234708458,0.242351452530,-0.175000000000));
#1283=VERTEX_POINT('',#1282);
#1284=CIRCLE('',#1053,0.280000000000);
#1285=EDGE_CURVE('',#1278,#1283,#1284,.T.);
#1286=ORIENTED_EDGE('',*,*,#1285,.T.);
#1287=CARTESIAN_POINT('',(0.119788941165,0.253082219001,-0.175000000000));
#1288=VERTEX_POINT('',#1287);
#1289=CIRCLE('',#1053,0.280000000000);
#1290=EDGE_CURVE('',#1283,#1288,#1289,.T.);
#1291=ORIENTED_EDGE('',*,*,#1290,.T.);
#1292=CARTESIAN_POINT('',(0.078161243843,0.268869522187,-0.175000000000));
#1293=VERTEX_POINT('',#1292);
#1294=CIRCLE('',#1053,0.280000000000);
#1295=EDGE_CURVE('',#1288,#1293,#1294,.T.);
#1296=ORIENTED_EDGE('',*,*,#1295,.T.);
#1297=CARTESIAN_POINT('',(0.055741552883,0.274395479704,-0.175000000000));
#1298=VERTEX_POINT('',#1297);
#1299=CIRCLE('',#1053,0.280000000000);
#1300=EDGE_CURVE('',#1293,#1298,#1299,.T.);
#1301=ORIENTED_EDGE('',*,*,#1300,.T.);
#1302=CARTESIAN_POINT('',(0.011545331841,0.279761872514,-0.175000000000));
#1303=VERTEX_POINT('',#1302);
#1304=CIRCLE('',#1053,0.280000000000);
#1305=EDGE_CURVE('',#1298,#1303,#1304,.T.);
#1306=ORIENTED_EDGE('',*,*,#1305,.T.);
#1307=CIRCLE('',#1053,0.280000000000);
#1308=EDGE_CURVE('',#1303,#1050,#1307,.T.);
#1309=ORIENTED_EDGE('',*,*,#1308,.T.);
#1310=EDGE_LOOP('',(#1056,#1061,#1066,#1071,#1076,#1081,#1086,#1091,#1096,#1101,#1106,#1111,#1116,#1121,#1126,#1131,#1136,#1141,#1146,#1151,#1156,#1161,#1166,#1171,#1176,#1181,#1186,#1191,#1196,#1201,#1206,#1211,#1216,#1221,#1226,#1231,#1236,#1241,#1246,#1251,#1256,#1261,#1266,#1271,#1276,#1281,#1286,#1291,#1296,#1301,#1306,#1309));
#1311=ORIENTED_EDGE('',*,*,#35,.F.);
#1312=ORIENTED_EDGE('',*,*,#132,.F.);
#1313=CARTESIAN_POINT('',(0.328173682507,-1.790168158054,-0.175000000000));
#1314=VERTEX_POINT('',#1313);
#1315=CIRCLE('',#1053,1.820000000000);
#1316=EDGE_CURVE('',#1314,#126,#1315,.T.);
#1317=ORIENTED_EDGE('',*,*,#1316,.F.);
#1318=CARTESIAN_POINT('',(0.350271336661,-1.972158713368,-0.175000000000));
#1319=VERTEX_POINT('',#1318);
#1320=CARTESIAN_POINT('',(0.109197976151,0.013259034828,-0.175000000000));
#1321=LINE('',#1320,#749);
#1322=EDGE_CURVE('',#1314,#1319,#1321,.T.);
#1323=ORIENTED_EDGE('',*,*,#1322,.T.);
#1324=CARTESIAN_POINT('',(0.131875384360,-1.998676783024,-0.175000000000));
#1325=VERTEX_POINT('',#1324);
#1326=CARTESIAN_POINT('',(0.241073360511,-1.985417748196,-0.175000000000));
#1327=LINE('',#1326,#741);
#1328=EDGE_CURVE('',#1319,#1325,#1327,.T.);
#1329=ORIENTED_EDGE('',*,*,#1328,.T.);
#1330=CARTESIAN_POINT('',(0.109777730206,-1.816686227710,-0.175000000000));
#1331=VERTEX_POINT('',#1330);
#1332=CARTESIAN_POINT('',(-0.109197976151,-0.013259034828,-0.175000000000));
#1333=LINE('',#1332,#733);
#1334=EDGE_CURVE('',#1325,#1331,#1333,.T.);
#1335=ORIENTED_EDGE('',*,*,#1334,.T.);
#1336=CARTESIAN_POINT('',(-0.109777730206,-1.816686227710,-0.175000000000));
#1337=VERTEX_POINT('',#1336);
#1338=CIRCLE('',#1053,1.820000000000);
#1339=EDGE_CURVE('',#1337,#1331,#1338,.T.);
#1340=ORIENTED_EDGE('',*,*,#1339,.F.);
#1341=CARTESIAN_POINT('',(-0.131875384360,-1.998676783024,-0.175000000000));
#1342=VERTEX_POINT('',#1341);
#1343=CARTESIAN_POINT('',(0.109197976151,-0.013259034828,-0.175000000000));
#1344=LINE('',#1343,#720);
#1345=EDGE_CURVE('',#1337,#1342,#1344,.T.);
#1346=ORIENTED_EDGE('',*,*,#1345,.T.);
#1347=CARTESIAN_POINT('',(-0.350271336661,-1.972158713368,-0.175000000000));
#1348=VERTEX_POINT('',#1347);
#1349=CARTESIAN_POINT('',(-0.241073360511,-1.985417748196,-0.175000000000));
#1350=LINE('',#1349,#712);
#1351=EDGE_CURVE('',#1342,#1348,#1350,.T.);
#1352=ORIENTED_EDGE('',*,*,#1351,.T.);
#1353=CARTESIAN_POINT('',(-0.328173682507,-1.790168158054,-0.175000000000));
#1354=VERTEX_POINT('',#1353);
#1355=CARTESIAN_POINT('',(-0.109197976151,0.013259034828,-0.175000000000));
#1356=LINE('',#1355,#704);
#1357=EDGE_CURVE('',#1348,#1354,#1356,.T.);
#1358=ORIENTED_EDGE('',*,*,#1357,.T.);
#1359=CARTESIAN_POINT('',(-0.541349260265,-1.737625097197,-0.175000000000));
#1360=VERTEX_POINT('',#1359);
#1361=CIRCLE('',#1053,1.820000000000);
#1362=EDGE_CURVE('',#1360,#1354,#1361,.T.);
#1363=ORIENTED_EDGE('',*,*,#1362,.F.);
#1364=CARTESIAN_POINT('',(-0.606357987390,-1.909039022946,-0.175000000000));
#1365=VERTEX_POINT('',#1364);
#1366=CARTESIAN_POINT('',(0.102851786695,-0.039006537575,-0.175000000000));
#1367=LINE('',#1366,#691);
#1368=EDGE_CURVE('',#1360,#1365,#1367,.T.);
#1369=ORIENTED_EDGE('',*,*,#1368,.T.);
#1370=CARTESIAN_POINT('',(-0.812061560780,-1.831025947796,-0.175000000000));
#1371=VERTEX_POINT('',#1370);
#1372=CARTESIAN_POINT('',(-0.709209774085,-1.870032485371,-0.175000000000));
#1373=LINE('',#1372,#683);
#1374=EDGE_CURVE('',#1365,#1371,#1373,.T.);
#1375=ORIENTED_EDGE('',*,*,#1374,.T.);
#1376=CARTESIAN_POINT('',(-0.747052833656,-1.659612022048,-0.175000000000));
#1377=VERTEX_POINT('',#1376);
#1378=CARTESIAN_POINT('',(-0.102851786695,0.039006537575,-0.175000000000));
#1379=LINE('',#1378,#675);
#1380=EDGE_CURVE('',#1371,#1377,#1379,.T.);
#1381=ORIENTED_EDGE('',*,*,#1380,.T.);
#1382=CARTESIAN_POINT('',(-0.941459539043,-1.557579512046,-0.175000000000));
#1383=VERTEX_POINT('',#1382);
#1384=CIRCLE('',#1053,1.820000000000);
#1385=EDGE_CURVE('',#1383,#1377,#1384,.T.);
#1386=ORIENTED_EDGE('',*,*,#1385,.F.);
#1387=CARTESIAN_POINT('',(-1.045601268214,-1.708454853928,-0.175000000000));
#1388=VERTEX_POINT('',#1387);
#1389=CARTESIAN_POINT('',(0.090528225248,-0.062487122140,-0.175000000000));
#1390=LINE('',#1389,#662);
#1391=EDGE_CURVE('',#1383,#1388,#1390,.T.);
#1392=ORIENTED_EDGE('',*,*,#1391,.T.);
#1393=CARTESIAN_POINT('',(-1.226657718711,-1.583480609647,-0.175000000000));
#1394=VERTEX_POINT('',#1393);
#1395=CARTESIAN_POINT('',(-1.136129493462,-1.645967731787,-0.175000000000));
#1396=LINE('',#1395,#654);
#1397=EDGE_CURVE('',#1388,#1394,#1396,.T.);
#1398=ORIENTED_EDGE('',*,*,#1397,.T.);
#1399=CARTESIAN_POINT('',(-1.122515989540,-1.432605267765,-0.175000000000));
#1400=VERTEX_POINT('',#1399);
#1401=CARTESIAN_POINT('',(-0.090528225248,0.062487122140,-0.175000000000));
#1402=LINE('',#1401,#646);
#1403=EDGE_CURVE('',#1394,#1400,#1402,.T.);
#1404=ORIENTED_EDGE('',*,*,#1403,.T.);
#1405=CARTESIAN_POINT('',(-1.286855611477,-1.287013067226,-0.175000000000));
#1406=VERTEX_POINT('',#1405);
#1407=CIRCLE('',#1053,1.820000000000);
#1408=EDGE_CURVE('',#1406,#1400,#1407,.T.);
#1409=ORIENTED_EDGE('',*,*,#1408,.F.);
#1410=CARTESIAN_POINT('',(-1.424078003936,-1.408581498780,-0.175000000000));
#1411=VERTEX_POINT('',#1410);
#1412=CARTESIAN_POINT('',(0.072943492406,-0.082336182299,-0.175000000000));
#1413=LINE('',#1412,#633);
#1414=EDGE_CURVE('',#1406,#1411,#1413,.T.);
#1415=ORIENTED_EDGE('',*,*,#1414,.T.);
#1416=CARTESIAN_POINT('',(-1.569964988749,-1.243909134183,-0.175000000000));
#1417=VERTEX_POINT('',#1416);
#1418=CARTESIAN_POINT('',(-1.497021496342,-1.326245316482,-0.175000000000));
#1419=LINE('',#1418,#625);
#1420=EDGE_CURVE('',#1411,#1417,#1419,.T.);
#1421=ORIENTED_EDGE('',*,*,#1420,.T.);
#1422=CARTESIAN_POINT('',(-1.432742596290,-1.122340702628,-0.175000000000));
#1423=VERTEX_POINT('',#1422);
#1424=CARTESIAN_POINT('',(-0.072943492406,0.082336182299,-0.175000000000));
#1425=LINE('',#1424,#617);
#1426=EDGE_CURVE('',#1417,#1423,#1425,.T.);
#1427=ORIENTED_EDGE('',*,*,#1426,.T.);
#1428=CARTESIAN_POINT('',(-1.557464313303,-0.941650101040,-0.175000000000));
#1429=VERTEX_POINT('',#1428);
#1430=CIRCLE('',#1053,1.820000000000);
#1431=EDGE_CURVE('',#1429,#1423,#1430,.T.);
#1432=ORIENTED_EDGE('',*,*,#1431,.F.);
#1433=CARTESIAN_POINT('',(-1.719792502382,-1.026846506909,-0.175000000000));
#1434=VERTEX_POINT('',#1433);
#1435=CARTESIAN_POINT('',(0.051119548925,-0.097400162822,-0.175000000000));
#1436=LINE('',#1435,#604);
#1437=EDGE_CURVE('',#1429,#1434,#1436,.T.);
#1438=ORIENTED_EDGE('',*,*,#1437,.T.);
#1439=CARTESIAN_POINT('',(-1.822031600231,-0.832046181266,-0.175000000000));
#1440=VERTEX_POINT('',#1439);
#1441=CARTESIAN_POINT('',(-1.770912051306,-0.929446344088,-0.175000000000));
#1442=LINE('',#1441,#596);
#1443=EDGE_CURVE('',#1434,#1440,#1442,.T.);
#1444=ORIENTED_EDGE('',*,*,#1443,.T.);
#1445=CARTESIAN_POINT('',(-1.659703411152,-0.746849775396,-0.175000000000));
#1446=VERTEX_POINT('',#1445);
#1447=CARTESIAN_POINT('',(-0.051119548925,0.097400162822,-0.175000000000));
#1448=LINE('',#1447,#588);
#1449=EDGE_CURVE('',#1440,#1446,#1448,.T.);
#1450=ORIENTED_EDGE('',*,*,#1449,.T.);
#1451=CARTESIAN_POINT('',(-1.737558850391,-0.541561853741,-0.175000000000));
#1452=VERTEX_POINT('',#1451);
#1453=CIRCLE('',#1053,1.820000000000);
#1454=EDGE_CURVE('',#1452,#1446,#1453,.T.);
#1455=ORIENTED_EDGE('',*,*,#1454,.F.);
#1456=CARTESIAN_POINT('',(-1.915558911780,-0.585434928492,-0.175000000000));
#1457=VERTEX_POINT('',#1456);
#1458=CARTESIAN_POINT('',(0.026324723072,-0.106803599917,-0.175000000000));
#1459=LINE('',#1458,#575);
#1460=EDGE_CURVE('',#1452,#1457,#1459,.T.);
#1461=ORIENTED_EDGE('',*,*,#1460,.T.);
#1462=CARTESIAN_POINT('',(-1.968208357924,-0.371827728658,-0.175000000000));
#1463=VERTEX_POINT('',#1462);
#1464=CARTESIAN_POINT('',(-1.941883634852,-0.478631328575,-0.175000000000));
#1465=LINE('',#1464,#567);
#1466=EDGE_CURVE('',#1457,#1463,#1465,.T.);
#1467=ORIENTED_EDGE('',*,*,#1466,.T.);
#1468=CARTESIAN_POINT('',(-1.790208296534,-0.327954653907,-0.175000000000));
#1469=VERTEX_POINT('',#1468);
#1470=CARTESIAN_POINT('',(-0.026324723072,0.106803599917,-0.175000000000));
#1471=LINE('',#1470,#559);
#1472=EDGE_CURVE('',#1463,#1469,#1471,.T.);
#1473=ORIENTED_EDGE('',*,*,#1472,.T.);
#1474=CARTESIAN_POINT('',(-1.816672782864,-0.110000000000,-0.175000000000));
#1475=VERTEX_POINT('',#1474);
#1476=CIRCLE('',#1053,1.820000000000);
#1477=EDGE_CURVE('',#1475,#1469,#1476,.T.);
#1478=ORIENTED_EDGE('',*,*,#1477,.F.);
#1479=CARTESIAN_POINT('',(-2.000000000000,-0.110000000000,-0.175000000000));
#1480=VERTEX_POINT('',#1479);
#1481=CARTESIAN_POINT('',(0.000000000000,-0.110000000000,-0.175000000000));
#1482=LINE('',#1481,#546);
#1483=EDGE_CURVE('',#1475,#1480,#1482,.T.);
#1484=ORIENTED_EDGE('',*,*,#1483,.T.);
#1485=CARTESIAN_POINT('',(-2.000000000000,0.110000000000,-0.175000000000));
#1486=VERTEX_POINT('',#1485);
#1487=CARTESIAN_POINT('',(-2.000000000000,0.000000000000,-0.175000000000));
#1488=LINE('',#1487,#538);
#1489=EDGE_CURVE('',#1480,#1486,#1488,.T.);
#1490=ORIENTED_EDGE('',*,*,#1489,.T.);
#1491=CARTESIAN_POINT('',(-1.816672782864,0.110000000000,-0.175000000000));
#1492=VERTEX_POINT('',#1491);
#1493=CARTESIAN_POINT('',(0.000000000000,0.110000000000,-0.175000000000));
#1494=LINE('',#1493,#531);
#1495=EDGE_CURVE('',#1486,#1492,#1494,.T.);
#1496=ORIENTED_EDGE('',*,*,#1495,.T.);
#1497=CARTESIAN_POINT('',(-1.790208296534,0.327954653907,-0.175000000000));
#1498=VERTEX_POINT('',#1497);
#1499=CIRCLE('',#1053,1.820000000000);
#1500=EDGE_CURVE('',#1498,#1492,#1499,.T.);
#1501=ORIENTED_EDGE('',*,*,#1500,.F.);
#1502=CARTESIAN_POINT('',(-1.968208357924,0.371827728658,-0.175000000000));
#1503=VERTEX_POINT('',#1502);
#1504=CARTESIAN_POINT('',(-0.026324723072,-0.106803599917,-0.175000000000));
#1505=LINE('',#1504,#518);
#1506=EDGE_CURVE('',#1498,#1503,#1505,.T.);
#1507=ORIENTED_EDGE('',*,*,#1506,.T.);
#1508=CARTESIAN_POINT('',(-1.915558911780,0.585434928492,-0.175000000000));
#1509=VERTEX_POINT('',#1508);
#1510=CARTESIAN_POINT('',(-1.941883634852,0.478631328575,-0.175000000000));
#1511=LINE('',#1510,#510);
#1512=EDGE_CURVE('',#1503,#1509,#1511,.T.);
#1513=ORIENTED_EDGE('',*,*,#1512,.T.);
#1514=CARTESIAN_POINT('',(-1.737558850391,0.541561853741,-0.175000000000));
#1515=VERTEX_POINT('',#1514);
#1516=CARTESIAN_POINT('',(0.026324723072,0.106803599917,-0.175000000000));
#1517=LINE('',#1516,#502);
#1518=EDGE_CURVE('',#1509,#1515,#1517,.T.);
#1519=ORIENTED_EDGE('',*,*,#1518,.T.);
#1520=CARTESIAN_POINT('',(-1.659703411152,0.746849775396,-0.175000000000));
#1521=VERTEX_POINT('',#1520);
#1522=CIRCLE('',#1053,1.820000000000);
#1523=EDGE_CURVE('',#1521,#1515,#1522,.T.);
#1524=ORIENTED_EDGE('',*,*,#1523,.F.);
#1525=CARTESIAN_POINT('',(-1.822031600231,0.832046181266,-0.175000000000));
#1526=VERTEX_POINT('',#1525);
#1527=CARTESIAN_POINT('',(-0.051119548925,-0.097400162822,-0.175000000000));
#1528=LINE('',#1527,#489);
#1529=EDGE_CURVE('',#1521,#1526,#1528,.T.);
#1530=ORIENTED_EDGE('',*,*,#1529,.T.);
#1531=CARTESIAN_POINT('',(-1.719792502382,1.026846506909,-0.175000000000));
#1532=VERTEX_POINT('',#1531);
#1533=CARTESIAN_POINT('',(-1.770912051306,0.929446344088,-0.175000000000));
#1534=LINE('',#1533,#481);
#1535=EDGE_CURVE('',#1526,#1532,#1534,.T.);
#1536=ORIENTED_EDGE('',*,*,#1535,.T.);
#1537=CARTESIAN_POINT('',(-1.557464313303,0.941650101040,-0.175000000000));
#1538=VERTEX_POINT('',#1537);
#1539=CARTESIAN_POINT('',(0.051119548925,0.097400162822,-0.175000000000));
#1540=LINE('',#1539,#473);
#1541=EDGE_CURVE('',#1532,#1538,#1540,.T.);
#1542=ORIENTED_EDGE('',*,*,#1541,.T.);
#1543=CARTESIAN_POINT('',(-1.432742596290,1.122340702628,-0.175000000000));
#1544=VERTEX_POINT('',#1543);
#1545=CIRCLE('',#1053,1.820000000000);
#1546=EDGE_CURVE('',#1544,#1538,#1545,.T.);
#1547=ORIENTED_EDGE('',*,*,#1546,.F.);
#1548=CARTESIAN_POINT('',(-1.569964988749,1.243909134183,-0.175000000000));
#1549=VERTEX_POINT('',#1548);
#1550=CARTESIAN_POINT('',(-0.072943492406,-0.082336182299,-0.175000000000));
#1551=LINE('',#1550,#460);
#1552=EDGE_CURVE('',#1544,#1549,#1551,.T.);
#1553=ORIENTED_EDGE('',*,*,#1552,.T.);
#1554=CARTESIAN_POINT('',(-1.424078003936,1.408581498780,-0.175000000000));
#1555=VERTEX_POINT('',#1554);
#1556=CARTESIAN_POINT('',(-1.497021496342,1.326245316482,-0.175000000000));
#1557=LINE('',#1556,#452);
#1558=EDGE_CURVE('',#1549,#1555,#1557,.T.);
#1559=ORIENTED_EDGE('',*,*,#1558,.T.);
#1560=CARTESIAN_POINT('',(-1.286855611477,1.287013067226,-0.175000000000));
#1561=VERTEX_POINT('',#1560);
#1562=CARTESIAN_POINT('',(0.072943492406,0.082336182299,-0.175000000000));
#1563=LINE('',#1562,#444);
#1564=EDGE_CURVE('',#1555,#1561,#1563,.T.);
#1565=ORIENTED_EDGE('',*,*,#1564,.T.);
#1566=CARTESIAN_POINT('',(-1.122515989540,1.432605267765,-0.175000000000));
#1567=VERTEX_POINT('',#1566);
#1568=CIRCLE('',#1053,1.820000000000);
#1569=EDGE_CURVE('',#1567,#1561,#1568,.T.);
#1570=ORIENTED_EDGE('',*,*,#1569,.F.);
#1571=CARTESIAN_POINT('',(-1.226657718711,1.583480609647,-0.175000000000));
#1572=VERTEX_POINT('',#1571);
#1573=CARTESIAN_POINT('',(-0.090528225248,-0.062487122140,-0.175000000000));
#1574=LINE('',#1573,#431);
#1575=EDGE_CURVE('',#1567,#1572,#1574,.T.);
#1576=ORIENTED_EDGE('',*,*,#1575,.T.);
#1577=CARTESIAN_POINT('',(-1.045601268214,1.708454853928,-0.175000000000));
#1578=VERTEX_POINT('',#1577);
#1579=CARTESIAN_POINT('',(-1.136129493462,1.645967731787,-0.175000000000));
#1580=LINE('',#1579,#423);
#1581=EDGE_CURVE('',#1572,#1578,#1580,.T.);
#1582=ORIENTED_EDGE('',*,*,#1581,.T.);
#1583=CARTESIAN_POINT('',(-0.941459539043,1.557579512046,-0.175000000000));
#1584=VERTEX_POINT('',#1583);
#1585=CARTESIAN_POINT('',(0.090528225248,0.062487122140,-0.175000000000));
#1586=LINE('',#1585,#415);
#1587=EDGE_CURVE('',#1578,#1584,#1586,.T.);
#1588=ORIENTED_EDGE('',*,*,#1587,.T.);
#1589=CIRCLE('',#1053,1.820000000000);
#1590=EDGE_CURVE('',#109,#1584,#1589,.T.);
#1591=ORIENTED_EDGE('',*,*,#1590,.F.);
#1592=ORIENTED_EDGE('',*,*,#112,.F.);
#1593=CARTESIAN_POINT('',(-0.709209774085,1.870032485371,-0.175000000000));
#1594=LINE('',#1593,#33);
#1595=EDGE_CURVE('',#103,#78,#1594,.T.);
#1596=ORIENTED_EDGE('',*,*,#1595,.T.);
#1597=ORIENTED_EDGE('',*,*,#80,.F.);
#1598=CARTESIAN_POINT('',(-0.328173682507,1.790168158054,-0.175000000000));
#1599=VERTEX_POINT('',#1598);
#1600=CIRCLE('',#1053,1.820000000000);
#1601=EDGE_CURVE('',#1599,#72,#1600,.T.);
#1602=ORIENTED_EDGE('',*,*,#1601,.F.);
#1603=CARTESIAN_POINT('',(-0.350271336661,1.972158713368,-0.175000000000));
#1604=VERTEX_POINT('',#1603);
#1605=LINE('',#1332,#733);
#1606=EDGE_CURVE('',#1599,#1604,#1605,.T.);
#1607=ORIENTED_EDGE('',*,*,#1606,.T.);
#1608=CARTESIAN_POINT('',(-0.131875384360,1.998676783024,-0.175000000000));
#1609=VERTEX_POINT('',#1608);
#1610=CARTESIAN_POINT('',(-0.241073360511,1.985417748196,-0.175000000000));
#1611=LINE('',#1610,#1029);
#1612=EDGE_CURVE('',#1604,#1609,#1611,.T.);
#1613=ORIENTED_EDGE('',*,*,#1612,.T.);
#1614=CARTESIAN_POINT('',(-0.109777730206,1.816686227710,-0.175000000000));
#1615=VERTEX_POINT('',#1614);
#1616=LINE('',#1320,#749);
#1617=EDGE_CURVE('',#1609,#1615,#1616,.T.);
#1618=ORIENTED_EDGE('',*,*,#1617,.T.);
#1619=CARTESIAN_POINT('',(0.109777730206,1.816686227710,-0.175000000000));
#1620=VERTEX_POINT('',#1619);
#1621=CIRCLE('',#1053,1.820000000000);
#1622=EDGE_CURVE('',#1620,#1615,#1621,.T.);
#1623=ORIENTED_EDGE('',*,*,#1622,.F.);
#1624=CARTESIAN_POINT('',(0.131875384360,1.998676783024,-0.175000000000));
#1625=VERTEX_POINT('',#1624);
#1626=LINE('',#1355,#704);
#1627=EDGE_CURVE('',#1620,#1625,#1626,.T.);
#1628=ORIENTED_EDGE('',*,*,#1627,.T.);
#1629=CARTESIAN_POINT('',(0.350271336661,1.972158713368,-0.175000000000));
#1630=VERTEX_POINT('',#1629);
#1631=CARTESIAN_POINT('',(0.241073360511,1.985417748196,-0.175000000000));
#1632=LINE('',#1631,#1006);
#1633=EDGE_CURVE('',#1625,#1630,#1632,.T.);
#1634=ORIENTED_EDGE('',*,*,#1633,.T.);
#1635=CARTESIAN_POINT('',(0.328173682507,1.790168158054,-0.175000000000));
#1636=VERTEX_POINT('',#1635);
#1637=LINE('',#1343,#720);
#1638=EDGE_CURVE('',#1630,#1636,#1637,.T.);
#1639=ORIENTED_EDGE('',*,*,#1638,.T.);
#1640=CARTESIAN_POINT('',(0.541349260265,1.737625097197,-0.175000000000));
#1641=VERTEX_POINT('',#1640);
#1642=CIRCLE('',#1053,1.820000000000);
#1643=EDGE_CURVE('',#1641,#1636,#1642,.T.);
#1644=ORIENTED_EDGE('',*,*,#1643,.F.);
#1645=CARTESIAN_POINT('',(0.606357987390,1.909039022946,-0.175000000000));
#1646=VERTEX_POINT('',#1645);
#1647=LINE('',#1378,#675);
#1648=EDGE_CURVE('',#1641,#1646,#1647,.T.);
#1649=ORIENTED_EDGE('',*,*,#1648,.T.);
#1650=CARTESIAN_POINT('',(0.812061560780,1.831025947796,-0.175000000000));
#1651=VERTEX_POINT('',#1650);
#1652=CARTESIAN_POINT('',(0.709209774085,1.870032485371,-0.175000000000));
#1653=LINE('',#1652,#983);
#1654=EDGE_CURVE('',#1646,#1651,#1653,.T.);
#1655=ORIENTED_EDGE('',*,*,#1654,.T.);
#1656=CARTESIAN_POINT('',(0.747052833656,1.659612022048,-0.175000000000));
#1657=VERTEX_POINT('',#1656);
#1658=LINE('',#1366,#691);
#1659=EDGE_CURVE('',#1651,#1657,#1658,.T.);
#1660=ORIENTED_EDGE('',*,*,#1659,.T.);
#1661=CARTESIAN_POINT('',(0.941459539043,1.557579512046,-0.175000000000));
#1662=VERTEX_POINT('',#1661);
#1663=CIRCLE('',#1053,1.820000000000);
#1664=EDGE_CURVE('',#1662,#1657,#1663,.T.);
#1665=ORIENTED_EDGE('',*,*,#1664,.F.);
#1666=CARTESIAN_POINT('',(1.045601268214,1.708454853928,-0.175000000000));
#1667=VERTEX_POINT('',#1666);
#1668=LINE('',#1401,#646);
#1669=EDGE_CURVE('',#1662,#1667,#1668,.T.);
#1670=ORIENTED_EDGE('',*,*,#1669,.T.);
#1671=CARTESIAN_POINT('',(1.226657718711,1.583480609647,-0.175000000000));
#1672=VERTEX_POINT('',#1671);
#1673=CARTESIAN_POINT('',(1.136129493462,1.645967731787,-0.175000000000));
#1674=LINE('',#1673,#960);
#1675=EDGE_CURVE('',#1667,#1672,#1674,.T.);
#1676=ORIENTED_EDGE('',*,*,#1675,.T.);
#1677=CARTESIAN_POINT('',(1.122515989540,1.432605267765,-0.175000000000));
#1678=VERTEX_POINT('',#1677);
#1679=LINE('',#1389,#662);
#1680=EDGE_CURVE('',#1672,#1678,#1679,.T.);
#1681=ORIENTED_EDGE('',*,*,#1680,.T.);
#1682=CARTESIAN_POINT('',(1.286855611477,1.287013067226,-0.175000000000));
#1683=VERTEX_POINT('',#1682);
#1684=CIRCLE('',#1053,1.820000000000);
#1685=EDGE_CURVE('',#1683,#1678,#1684,.T.);
#1686=ORIENTED_EDGE('',*,*,#1685,.F.);
#1687=CARTESIAN_POINT('',(1.424078003936,1.408581498780,-0.175000000000));
#1688=VERTEX_POINT('',#1687);
#1689=LINE('',#1424,#617);
#1690=EDGE_CURVE('',#1683,#1688,#1689,.T.);
#1691=ORIENTED_EDGE('',*,*,#1690,.T.);
#1692=CARTESIAN_POINT('',(1.569964988749,1.243909134183,-0.175000000000));
#1693=VERTEX_POINT('',#1692);
#1694=CARTESIAN_POINT('',(1.497021496342,1.326245316482,-0.175000000000));
#1695=LINE('',#1694,#937);
#1696=EDGE_CURVE('',#1688,#1693,#1695,.T.);
#1697=ORIENTED_EDGE('',*,*,#1696,.T.);
#1698=CARTESIAN_POINT('',(1.432742596290,1.122340702628,-0.175000000000));
#1699=VERTEX_POINT('',#1698);
#1700=LINE('',#1412,#633);
#1701=EDGE_CURVE('',#1693,#1699,#1700,.T.);
#1702=ORIENTED_EDGE('',*,*,#1701,.T.);
#1703=CARTESIAN_POINT('',(1.557464313303,0.941650101040,-0.175000000000));
#1704=VERTEX_POINT('',#1703);
#1705=CIRCLE('',#1053,1.820000000000);
#1706=EDGE_CURVE('',#1704,#1699,#1705,.T.);
#1707=ORIENTED_EDGE('',*,*,#1706,.F.);
#1708=CARTESIAN_POINT('',(1.719792502382,1.026846506909,-0.175000000000));
#1709=VERTEX_POINT('',#1708);
#1710=LINE('',#1447,#588);
#1711=EDGE_CURVE('',#1704,#1709,#1710,.T.);
#1712=ORIENTED_EDGE('',*,*,#1711,.T.);
#1713=CARTESIAN_POINT('',(1.822031600231,0.832046181266,-0.175000000000));
#1714=VERTEX_POINT('',#1713);
#1715=CARTESIAN_POINT('',(1.770912051306,0.929446344088,-0.175000000000));
#1716=LINE('',#1715,#914);
#1717=EDGE_CURVE('',#1709,#1714,#1716,.T.);
#1718=ORIENTED_EDGE('',*,*,#1717,.T.);
#1719=CARTESIAN_POINT('',(1.659703411152,0.746849775396,-0.175000000000));
#1720=VERTEX_POINT('',#1719);
#1721=LINE('',#1435,#604);
#1722=EDGE_CURVE('',#1714,#1720,#1721,.T.);
#1723=ORIENTED_EDGE('',*,*,#1722,.T.);
#1724=CARTESIAN_POINT('',(1.737558850391,0.541561853741,-0.175000000000));
#1725=VERTEX_POINT('',#1724);
#1726=CIRCLE('',#1053,1.820000000000);
#1727=EDGE_CURVE('',#1725,#1720,#1726,.T.);
#1728=ORIENTED_EDGE('',*,*,#1727,.F.);
#1729=CARTESIAN_POINT('',(1.915558911780,0.585434928492,-0.175000000000));
#1730=VERTEX_POINT('',#1729);
#1731=LINE('',#1470,#559);
#1732=EDGE_CURVE('',#1725,#1730,#1731,.T.);
#1733=ORIENTED_EDGE('',*,*,#1732,.T.);
#1734=CARTESIAN_POINT('',(1.968208357924,0.371827728658,-0.175000000000));
#1735=VERTEX_POINT('',#1734);
#1736=CARTESIAN_POINT('',(1.941883634852,0.478631328575,-0.175000000000));
#1737=LINE('',#1736,#891);
#1738=EDGE_CURVE('',#1730,#1735,#1737,.T.);
#1739=ORIENTED_EDGE('',*,*,#1738,.T.);
#1740=CARTESIAN_POINT('',(1.790208296534,0.327954653907,-0.175000000000));
#1741=VERTEX_POINT('',#1740);
#1742=LINE('',#1458,#575);
#1743=EDGE_CURVE('',#1735,#1741,#1742,.T.);
#1744=ORIENTED_EDGE('',*,*,#1743,.T.);
#1745=CARTESIAN_POINT('',(1.816672782864,0.110000000000,-0.175000000000));
#1746=VERTEX_POINT('',#1745);
#1747=CIRCLE('',#1053,1.820000000000);
#1748=EDGE_CURVE('',#1746,#1741,#1747,.T.);
#1749=ORIENTED_EDGE('',*,*,#1748,.F.);
#1750=CARTESIAN_POINT('',(2.000000000000,0.110000000000,-0.175000000000));
#1751=VERTEX_POINT('',#1750);
#1752=LINE('',#1493,#531);
#1753=EDGE_CURVE('',#1746,#1751,#1752,.T.);
#1754=ORIENTED_EDGE('',*,*,#1753,.T.);
#1755=CARTESIAN_POINT('',(2.000000000000,-0.110000000000,-0.175000000000));
#1756=VERTEX_POINT('',#1755);
#1757=CARTESIAN_POINT('',(2.000000000000,0.000000000000,-0.175000000000));
#1758=LINE('',#1757,#868);
#1759=EDGE_CURVE('',#1751,#1756,#1758,.T.);
#1760=ORIENTED_EDGE('',*,*,#1759,.T.);
#1761=CARTESIAN_POINT('',(1.816672782864,-0.110000000000,-0.175000000000));
#1762=VERTEX_POINT('',#1761);
#1763=LINE('',#1481,#546);
#1764=EDGE_CURVE('',#1756,#1762,#1763,.T.);
#1765=ORIENTED_EDGE('',*,*,#1764,.T.);
#1766=CARTESIAN_POINT('',(1.790208296534,-0.327954653907,-0.175000000000));
#1767=VERTEX_POINT('',#1766);
#1768=CIRCLE('',#1053,1.820000000000);
#1769=EDGE_CURVE('',#1767,#1762,#1768,.T.);
#1770=ORIENTED_EDGE('',*,*,#1769,.F.);
#1771=CARTESIAN_POINT('',(1.968208357924,-0.371827728658,-0.175000000000));
#1772=VERTEX_POINT('',#1771);
#1773=LINE('',#1516,#502);
#1774=EDGE_CURVE('',#1767,#1772,#1773,.T.);
#1775=ORIENTED_EDGE('',*,*,#1774,.T.);
#1776=CARTESIAN_POINT('',(1.915558911780,-0.585434928492,-0.175000000000));
#1777=VERTEX_POINT('',#1776);
#1778=CARTESIAN_POINT('',(1.941883634852,-0.478631328575,-0.175000000000));
#1779=LINE('',#1778,#845);
#1780=EDGE_CURVE('',#1772,#1777,#1779,.T.);
#1781=ORIENTED_EDGE('',*,*,#1780,.T.);
#1782=CARTESIAN_POINT('',(1.737558850391,-0.541561853741,-0.175000000000));
#1783=VERTEX_POINT('',#1782);
#1784=LINE('',#1504,#518);
#1785=EDGE_CURVE('',#1777,#1783,#1784,.T.);
#1786=ORIENTED_EDGE('',*,*,#1785,.T.);
#1787=CARTESIAN_POINT('',(1.659703411152,-0.746849775396,-0.175000000000));
#1788=VERTEX_POINT('',#1787);
#1789=CIRCLE('',#1053,1.820000000000);
#1790=EDGE_CURVE('',#1788,#1783,#1789,.T.);
#1791=ORIENTED_EDGE('',*,*,#1790,.F.);
#1792=CARTESIAN_POINT('',(1.822031600231,-0.832046181266,-0.175000000000));
#1793=VERTEX_POINT('',#1792);
#1794=LINE('',#1539,#473);
#1795=EDGE_CURVE('',#1788,#1793,#1794,.T.);
#1796=ORIENTED_EDGE('',*,*,#1795,.T.);
#1797=CARTESIAN_POINT('',(1.719792502382,-1.026846506909,-0.175000000000));
#1798=VERTEX_POINT('',#1797);
#1799=CARTESIAN_POINT('',(1.770912051306,-0.929446344088,-0.175000000000));
#1800=LINE('',#1799,#822);
#1801=EDGE_CURVE('',#1793,#1798,#1800,.T.);
#1802=ORIENTED_EDGE('',*,*,#1801,.T.);
#1803=CARTESIAN_POINT('',(1.557464313303,-0.941650101040,-0.175000000000));
#1804=VERTEX_POINT('',#1803);
#1805=LINE('',#1527,#489);
#1806=EDGE_CURVE('',#1798,#1804,#1805,.T.);
#1807=ORIENTED_EDGE('',*,*,#1806,.T.);
#1808=CARTESIAN_POINT('',(1.432742596290,-1.122340702628,-0.175000000000));
#1809=VERTEX_POINT('',#1808);
#1810=CIRCLE('',#1053,1.820000000000);
#1811=EDGE_CURVE('',#1809,#1804,#1810,.T.);
#1812=ORIENTED_EDGE('',*,*,#1811,.F.);
#1813=CARTESIAN_POINT('',(1.569964988749,-1.243909134183,-0.175000000000));
#1814=VERTEX_POINT('',#1813);
#1815=LINE('',#1562,#444);
#1816=EDGE_CURVE('',#1809,#1814,#1815,.T.);
#1817=ORIENTED_EDGE('',*,*,#1816,.T.);
#1818=CARTESIAN_POINT('',(1.424078003936,-1.408581498780,-0.175000000000));
#1819=VERTEX_POINT('',#1818);
#1820=CARTESIAN_POINT('',(1.497021496342,-1.326245316482,-0.175000000000));
#1821=LINE('',#1820,#799);
#1822=EDGE_CURVE('',#1814,#1819,#1821,.T.);
#1823=ORIENTED_EDGE('',*,*,#1822,.T.);
#1824=CARTESIAN_POINT('',(1.286855611477,-1.287013067226,-0.175000000000));
#1825=VERTEX_POINT('',#1824);
#1826=LINE('',#1550,#460);
#1827=EDGE_CURVE('',#1819,#1825,#1826,.T.);
#1828=ORIENTED_EDGE('',*,*,#1827,.T.);
#1829=CARTESIAN_POINT('',(1.122515989540,-1.432605267765,-0.175000000000));
#1830=VERTEX_POINT('',#1829);
#1831=CIRCLE('',#1053,1.820000000000);
#1832=EDGE_CURVE('',#1830,#1825,#1831,.T.);
#1833=ORIENTED_EDGE('',*,*,#1832,.F.);
#1834=CARTESIAN_POINT('',(1.226657718711,-1.583480609647,-0.175000000000));
#1835=VERTEX_POINT('',#1834);
#1836=LINE('',#1585,#415);
#1837=EDGE_CURVE('',#1830,#1835,#1836,.T.);
#1838=ORIENTED_EDGE('',*,*,#1837,.T.);
#1839=CARTESIAN_POINT('',(1.045601268214,-1.708454853928,-0.175000000000));
#1840=VERTEX_POINT('',#1839);
#1841=CARTESIAN_POINT('',(1.136129493462,-1.645967731787,-0.175000000000));
#1842=LINE('',#1841,#776);
#1843=EDGE_CURVE('',#1835,#1840,#1842,.T.);
#1844=ORIENTED_EDGE('',*,*,#1843,.T.);
#1845=CARTESIAN_POINT('',(0.941459539043,-1.557579512046,-0.175000000000));
#1846=VERTEX_POINT('',#1845);
#1847=LINE('',#1573,#431);
#1848=EDGE_CURVE('',#1840,#1846,#1847,.T.);
#1849=ORIENTED_EDGE('',*,*,#1848,.T.);
#1850=CIRCLE('',#1053,1.820000000000);
#1851=EDGE_CURVE('',#45,#1846,#1850,.T.);
#1852=ORIENTED_EDGE('',*,*,#1851,.F.);
#1853=ORIENTED_EDGE('',*,*,#50,.F.);
#1854=EDGE_LOOP('',(#1311,#1312,#1317,#1323,#1329,#1335,#1340,#1346,#1352,#1358,#1363,#1369,#1375,#1381,#1386,#1392,#1398,#1404,#1409,#1415,#1421,#1427,#1432,#1438,#1444,#1450,#1455,#1461,#1467,#1473,#1478,#1484,#1490,#1496,#1501,#1507,#1513,#1519,#1524,#1530,#1536,#1542,#1547,#1553,#1559,#1565,#1570,#1576,#1582,#1588,#1591,#1592,#1596,#1597,#1602,#1607,#1613,#1618,#1623,#1628,#1634,#1639,#1644,#1649,#1655,#1660,#1665,#1670,#1676,#1681,#1686,#1691,#1697,#1702,#1707,#1712,#1718,#1723,#1728,#1733,#1739,#1744,#1749,#1754,#1760,#1765,#1770,#1775,#1781,#1786,#1791,#1796,#1802,#1807,#1812,#1817,#1823,#1828,#1833,#1838,#1844,#1849,#1852,#1853));
#1855=FACE_BOUND('',#1310,.T.);
#1856=FACE_OUTER_BOUND('',#1854,.T.);
#1857=ADVANCED_FACE('',(#1855,#1856),#1048,.T.);
#1858=CARTESIAN_POINT('',(-1.941883634852,0.478631328575,0.000000000000));
#1859=AXIS2_PLACEMENT_3D('',#1858,#517,#509);
#1860=PLANE('',#1859);
#1861=ORIENTED_EDGE('',*,*,#847,.F.);
#1862=CARTESIAN_POINT('',(-1.915558911780,0.585434928492,0.000000000000));
#1863=LINE('',#1862,#27);
#1864=EDGE_CURVE('',#837,#1509,#1863,.T.);
#1865=ORIENTED_EDGE('',*,*,#1864,.T.);
#1866=ORIENTED_EDGE('',*,*,#1512,.F.);
#1867=CARTESIAN_POINT('',(-1.968208357924,0.371827728658,0.000000000000));
#1868=LINE('',#1867,#12);
#1869=EDGE_CURVE('',#1503,#842,#1868,.T.);
#1870=ORIENTED_EDGE('',*,*,#1869,.T.);
#1871=EDGE_LOOP('',(#1861,#1865,#1866,#1870));
#1872=FACE_OUTER_BOUND('',#1871,.T.);
#1873=ADVANCED_FACE('',(#1872),#1860,.T.);
#1874=CARTESIAN_POINT('',(-0.026324723072,-0.106803599917,0.000000000000));
#1875=AXIS2_PLACEMENT_3D('',#1874,#844,#517);
#1876=PLANE('',#1875);
#1877=ORIENTED_EDGE('',*,*,#504,.F.);
#1878=CARTESIAN_POINT('',(1.737558850391,-0.541561853741,0.000000000000));
#1879=LINE('',#1878,#12);
#1880=EDGE_CURVE('',#1783,#494,#1879,.T.);
#1881=ORIENTED_EDGE('',*,*,#1880,.F.);
#1882=ORIENTED_EDGE('',*,*,#1785,.F.);
#1883=CARTESIAN_POINT('',(1.915558911780,-0.585434928492,0.000000000000));
#1884=LINE('',#1883,#12);
#1885=EDGE_CURVE('',#1777,#499,#1884,.T.);
#1886=ORIENTED_EDGE('',*,*,#1885,.T.);
#1887=EDGE_LOOP('',(#1877,#1881,#1882,#1886));
#1888=ORIENTED_EDGE('',*,*,#852,.F.);
#1889=ORIENTED_EDGE('',*,*,#1869,.F.);
#1890=ORIENTED_EDGE('',*,*,#1506,.F.);
#1891=CARTESIAN_POINT('',(-1.790208296534,0.327954653907,0.000000000000));
#1892=LINE('',#1891,#12);
#1893=EDGE_CURVE('',#1498,#850,#1892,.T.);
#1894=ORIENTED_EDGE('',*,*,#1893,.T.);
#1895=EDGE_LOOP('',(#1888,#1889,#1890,#1894));
#1896=FACE_OUTER_BOUND('',#1887,.T.);
#1897=ADVANCED_FACE('',(#1896),#1876,.T.);
#1898=FACE_OUTER_BOUND('',#1895,.T.);
#1899=ADVANCED_FACE('',(#1898),#1876,.T.);
#1900=CARTESIAN_POINT('',(0.026324723072,0.106803599917,0.000000000000));
#1901=AXIS2_PLACEMENT_3D('',#1900,#509,#501);
#1902=PLANE('',#1901);
#1903=ORIENTED_EDGE('',*,*,#839,.F.);
#1904=CARTESIAN_POINT('',(-1.737558850391,0.541561853741,0.000000000000));
#1905=LINE('',#1904,#12);
#1906=EDGE_CURVE('',#1515,#832,#1905,.T.);
#1907=ORIENTED_EDGE('',*,*,#1906,.F.);
#1908=ORIENTED_EDGE('',*,*,#1518,.F.);
#1909=ORIENTED_EDGE('',*,*,#1864,.F.);
#1910=EDGE_LOOP('',(#1903,#1907,#1908,#1909));
#1911=ORIENTED_EDGE('',*,*,#520,.F.);
#1912=CARTESIAN_POINT('',(1.968208357924,-0.371827728658,0.000000000000));
#1913=LINE('',#1912,#27);
#1914=EDGE_CURVE('',#507,#1772,#1913,.T.);
#1915=ORIENTED_EDGE('',*,*,#1914,.T.);
#1916=ORIENTED_EDGE('',*,*,#1774,.F.);
#1917=CARTESIAN_POINT('',(1.790208296534,-0.327954653907,0.000000000000));
#1918=LINE('',#1917,#12);
#1919=EDGE_CURVE('',#1767,#515,#1918,.T.);
#1920=ORIENTED_EDGE('',*,*,#1919,.T.);
#1921=EDGE_LOOP('',(#1911,#1915,#1916,#1920));
#1922=FACE_OUTER_BOUND('',#1910,.T.);
#1923=ADVANCED_FACE('',(#1922),#1902,.T.);
#1924=FACE_OUTER_BOUND('',#1921,.T.);
#1925=ADVANCED_FACE('',(#1924),#1902,.T.);
#1926=CARTESIAN_POINT('',(1.941883634852,0.478631328575,0.000000000000));
#1927=AXIS2_PLACEMENT_3D('',#1926,#558,#890);
#1928=PLANE('',#1927);
#1929=ORIENTED_EDGE('',*,*,#569,.F.);
#1930=CARTESIAN_POINT('',(1.968208357924,0.371827728658,0.000000000000));
#1931=LINE('',#1930,#27);
#1932=EDGE_CURVE('',#556,#1735,#1931,.T.);
#1933=ORIENTED_EDGE('',*,*,#1932,.T.);
#1934=ORIENTED_EDGE('',*,*,#1738,.F.);
#1935=CARTESIAN_POINT('',(1.915558911780,0.585434928492,0.000000000000));
#1936=LINE('',#1935,#12);
#1937=EDGE_CURVE('',#1730,#564,#1936,.T.);
#1938=ORIENTED_EDGE('',*,*,#1937,.T.);
#1939=EDGE_LOOP('',(#1929,#1933,#1934,#1938));
#1940=FACE_OUTER_BOUND('',#1939,.T.);
#1941=ADVANCED_FACE('',(#1940),#1928,.T.);
#1942=CARTESIAN_POINT('',(-0.026324723072,0.106803599917,0.000000000000));
#1943=AXIS2_PLACEMENT_3D('',#1942,#566,#558);
#1944=PLANE('',#1943);
#1945=ORIENTED_EDGE('',*,*,#577,.F.);
#1946=ORIENTED_EDGE('',*,*,#1937,.F.);
#1947=ORIENTED_EDGE('',*,*,#1732,.F.);
#1948=CARTESIAN_POINT('',(1.737558850391,0.541561853741,0.000000000000));
#1949=LINE('',#1948,#12);
#1950=EDGE_CURVE('',#1725,#572,#1949,.T.);
#1951=ORIENTED_EDGE('',*,*,#1950,.T.);
#1952=EDGE_LOOP('',(#1945,#1946,#1947,#1951));
#1953=ORIENTED_EDGE('',*,*,#885,.F.);
#1954=CARTESIAN_POINT('',(-1.790208296534,-0.327954653907,0.000000000000));
#1955=LINE('',#1954,#12);
#1956=EDGE_CURVE('',#1469,#878,#1955,.T.);
#1957=ORIENTED_EDGE('',*,*,#1956,.F.);
#1958=ORIENTED_EDGE('',*,*,#1472,.F.);
#1959=CARTESIAN_POINT('',(-1.968208357924,-0.371827728658,0.000000000000));
#1960=LINE('',#1959,#12);
#1961=EDGE_CURVE('',#1463,#883,#1960,.T.);
#1962=ORIENTED_EDGE('',*,*,#1961,.T.);
#1963=EDGE_LOOP('',(#1953,#1957,#1958,#1962));
#1964=FACE_OUTER_BOUND('',#1952,.T.);
#1965=ADVANCED_FACE('',(#1964),#1944,.T.);
#1966=FACE_OUTER_BOUND('',#1963,.T.);
#1967=ADVANCED_FACE('',(#1966),#1944,.T.);
#1968=CARTESIAN_POINT('',(0.026324723072,-0.106803599917,0.000000000000));
#1969=AXIS2_PLACEMENT_3D('',#1968,#890,#574);
#1970=PLANE('',#1969);
#1971=ORIENTED_EDGE('',*,*,#898,.F.);
#1972=CARTESIAN_POINT('',(-1.915558911780,-0.585434928492,0.000000000000));
#1973=LINE('',#1972,#27);
#1974=EDGE_CURVE('',#888,#1457,#1973,.T.);
#1975=ORIENTED_EDGE('',*,*,#1974,.T.);
#1976=ORIENTED_EDGE('',*,*,#1460,.F.);
#1977=CARTESIAN_POINT('',(-1.737558850391,-0.541561853741,0.000000000000));
#1978=LINE('',#1977,#12);
#1979=EDGE_CURVE('',#1452,#896,#1978,.T.);
#1980=ORIENTED_EDGE('',*,*,#1979,.T.);
#1981=EDGE_LOOP('',(#1971,#1975,#1976,#1980));
#1982=ORIENTED_EDGE('',*,*,#561,.F.);
#1983=CARTESIAN_POINT('',(1.790208296534,0.327954653907,0.000000000000));
#1984=LINE('',#1983,#12);
#1985=EDGE_CURVE('',#1741,#551,#1984,.T.);
#1986=ORIENTED_EDGE('',*,*,#1985,.F.);
#1987=ORIENTED_EDGE('',*,*,#1743,.F.);
#1988=ORIENTED_EDGE('',*,*,#1932,.F.);
#1989=EDGE_LOOP('',(#1982,#1986,#1987,#1988));
#1990=FACE_OUTER_BOUND('',#1981,.T.);
#1991=ADVANCED_FACE('',(#1990),#1970,.T.);
#1992=FACE_OUTER_BOUND('',#1989,.T.);
#1993=ADVANCED_FACE('',(#1992),#1970,.T.);
#1994=CARTESIAN_POINT('',(-1.497021496342,1.326245316482,0.000000000000));
#1995=AXIS2_PLACEMENT_3D('',#1994,#459,#451);
#1996=PLANE('',#1995);
#1997=ORIENTED_EDGE('',*,*,#801,.F.);
#1998=CARTESIAN_POINT('',(-1.424078003936,1.408581498780,0.000000000000));
#1999=LINE('',#1998,#27);
#2000=EDGE_CURVE('',#791,#1555,#1999,.T.);
#2001=ORIENTED_EDGE('',*,*,#2000,.T.);
#2002=ORIENTED_EDGE('',*,*,#1558,.F.);
#2003=CARTESIAN_POINT('',(-1.569964988749,1.243909134183,0.000000000000));
#2004=LINE('',#2003,#12);
#2005=EDGE_CURVE('',#1549,#796,#2004,.T.);
#2006=ORIENTED_EDGE('',*,*,#2005,.T.);
#2007=EDGE_LOOP('',(#1997,#2001,#2002,#2006));
#2008=FACE_OUTER_BOUND('',#2007,.T.);
#2009=ADVANCED_FACE('',(#2008),#1996,.T.);
#2010=CARTESIAN_POINT('',(-0.072943492406,-0.082336182299,0.000000000000));
#2011=AXIS2_PLACEMENT_3D('',#2010,#798,#459);
#2012=PLANE('',#2011);
#2013=ORIENTED_EDGE('',*,*,#806,.F.);
#2014=ORIENTED_EDGE('',*,*,#2005,.F.);
#2015=ORIENTED_EDGE('',*,*,#1552,.F.);
#2016=CARTESIAN_POINT('',(-1.432742596290,1.122340702628,0.000000000000));
#2017=LINE('',#2016,#12);
#2018=EDGE_CURVE('',#1544,#804,#2017,.T.);
#2019=ORIENTED_EDGE('',*,*,#2018,.T.);
#2020=EDGE_LOOP('',(#2013,#2014,#2015,#2019));
#2021=ORIENTED_EDGE('',*,*,#446,.F.);
#2022=CARTESIAN_POINT('',(1.286855611477,-1.287013067226,0.000000000000));
#2023=LINE('',#2022,#12);
#2024=EDGE_CURVE('',#1825,#436,#2023,.T.);
#2025=ORIENTED_EDGE('',*,*,#2024,.F.);
#2026=ORIENTED_EDGE('',*,*,#1827,.F.);
#2027=CARTESIAN_POINT('',(1.424078003936,-1.408581498780,0.000000000000));
#2028=LINE('',#2027,#12);
#2029=EDGE_CURVE('',#1819,#441,#2028,.T.);
#2030=ORIENTED_EDGE('',*,*,#2029,.T.);
#2031=EDGE_LOOP('',(#2021,#2025,#2026,#2030));
#2032=FACE_OUTER_BOUND('',#2020,.T.);
#2033=ADVANCED_FACE('',(#2032),#2012,.T.);
#2034=FACE_OUTER_BOUND('',#2031,.T.);
#2035=ADVANCED_FACE('',(#2034),#2012,.T.);
#2036=CARTESIAN_POINT('',(0.072943492406,0.082336182299,0.000000000000));
#2037=AXIS2_PLACEMENT_3D('',#2036,#451,#443);
#2038=PLANE('',#2037);
#2039=ORIENTED_EDGE('',*,*,#793,.F.);
#2040=CARTESIAN_POINT('',(-1.286855611477,1.287013067226,0.000000000000));
#2041=LINE('',#2040,#12);
#2042=EDGE_CURVE('',#1561,#786,#2041,.T.);
#2043=ORIENTED_EDGE('',*,*,#2042,.F.);
#2044=ORIENTED_EDGE('',*,*,#1564,.F.);
#2045=ORIENTED_EDGE('',*,*,#2000,.F.);
#2046=EDGE_LOOP('',(#2039,#2043,#2044,#2045));
#2047=ORIENTED_EDGE('',*,*,#462,.F.);
#2048=CARTESIAN_POINT('',(1.569964988749,-1.243909134183,0.000000000000));
#2049=LINE('',#2048,#27);
#2050=EDGE_CURVE('',#449,#1814,#2049,.T.);
#2051=ORIENTED_EDGE('',*,*,#2050,.T.);
#2052=ORIENTED_EDGE('',*,*,#1816,.F.);
#2053=CARTESIAN_POINT('',(1.432742596290,-1.122340702628,0.000000000000));
#2054=LINE('',#2053,#12);
#2055=EDGE_CURVE('',#1809,#457,#2054,.T.);
#2056=ORIENTED_EDGE('',*,*,#2055,.T.);
#2057=EDGE_LOOP('',(#2047,#2051,#2052,#2056));
#2058=FACE_OUTER_BOUND('',#2046,.T.);
#2059=ADVANCED_FACE('',(#2058),#2038,.T.);
#2060=FACE_OUTER_BOUND('',#2057,.T.);
#2061=ADVANCED_FACE('',(#2060),#2038,.T.);
#2062=CARTESIAN_POINT('',(-1.770912051306,-0.929446344088,0.000000000000));
#2063=AXIS2_PLACEMENT_3D('',#2062,#603,#595);
#2064=PLANE('',#2063);
#2065=ORIENTED_EDGE('',*,*,#916,.F.);
#2066=CARTESIAN_POINT('',(-1.822031600231,-0.832046181266,0.000000000000));
#2067=LINE('',#2066,#27);
#2068=EDGE_CURVE('',#906,#1440,#2067,.T.);
#2069=ORIENTED_EDGE('',*,*,#2068,.T.);
#2070=ORIENTED_EDGE('',*,*,#1443,.F.);
#2071=CARTESIAN_POINT('',(-1.719792502382,-1.026846506909,0.000000000000));
#2072=LINE('',#2071,#12);
#2073=EDGE_CURVE('',#1434,#911,#2072,.T.);
#2074=ORIENTED_EDGE('',*,*,#2073,.T.);
#2075=EDGE_LOOP('',(#2065,#2069,#2070,#2074));
#2076=FACE_OUTER_BOUND('',#2075,.T.);
#2077=ADVANCED_FACE('',(#2076),#2064,.T.);
#2078=CARTESIAN_POINT('',(0.051119548925,-0.097400162822,0.000000000000));
#2079=AXIS2_PLACEMENT_3D('',#2078,#913,#603);
#2080=PLANE('',#2079);
#2081=ORIENTED_EDGE('',*,*,#921,.F.);
#2082=ORIENTED_EDGE('',*,*,#2073,.F.);
#2083=ORIENTED_EDGE('',*,*,#1437,.F.);
#2084=CARTESIAN_POINT('',(-1.557464313303,-0.941650101040,0.000000000000));
#2085=LINE('',#2084,#12);
#2086=EDGE_CURVE('',#1429,#919,#2085,.T.);
#2087=ORIENTED_EDGE('',*,*,#2086,.T.);
#2088=EDGE_LOOP('',(#2081,#2082,#2083,#2087));
#2089=ORIENTED_EDGE('',*,*,#590,.F.);
#2090=CARTESIAN_POINT('',(1.659703411152,0.746849775396,0.000000000000));
#2091=LINE('',#2090,#12);
#2092=EDGE_CURVE('',#1720,#580,#2091,.T.);
#2093=ORIENTED_EDGE('',*,*,#2092,.F.);
#2094=ORIENTED_EDGE('',*,*,#1722,.F.);
#2095=CARTESIAN_POINT('',(1.822031600231,0.832046181266,0.000000000000));
#2096=LINE('',#2095,#12);
#2097=EDGE_CURVE('',#1714,#585,#2096,.T.);
#2098=ORIENTED_EDGE('',*,*,#2097,.T.);
#2099=EDGE_LOOP('',(#2089,#2093,#2094,#2098));
#2100=FACE_OUTER_BOUND('',#2088,.T.);
#2101=ADVANCED_FACE('',(#2100),#2080,.T.);
#2102=FACE_OUTER_BOUND('',#2099,.T.);
#2103=ADVANCED_FACE('',(#2102),#2080,.T.);
#2104=CARTESIAN_POINT('',(-0.051119548925,0.097400162822,0.000000000000));
#2105=AXIS2_PLACEMENT_3D('',#2104,#595,#587);
#2106=PLANE('',#2105);
#2107=ORIENTED_EDGE('',*,*,#606,.F.);
#2108=CARTESIAN_POINT('',(1.719792502382,1.026846506909,0.000000000000));
#2109=LINE('',#2108,#27);
#2110=EDGE_CURVE('',#593,#1709,#2109,.T.);
#2111=ORIENTED_EDGE('',*,*,#2110,.T.);
#2112=ORIENTED_EDGE('',*,*,#1711,.F.);
#2113=CARTESIAN_POINT('',(1.557464313303,0.941650101040,0.000000000000));
#2114=LINE('',#2113,#12);
#2115=EDGE_CURVE('',#1704,#601,#2114,.T.);
#2116=ORIENTED_EDGE('',*,*,#2115,.T.);
#2117=EDGE_LOOP('',(#2107,#2111,#2112,#2116));
#2118=ORIENTED_EDGE('',*,*,#908,.F.);
#2119=CARTESIAN_POINT('',(-1.659703411152,-0.746849775396,0.000000000000));
#2120=LINE('',#2119,#12);
#2121=EDGE_CURVE('',#1446,#901,#2120,.T.);
#2122=ORIENTED_EDGE('',*,*,#2121,.F.);
#2123=ORIENTED_EDGE('',*,*,#1449,.F.);
#2124=ORIENTED_EDGE('',*,*,#2068,.F.);
#2125=EDGE_LOOP('',(#2118,#2122,#2123,#2124));
#2126=FACE_OUTER_BOUND('',#2117,.T.);
#2127=ADVANCED_FACE('',(#2126),#2106,.T.);
#2128=FACE_OUTER_BOUND('',#2125,.T.);
#2129=ADVANCED_FACE('',(#2128),#2106,.T.);
#2130=CARTESIAN_POINT('',(2.000000000000,0.000000000000,0.000000000000));
#2131=AXIS2_PLACEMENT_3D('',#2130,#530,#11);
#2132=PLANE('',#2131);
#2133=ORIENTED_EDGE('',*,*,#540,.F.);
#2134=CARTESIAN_POINT('',(2.000000000000,-0.110000000000,0.000000000000));
#2135=LINE('',#2134,#27);
#2136=EDGE_CURVE('',#528,#1756,#2135,.T.);
#2137=ORIENTED_EDGE('',*,*,#2136,.T.);
#2138=ORIENTED_EDGE('',*,*,#1759,.F.);
#2139=CARTESIAN_POINT('',(2.000000000000,0.110000000000,0.000000000000));
#2140=LINE('',#2139,#12);
#2141=EDGE_CURVE('',#1751,#536,#2140,.T.);
#2142=ORIENTED_EDGE('',*,*,#2141,.T.);
#2143=EDGE_LOOP('',(#2133,#2137,#2138,#2142));
#2144=FACE_OUTER_BOUND('',#2143,.T.);
#2145=ADVANCED_FACE('',(#2144),#2132,.T.);
#2146=CARTESIAN_POINT('',(0.000000000000,0.110000000000,0.000000000000));
#2147=AXIS2_PLACEMENT_3D('',#2146,#140,#26);
#2148=PLANE('',#2147);
#2149=ORIENTED_EDGE('',*,*,#862,.F.);
#2150=CARTESIAN_POINT('',(-1.816672782864,0.110000000000,0.000000000000));
#2151=LINE('',#2150,#12);
#2152=EDGE_CURVE('',#1492,#855,#2151,.T.);
#2153=ORIENTED_EDGE('',*,*,#2152,.F.);
#2154=ORIENTED_EDGE('',*,*,#1495,.F.);
#2155=CARTESIAN_POINT('',(-2.000000000000,0.110000000000,0.000000000000));
#2156=LINE('',#2155,#12);
#2157=EDGE_CURVE('',#1486,#860,#2156,.T.);
#2158=ORIENTED_EDGE('',*,*,#2157,.T.);
#2159=EDGE_LOOP('',(#2149,#2153,#2154,#2158));
#2160=ORIENTED_EDGE('',*,*,#548,.F.);
#2161=ORIENTED_EDGE('',*,*,#2141,.F.);
#2162=ORIENTED_EDGE('',*,*,#1753,.F.);
#2163=CARTESIAN_POINT('',(1.816672782864,0.110000000000,0.000000000000));
#2164=LINE('',#2163,#12);
#2165=EDGE_CURVE('',#1746,#543,#2164,.T.);
#2166=ORIENTED_EDGE('',*,*,#2165,.T.);
#2167=EDGE_LOOP('',(#2160,#2161,#2162,#2166));
#2168=FACE_OUTER_BOUND('',#2159,.T.);
#2169=ADVANCED_FACE('',(#2168),#2148,.T.);
#2170=FACE_OUTER_BOUND('',#2167,.T.);
#2171=ADVANCED_FACE('',(#2170),#2148,.T.);
#2172=CARTESIAN_POINT('',(0.000000000000,-0.110000000000,0.000000000000));
#2173=AXIS2_PLACEMENT_3D('',#2172,#867,#11);
#2174=PLANE('',#2173);
#2175=ORIENTED_EDGE('',*,*,#533,.F.);
#2176=CARTESIAN_POINT('',(1.816672782864,-0.110000000000,0.000000000000));
#2177=LINE('',#2176,#12);
#2178=EDGE_CURVE('',#1762,#523,#2177,.T.);
#2179=ORIENTED_EDGE('',*,*,#2178,.F.);
#2180=ORIENTED_EDGE('',*,*,#1764,.F.);
#2181=ORIENTED_EDGE('',*,*,#2136,.F.);
#2182=EDGE_LOOP('',(#2175,#2179,#2180,#2181));
#2183=ORIENTED_EDGE('',*,*,#875,.F.);
#2184=CARTESIAN_POINT('',(-2.000000000000,-0.110000000000,0.000000000000));
#2185=LINE('',#2184,#27);
#2186=EDGE_CURVE('',#865,#1480,#2185,.T.);
#2187=ORIENTED_EDGE('',*,*,#2186,.T.);
#2188=ORIENTED_EDGE('',*,*,#1483,.F.);
#2189=CARTESIAN_POINT('',(-1.816672782864,-0.110000000000,0.000000000000));
#2190=LINE('',#2189,#12);
#2191=EDGE_CURVE('',#1475,#873,#2190,.T.);
#2192=ORIENTED_EDGE('',*,*,#2191,.T.);
#2193=EDGE_LOOP('',(#2183,#2187,#2188,#2192));
#2194=FACE_OUTER_BOUND('',#2182,.T.);
#2195=ADVANCED_FACE('',(#2194),#2174,.T.);
#2196=FACE_OUTER_BOUND('',#2193,.T.);
#2197=ADVANCED_FACE('',(#2196),#2174,.T.);
#2198=CARTESIAN_POINT('',(0.241073360511,1.985417748196,0.000000000000));
#2199=AXIS2_PLACEMENT_3D('',#2198,#703,#1005);
#2200=PLANE('',#2199);
#2201=ORIENTED_EDGE('',*,*,#714,.F.);
#2202=CARTESIAN_POINT('',(0.350271336661,1.972158713368,0.000000000000));
#2203=LINE('',#2202,#27);
#2204=EDGE_CURVE('',#701,#1630,#2203,.T.);
#2205=ORIENTED_EDGE('',*,*,#2204,.T.);
#2206=ORIENTED_EDGE('',*,*,#1633,.F.);
#2207=CARTESIAN_POINT('',(0.131875384360,1.998676783024,0.000000000000));
#2208=LINE('',#2207,#12);
#2209=EDGE_CURVE('',#1625,#709,#2208,.T.);
#2210=ORIENTED_EDGE('',*,*,#2209,.T.);
#2211=EDGE_LOOP('',(#2201,#2205,#2206,#2210));
#2212=FACE_OUTER_BOUND('',#2211,.T.);
#2213=ADVANCED_FACE('',(#2212),#2200,.T.);
#2214=CARTESIAN_POINT('',(-0.109197976151,0.013259034828,0.000000000000));
#2215=AXIS2_PLACEMENT_3D('',#2214,#711,#703);
#2216=PLANE('',#2215);
#2217=ORIENTED_EDGE('',*,*,#1000,.F.);
#2218=CARTESIAN_POINT('',(-0.328173682507,-1.790168158054,0.000000000000));
#2219=LINE('',#2218,#12);
#2220=EDGE_CURVE('',#1354,#993,#2219,.T.);
#2221=ORIENTED_EDGE('',*,*,#2220,.F.);
#2222=ORIENTED_EDGE('',*,*,#1357,.F.);
#2223=CARTESIAN_POINT('',(-0.350271336661,-1.972158713368,0.000000000000));
#2224=LINE('',#2223,#12);
#2225=EDGE_CURVE('',#1348,#998,#2224,.T.);
#2226=ORIENTED_EDGE('',*,*,#2225,.T.);
#2227=EDGE_LOOP('',(#2217,#2221,#2222,#2226));
#2228=ORIENTED_EDGE('',*,*,#722,.F.);
#2229=ORIENTED_EDGE('',*,*,#2209,.F.);
#2230=ORIENTED_EDGE('',*,*,#1627,.F.);
#2231=CARTESIAN_POINT('',(0.109777730206,1.816686227710,0.000000000000));
#2232=LINE('',#2231,#12);
#2233=EDGE_CURVE('',#1620,#717,#2232,.T.);
#2234=ORIENTED_EDGE('',*,*,#2233,.T.);
#2235=EDGE_LOOP('',(#2228,#2229,#2230,#2234));
#2236=FACE_OUTER_BOUND('',#2227,.T.);
#2237=ADVANCED_FACE('',(#2236),#2216,.T.);
#2238=FACE_OUTER_BOUND('',#2235,.T.);
#2239=ADVANCED_FACE('',(#2238),#2216,.T.);
#2240=CARTESIAN_POINT('',(0.109197976151,-0.013259034828,0.000000000000));
#2241=AXIS2_PLACEMENT_3D('',#2240,#1005,#719);
#2242=PLANE('',#2241);
#2243=ORIENTED_EDGE('',*,*,#1013,.F.);
#2244=CARTESIAN_POINT('',(-0.131875384360,-1.998676783024,0.000000000000));
#2245=LINE('',#2244,#27);
#2246=EDGE_CURVE('',#1003,#1342,#2245,.T.);
#2247=ORIENTED_EDGE('',*,*,#2246,.T.);
#2248=ORIENTED_EDGE('',*,*,#1345,.F.);
#2249=CARTESIAN_POINT('',(-0.109777730206,-1.816686227710,0.000000000000));
#2250=LINE('',#2249,#12);
#2251=EDGE_CURVE('',#1337,#1011,#2250,.T.);
#2252=ORIENTED_EDGE('',*,*,#2251,.T.);
#2253=EDGE_LOOP('',(#2243,#2247,#2248,#2252));
#2254=ORIENTED_EDGE('',*,*,#706,.F.);
#2255=CARTESIAN_POINT('',(0.328173682507,1.790168158054,0.000000000000));
#2256=LINE('',#2255,#12);
#2257=EDGE_CURVE('',#1636,#696,#2256,.T.);
#2258=ORIENTED_EDGE('',*,*,#2257,.F.);
#2259=ORIENTED_EDGE('',*,*,#1638,.F.);
#2260=ORIENTED_EDGE('',*,*,#2204,.F.);
#2261=EDGE_LOOP('',(#2254,#2258,#2259,#2260));
#2262=FACE_OUTER_BOUND('',#2253,.T.);
#2263=ADVANCED_FACE('',(#2262),#2242,.T.);
#2264=FACE_OUTER_BOUND('',#2261,.T.);
#2265=ADVANCED_FACE('',(#2264),#2242,.T.);
#2266=CARTESIAN_POINT('',(0.000000000000,0.000000000000,0.000000000000));
#2267=AXIS2_PLACEMENT_3D('',#2266,#11,#140);
#2268=CYLINDRICAL_SURFACE('',#2267,1.820000000000);
#2269=ORIENTED_EDGE('',*,*,#553,.F.);
#2270=ORIENTED_EDGE('',*,*,#2165,.F.);
#2271=ORIENTED_EDGE('',*,*,#1748,.T.);
#2272=ORIENTED_EDGE('',*,*,#1985,.T.);
#2273=EDGE_LOOP('',(#2269,#2270,#2271,#2272));
#2274=ORIENTED_EDGE('',*,*,#995,.F.);
#2275=CARTESIAN_POINT('',(-0.541349260265,-1.737625097197,0.000000000000));
#2276=LINE('',#2275,#12);
#2277=EDGE_CURVE('',#1360,#988,#2276,.T.);
#2278=ORIENTED_EDGE('',*,*,#2277,.F.);
#2279=ORIENTED_EDGE('',*,*,#1362,.T.);
#2280=ORIENTED_EDGE('',*,*,#2220,.T.);
#2281=EDGE_LOOP('',(#2274,#2278,#2279,#2280));
#2282=ORIENTED_EDGE('',*,*,#75,.T.);
#2283=ORIENTED_EDGE('',*,*,#754,.F.);
#2284=CARTESIAN_POINT('',(-0.328173682507,1.790168158054,0.000000000000));
#2285=LINE('',#2284,#12);
#2286=EDGE_CURVE('',#1599,#746,#2285,.T.);
#2287=ORIENTED_EDGE('',*,*,#2286,.F.);
#2288=ORIENTED_EDGE('',*,*,#1601,.T.);
#2289=EDGE_LOOP('',(#2282,#2283,#2287,#2288));
#2290=ORIENTED_EDGE('',*,*,#56,.F.);
#2291=ORIENTED_EDGE('',*,*,#1851,.T.);
#2292=CARTESIAN_POINT('',(0.941459539043,-1.557579512046,0.000000000000));
#2293=LINE('',#2292,#12);
#2294=EDGE_CURVE('',#1846,#407,#2293,.T.);
#2295=ORIENTED_EDGE('',*,*,#2294,.T.);
#2296=ORIENTED_EDGE('',*,*,#409,.F.);
#2297=EDGE_LOOP('',(#2290,#2291,#2295,#2296));
#2298=ORIENTED_EDGE('',*,*,#525,.F.);
#2299=ORIENTED_EDGE('',*,*,#1919,.F.);
#2300=ORIENTED_EDGE('',*,*,#1769,.T.);
#2301=ORIENTED_EDGE('',*,*,#2178,.T.);
#2302=EDGE_LOOP('',(#2298,#2299,#2300,#2301));
#2303=ORIENTED_EDGE('',*,*,#669,.F.);
#2304=CARTESIAN_POINT('',(0.941459539043,1.557579512046,0.000000000000));
#2305=LINE('',#2304,#12);
#2306=EDGE_CURVE('',#1662,#659,#2305,.T.);
#2307=ORIENTED_EDGE('',*,*,#2306,.F.);
#2308=ORIENTED_EDGE('',*,*,#1664,.T.);
#2309=CARTESIAN_POINT('',(0.747052833656,1.659612022048,0.000000000000));
#2310=LINE('',#2309,#12);
#2311=EDGE_CURVE('',#1657,#667,#2310,.T.);
#2312=ORIENTED_EDGE('',*,*,#2311,.T.);
#2313=EDGE_LOOP('',(#2303,#2307,#2308,#2312));
#2314=ORIENTED_EDGE('',*,*,#788,.F.);
#2315=CARTESIAN_POINT('',(-1.122515989540,1.432605267765,0.000000000000));
#2316=LINE('',#2315,#12);
#2317=EDGE_CURVE('',#1567,#781,#2316,.T.);
#2318=ORIENTED_EDGE('',*,*,#2317,.F.);
#2319=ORIENTED_EDGE('',*,*,#1569,.T.);
#2320=ORIENTED_EDGE('',*,*,#2042,.T.);
#2321=EDGE_LOOP('',(#2314,#2318,#2319,#2320));
#2322=ORIENTED_EDGE('',*,*,#949,.F.);
#2323=CARTESIAN_POINT('',(-1.286855611477,-1.287013067226,0.000000000000));
#2324=LINE('',#2323,#12);
#2325=EDGE_CURVE('',#1406,#942,#2324,.T.);
#2326=ORIENTED_EDGE('',*,*,#2325,.F.);
#2327=ORIENTED_EDGE('',*,*,#1408,.T.);
#2328=CARTESIAN_POINT('',(-1.122515989540,-1.432605267765,0.000000000000));
#2329=LINE('',#2328,#12);
#2330=EDGE_CURVE('',#1400,#947,#2329,.T.);
#2331=ORIENTED_EDGE('',*,*,#2330,.T.);
#2332=EDGE_LOOP('',(#2322,#2326,#2327,#2331));
#2333=ORIENTED_EDGE('',*,*,#698,.F.);
#2334=CARTESIAN_POINT('',(0.541349260265,1.737625097197,0.000000000000));
#2335=LINE('',#2334,#12);
#2336=EDGE_CURVE('',#1641,#688,#2335,.T.);
#2337=ORIENTED_EDGE('',*,*,#2336,.F.);
#2338=ORIENTED_EDGE('',*,*,#1643,.T.);
#2339=ORIENTED_EDGE('',*,*,#2257,.T.);
#2340=EDGE_LOOP('',(#2333,#2337,#2338,#2339));
#2341=ORIENTED_EDGE('',*,*,#116,.F.);
#2342=ORIENTED_EDGE('',*,*,#1590,.T.);
#2343=CARTESIAN_POINT('',(-0.941459539043,1.557579512046,0.000000000000));
#2344=LINE('',#2343,#12);
#2345=EDGE_CURVE('',#1584,#763,#2344,.T.);
#2346=ORIENTED_EDGE('',*,*,#2345,.T.);
#2347=ORIENTED_EDGE('',*,*,#765,.F.);
#2348=EDGE_LOOP('',(#2341,#2342,#2346,#2347));
#2349=ORIENTED_EDGE('',*,*,#640,.F.);
#2350=CARTESIAN_POINT('',(1.286855611477,1.287013067226,0.000000000000));
#2351=LINE('',#2350,#12);
#2352=EDGE_CURVE('',#1683,#630,#2351,.T.);
#2353=ORIENTED_EDGE('',*,*,#2352,.F.);
#2354=ORIENTED_EDGE('',*,*,#1685,.T.);
#2355=CARTESIAN_POINT('',(1.122515989540,1.432605267765,0.000000000000));
#2356=LINE('',#2355,#12);
#2357=EDGE_CURVE('',#1678,#638,#2356,.T.);
#2358=ORIENTED_EDGE('',*,*,#2357,.T.);
#2359=EDGE_LOOP('',(#2349,#2353,#2354,#2358));
#2360=ORIENTED_EDGE('',*,*,#926,.F.);
#2361=ORIENTED_EDGE('',*,*,#2086,.F.);
#2362=ORIENTED_EDGE('',*,*,#1431,.T.);
#2363=CARTESIAN_POINT('',(-1.432742596290,-1.122340702628,0.000000000000));
#2364=LINE('',#2363,#12);
#2365=EDGE_CURVE('',#1423,#924,#2364,.T.);
#2366=ORIENTED_EDGE('',*,*,#2365,.T.);
#2367=EDGE_LOOP('',(#2360,#2361,#2362,#2366));
#2368=ORIENTED_EDGE('',*,*,#727,.F.);
#2369=ORIENTED_EDGE('',*,*,#2233,.F.);
#2370=ORIENTED_EDGE('',*,*,#1622,.T.);
#2371=CARTESIAN_POINT('',(-0.109777730206,1.816686227710,0.000000000000));
#2372=LINE('',#2371,#12);
#2373=EDGE_CURVE('',#1615,#725,#2372,.T.);
#2374=ORIENTED_EDGE('',*,*,#2373,.T.);
#2375=EDGE_LOOP('',(#2368,#2369,#2370,#2374));
#2376=ORIENTED_EDGE('',*,*,#903,.F.);
#2377=ORIENTED_EDGE('',*,*,#1979,.F.);
#2378=ORIENTED_EDGE('',*,*,#1454,.T.);
#2379=ORIENTED_EDGE('',*,*,#2121,.T.);
#2380=EDGE_LOOP('',(#2376,#2377,#2378,#2379));
#2381=ORIENTED_EDGE('',*,*,#972,.F.);
#2382=CARTESIAN_POINT('',(-0.941459539043,-1.557579512046,0.000000000000));
#2383=LINE('',#2382,#12);
#2384=EDGE_CURVE('',#1383,#965,#2383,.T.);
#2385=ORIENTED_EDGE('',*,*,#2384,.F.);
#2386=ORIENTED_EDGE('',*,*,#1385,.T.);
#2387=CARTESIAN_POINT('',(-0.747052833656,-1.659612022048,0.000000000000));
#2388=LINE('',#2387,#12);
#2389=EDGE_CURVE('',#1377,#970,#2388,.T.);
#2390=ORIENTED_EDGE('',*,*,#2389,.T.);
#2391=EDGE_LOOP('',(#2381,#2385,#2386,#2390));
#2392=ORIENTED_EDGE('',*,*,#611,.F.);
#2393=ORIENTED_EDGE('',*,*,#2115,.F.);
#2394=ORIENTED_EDGE('',*,*,#1706,.T.);
#2395=CARTESIAN_POINT('',(1.432742596290,1.122340702628,0.000000000000));
#2396=LINE('',#2395,#12);
#2397=EDGE_CURVE('',#1699,#609,#2396,.T.);
#2398=ORIENTED_EDGE('',*,*,#2397,.T.);
#2399=EDGE_LOOP('',(#2392,#2393,#2394,#2398));
#2400=ORIENTED_EDGE('',*,*,#129,.T.);
#2401=ORIENTED_EDGE('',*,*,#1039,.F.);
#2402=CARTESIAN_POINT('',(0.328173682507,-1.790168158054,0.000000000000));
#2403=LINE('',#2402,#12);
#2404=EDGE_CURVE('',#1314,#1034,#2403,.T.);
#2405=ORIENTED_EDGE('',*,*,#2404,.F.);
#2406=ORIENTED_EDGE('',*,*,#1316,.T.);
#2407=EDGE_LOOP('',(#2400,#2401,#2405,#2406));
#2408=ORIENTED_EDGE('',*,*,#582,.F.);
#2409=ORIENTED_EDGE('',*,*,#1950,.F.);
#2410=ORIENTED_EDGE('',*,*,#1727,.T.);
#2411=ORIENTED_EDGE('',*,*,#2092,.T.);
#2412=EDGE_LOOP('',(#2408,#2409,#2410,#2411));
#2413=ORIENTED_EDGE('',*,*,#438,.F.);
#2414=CARTESIAN_POINT('',(1.122515989540,-1.432605267765,0.000000000000));
#2415=LINE('',#2414,#12);
#2416=EDGE_CURVE('',#1830,#428,#2415,.T.);
#2417=ORIENTED_EDGE('',*,*,#2416,.F.);
#2418=ORIENTED_EDGE('',*,*,#1832,.T.);
#2419=ORIENTED_EDGE('',*,*,#2024,.T.);
#2420=EDGE_LOOP('',(#2413,#2417,#2418,#2419));
#2421=ORIENTED_EDGE('',*,*,#857,.F.);
#2422=ORIENTED_EDGE('',*,*,#1893,.F.);
#2423=ORIENTED_EDGE('',*,*,#1500,.T.);
#2424=ORIENTED_EDGE('',*,*,#2152,.T.);
#2425=EDGE_LOOP('',(#2421,#2422,#2423,#2424));
#2426=ORIENTED_EDGE('',*,*,#467,.F.);
#2427=ORIENTED_EDGE('',*,*,#2055,.F.);
#2428=ORIENTED_EDGE('',*,*,#1811,.T.);
#2429=CARTESIAN_POINT('',(1.557464313303,-0.941650101040,0.000000000000));
#2430=LINE('',#2429,#12);
#2431=EDGE_CURVE('',#1804,#465,#2430,.T.);
#2432=ORIENTED_EDGE('',*,*,#2431,.T.);
#2433=EDGE_LOOP('',(#2426,#2427,#2428,#2432));
#2434=ORIENTED_EDGE('',*,*,#834,.F.);
#2435=CARTESIAN_POINT('',(-1.659703411152,0.746849775396,0.000000000000));
#2436=LINE('',#2435,#12);
#2437=EDGE_CURVE('',#1521,#827,#2436,.T.);
#2438=ORIENTED_EDGE('',*,*,#2437,.F.);
#2439=ORIENTED_EDGE('',*,*,#1523,.T.);
#2440=ORIENTED_EDGE('',*,*,#1906,.T.);
#2441=EDGE_LOOP('',(#2434,#2438,#2439,#2440));
#2442=ORIENTED_EDGE('',*,*,#811,.F.);
#2443=ORIENTED_EDGE('',*,*,#2018,.F.);
#2444=ORIENTED_EDGE('',*,*,#1546,.T.);
#2445=CARTESIAN_POINT('',(-1.557464313303,0.941650101040,0.000000000000));
#2446=LINE('',#2445,#12);
#2447=EDGE_CURVE('',#1538,#809,#2446,.T.);
#2448=ORIENTED_EDGE('',*,*,#2447,.T.);
#2449=EDGE_LOOP('',(#2442,#2443,#2444,#2448));
#2450=ORIENTED_EDGE('',*,*,#880,.F.);
#2451=ORIENTED_EDGE('',*,*,#2191,.F.);
#2452=ORIENTED_EDGE('',*,*,#1477,.T.);
#2453=ORIENTED_EDGE('',*,*,#1956,.T.);
#2454=EDGE_LOOP('',(#2450,#2451,#2452,#2453));
#2455=ORIENTED_EDGE('',*,*,#496,.F.);
#2456=CARTESIAN_POINT('',(1.659703411152,-0.746849775396,0.000000000000));
#2457=LINE('',#2456,#12);
#2458=EDGE_CURVE('',#1788,#486,#2457,.T.);
#2459=ORIENTED_EDGE('',*,*,#2458,.F.);
#2460=ORIENTED_EDGE('',*,*,#1790,.T.);
#2461=ORIENTED_EDGE('',*,*,#1880,.T.);
#2462=EDGE_LOOP('',(#2455,#2459,#2460,#2461));
#2463=ORIENTED_EDGE('',*,*,#1018,.F.);
#2464=ORIENTED_EDGE('',*,*,#2251,.F.);
#2465=ORIENTED_EDGE('',*,*,#1339,.T.);
#2466=CARTESIAN_POINT('',(0.109777730206,-1.816686227710,0.000000000000));
#2467=LINE('',#2466,#12);
#2468=EDGE_CURVE('',#1331,#1016,#2467,.T.);
#2469=ORIENTED_EDGE('',*,*,#2468,.T.);
#2470=EDGE_LOOP('',(#2463,#2464,#2465,#2469));
#2471=FACE_BOUND('',#2273,.T.);
#2472=FACE_BOUND('',#2281,.T.);
#2473=FACE_BOUND('',#2289,.T.);
#2474=FACE_BOUND('',#2297,.T.);
#2475=FACE_BOUND('',#2302,.T.);
#2476=FACE_BOUND('',#2313,.T.);
#2477=FACE_BOUND('',#2321,.T.);
#2478=FACE_BOUND('',#2332,.T.);
#2479=FACE_BOUND('',#2340,.T.);
#2480=FACE_BOUND('',#2348,.T.);
#2481=FACE_BOUND('',#2359,.T.);
#2482=FACE_BOUND('',#2367,.T.);
#2483=FACE_BOUND('',#2375,.T.);
#2484=FACE_BOUND('',#2380,.T.);
#2485=FACE_BOUND('',#2391,.T.);
#2486=FACE_BOUND('',#2399,.T.);
#2487=FACE_BOUND('',#2407,.T.);
#2488=FACE_BOUND('',#2412,.T.);
#2489=FACE_BOUND('',#2420,.T.);
#2490=FACE_BOUND('',#2425,.T.);
#2491=FACE_BOUND('',#2433,.T.);
#2492=FACE_BOUND('',#2441,.T.);
#2493=FACE_BOUND('',#2449,.T.);
#2494=FACE_BOUND('',#2454,.T.);
#2495=FACE_BOUND('',#2462,.T.);
#2496=FACE_BOUND('',#2470,.T.);
#2497=ADVANCED_FACE('',(#2471,#2472,#2473,#2474,#2475,#2476,#2477,#2478,#2479,#2480,#2481,#2482,#2483,#2484,#2485,#2486,#2487,#2488,#2489,#2490,#2491,#2492,#2493,#2494,#2495,#2496),#2268,.T.);
#2498=CARTESIAN_POINT('',(-0.709209774085,1.870032485371,0.000000000000));
#2499=AXIS2_PLACEMENT_3D('',#2498,#47,#32);
#2500=PLANE('',#2499);
#2501=ORIENTED_EDGE('',*,*,#84,.F.);
#2502=ORIENTED_EDGE('',*,*,#1595,.F.);
#2503=ORIENTED_EDGE('',*,*,#106,.F.);
#2504=ORIENTED_EDGE('',*,*,#759,.F.);
#2505=EDGE_LOOP('',(#2501,#2502,#2503,#2504));
#2506=FACE_OUTER_BOUND('',#2505,.T.);
#2507=ADVANCED_FACE('',(#2506),#2500,.T.);
#2508=CARTESIAN_POINT('',(-1.136129493462,1.645967731787,0.000000000000));
#2509=AXIS2_PLACEMENT_3D('',#2508,#430,#422);
#2510=PLANE('',#2509);
#2511=ORIENTED_EDGE('',*,*,#778,.F.);
#2512=CARTESIAN_POINT('',(-1.045601268214,1.708454853928,0.000000000000));
#2513=LINE('',#2512,#27);
#2514=EDGE_CURVE('',#768,#1578,#2513,.T.);
#2515=ORIENTED_EDGE('',*,*,#2514,.T.);
#2516=ORIENTED_EDGE('',*,*,#1581,.F.);
#2517=CARTESIAN_POINT('',(-1.226657718711,1.583480609647,0.000000000000));
#2518=LINE('',#2517,#12);
#2519=EDGE_CURVE('',#1572,#773,#2518,.T.);
#2520=ORIENTED_EDGE('',*,*,#2519,.T.);
#2521=EDGE_LOOP('',(#2511,#2515,#2516,#2520));
#2522=FACE_OUTER_BOUND('',#2521,.T.);
#2523=ADVANCED_FACE('',(#2522),#2510,.T.);
#2524=CARTESIAN_POINT('',(-0.090528225248,-0.062487122140,0.000000000000));
#2525=AXIS2_PLACEMENT_3D('',#2524,#775,#430);
#2526=PLANE('',#2525);
#2527=ORIENTED_EDGE('',*,*,#783,.F.);
#2528=ORIENTED_EDGE('',*,*,#2519,.F.);
#2529=ORIENTED_EDGE('',*,*,#1575,.F.);
#2530=ORIENTED_EDGE('',*,*,#2317,.T.);
#2531=EDGE_LOOP('',(#2527,#2528,#2529,#2530));
#2532=ORIENTED_EDGE('',*,*,#417,.F.);
#2533=ORIENTED_EDGE('',*,*,#2294,.F.);
#2534=ORIENTED_EDGE('',*,*,#1848,.F.);
#2535=CARTESIAN_POINT('',(1.045601268214,-1.708454853928,0.000000000000));
#2536=LINE('',#2535,#12);
#2537=EDGE_CURVE('',#1840,#412,#2536,.T.);
#2538=ORIENTED_EDGE('',*,*,#2537,.T.);
#2539=EDGE_LOOP('',(#2532,#2533,#2534,#2538));
#2540=FACE_OUTER_BOUND('',#2531,.T.);
#2541=ADVANCED_FACE('',(#2540),#2526,.T.);
#2542=FACE_OUTER_BOUND('',#2539,.T.);
#2543=ADVANCED_FACE('',(#2542),#2526,.T.);
#2544=CARTESIAN_POINT('',(0.090528225248,0.062487122140,0.000000000000));
#2545=AXIS2_PLACEMENT_3D('',#2544,#422,#414);
#2546=PLANE('',#2545);
#2547=ORIENTED_EDGE('',*,*,#770,.F.);
#2548=ORIENTED_EDGE('',*,*,#2345,.F.);
#2549=ORIENTED_EDGE('',*,*,#1587,.F.);
#2550=ORIENTED_EDGE('',*,*,#2514,.F.);
#2551=EDGE_LOOP('',(#2547,#2548,#2549,#2550));
#2552=ORIENTED_EDGE('',*,*,#433,.F.);
#2553=CARTESIAN_POINT('',(1.226657718711,-1.583480609647,0.000000000000));
#2554=LINE('',#2553,#27);
#2555=EDGE_CURVE('',#420,#1835,#2554,.T.);
#2556=ORIENTED_EDGE('',*,*,#2555,.T.);
#2557=ORIENTED_EDGE('',*,*,#1837,.F.);
#2558=ORIENTED_EDGE('',*,*,#2416,.T.);
#2559=EDGE_LOOP('',(#2552,#2556,#2557,#2558));
#2560=FACE_OUTER_BOUND('',#2551,.T.);
#2561=ADVANCED_FACE('',(#2560),#2546,.T.);
#2562=FACE_OUTER_BOUND('',#2559,.T.);
#2563=ADVANCED_FACE('',(#2562),#2546,.T.);
#2564=CARTESIAN_POINT('',(1.770912051306,-0.929446344088,0.000000000000));
#2565=AXIS2_PLACEMENT_3D('',#2564,#472,#821);
#2566=PLANE('',#2565);
#2567=ORIENTED_EDGE('',*,*,#483,.F.);
#2568=CARTESIAN_POINT('',(1.719792502382,-1.026846506909,0.000000000000));
#2569=LINE('',#2568,#27);
#2570=EDGE_CURVE('',#470,#1798,#2569,.T.);
#2571=ORIENTED_EDGE('',*,*,#2570,.T.);
#2572=ORIENTED_EDGE('',*,*,#1801,.F.);
#2573=CARTESIAN_POINT('',(1.822031600231,-0.832046181266,0.000000000000));
#2574=LINE('',#2573,#12);
#2575=EDGE_CURVE('',#1793,#478,#2574,.T.);
#2576=ORIENTED_EDGE('',*,*,#2575,.T.);
#2577=EDGE_LOOP('',(#2567,#2571,#2572,#2576));
#2578=FACE_OUTER_BOUND('',#2577,.T.);
#2579=ADVANCED_FACE('',(#2578),#2566,.T.);
#2580=CARTESIAN_POINT('',(0.051119548925,0.097400162822,0.000000000000));
#2581=AXIS2_PLACEMENT_3D('',#2580,#480,#472);
#2582=PLANE('',#2581);
#2583=ORIENTED_EDGE('',*,*,#816,.F.);
#2584=ORIENTED_EDGE('',*,*,#2447,.F.);
#2585=ORIENTED_EDGE('',*,*,#1541,.F.);
#2586=CARTESIAN_POINT('',(-1.719792502382,1.026846506909,0.000000000000));
#2587=LINE('',#2586,#12);
#2588=EDGE_CURVE('',#1532,#814,#2587,.T.);
#2589=ORIENTED_EDGE('',*,*,#2588,.T.);
#2590=EDGE_LOOP('',(#2583,#2584,#2585,#2589));
#2591=ORIENTED_EDGE('',*,*,#491,.F.);
#2592=ORIENTED_EDGE('',*,*,#2575,.F.);
#2593=ORIENTED_EDGE('',*,*,#1795,.F.);
#2594=ORIENTED_EDGE('',*,*,#2458,.T.);
#2595=EDGE_LOOP('',(#2591,#2592,#2593,#2594));
#2596=FACE_OUTER_BOUND('',#2590,.T.);
#2597=ADVANCED_FACE('',(#2596),#2582,.T.);
#2598=FACE_OUTER_BOUND('',#2595,.T.);
#2599=ADVANCED_FACE('',(#2598),#2582,.T.);
#2600=CARTESIAN_POINT('',(-0.051119548925,-0.097400162822,0.000000000000));
#2601=AXIS2_PLACEMENT_3D('',#2600,#821,#488);
#2602=PLANE('',#2601);
#2603=ORIENTED_EDGE('',*,*,#829,.F.);
#2604=CARTESIAN_POINT('',(-1.822031600231,0.832046181266,0.000000000000));
#2605=LINE('',#2604,#27);
#2606=EDGE_CURVE('',#819,#1526,#2605,.T.);
#2607=ORIENTED_EDGE('',*,*,#2606,.T.);
#2608=ORIENTED_EDGE('',*,*,#1529,.F.);
#2609=ORIENTED_EDGE('',*,*,#2437,.T.);
#2610=EDGE_LOOP('',(#2603,#2607,#2608,#2609));
#2611=ORIENTED_EDGE('',*,*,#475,.F.);
#2612=ORIENTED_EDGE('',*,*,#2431,.F.);
#2613=ORIENTED_EDGE('',*,*,#1806,.F.);
#2614=ORIENTED_EDGE('',*,*,#2570,.F.);
#2615=EDGE_LOOP('',(#2611,#2612,#2613,#2614));
#2616=FACE_OUTER_BOUND('',#2610,.T.);
#2617=ADVANCED_FACE('',(#2616),#2602,.T.);
#2618=FACE_OUTER_BOUND('',#2615,.T.);
#2619=ADVANCED_FACE('',(#2618),#2602,.T.);
#2620=CARTESIAN_POINT('',(1.497021496342,-1.326245316482,0.000000000000));
#2621=AXIS2_PLACEMENT_3D('',#2620,#443,#798);
#2622=PLANE('',#2621);
#2623=ORIENTED_EDGE('',*,*,#454,.F.);
#2624=ORIENTED_EDGE('',*,*,#2029,.F.);
#2625=ORIENTED_EDGE('',*,*,#1822,.F.);
#2626=ORIENTED_EDGE('',*,*,#2050,.F.);
#2627=EDGE_LOOP('',(#2623,#2624,#2625,#2626));
#2628=FACE_OUTER_BOUND('',#2627,.T.);
#2629=ADVANCED_FACE('',(#2628),#2622,.T.);
#2630=CARTESIAN_POINT('',(-1.941883634852,-0.478631328575,0.000000000000));
#2631=AXIS2_PLACEMENT_3D('',#2630,#574,#566);
#2632=PLANE('',#2631);
#2633=ORIENTED_EDGE('',*,*,#893,.F.);
#2634=ORIENTED_EDGE('',*,*,#1961,.F.);
#2635=ORIENTED_EDGE('',*,*,#1466,.F.);
#2636=ORIENTED_EDGE('',*,*,#1974,.F.);
#2637=EDGE_LOOP('',(#2633,#2634,#2635,#2636));
#2638=FACE_OUTER_BOUND('',#2637,.T.);
#2639=ADVANCED_FACE('',(#2638),#2632,.T.);
#2640=CARTESIAN_POINT('',(-2.000000000000,0.000000000000,0.000000000000));
#2641=AXIS2_PLACEMENT_3D('',#2640,#545,#140);
#2642=PLANE('',#2641);
#2643=ORIENTED_EDGE('',*,*,#870,.F.);
#2644=ORIENTED_EDGE('',*,*,#2157,.F.);
#2645=ORIENTED_EDGE('',*,*,#1489,.F.);
#2646=ORIENTED_EDGE('',*,*,#2186,.F.);
#2647=EDGE_LOOP('',(#2643,#2644,#2645,#2646));
#2648=FACE_OUTER_BOUND('',#2647,.T.);
#2649=ADVANCED_FACE('',(#2648),#2642,.T.);
#2650=CARTESIAN_POINT('',(1.136129493462,-1.645967731787,0.000000000000));
#2651=AXIS2_PLACEMENT_3D('',#2650,#414,#775);
#2652=PLANE('',#2651);
#2653=ORIENTED_EDGE('',*,*,#425,.F.);
#2654=ORIENTED_EDGE('',*,*,#2537,.F.);
#2655=ORIENTED_EDGE('',*,*,#1843,.F.);
#2656=ORIENTED_EDGE('',*,*,#2555,.F.);
#2657=EDGE_LOOP('',(#2653,#2654,#2655,#2656));
#2658=FACE_OUTER_BOUND('',#2657,.T.);
#2659=ADVANCED_FACE('',(#2658),#2652,.T.);
#2660=CARTESIAN_POINT('',(1.941883634852,-0.478631328575,0.000000000000));
#2661=AXIS2_PLACEMENT_3D('',#2660,#501,#844);
#2662=PLANE('',#2661);
#2663=ORIENTED_EDGE('',*,*,#512,.F.);
#2664=ORIENTED_EDGE('',*,*,#1885,.F.);
#2665=ORIENTED_EDGE('',*,*,#1780,.F.);
#2666=ORIENTED_EDGE('',*,*,#1914,.F.);
#2667=EDGE_LOOP('',(#2663,#2664,#2665,#2666));
#2668=FACE_OUTER_BOUND('',#2667,.T.);
#2669=ADVANCED_FACE('',(#2668),#2662,.T.);
#2670=CARTESIAN_POINT('',(-1.770912051306,0.929446344088,0.000000000000));
#2671=AXIS2_PLACEMENT_3D('',#2670,#488,#480);
#2672=PLANE('',#2671);
#2673=ORIENTED_EDGE('',*,*,#824,.F.);
#2674=ORIENTED_EDGE('',*,*,#2588,.F.);
#2675=ORIENTED_EDGE('',*,*,#1535,.F.);
#2676=ORIENTED_EDGE('',*,*,#2606,.F.);
#2677=EDGE_LOOP('',(#2673,#2674,#2675,#2676));
#2678=FACE_OUTER_BOUND('',#2677,.T.);
#2679=ADVANCED_FACE('',(#2678),#2672,.T.);
#2680=CYLINDRICAL_SURFACE('',#2267,0.280000000000);
#2681=ORIENTED_EDGE('',*,*,#148,.T.);
#2682=ORIENTED_EDGE('',*,*,#401,.T.);
#2683=ORIENTED_EDGE('',*,*,#398,.T.);
#2684=ORIENTED_EDGE('',*,*,#393,.T.);
#2685=ORIENTED_EDGE('',*,*,#388,.T.);
#2686=ORIENTED_EDGE('',*,*,#383,.T.);
#2687=ORIENTED_EDGE('',*,*,#378,.T.);
#2688=ORIENTED_EDGE('',*,*,#373,.T.);
#2689=ORIENTED_EDGE('',*,*,#368,.T.);
#2690=ORIENTED_EDGE('',*,*,#363,.T.);
#2691=ORIENTED_EDGE('',*,*,#358,.T.);
#2692=ORIENTED_EDGE('',*,*,#353,.T.);
#2693=ORIENTED_EDGE('',*,*,#348,.T.);
#2694=ORIENTED_EDGE('',*,*,#343,.T.);
#2695=ORIENTED_EDGE('',*,*,#338,.T.);
#2696=ORIENTED_EDGE('',*,*,#333,.T.);
#2697=ORIENTED_EDGE('',*,*,#328,.T.);
#2698=ORIENTED_EDGE('',*,*,#323,.T.);
#2699=ORIENTED_EDGE('',*,*,#318,.T.);
#2700=ORIENTED_EDGE('',*,*,#313,.T.);
#2701=ORIENTED_EDGE('',*,*,#308,.T.);
#2702=ORIENTED_EDGE('',*,*,#303,.T.);
#2703=ORIENTED_EDGE('',*,*,#298,.T.);
#2704=ORIENTED_EDGE('',*,*,#293,.T.);
#2705=ORIENTED_EDGE('',*,*,#288,.T.);
#2706=ORIENTED_EDGE('',*,*,#283,.T.);
#2707=ORIENTED_EDGE('',*,*,#278,.T.);
#2708=ORIENTED_EDGE('',*,*,#273,.T.);
#2709=ORIENTED_EDGE('',*,*,#268,.T.);
#2710=ORIENTED_EDGE('',*,*,#263,.T.);
#2711=ORIENTED_EDGE('',*,*,#258,.T.);
#2712=ORIENTED_EDGE('',*,*,#253,.T.);
#2713=ORIENTED_EDGE('',*,*,#248,.T.);
#2714=ORIENTED_EDGE('',*,*,#243,.T.);
#2715=ORIENTED_EDGE('',*,*,#238,.T.);
#2716=ORIENTED_EDGE('',*,*,#233,.T.);
#2717=ORIENTED_EDGE('',*,*,#228,.T.);
#2718=ORIENTED_EDGE('',*,*,#223,.T.);
#2719=ORIENTED_EDGE('',*,*,#218,.T.);
#2720=ORIENTED_EDGE('',*,*,#213,.T.);
#2721=ORIENTED_EDGE('',*,*,#208,.T.);
#2722=ORIENTED_EDGE('',*,*,#203,.T.);
#2723=ORIENTED_EDGE('',*,*,#198,.T.);
#2724=ORIENTED_EDGE('',*,*,#193,.T.);
#2725=ORIENTED_EDGE('',*,*,#188,.T.);
#2726=ORIENTED_EDGE('',*,*,#183,.T.);
#2727=ORIENTED_EDGE('',*,*,#178,.T.);
#2728=ORIENTED_EDGE('',*,*,#173,.T.);
#2729=ORIENTED_EDGE('',*,*,#168,.T.);
#2730=ORIENTED_EDGE('',*,*,#163,.T.);
#2731=ORIENTED_EDGE('',*,*,#158,.T.);
#2732=ORIENTED_EDGE('',*,*,#153,.T.);
#2733=EDGE_LOOP('',(#2681,#2682,#2683,#2684,#2685,#2686,#2687,#2688,#2689,#2690,#2691,#2692,#2693,#2694,#2695,#2696,#2697,#2698,#2699,#2700,#2701,#2702,#2703,#2704,#2705,#2706,#2707,#2708,#2709,#2710,#2711,#2712,#2713,#2714,#2715,#2716,#2717,#2718,#2719,#2720,#2721,#2722,#2723,#2724,#2725,#2726,#2727,#2728,#2729,#2730,#2731,#2732));
#2734=ORIENTED_EDGE('',*,*,#1055,.F.);
#2735=ORIENTED_EDGE('',*,*,#1308,.F.);
#2736=ORIENTED_EDGE('',*,*,#1305,.F.);
#2737=ORIENTED_EDGE('',*,*,#1300,.F.);
#2738=ORIENTED_EDGE('',*,*,#1295,.F.);
#2739=ORIENTED_EDGE('',*,*,#1290,.F.);
#2740=ORIENTED_EDGE('',*,*,#1285,.F.);
#2741=ORIENTED_EDGE('',*,*,#1280,.F.);
#2742=ORIENTED_EDGE('',*,*,#1275,.F.);
#2743=ORIENTED_EDGE('',*,*,#1270,.F.);
#2744=ORIENTED_EDGE('',*,*,#1265,.F.);
#2745=ORIENTED_EDGE('',*,*,#1260,.F.);
#2746=ORIENTED_EDGE('',*,*,#1255,.F.);
#2747=ORIENTED_EDGE('',*,*,#1250,.F.);
#2748=ORIENTED_EDGE('',*,*,#1245,.F.);
#2749=ORIENTED_EDGE('',*,*,#1240,.F.);
#2750=ORIENTED_EDGE('',*,*,#1235,.F.);
#2751=ORIENTED_EDGE('',*,*,#1230,.F.);
#2752=ORIENTED_EDGE('',*,*,#1225,.F.);
#2753=ORIENTED_EDGE('',*,*,#1220,.F.);
#2754=ORIENTED_EDGE('',*,*,#1215,.F.);
#2755=ORIENTED_EDGE('',*,*,#1210,.F.);
#2756=ORIENTED_EDGE('',*,*,#1205,.F.);
#2757=ORIENTED_EDGE('',*,*,#1200,.F.);
#2758=ORIENTED_EDGE('',*,*,#1195,.F.);
#2759=ORIENTED_EDGE('',*,*,#1190,.F.);
#2760=ORIENTED_EDGE('',*,*,#1185,.F.);
#2761=ORIENTED_EDGE('',*,*,#1180,.F.);
#2762=ORIENTED_EDGE('',*,*,#1175,.F.);
#2763=ORIENTED_EDGE('',*,*,#1170,.F.);
#2764=ORIENTED_EDGE('',*,*,#1165,.F.);
#2765=ORIENTED_EDGE('',*,*,#1160,.F.);
#2766=ORIENTED_EDGE('',*,*,#1155,.F.);
#2767=ORIENTED_EDGE('',*,*,#1150,.F.);
#2768=ORIENTED_EDGE('',*,*,#1145,.F.);
#2769=ORIENTED_EDGE('',*,*,#1140,.F.);
#2770=ORIENTED_EDGE('',*,*,#1135,.F.);
#2771=ORIENTED_EDGE('',*,*,#1130,.F.);
#2772=ORIENTED_EDGE('',*,*,#1125,.F.);
#2773=ORIENTED_EDGE('',*,*,#1120,.F.);
#2774=ORIENTED_EDGE('',*,*,#1115,.F.);
#2775=ORIENTED_EDGE('',*,*,#1110,.F.);
#2776=ORIENTED_EDGE('',*,*,#1105,.F.);
#2777=ORIENTED_EDGE('',*,*,#1100,.F.);
#2778=ORIENTED_EDGE('',*,*,#1095,.F.);
#2779=ORIENTED_EDGE('',*,*,#1090,.F.);
#2780=ORIENTED_EDGE('',*,*,#1085,.F.);
#2781=ORIENTED_EDGE('',*,*,#1080,.F.);
#2782=ORIENTED_EDGE('',*,*,#1075,.F.);
#2783=ORIENTED_EDGE('',*,*,#1070,.F.);
#2784=ORIENTED_EDGE('',*,*,#1065,.F.);
#2785=ORIENTED_EDGE('',*,*,#1060,.F.);
#2786=EDGE_LOOP('',(#2734,#2735,#2736,#2737,#2738,#2739,#2740,#2741,#2742,#2743,#2744,#2745,#2746,#2747,#2748,#2749,#2750,#2751,#2752,#2753,#2754,#2755,#2756,#2757,#2758,#2759,#2760,#2761,#2762,#2763,#2764,#2765,#2766,#2767,#2768,#2769,#2770,#2771,#2772,#2773,#2774,#2775,#2776,#2777,#2778,#2779,#2780,#2781,#2782,#2783,#2784,#2785));
#2787=FACE_BOUND('',#2733,.T.);
#2788=FACE_BOUND('',#2786,.T.);
#2789=ADVANCED_FACE('',(#2787,#2788),#2680,.F.);
#2790=CARTESIAN_POINT('',(1.497021496342,1.326245316482,0.000000000000));
#2791=AXIS2_PLACEMENT_3D('',#2790,#616,#936);
#2792=PLANE('',#2791);
#2793=ORIENTED_EDGE('',*,*,#627,.F.);
#2794=CARTESIAN_POINT('',(1.569964988749,1.243909134183,0.000000000000));
#2795=LINE('',#2794,#27);
#2796=EDGE_CURVE('',#614,#1693,#2795,.T.);
#2797=ORIENTED_EDGE('',*,*,#2796,.T.);
#2798=ORIENTED_EDGE('',*,*,#1696,.F.);
#2799=CARTESIAN_POINT('',(1.424078003936,1.408581498780,0.000000000000));
#2800=LINE('',#2799,#12);
#2801=EDGE_CURVE('',#1688,#622,#2800,.T.);
#2802=ORIENTED_EDGE('',*,*,#2801,.T.);
#2803=EDGE_LOOP('',(#2793,#2797,#2798,#2802));
#2804=FACE_OUTER_BOUND('',#2803,.T.);
#2805=ADVANCED_FACE('',(#2804),#2792,.T.);
#2806=CARTESIAN_POINT('',(-0.072943492406,0.082336182299,0.000000000000));
#2807=AXIS2_PLACEMENT_3D('',#2806,#624,#616);
#2808=PLANE('',#2807);
#2809=ORIENTED_EDGE('',*,*,#635,.F.);
#2810=ORIENTED_EDGE('',*,*,#2801,.F.);
#2811=ORIENTED_EDGE('',*,*,#1690,.F.);
#2812=ORIENTED_EDGE('',*,*,#2352,.T.);
#2813=EDGE_LOOP('',(#2809,#2810,#2811,#2812));
#2814=ORIENTED_EDGE('',*,*,#931,.F.);
#2815=ORIENTED_EDGE('',*,*,#2365,.F.);
#2816=ORIENTED_EDGE('',*,*,#1426,.F.);
#2817=CARTESIAN_POINT('',(-1.569964988749,-1.243909134183,0.000000000000));
#2818=LINE('',#2817,#12);
#2819=EDGE_CURVE('',#1417,#929,#2818,.T.);
#2820=ORIENTED_EDGE('',*,*,#2819,.T.);
#2821=EDGE_LOOP('',(#2814,#2815,#2816,#2820));
#2822=FACE_OUTER_BOUND('',#2813,.T.);
#2823=ADVANCED_FACE('',(#2822),#2808,.T.);
#2824=FACE_OUTER_BOUND('',#2821,.T.);
#2825=ADVANCED_FACE('',(#2824),#2808,.T.);
#2826=CARTESIAN_POINT('',(0.072943492406,-0.082336182299,0.000000000000));
#2827=AXIS2_PLACEMENT_3D('',#2826,#936,#632);
#2828=PLANE('',#2827);
#2829=ORIENTED_EDGE('',*,*,#619,.F.);
#2830=ORIENTED_EDGE('',*,*,#2397,.F.);
#2831=ORIENTED_EDGE('',*,*,#1701,.F.);
#2832=ORIENTED_EDGE('',*,*,#2796,.F.);
#2833=EDGE_LOOP('',(#2829,#2830,#2831,#2832));
#2834=ORIENTED_EDGE('',*,*,#944,.F.);
#2835=CARTESIAN_POINT('',(-1.424078003936,-1.408581498780,0.000000000000));
#2836=LINE('',#2835,#27);
#2837=EDGE_CURVE('',#934,#1411,#2836,.T.);
#2838=ORIENTED_EDGE('',*,*,#2837,.T.);
#2839=ORIENTED_EDGE('',*,*,#1414,.F.);
#2840=ORIENTED_EDGE('',*,*,#2325,.T.);
#2841=EDGE_LOOP('',(#2834,#2838,#2839,#2840));
#2842=FACE_OUTER_BOUND('',#2833,.T.);
#2843=ADVANCED_FACE('',(#2842),#2828,.T.);
#2844=FACE_OUTER_BOUND('',#2841,.T.);
#2845=ADVANCED_FACE('',(#2844),#2828,.T.);
#2846=CARTESIAN_POINT('',(0.709209774085,1.870032485371,0.000000000000));
#2847=AXIS2_PLACEMENT_3D('',#2846,#674,#982);
#2848=PLANE('',#2847);
#2849=ORIENTED_EDGE('',*,*,#685,.F.);
#2850=CARTESIAN_POINT('',(0.812061560780,1.831025947796,0.000000000000));
#2851=LINE('',#2850,#27);
#2852=EDGE_CURVE('',#672,#1651,#2851,.T.);
#2853=ORIENTED_EDGE('',*,*,#2852,.T.);
#2854=ORIENTED_EDGE('',*,*,#1654,.F.);
#2855=CARTESIAN_POINT('',(0.606357987390,1.909039022946,0.000000000000));
#2856=LINE('',#2855,#12);
#2857=EDGE_CURVE('',#1646,#680,#2856,.T.);
#2858=ORIENTED_EDGE('',*,*,#2857,.T.);
#2859=EDGE_LOOP('',(#2849,#2853,#2854,#2858));
#2860=FACE_OUTER_BOUND('',#2859,.T.);
#2861=ADVANCED_FACE('',(#2860),#2848,.T.);
#2862=CARTESIAN_POINT('',(-0.102851786695,0.039006537575,0.000000000000));
#2863=AXIS2_PLACEMENT_3D('',#2862,#682,#674);
#2864=PLANE('',#2863);
#2865=ORIENTED_EDGE('',*,*,#693,.F.);
#2866=ORIENTED_EDGE('',*,*,#2857,.F.);
#2867=ORIENTED_EDGE('',*,*,#1648,.F.);
#2868=ORIENTED_EDGE('',*,*,#2336,.T.);
#2869=EDGE_LOOP('',(#2865,#2866,#2867,#2868));
#2870=ORIENTED_EDGE('',*,*,#977,.F.);
#2871=ORIENTED_EDGE('',*,*,#2389,.F.);
#2872=ORIENTED_EDGE('',*,*,#1380,.F.);
#2873=CARTESIAN_POINT('',(-0.812061560780,-1.831025947796,0.000000000000));
#2874=LINE('',#2873,#12);
#2875=EDGE_CURVE('',#1371,#975,#2874,.T.);
#2876=ORIENTED_EDGE('',*,*,#2875,.T.);
#2877=EDGE_LOOP('',(#2870,#2871,#2872,#2876));
#2878=FACE_OUTER_BOUND('',#2869,.T.);
#2879=ADVANCED_FACE('',(#2878),#2864,.T.);
#2880=FACE_OUTER_BOUND('',#2877,.T.);
#2881=ADVANCED_FACE('',(#2880),#2864,.T.);
#2882=CARTESIAN_POINT('',(0.102851786695,-0.039006537575,0.000000000000));
#2883=AXIS2_PLACEMENT_3D('',#2882,#982,#690);
#2884=PLANE('',#2883);
#2885=ORIENTED_EDGE('',*,*,#990,.F.);
#2886=CARTESIAN_POINT('',(-0.606357987390,-1.909039022946,0.000000000000));
#2887=LINE('',#2886,#27);
#2888=EDGE_CURVE('',#980,#1365,#2887,.T.);
#2889=ORIENTED_EDGE('',*,*,#2888,.T.);
#2890=ORIENTED_EDGE('',*,*,#1368,.F.);
#2891=ORIENTED_EDGE('',*,*,#2277,.T.);
#2892=EDGE_LOOP('',(#2885,#2889,#2890,#2891));
#2893=ORIENTED_EDGE('',*,*,#677,.F.);
#2894=ORIENTED_EDGE('',*,*,#2311,.F.);
#2895=ORIENTED_EDGE('',*,*,#1659,.F.);
#2896=ORIENTED_EDGE('',*,*,#2852,.F.);
#2897=EDGE_LOOP('',(#2893,#2894,#2895,#2896));
#2898=FACE_OUTER_BOUND('',#2892,.T.);
#2899=ADVANCED_FACE('',(#2898),#2884,.T.);
#2900=FACE_OUTER_BOUND('',#2897,.T.);
#2901=ADVANCED_FACE('',(#2900),#2884,.T.);
#2902=CARTESIAN_POINT('',(1.770912051306,0.929446344088,0.000000000000));
#2903=AXIS2_PLACEMENT_3D('',#2902,#587,#913);
#2904=PLANE('',#2903);
#2905=ORIENTED_EDGE('',*,*,#598,.F.);
#2906=ORIENTED_EDGE('',*,*,#2097,.F.);
#2907=ORIENTED_EDGE('',*,*,#1717,.F.);
#2908=ORIENTED_EDGE('',*,*,#2110,.F.);
#2909=EDGE_LOOP('',(#2905,#2906,#2907,#2908));
#2910=FACE_OUTER_BOUND('',#2909,.T.);
#2911=ADVANCED_FACE('',(#2910),#2904,.T.);
#2912=CARTESIAN_POINT('',(-1.497021496342,-1.326245316482,0.000000000000));
#2913=AXIS2_PLACEMENT_3D('',#2912,#632,#624);
#2914=PLANE('',#2913);
#2915=ORIENTED_EDGE('',*,*,#939,.F.);
#2916=ORIENTED_EDGE('',*,*,#2819,.F.);
#2917=ORIENTED_EDGE('',*,*,#1420,.F.);
#2918=ORIENTED_EDGE('',*,*,#2837,.F.);
#2919=EDGE_LOOP('',(#2915,#2916,#2917,#2918));
#2920=FACE_OUTER_BOUND('',#2919,.T.);
#2921=ADVANCED_FACE('',(#2920),#2914,.T.);
#2922=CARTESIAN_POINT('',(0.241073360511,-1.985417748196,0.000000000000));
#2923=AXIS2_PLACEMENT_3D('',#2922,#748,#740);
#2924=PLANE('',#2923);
#2925=ORIENTED_EDGE('',*,*,#1031,.F.);
#2926=CARTESIAN_POINT('',(0.131875384360,-1.998676783024,0.000000000000));
#2927=LINE('',#2926,#27);
#2928=EDGE_CURVE('',#1021,#1325,#2927,.T.);
#2929=ORIENTED_EDGE('',*,*,#2928,.T.);
#2930=ORIENTED_EDGE('',*,*,#1328,.F.);
#2931=CARTESIAN_POINT('',(0.350271336661,-1.972158713368,0.000000000000));
#2932=LINE('',#2931,#12);
#2933=EDGE_CURVE('',#1319,#1026,#2932,.T.);
#2934=ORIENTED_EDGE('',*,*,#2933,.T.);
#2935=EDGE_LOOP('',(#2925,#2929,#2930,#2934));
#2936=FACE_OUTER_BOUND('',#2935,.T.);
#2937=ADVANCED_FACE('',(#2936),#2924,.T.);
#2938=CARTESIAN_POINT('',(0.109197976151,0.013259034828,0.000000000000));
#2939=AXIS2_PLACEMENT_3D('',#2938,#1028,#748);
#2940=PLANE('',#2939);
#2941=ORIENTED_EDGE('',*,*,#1036,.F.);
#2942=ORIENTED_EDGE('',*,*,#2933,.F.);
#2943=ORIENTED_EDGE('',*,*,#1322,.F.);
#2944=ORIENTED_EDGE('',*,*,#2404,.T.);
#2945=EDGE_LOOP('',(#2941,#2942,#2943,#2944));
#2946=ORIENTED_EDGE('',*,*,#735,.F.);
#2947=ORIENTED_EDGE('',*,*,#2373,.F.);
#2948=ORIENTED_EDGE('',*,*,#1617,.F.);
#2949=CARTESIAN_POINT('',(-0.131875384360,1.998676783024,0.000000000000));
#2950=LINE('',#2949,#12);
#2951=EDGE_CURVE('',#1609,#730,#2950,.T.);
#2952=ORIENTED_EDGE('',*,*,#2951,.T.);
#2953=EDGE_LOOP('',(#2946,#2947,#2948,#2952));
#2954=FACE_OUTER_BOUND('',#2945,.T.);
#2955=ADVANCED_FACE('',(#2954),#2940,.T.);
#2956=FACE_OUTER_BOUND('',#2953,.T.);
#2957=ADVANCED_FACE('',(#2956),#2940,.T.);
#2958=CARTESIAN_POINT('',(-0.109197976151,-0.013259034828,0.000000000000));
#2959=AXIS2_PLACEMENT_3D('',#2958,#740,#732);
#2960=PLANE('',#2959);
#2961=ORIENTED_EDGE('',*,*,#1023,.F.);
#2962=ORIENTED_EDGE('',*,*,#2468,.F.);
#2963=ORIENTED_EDGE('',*,*,#1334,.F.);
#2964=ORIENTED_EDGE('',*,*,#2928,.F.);
#2965=EDGE_LOOP('',(#2961,#2962,#2963,#2964));
#2966=ORIENTED_EDGE('',*,*,#751,.F.);
#2967=CARTESIAN_POINT('',(-0.350271336661,1.972158713368,0.000000000000));
#2968=LINE('',#2967,#27);
#2969=EDGE_CURVE('',#738,#1604,#2968,.T.);
#2970=ORIENTED_EDGE('',*,*,#2969,.T.);
#2971=ORIENTED_EDGE('',*,*,#1606,.F.);
#2972=ORIENTED_EDGE('',*,*,#2286,.T.);
#2973=EDGE_LOOP('',(#2966,#2970,#2971,#2972));
#2974=FACE_OUTER_BOUND('',#2965,.T.);
#2975=ADVANCED_FACE('',(#2974),#2960,.T.);
#2976=FACE_OUTER_BOUND('',#2973,.T.);
#2977=ADVANCED_FACE('',(#2976),#2960,.T.);
#2978=CARTESIAN_POINT('',(-0.241073360511,1.985417748196,0.000000000000));
#2979=AXIS2_PLACEMENT_3D('',#2978,#732,#1028);
#2980=PLANE('',#2979);
#2981=ORIENTED_EDGE('',*,*,#743,.F.);
#2982=ORIENTED_EDGE('',*,*,#2951,.F.);
#2983=ORIENTED_EDGE('',*,*,#1612,.F.);
#2984=ORIENTED_EDGE('',*,*,#2969,.F.);
#2985=EDGE_LOOP('',(#2981,#2982,#2983,#2984));
#2986=FACE_OUTER_BOUND('',#2985,.T.);
#2987=ADVANCED_FACE('',(#2986),#2980,.T.);
#2988=CARTESIAN_POINT('',(-0.709209774085,-1.870032485371,0.000000000000));
#2989=AXIS2_PLACEMENT_3D('',#2988,#690,#682);
#2990=PLANE('',#2989);
#2991=ORIENTED_EDGE('',*,*,#985,.F.);
#2992=ORIENTED_EDGE('',*,*,#2875,.F.);
#2993=ORIENTED_EDGE('',*,*,#1374,.F.);
#2994=ORIENTED_EDGE('',*,*,#2888,.F.);
#2995=EDGE_LOOP('',(#2991,#2992,#2993,#2994));
#2996=FACE_OUTER_BOUND('',#2995,.T.);
#2997=ADVANCED_FACE('',(#2996),#2990,.T.);
#2998=CARTESIAN_POINT('',(-1.136129493462,-1.645967731787,0.000000000000));
#2999=AXIS2_PLACEMENT_3D('',#2998,#661,#653);
#3000=PLANE('',#2999);
#3001=ORIENTED_EDGE('',*,*,#962,.F.);
#3002=CARTESIAN_POINT('',(-1.226657718711,-1.583480609647,0.000000000000));
#3003=LINE('',#3002,#27);
#3004=EDGE_CURVE('',#952,#1394,#3003,.T.);
#3005=ORIENTED_EDGE('',*,*,#3004,.T.);
#3006=ORIENTED_EDGE('',*,*,#1397,.F.);
#3007=CARTESIAN_POINT('',(-1.045601268214,-1.708454853928,0.000000000000));
#3008=LINE('',#3007,#12);
#3009=EDGE_CURVE('',#1388,#957,#3008,.T.);
#3010=ORIENTED_EDGE('',*,*,#3009,.T.);
#3011=EDGE_LOOP('',(#3001,#3005,#3006,#3010));
#3012=FACE_OUTER_BOUND('',#3011,.T.);
#3013=ADVANCED_FACE('',(#3012),#3000,.T.);
#3014=CARTESIAN_POINT('',(0.090528225248,-0.062487122140,0.000000000000));
#3015=AXIS2_PLACEMENT_3D('',#3014,#959,#661);
#3016=PLANE('',#3015);
#3017=ORIENTED_EDGE('',*,*,#967,.F.);
#3018=ORIENTED_EDGE('',*,*,#3009,.F.);
#3019=ORIENTED_EDGE('',*,*,#1391,.F.);
#3020=ORIENTED_EDGE('',*,*,#2384,.T.);
#3021=EDGE_LOOP('',(#3017,#3018,#3019,#3020));
#3022=ORIENTED_EDGE('',*,*,#648,.F.);
#3023=ORIENTED_EDGE('',*,*,#2357,.F.);
#3024=ORIENTED_EDGE('',*,*,#1680,.F.);
#3025=CARTESIAN_POINT('',(1.226657718711,1.583480609647,0.000000000000));
#3026=LINE('',#3025,#12);
#3027=EDGE_CURVE('',#1672,#643,#3026,.T.);
#3028=ORIENTED_EDGE('',*,*,#3027,.T.);
#3029=EDGE_LOOP('',(#3022,#3023,#3024,#3028));
#3030=FACE_OUTER_BOUND('',#3021,.T.);
#3031=ADVANCED_FACE('',(#3030),#3016,.T.);
#3032=FACE_OUTER_BOUND('',#3029,.T.);
#3033=ADVANCED_FACE('',(#3032),#3016,.T.);
#3034=CARTESIAN_POINT('',(-0.090528225248,0.062487122140,0.000000000000));
#3035=AXIS2_PLACEMENT_3D('',#3034,#653,#645);
#3036=PLANE('',#3035);
#3037=ORIENTED_EDGE('',*,*,#954,.F.);
#3038=ORIENTED_EDGE('',*,*,#2330,.F.);
#3039=ORIENTED_EDGE('',*,*,#1403,.F.);
#3040=ORIENTED_EDGE('',*,*,#3004,.F.);
#3041=EDGE_LOOP('',(#3037,#3038,#3039,#3040));
#3042=ORIENTED_EDGE('',*,*,#664,.F.);
#3043=CARTESIAN_POINT('',(1.045601268214,1.708454853928,0.000000000000));
#3044=LINE('',#3043,#27);
#3045=EDGE_CURVE('',#651,#1667,#3044,.T.);
#3046=ORIENTED_EDGE('',*,*,#3045,.T.);
#3047=ORIENTED_EDGE('',*,*,#1669,.F.);
#3048=ORIENTED_EDGE('',*,*,#2306,.T.);
#3049=EDGE_LOOP('',(#3042,#3046,#3047,#3048));
#3050=FACE_OUTER_BOUND('',#3041,.T.);
#3051=ADVANCED_FACE('',(#3050),#3036,.T.);
#3052=FACE_OUTER_BOUND('',#3049,.T.);
#3053=ADVANCED_FACE('',(#3052),#3036,.T.);
#3054=CARTESIAN_POINT('',(-0.241073360511,-1.985417748196,0.000000000000));
#3055=AXIS2_PLACEMENT_3D('',#3054,#719,#711);
#3056=PLANE('',#3055);
#3057=ORIENTED_EDGE('',*,*,#1008,.F.);
#3058=ORIENTED_EDGE('',*,*,#2225,.F.);
#3059=ORIENTED_EDGE('',*,*,#1351,.F.);
#3060=ORIENTED_EDGE('',*,*,#2246,.F.);
#3061=EDGE_LOOP('',(#3057,#3058,#3059,#3060));
#3062=FACE_OUTER_BOUND('',#3061,.T.);
#3063=ADVANCED_FACE('',(#3062),#3056,.T.);
#3064=CARTESIAN_POINT('',(1.136129493462,1.645967731787,0.000000000000));
#3065=AXIS2_PLACEMENT_3D('',#3064,#645,#959);
#3066=PLANE('',#3065);
#3067=ORIENTED_EDGE('',*,*,#656,.F.);
#3068=ORIENTED_EDGE('',*,*,#3027,.F.);
#3069=ORIENTED_EDGE('',*,*,#1675,.F.);
#3070=ORIENTED_EDGE('',*,*,#3045,.F.);
#3071=EDGE_LOOP('',(#3067,#3068,#3069,#3070));
#3072=FACE_OUTER_BOUND('',#3071,.T.);
#3073=ADVANCED_FACE('',(#3072),#3066,.T.);
#3074=CLOSED_SHELL('',(#39,#88,#90,#136,#138,#1045,#1857,#1873,#1897,#1899,#1923,#1925,#1941,#1965,#1967,#1991,#1993,#2009,#2033,#2035,#2059,#2061,#2077,#2101,#2103,#2127,#2129,#2145,#2169,#2171,#2195,#2197,#2213,#2237,#2239,#2263,#2265,#2497,#2507,#2523,#2541,#2543,#2561,#2563,#2579,#2597,#2599,#2617,#2619,#2629,#2639,#2649,#2659,#2669,#2679,#2789,#2805,#2823,#2825,#2843,#2845,#2861,#2879,#2881,#2899,#2901,#2911,#2921,#2937,#2955,#2957,#2975,#2977,#2987,#2997,#3013,#3031,#3033,#3051,#3053,#3063,#3073));
#3075=MANIFOLD_SOLID_BREP('barrel_and_winding',#3074);
#3076=APPLICATION_CONTEXT('core data for automotive mechanical design processes');
#3077=APPLICATION_PROTOCOL_DEFINITION('international standard','automotive_design',2000,#3076);
#3078=PRODUCT_CONTEXT('',#3076,'mechanical');
#3079=PRODUCT('barrel_and_winding','barrel_and_winding','',(#3078));
#3080=PRODUCT_DEFINITION_FORMATION('','',#3079);
#3081=PRODUCT_DEFINITION_CONTEXT('part definition',#3076,'design');
#3082=PRODUCT_DEFINITION('','',#3080,#3081);
#3083=PRODUCT_DEFINITION_SHAPE('','',#3082);
#3084=(LENGTH_UNIT()NAMED_UNIT(*)SI_UNIT(.MILLI.,.METRE.));
#3085=(NAMED_UNIT(*)PLANE_ANGLE_UNIT()SI_UNIT($,.RADIAN.));
#3086=(NAMED_UNIT(*)SI_UNIT($,.STERADIAN.)SOLID_ANGLE_UNIT());
#3087=UNCERTAINTY_MEASURE_WITH_UNIT(LENGTH_MEASURE(1.E-07),#3084,'distance_accuracy_value','');
#3088=(GEOMETRIC_REPRESENTATION_CONTEXT(3)GLOBAL_UNCERTAINTY_ASSIGNED_CONTEXT((#3087))GLOBAL_UNIT_ASSIGNED_CONTEXT((#3084,#3085,#3086))REPRESENTATION_CONTEXT('',''));
#3089=ADVANCED_BREP_SHAPE_REPRESENTATION('',(#3075),#3088);
#3090=SHAPE_DEFINITION_REPRESENTATION(#3083,#3089);
ENDSEC;
END-ISO-10303-21;
