ISO-10303-21;
HEADER;
FILE_DESCRIPTION(('159 face(s), 2374 edge(s), 2078 vertex/vertices confirmed by cade at n=256, half-extent 12.000000000000'),'2;1');
FILE_NAME('barrel_and_winding.step','2026-08-23T00:00:00',('cade'),('cade'),'cade 0.1.0','cade','');
FILE_SCHEMA(('AUTOMOTIVE_DESIGN { 1 0 10303 214 1 1 1 1 }'));
ENDSEC;
DATA;
#1=CARTESIAN_POINT('',(1.914064600625,-0.362245982212,0.000000000000));
#2=DIRECTION('',(0.982558462348,-0.185953940717,0.000000000000));
#3=DIRECTION('',(-0.185953940717,-0.982558462348,0.000000000000));
#4=AXIS2_PLACEMENT_3D('',#1,#2,#3);
#5=PLANE('',#4);
#6=CARTESIAN_POINT('',(0.837101910453,-6.052788493869,0.370000000000));
#7=VERTEX_POINT('',#6);
#8=CARTESIAN_POINT('',(0.837101910453,-6.052788493869,0.480000000000));
#9=VERTEX_POINT('',#8);
#10=CARTESIAN_POINT('',(0.837101910453,-6.052788493869,0.425000000000));
#11=DIRECTION('',(0.000000000000,0.000000000000,1.000000000000));
#12=VECTOR('',#11,1.0);
#13=LINE('',#10,#12);
#14=EDGE_CURVE('',#7,#9,#13,.T.);
#15=ORIENTED_EDGE('',*,*,#14,.F.);
#16=CARTESIAN_POINT('',(0.888808621823,-5.779576392956,0.370000000000));
#17=VERTEX_POINT('',#16);
#18=CARTESIAN_POINT('',(1.914064600625,-0.362245982212,0.370000000000));
#19=DIRECTION('',(0.185953940717,0.982558462348,0.000000000000));
#20=VECTOR('',#19,1.0);
#21=LINE('',#18,#20);
#22=EDGE_CURVE('',#7,#17,#21,.T.);
#23=ORIENTED_EDGE('',*,*,#22,.T.);
#24=CARTESIAN_POINT('',(0.908476838812,-5.675651878273,0.370000000000));
#25=VERTEX_POINT('',#24);
#26=LINE('',#18,#20);
#27=EDGE_CURVE('',#17,#25,#26,.T.);
#28=ORIENTED_EDGE('',*,*,#27,.T.);
#29=CARTESIAN_POINT('',(0.908476838812,-5.675651878273,0.480000000000));
#30=VERTEX_POINT('',#29);
#31=CARTESIAN_POINT('',(0.908476838812,-5.675651878273,0.425000000000));
#32=LINE('',#31,#12);
#33=EDGE_CURVE('',#25,#30,#32,.T.);
#34=ORIENTED_EDGE('',*,*,#33,.T.);
#35=CARTESIAN_POINT('',(0.888808621823,-5.779576392956,0.480000000000));
#36=VERTEX_POINT('',#35);
#37=CARTESIAN_POINT('',(1.914064600625,-0.362245982212,0.480000000000));
#38=VECTOR('',#3,1.0);
#39=LINE('',#37,#38);
#40=EDGE_CURVE('',#30,#36,#39,.T.);
#41=ORIENTED_EDGE('',*,*,#40,.T.);
#42=LINE('',#37,#38);
#43=EDGE_CURVE('',#36,#9,#42,.T.);
#44=ORIENTED_EDGE('',*,*,#43,.T.);
#45=EDGE_LOOP('',(#15,#23,#28,#34,#41,#44));
#46=FACE_OUTER_BOUND('',#45,.T.);
#47=ADVANCED_FACE('',(#46),#5,.T.);
#48=CARTESIAN_POINT('',(1.925406893245,-0.296097521839,0.000000000000));
#49=DIRECTION('',(0.988380870637,-0.151997547872,0.000000000000));
#50=DIRECTION('',(-0.151997547872,-0.988380870637,0.000000000000));
#51=AXIS2_PLACEMENT_3D('',#48,#49,#50);
#52=PLANE('',#51);
#53=CARTESIAN_POINT('',(2.805709227383,5.428165794389,0.370000000000));
#54=VERTEX_POINT('',#53);
#55=CARTESIAN_POINT('',(2.805709227383,5.428165794389,0.480000000000));
#56=VERTEX_POINT('',#55);
#57=CARTESIAN_POINT('',(2.805709227383,5.428165794389,0.425000000000));
#58=LINE('',#57,#12);
#59=EDGE_CURVE('',#54,#56,#58,.T.);
#60=ORIENTED_EDGE('',*,*,#59,.T.);
#61=CARTESIAN_POINT('',(2.763444496094,5.153334703398,0.480000000000));
#62=VERTEX_POINT('',#61);
#63=CARTESIAN_POINT('',(1.925406893245,-0.296097521839,0.480000000000));
#64=VECTOR('',#50,1.0);
#65=LINE('',#63,#64);
#66=EDGE_CURVE('',#56,#62,#65,.T.);
#67=ORIENTED_EDGE('',*,*,#66,.T.);
#68=CARTESIAN_POINT('',(2.747367822795,5.048794356702,0.480000000000));
#69=VERTEX_POINT('',#68);
#70=LINE('',#63,#64);
#71=EDGE_CURVE('',#62,#69,#70,.T.);
#72=ORIENTED_EDGE('',*,*,#71,.T.);
#73=CARTESIAN_POINT('',(2.747367822795,5.048794356702,0.370000000000));
#74=VERTEX_POINT('',#73);
#75=CARTESIAN_POINT('',(2.747367822795,5.048794356702,0.425000000000));
#76=LINE('',#75,#12);
#77=EDGE_CURVE('',#74,#69,#76,.T.);
#78=ORIENTED_EDGE('',*,*,#77,.F.);
#79=CARTESIAN_POINT('',(2.763444496094,5.153334703398,0.370000000000));
#80=VERTEX_POINT('',#79);
#81=CARTESIAN_POINT('',(1.925406893245,-0.296097521839,0.370000000000));
#82=DIRECTION('',(0.151997547872,0.988380870637,0.000000000000));
#83=VECTOR('',#82,1.0);
#84=LINE('',#81,#83);
#85=EDGE_CURVE('',#74,#80,#84,.T.);
#86=ORIENTED_EDGE('',*,*,#85,.T.);
#87=LINE('',#81,#83);
#88=EDGE_CURVE('',#80,#54,#87,.T.);
#89=ORIENTED_EDGE('',*,*,#88,.T.);
#90=EDGE_LOOP('',(#60,#67,#72,#78,#86,#89));
#91=FACE_OUTER_BOUND('',#90,.T.);
#92=ADVANCED_FACE('',(#91),#52,.T.);
#93=CARTESIAN_POINT('',(0.000000000000,0.000000000000,0.425000000000));
#94=DIRECTION('',(0.000000000000,1.000000000000,0.000000000000));
#95=AXIS2_PLACEMENT_3D('',#93,#11,#94);
#96=CYLINDRICAL_SURFACE('',#95,6.110400000000);
#97=CARTESIAN_POINT('',(-5.364193147692,-2.926161313778,0.480000000000));
#98=VERTEX_POINT('',#97);
#99=CARTESIAN_POINT('',(-5.304197158133,-3.033559076012,0.480000000000));
#100=VERTEX_POINT('',#99);
#101=CARTESIAN_POINT('',(0.000000000000,0.000000000000,0.480000000000));
#102=AXIS2_PLACEMENT_3D('',#101,#11,#94);
#103=CIRCLE('',#102,6.110400000000);
#104=EDGE_CURVE('',#98,#100,#103,.T.);
#105=ORIENTED_EDGE('',*,*,#104,.F.);
#106=CARTESIAN_POINT('',(-5.364193147692,-2.926161313778,0.370000000000));
#107=VERTEX_POINT('',#106);
#108=CARTESIAN_POINT('',(-5.364193147692,-2.926161313778,0.425000000000));
#109=LINE('',#108,#12);
#110=EDGE_CURVE('',#107,#98,#109,.T.);
#111=ORIENTED_EDGE('',*,*,#110,.F.);
#112=CARTESIAN_POINT('',(-5.304197158133,-3.033559076012,0.370000000000));
#113=VERTEX_POINT('',#112);
#114=CARTESIAN_POINT('',(0.000000000000,0.000000000000,0.370000000000));
#115=AXIS2_PLACEMENT_3D('',#114,#11,#94);
#116=CIRCLE('',#115,6.110400000000);
#117=EDGE_CURVE('',#107,#113,#116,.T.);
#118=ORIENTED_EDGE('',*,*,#117,.T.);
#119=CARTESIAN_POINT('',(-5.304197158133,-3.033559076012,0.425000000000));
#120=LINE('',#119,#12);
#121=EDGE_CURVE('',#113,#100,#120,.T.);
#122=ORIENTED_EDGE('',*,*,#121,.T.);
#123=EDGE_LOOP('',(#105,#111,#118,#122));
#124=CARTESIAN_POINT('',(6.032597511510,0.971985300364,0.480000000000));
#125=VERTEX_POINT('',#124);
#126=CARTESIAN_POINT('',(6.011807114603,1.093235279713,0.480000000000));
#127=VERTEX_POINT('',#126);
#128=CIRCLE('',#102,6.110400000000);
#129=EDGE_CURVE('',#125,#127,#128,.T.);
#130=ORIENTED_EDGE('',*,*,#129,.F.);
#131=CARTESIAN_POINT('',(6.032597511510,0.971985300364,0.370000000000));
#132=VERTEX_POINT('',#131);
#133=CARTESIAN_POINT('',(6.032597511510,0.971985300364,0.425000000000));
#134=LINE('',#133,#12);
#135=EDGE_CURVE('',#132,#125,#134,.T.);
#136=ORIENTED_EDGE('',*,*,#135,.F.);
#137=CARTESIAN_POINT('',(6.011807114603,1.093235279713,0.370000000000));
#138=VERTEX_POINT('',#137);
#139=CIRCLE('',#115,6.110400000000);
#140=EDGE_CURVE('',#132,#138,#139,.T.);
#141=ORIENTED_EDGE('',*,*,#140,.T.);
#142=CARTESIAN_POINT('',(6.011807114603,1.093235279713,0.425000000000));
#143=LINE('',#142,#12);
#144=EDGE_CURVE('',#138,#127,#143,.T.);
#145=ORIENTED_EDGE('',*,*,#144,.T.);
#146=EDGE_LOOP('',(#130,#136,#141,#145));
#147=CARTESIAN_POINT('',(0.837101910453,6.052788493869,0.480000000000));
#148=VERTEX_POINT('',#147);
#149=CARTESIAN_POINT('',(0.715078811973,6.068414162915,0.480000000000));
#150=VERTEX_POINT('',#149);
#151=CIRCLE('',#102,6.110400000000);
#152=EDGE_CURVE('',#148,#150,#151,.T.);
#153=ORIENTED_EDGE('',*,*,#152,.F.);
#154=CARTESIAN_POINT('',(0.837101910453,6.052788493869,0.370000000000));
#155=VERTEX_POINT('',#154);
#156=CARTESIAN_POINT('',(0.837101910453,6.052788493869,0.425000000000));
#157=LINE('',#156,#12);
#158=EDGE_CURVE('',#155,#148,#157,.T.);
#159=ORIENTED_EDGE('',*,*,#158,.F.);
#160=CARTESIAN_POINT('',(0.715078811973,6.068414162915,0.370000000000));
#161=VERTEX_POINT('',#160);
#162=CIRCLE('',#115,6.110400000000);
#163=EDGE_CURVE('',#155,#161,#162,.T.);
#164=ORIENTED_EDGE('',*,*,#163,.T.);
#165=CARTESIAN_POINT('',(0.715078811973,6.068414162915,0.425000000000));
#166=LINE('',#165,#12);
#167=EDGE_CURVE('',#161,#150,#166,.T.);
#168=ORIENTED_EDGE('',*,*,#167,.T.);
#169=EDGE_LOOP('',(#153,#159,#164,#168));
#170=CARTESIAN_POINT('',(-5.593024395797,-2.460704425164,0.480000000000));
#171=VERTEX_POINT('',#170);
#172=CARTESIAN_POINT('',(-5.542352508990,-2.572803301088,0.480000000000));
#173=VERTEX_POINT('',#172);
#174=CIRCLE('',#102,6.110400000000);
#175=EDGE_CURVE('',#171,#173,#174,.T.);
#176=ORIENTED_EDGE('',*,*,#175,.F.);
#177=CARTESIAN_POINT('',(-5.593024395797,-2.460704425164,0.370000000000));
#178=VERTEX_POINT('',#177);
#179=CARTESIAN_POINT('',(-5.593024395797,-2.460704425164,0.425000000000));
#180=LINE('',#179,#12);
#181=EDGE_CURVE('',#178,#171,#180,.T.);
#182=ORIENTED_EDGE('',*,*,#181,.F.);
#183=CARTESIAN_POINT('',(-5.542352508990,-2.572803301088,0.370000000000));
#184=VERTEX_POINT('',#183);
#185=CIRCLE('',#115,6.110400000000);
#186=EDGE_CURVE('',#178,#184,#185,.T.);
#187=ORIENTED_EDGE('',*,*,#186,.T.);
#188=CARTESIAN_POINT('',(-5.542352508990,-2.572803301088,0.425000000000));
#189=LINE('',#188,#12);
#190=EDGE_CURVE('',#184,#173,#189,.T.);
#191=ORIENTED_EDGE('',*,*,#190,.T.);
#192=EDGE_LOOP('',(#176,#182,#187,#191));
#193=CARTESIAN_POINT('',(-4.082955952601,-4.546037708721,0.480000000000));
#194=VERTEX_POINT('',#193);
#195=CARTESIAN_POINT('',(-3.990608618762,-4.627313584777,0.480000000000));
#196=VERTEX_POINT('',#195);
#197=CIRCLE('',#102,6.110400000000);
#198=EDGE_CURVE('',#194,#196,#197,.T.);
#199=ORIENTED_EDGE('',*,*,#198,.F.);
#200=CARTESIAN_POINT('',(-4.082955952601,-4.546037708721,0.370000000000));
#201=VERTEX_POINT('',#200);
#202=CARTESIAN_POINT('',(-4.082955952601,-4.546037708721,0.425000000000));
#203=LINE('',#202,#12);
#204=EDGE_CURVE('',#201,#194,#203,.T.);
#205=ORIENTED_EDGE('',*,*,#204,.F.);
#206=CARTESIAN_POINT('',(-3.990608618762,-4.627313584777,0.370000000000));
#207=VERTEX_POINT('',#206);
#208=CIRCLE('',#115,6.110400000000);
#209=EDGE_CURVE('',#201,#207,#208,.T.);
#210=ORIENTED_EDGE('',*,*,#209,.T.);
#211=CARTESIAN_POINT('',(-3.990608618762,-4.627313584777,0.425000000000));
#212=LINE('',#211,#12);
#213=EDGE_CURVE('',#207,#196,#212,.T.);
#214=ORIENTED_EDGE('',*,*,#213,.T.);
#215=EDGE_LOOP('',(#199,#205,#210,#214));
#216=ORIENTED_EDGE('',*,*,#59,.F.);
#217=CARTESIAN_POINT('',(2.695861932180,5.483549635284,0.370000000000));
#218=VERTEX_POINT('',#217);
#219=CIRCLE('',#115,6.110400000000);
#220=EDGE_CURVE('',#54,#218,#219,.T.);
#221=ORIENTED_EDGE('',*,*,#220,.T.);
#222=CARTESIAN_POINT('',(2.695861932180,5.483549635284,0.480000000000));
#223=VERTEX_POINT('',#222);
#224=CARTESIAN_POINT('',(2.695861932180,5.483549635284,0.425000000000));
#225=LINE('',#224,#12);
#226=EDGE_CURVE('',#218,#223,#225,.T.);
#227=ORIENTED_EDGE('',*,*,#226,.T.);
#228=CIRCLE('',#102,6.110400000000);
#229=EDGE_CURVE('',#56,#223,#228,.T.);
#230=ORIENTED_EDGE('',*,*,#229,.F.);
#231=EDGE_LOOP('',(#216,#221,#227,#230));
#232=CARTESIAN_POINT('',(1.227140205546,-5.985909711642,0.480000000000));
#233=VERTEX_POINT('',#232);
#234=CARTESIAN_POINT('',(1.347398565107,-5.959992052574,0.480000000000));
#235=VERTEX_POINT('',#234);
#236=CIRCLE('',#102,6.110400000000);
#237=EDGE_CURVE('',#233,#235,#236,.T.);
#238=ORIENTED_EDGE('',*,*,#237,.F.);
#239=CARTESIAN_POINT('',(1.227140205546,-5.985909711642,0.370000000000));
#240=VERTEX_POINT('',#239);
#241=CARTESIAN_POINT('',(1.227140205546,-5.985909711642,0.425000000000));
#242=LINE('',#241,#12);
#243=EDGE_CURVE('',#240,#233,#242,.T.);
#244=ORIENTED_EDGE('',*,*,#243,.F.);
#245=CARTESIAN_POINT('',(1.347398565107,-5.959992052574,0.370000000000));
#246=VERTEX_POINT('',#245);
#247=CIRCLE('',#115,6.110400000000);
#248=EDGE_CURVE('',#240,#246,#247,.T.);
#249=ORIENTED_EDGE('',*,*,#248,.T.);
#250=CARTESIAN_POINT('',(1.347398565107,-5.959992052574,0.425000000000));
#251=LINE('',#250,#12);
#252=EDGE_CURVE('',#246,#235,#251,.T.);
#253=ORIENTED_EDGE('',*,*,#252,.T.);
#254=EDGE_LOOP('',(#238,#244,#249,#253));
#255=CARTESIAN_POINT('',(-0.715078811973,6.068414162915,0.480000000000));
#256=VERTEX_POINT('',#255);
#257=CARTESIAN_POINT('',(-0.837101910453,6.052788493869,0.480000000000));
#258=VERTEX_POINT('',#257);
#259=CIRCLE('',#102,6.110400000000);
#260=EDGE_CURVE('',#256,#258,#259,.T.);
#261=ORIENTED_EDGE('',*,*,#260,.F.);
#262=CARTESIAN_POINT('',(-0.715078811973,6.068414162915,0.370000000000));
#263=VERTEX_POINT('',#262);
#264=CARTESIAN_POINT('',(-0.715078811973,6.068414162915,0.425000000000));
#265=LINE('',#264,#12);
#266=EDGE_CURVE('',#263,#256,#265,.T.);
#267=ORIENTED_EDGE('',*,*,#266,.F.);
#268=CARTESIAN_POINT('',(-0.837101910453,6.052788493869,0.370000000000));
#269=VERTEX_POINT('',#268);
#270=CIRCLE('',#115,6.110400000000);
#271=EDGE_CURVE('',#263,#269,#270,.T.);
#272=ORIENTED_EDGE('',*,*,#271,.T.);
#273=CARTESIAN_POINT('',(-0.837101910453,6.052788493869,0.425000000000));
#274=LINE('',#273,#12);
#275=EDGE_CURVE('',#269,#258,#274,.T.);
#276=ORIENTED_EDGE('',*,*,#275,.T.);
#277=EDGE_LOOP('',(#261,#267,#272,#276));
#278=CARTESIAN_POINT('',(-6.082862339158,0.579460026970,0.480000000000));
#279=VERTEX_POINT('',#278);
#280=CARTESIAN_POINT('',(-6.093295121830,0.456883703230,0.480000000000));
#281=VERTEX_POINT('',#280);
#282=CIRCLE('',#102,6.110400000000);
#283=EDGE_CURVE('',#279,#281,#282,.T.);
#284=ORIENTED_EDGE('',*,*,#283,.F.);
#285=CARTESIAN_POINT('',(-6.082862339158,0.579460026970,0.370000000000));
#286=VERTEX_POINT('',#285);
#287=CARTESIAN_POINT('',(-6.082862339158,0.579460026970,0.425000000000));
#288=LINE('',#287,#12);
#289=EDGE_CURVE('',#286,#279,#288,.T.);
#290=ORIENTED_EDGE('',*,*,#289,.F.);
#291=CARTESIAN_POINT('',(-6.093295121830,0.456883703230,0.370000000000));
#292=VERTEX_POINT('',#291);
#293=CIRCLE('',#115,6.110400000000);
#294=EDGE_CURVE('',#286,#292,#293,.T.);
#295=ORIENTED_EDGE('',*,*,#294,.T.);
#296=CARTESIAN_POINT('',(-6.093295121830,0.456883703230,0.425000000000));
#297=LINE('',#296,#12);
#298=EDGE_CURVE('',#292,#281,#297,.T.);
#299=ORIENTED_EDGE('',*,*,#298,.T.);
#300=EDGE_LOOP('',(#284,#290,#295,#299));
#301=CARTESIAN_POINT('',(-2.805709227383,-5.428165794389,0.480000000000));
#302=VERTEX_POINT('',#301);
#303=CARTESIAN_POINT('',(-2.695861932180,-5.483549635284,0.480000000000));
#304=VERTEX_POINT('',#303);
#305=CIRCLE('',#102,6.110400000000);
#306=EDGE_CURVE('',#302,#304,#305,.T.);
#307=ORIENTED_EDGE('',*,*,#306,.F.);
#308=CARTESIAN_POINT('',(-2.805709227383,-5.428165794389,0.370000000000));
#309=VERTEX_POINT('',#308);
#310=CARTESIAN_POINT('',(-2.805709227383,-5.428165794389,0.425000000000));
#311=LINE('',#310,#12);
#312=EDGE_CURVE('',#309,#302,#311,.T.);
#313=ORIENTED_EDGE('',*,*,#312,.F.);
#314=CARTESIAN_POINT('',(-2.695861932180,-5.483549635284,0.370000000000));
#315=VERTEX_POINT('',#314);
#316=CIRCLE('',#115,6.110400000000);
#317=EDGE_CURVE('',#309,#315,#316,.T.);
#318=ORIENTED_EDGE('',*,*,#317,.T.);
#319=CARTESIAN_POINT('',(-2.695861932180,-5.483549635284,0.425000000000));
#320=LINE('',#319,#12);
#321=EDGE_CURVE('',#315,#304,#320,.T.);
#322=ORIENTED_EDGE('',*,*,#321,.T.);
#323=EDGE_LOOP('',(#307,#313,#318,#322));
#324=CARTESIAN_POINT('',(2.221112562454,-5.692420148312,0.480000000000));
#325=VERTEX_POINT('',#324);
#326=CARTESIAN_POINT('',(2.335261009346,-5.646551529759,0.480000000000));
#327=VERTEX_POINT('',#326);
#328=CIRCLE('',#102,6.110400000000);
#329=EDGE_CURVE('',#325,#327,#328,.T.);
#330=ORIENTED_EDGE('',*,*,#329,.F.);
#331=CARTESIAN_POINT('',(2.221112562454,-5.692420148312,0.370000000000));
#332=VERTEX_POINT('',#331);
#333=CARTESIAN_POINT('',(2.221112562454,-5.692420148312,0.425000000000));
#334=LINE('',#333,#12);
#335=EDGE_CURVE('',#332,#325,#334,.T.);
#336=ORIENTED_EDGE('',*,*,#335,.F.);
#337=CARTESIAN_POINT('',(2.335261009346,-5.646551529759,0.370000000000));
#338=VERTEX_POINT('',#337);
#339=CIRCLE('',#115,6.110400000000);
#340=EDGE_CURVE('',#332,#338,#339,.T.);
#341=ORIENTED_EDGE('',*,*,#340,.T.);
#342=CARTESIAN_POINT('',(2.335261009346,-5.646551529759,0.425000000000));
#343=LINE('',#342,#12);
#344=EDGE_CURVE('',#338,#327,#343,.T.);
#345=ORIENTED_EDGE('',*,*,#344,.T.);
#346=EDGE_LOOP('',(#330,#336,#341,#345));
#347=CARTESIAN_POINT('',(3.682716126413,4.875919409943,0.480000000000));
#348=VERTEX_POINT('',#347);
#349=CARTESIAN_POINT('',(3.583808799095,4.949070887705,0.480000000000));
#350=VERTEX_POINT('',#349);
#351=CIRCLE('',#102,6.110400000000);
#352=EDGE_CURVE('',#348,#350,#351,.T.);
#353=ORIENTED_EDGE('',*,*,#352,.F.);
#354=CARTESIAN_POINT('',(3.682716126413,4.875919409943,0.370000000000));
#355=VERTEX_POINT('',#354);
#356=CARTESIAN_POINT('',(3.682716126413,4.875919409943,0.425000000000));
#357=LINE('',#356,#12);
#358=EDGE_CURVE('',#355,#348,#357,.T.);
#359=ORIENTED_EDGE('',*,*,#358,.F.);
#360=CARTESIAN_POINT('',(3.583808799095,4.949070887705,0.370000000000));
#361=VERTEX_POINT('',#360);
#362=CIRCLE('',#115,6.110400000000);
#363=EDGE_CURVE('',#355,#361,#362,.T.);
#364=ORIENTED_EDGE('',*,*,#363,.T.);
#365=CARTESIAN_POINT('',(3.583808799095,4.949070887705,0.425000000000));
#366=LINE('',#365,#12);
#367=EDGE_CURVE('',#361,#350,#366,.T.);
#368=ORIENTED_EDGE('',*,*,#367,.T.);
#369=EDGE_LOOP('',(#353,#359,#364,#368));
#370=CARTESIAN_POINT('',(-3.255942246145,-5.170670000084,0.480000000000));
#371=VERTEX_POINT('',#370);
#372=CARTESIAN_POINT('',(-3.151187554909,-5.235170021479,0.480000000000));
#373=VERTEX_POINT('',#372);
#374=CIRCLE('',#102,6.110400000000);
#375=EDGE_CURVE('',#371,#373,#374,.T.);
#376=ORIENTED_EDGE('',*,*,#375,.F.);
#377=CARTESIAN_POINT('',(-3.255942246145,-5.170670000084,0.370000000000));
#378=VERTEX_POINT('',#377);
#379=CARTESIAN_POINT('',(-3.255942246145,-5.170670000084,0.425000000000));
#380=LINE('',#379,#12);
#381=EDGE_CURVE('',#378,#371,#380,.T.);
#382=ORIENTED_EDGE('',*,*,#381,.F.);
#383=CARTESIAN_POINT('',(-3.151187554909,-5.235170021479,0.370000000000));
#384=VERTEX_POINT('',#383);
#385=CIRCLE('',#115,6.110400000000);
#386=EDGE_CURVE('',#378,#384,#385,.T.);
#387=ORIENTED_EDGE('',*,*,#386,.T.);
#388=CARTESIAN_POINT('',(-3.151187554909,-5.235170021479,0.425000000000));
#389=LINE('',#388,#12);
#390=EDGE_CURVE('',#384,#373,#389,.T.);
#391=ORIENTED_EDGE('',*,*,#390,.T.);
#392=EDGE_LOOP('',(#376,#382,#387,#391));
#393=CARTESIAN_POINT('',(1.730360025818,-5.860276643730,0.480000000000));
#394=VERTEX_POINT('',#393);
#395=CARTESIAN_POINT('',(1.847987182224,-5.824253731967,0.480000000000));
#396=VERTEX_POINT('',#395);
#397=CIRCLE('',#102,6.110400000000);
#398=EDGE_CURVE('',#394,#396,#397,.T.);
#399=ORIENTED_EDGE('',*,*,#398,.F.);
#400=CARTESIAN_POINT('',(1.730360025818,-5.860276643730,0.370000000000));
#401=VERTEX_POINT('',#400);
#402=CARTESIAN_POINT('',(1.730360025818,-5.860276643730,0.425000000000));
#403=LINE('',#402,#12);
#404=EDGE_CURVE('',#401,#394,#403,.T.);
#405=ORIENTED_EDGE('',*,*,#404,.F.);
#406=CARTESIAN_POINT('',(1.847987182224,-5.824253731967,0.370000000000));
#407=VERTEX_POINT('',#406);
#408=CIRCLE('',#115,6.110400000000);
#409=EDGE_CURVE('',#401,#407,#408,.T.);
#410=ORIENTED_EDGE('',*,*,#409,.T.);
#411=CARTESIAN_POINT('',(1.847987182224,-5.824253731967,0.425000000000));
#412=LINE('',#411,#12);
#413=EDGE_CURVE('',#407,#396,#412,.T.);
#414=ORIENTED_EDGE('',*,*,#413,.T.);
#415=EDGE_LOOP('',(#399,#405,#410,#414));
#416=CARTESIAN_POINT('',(1.847987182224,5.824253731967,0.480000000000));
#417=VERTEX_POINT('',#416);
#418=CARTESIAN_POINT('',(1.730360025818,5.860276643730,0.480000000000));
#419=VERTEX_POINT('',#418);
#420=CIRCLE('',#102,6.110400000000);
#421=EDGE_CURVE('',#417,#419,#420,.T.);
#422=ORIENTED_EDGE('',*,*,#421,.F.);
#423=CARTESIAN_POINT('',(1.847987182224,5.824253731967,0.370000000000));
#424=VERTEX_POINT('',#423);
#425=CARTESIAN_POINT('',(1.847987182224,5.824253731967,0.425000000000));
#426=LINE('',#425,#12);
#427=EDGE_CURVE('',#424,#417,#426,.T.);
#428=ORIENTED_EDGE('',*,*,#427,.F.);
#429=CARTESIAN_POINT('',(1.730360025818,5.860276643730,0.370000000000));
#430=VERTEX_POINT('',#429);
#431=CIRCLE('',#115,6.110400000000);
#432=EDGE_CURVE('',#424,#430,#431,.T.);
#433=ORIENTED_EDGE('',*,*,#432,.T.);
#434=CARTESIAN_POINT('',(1.730360025818,5.860276643730,0.425000000000));
#435=LINE('',#434,#12);
#436=EDGE_CURVE('',#430,#419,#435,.T.);
#437=ORIENTED_EDGE('',*,*,#436,.T.);
#438=EDGE_LOOP('',(#422,#428,#433,#437));
#439=CARTESIAN_POINT('',(6.082862339158,-0.579460026970,0.480000000000));
#440=VERTEX_POINT('',#439);
#441=CARTESIAN_POINT('',(6.093295121830,-0.456883703230,0.480000000000));
#442=VERTEX_POINT('',#441);
#443=CIRCLE('',#102,6.110400000000);
#444=EDGE_CURVE('',#440,#442,#443,.T.);
#445=ORIENTED_EDGE('',*,*,#444,.F.);
#446=CARTESIAN_POINT('',(6.082862339158,-0.579460026970,0.370000000000));
#447=VERTEX_POINT('',#446);
#448=CARTESIAN_POINT('',(6.082862339158,-0.579460026970,0.425000000000));
#449=LINE('',#448,#12);
#450=EDGE_CURVE('',#447,#440,#449,.T.);
#451=ORIENTED_EDGE('',*,*,#450,.F.);
#452=CARTESIAN_POINT('',(6.093295121830,-0.456883703230,0.370000000000));
#453=VERTEX_POINT('',#452);
#454=CIRCLE('',#115,6.110400000000);
#455=EDGE_CURVE('',#447,#453,#454,.T.);
#456=ORIENTED_EDGE('',*,*,#455,.T.);
#457=CARTESIAN_POINT('',(6.093295121830,-0.456883703230,0.425000000000));
#458=LINE('',#457,#12);
#459=EDGE_CURVE('',#453,#442,#458,.T.);
#460=ORIENTED_EDGE('',*,*,#459,.T.);
#461=EDGE_LOOP('',(#445,#451,#456,#460));
#462=CARTESIAN_POINT('',(-5.897436682027,1.599133747215,0.480000000000));
#463=VERTEX_POINT('',#462);
#464=CARTESIAN_POINT('',(-5.928434897883,1.480083721135,0.480000000000));
#465=VERTEX_POINT('',#464);
#466=CIRCLE('',#102,6.110400000000);
#467=EDGE_CURVE('',#463,#465,#466,.T.);
#468=ORIENTED_EDGE('',*,*,#467,.F.);
#469=CARTESIAN_POINT('',(-5.897436682027,1.599133747215,0.370000000000));
#470=VERTEX_POINT('',#469);
#471=CARTESIAN_POINT('',(-5.897436682027,1.599133747215,0.425000000000));
#472=LINE('',#471,#12);
#473=EDGE_CURVE('',#470,#463,#472,.T.);
#474=ORIENTED_EDGE('',*,*,#473,.F.);
#475=CARTESIAN_POINT('',(-5.928434897883,1.480083721135,0.370000000000));
#476=VERTEX_POINT('',#475);
#477=CIRCLE('',#115,6.110400000000);
#478=EDGE_CURVE('',#470,#476,#477,.T.);
#479=ORIENTED_EDGE('',*,*,#478,.T.);
#480=CARTESIAN_POINT('',(-5.928434897883,1.480083721135,0.425000000000));
#481=LINE('',#480,#12);
#482=EDGE_CURVE('',#476,#465,#481,.T.);
#483=ORIENTED_EDGE('',*,*,#482,.T.);
#484=EDGE_LOOP('',(#468,#474,#479,#483));
#485=CARTESIAN_POINT('',(5.897436682027,-1.599133747215,0.480000000000));
#486=VERTEX_POINT('',#485);
#487=CARTESIAN_POINT('',(5.928434897883,-1.480083721135,0.480000000000));
#488=VERTEX_POINT('',#487);
#489=CIRCLE('',#102,6.110400000000);
#490=EDGE_CURVE('',#486,#488,#489,.T.);
#491=ORIENTED_EDGE('',*,*,#490,.F.);
#492=CARTESIAN_POINT('',(5.897436682027,-1.599133747215,0.370000000000));
#493=VERTEX_POINT('',#492);
#494=CARTESIAN_POINT('',(5.897436682027,-1.599133747215,0.425000000000));
#495=LINE('',#494,#12);
#496=EDGE_CURVE('',#493,#486,#495,.T.);
#497=ORIENTED_EDGE('',*,*,#496,.F.);
#498=CARTESIAN_POINT('',(5.928434897883,-1.480083721135,0.370000000000));
#499=VERTEX_POINT('',#498);
#500=CIRCLE('',#115,6.110400000000);
#501=EDGE_CURVE('',#493,#499,#500,.T.);
#502=ORIENTED_EDGE('',*,*,#501,.T.);
#503=CARTESIAN_POINT('',(5.928434897883,-1.480083721135,0.425000000000));
#504=LINE('',#503,#12);
#505=EDGE_CURVE('',#499,#488,#504,.T.);
#506=ORIENTED_EDGE('',*,*,#505,.T.);
#507=EDGE_LOOP('',(#491,#497,#502,#506));
#508=CARTESIAN_POINT('',(-0.320773917352,-6.101974455367,0.480000000000));
#509=VERTEX_POINT('',#508);
#510=CARTESIAN_POINT('',(-0.197865259173,-6.107195551087,0.480000000000));
#511=VERTEX_POINT('',#510);
#512=CIRCLE('',#102,6.110400000000);
#513=EDGE_CURVE('',#509,#511,#512,.T.);
#514=ORIENTED_EDGE('',*,*,#513,.F.);
#515=CARTESIAN_POINT('',(-0.320773917352,-6.101974455367,0.370000000000));
#516=VERTEX_POINT('',#515);
#517=CARTESIAN_POINT('',(-0.320773917352,-6.101974455367,0.425000000000));
#518=LINE('',#517,#12);
#519=EDGE_CURVE('',#516,#509,#518,.T.);
#520=ORIENTED_EDGE('',*,*,#519,.F.);
#521=CARTESIAN_POINT('',(-0.197865259173,-6.107195551087,0.370000000000));
#522=VERTEX_POINT('',#521);
#523=CIRCLE('',#115,6.110400000000);
#524=EDGE_CURVE('',#516,#522,#523,.T.);
#525=ORIENTED_EDGE('',*,*,#524,.T.);
#526=CARTESIAN_POINT('',(-0.197865259173,-6.107195551087,0.425000000000));
#527=LINE('',#526,#12);
#528=EDGE_CURVE('',#522,#511,#527,.T.);
#529=ORIENTED_EDGE('',*,*,#528,.T.);
#530=EDGE_LOOP('',(#514,#520,#525,#529));
#531=CARTESIAN_POINT('',(-1.347398565107,-5.959992052574,0.480000000000));
#532=VERTEX_POINT('',#531);
#533=CARTESIAN_POINT('',(-1.227140205546,-5.985909711642,0.480000000000));
#534=VERTEX_POINT('',#533);
#535=CIRCLE('',#102,6.110400000000);
#536=EDGE_CURVE('',#532,#534,#535,.T.);
#537=ORIENTED_EDGE('',*,*,#536,.F.);
#538=CARTESIAN_POINT('',(-1.347398565107,-5.959992052574,0.370000000000));
#539=VERTEX_POINT('',#538);
#540=CARTESIAN_POINT('',(-1.347398565107,-5.959992052574,0.425000000000));
#541=LINE('',#540,#12);
#542=EDGE_CURVE('',#539,#532,#541,.T.);
#543=ORIENTED_EDGE('',*,*,#542,.F.);
#544=CARTESIAN_POINT('',(-1.227140205546,-5.985909711642,0.370000000000));
#545=VERTEX_POINT('',#544);
#546=CIRCLE('',#115,6.110400000000);
#547=EDGE_CURVE('',#539,#545,#546,.T.);
#548=ORIENTED_EDGE('',*,*,#547,.T.);
#549=CARTESIAN_POINT('',(-1.227140205546,-5.985909711642,0.425000000000));
#550=LINE('',#549,#12);
#551=EDGE_CURVE('',#545,#534,#550,.T.);
#552=ORIENTED_EDGE('',*,*,#551,.T.);
#553=EDGE_LOOP('',(#537,#543,#548,#552));
#554=CARTESIAN_POINT('',(3.990608618762,-4.627313584777,0.480000000000));
#555=VERTEX_POINT('',#554);
#556=CARTESIAN_POINT('',(4.082955952601,-4.546037708721,0.480000000000));
#557=VERTEX_POINT('',#556);
#558=CIRCLE('',#102,6.110400000000);
#559=EDGE_CURVE('',#555,#557,#558,.T.);
#560=ORIENTED_EDGE('',*,*,#559,.F.);
#561=CARTESIAN_POINT('',(3.990608618762,-4.627313584777,0.370000000000));
#562=VERTEX_POINT('',#561);
#563=CARTESIAN_POINT('',(3.990608618762,-4.627313584777,0.425000000000));
#564=LINE('',#563,#12);
#565=EDGE_CURVE('',#562,#555,#564,.T.);
#566=ORIENTED_EDGE('',*,*,#565,.F.);
#567=CARTESIAN_POINT('',(4.082955952601,-4.546037708721,0.370000000000));
#568=VERTEX_POINT('',#567);
#569=CIRCLE('',#115,6.110400000000);
#570=EDGE_CURVE('',#562,#568,#569,.T.);
#571=ORIENTED_EDGE('',*,*,#570,.T.);
#572=CARTESIAN_POINT('',(4.082955952601,-4.546037708721,0.425000000000));
#573=LINE('',#572,#12);
#574=EDGE_CURVE('',#568,#557,#573,.T.);
#575=ORIENTED_EDGE('',*,*,#574,.T.);
#576=EDGE_LOOP('',(#560,#566,#571,#575));
#577=CARTESIAN_POINT('',(5.781557774966,1.977518104779,0.480000000000));
#578=VERTEX_POINT('',#577);
#579=CARTESIAN_POINT('',(5.740575083018,2.093510419424,0.480000000000));
#580=VERTEX_POINT('',#579);
#581=CIRCLE('',#102,6.110400000000);
#582=EDGE_CURVE('',#578,#580,#581,.T.);
#583=ORIENTED_EDGE('',*,*,#582,.F.);
#584=CARTESIAN_POINT('',(5.781557774966,1.977518104779,0.370000000000));
#585=VERTEX_POINT('',#584);
#586=CARTESIAN_POINT('',(5.781557774966,1.977518104779,0.425000000000));
#587=LINE('',#586,#12);
#588=EDGE_CURVE('',#585,#578,#587,.T.);
#589=ORIENTED_EDGE('',*,*,#588,.F.);
#590=CARTESIAN_POINT('',(5.740575083018,2.093510419424,0.370000000000));
#591=VERTEX_POINT('',#590);
#592=CIRCLE('',#115,6.110400000000);
#593=EDGE_CURVE('',#585,#591,#592,.T.);
#594=ORIENTED_EDGE('',*,*,#593,.T.);
#595=CARTESIAN_POINT('',(5.740575083018,2.093510419424,0.425000000000));
#596=LINE('',#595,#12);
#597=EDGE_CURVE('',#591,#580,#596,.T.);
#598=ORIENTED_EDGE('',*,*,#597,.T.);
#599=EDGE_LOOP('',(#583,#589,#594,#598));
#600=CARTESIAN_POINT('',(-3.151187554909,5.235170021479,0.480000000000));
#601=VERTEX_POINT('',#600);
#602=CARTESIAN_POINT('',(-3.255942246145,5.170670000084,0.480000000000));
#603=VERTEX_POINT('',#602);
#604=CIRCLE('',#102,6.110400000000);
#605=EDGE_CURVE('',#601,#603,#604,.T.);
#606=ORIENTED_EDGE('',*,*,#605,.F.);
#607=CARTESIAN_POINT('',(-3.151187554909,5.235170021479,0.370000000000));
#608=VERTEX_POINT('',#607);
#609=CARTESIAN_POINT('',(-3.151187554909,5.235170021479,0.425000000000));
#610=LINE('',#609,#12);
#611=EDGE_CURVE('',#608,#601,#610,.T.);
#612=ORIENTED_EDGE('',*,*,#611,.F.);
#613=CARTESIAN_POINT('',(-3.255942246145,5.170670000084,0.370000000000));
#614=VERTEX_POINT('',#613);
#615=CIRCLE('',#115,6.110400000000);
#616=EDGE_CURVE('',#608,#614,#615,.T.);
#617=ORIENTED_EDGE('',*,*,#616,.T.);
#618=CARTESIAN_POINT('',(-3.255942246145,5.170670000084,0.425000000000));
#619=LINE('',#618,#12);
#620=EDGE_CURVE('',#614,#603,#619,.T.);
#621=ORIENTED_EDGE('',*,*,#620,.T.);
#622=EDGE_LOOP('',(#606,#612,#617,#621));
#623=CARTESIAN_POINT('',(-4.453777987590,-4.183401701636,0.480000000000));
#624=VERTEX_POINT('',#623);
#625=CARTESIAN_POINT('',(-4.368656011886,-4.272216381437,0.480000000000));
#626=VERTEX_POINT('',#625);
#627=CIRCLE('',#102,6.110400000000);
#628=EDGE_CURVE('',#624,#626,#627,.T.);
#629=ORIENTED_EDGE('',*,*,#628,.F.);
#630=CARTESIAN_POINT('',(-4.453777987590,-4.183401701636,0.370000000000));
#631=VERTEX_POINT('',#630);
#632=CARTESIAN_POINT('',(-4.453777987590,-4.183401701636,0.425000000000));
#633=LINE('',#632,#12);
#634=EDGE_CURVE('',#631,#624,#633,.T.);
#635=ORIENTED_EDGE('',*,*,#634,.F.);
#636=CARTESIAN_POINT('',(-4.368656011886,-4.272216381437,0.370000000000));
#637=VERTEX_POINT('',#636);
#638=CIRCLE('',#115,6.110400000000);
#639=EDGE_CURVE('',#631,#637,#638,.T.);
#640=ORIENTED_EDGE('',*,*,#639,.T.);
#641=CARTESIAN_POINT('',(-4.368656011886,-4.272216381437,0.425000000000));
#642=LINE('',#641,#12);
#643=EDGE_CURVE('',#637,#626,#642,.T.);
#644=ORIENTED_EDGE('',*,*,#643,.T.);
#645=EDGE_LOOP('',(#629,#635,#640,#644));
#646=CARTESIAN_POINT('',(-5.928434897883,-1.480083721135,0.480000000000));
#647=VERTEX_POINT('',#646);
#648=CARTESIAN_POINT('',(-5.897436682027,-1.599133747215,0.480000000000));
#649=VERTEX_POINT('',#648);
#650=CIRCLE('',#102,6.110400000000);
#651=EDGE_CURVE('',#647,#649,#650,.T.);
#652=ORIENTED_EDGE('',*,*,#651,.F.);
#653=CARTESIAN_POINT('',(-5.928434897883,-1.480083721135,0.370000000000));
#654=VERTEX_POINT('',#653);
#655=CARTESIAN_POINT('',(-5.928434897883,-1.480083721135,0.425000000000));
#656=LINE('',#655,#12);
#657=EDGE_CURVE('',#654,#647,#656,.T.);
#658=ORIENTED_EDGE('',*,*,#657,.F.);
#659=CARTESIAN_POINT('',(-5.897436682027,-1.599133747215,0.370000000000));
#660=VERTEX_POINT('',#659);
#661=CIRCLE('',#115,6.110400000000);
#662=EDGE_CURVE('',#654,#660,#661,.T.);
#663=ORIENTED_EDGE('',*,*,#662,.T.);
#664=CARTESIAN_POINT('',(-5.897436682027,-1.599133747215,0.425000000000));
#665=LINE('',#664,#12);
#666=EDGE_CURVE('',#660,#649,#665,.T.);
#667=ORIENTED_EDGE('',*,*,#666,.T.);
#668=EDGE_LOOP('',(#652,#658,#663,#667));
#669=CARTESIAN_POINT('',(-5.096712765038,-3.370535143074,0.480000000000));
#670=VERTEX_POINT('',#669);
#671=CARTESIAN_POINT('',(-5.027824945206,-3.472457988279,0.480000000000));
#672=VERTEX_POINT('',#671);
#673=CIRCLE('',#102,6.110400000000);
#674=EDGE_CURVE('',#670,#672,#673,.T.);
#675=ORIENTED_EDGE('',*,*,#674,.F.);
#676=CARTESIAN_POINT('',(-5.096712765038,-3.370535143074,0.370000000000));
#677=VERTEX_POINT('',#676);
#678=CARTESIAN_POINT('',(-5.096712765038,-3.370535143074,0.425000000000));
#679=LINE('',#678,#12);
#680=EDGE_CURVE('',#677,#670,#679,.T.);
#681=ORIENTED_EDGE('',*,*,#680,.F.);
#682=CARTESIAN_POINT('',(-5.027824945206,-3.472457988279,0.370000000000));
#683=VERTEX_POINT('',#682);
#684=CIRCLE('',#115,6.110400000000);
#685=EDGE_CURVE('',#677,#683,#684,.T.);
#686=ORIENTED_EDGE('',*,*,#685,.T.);
#687=CARTESIAN_POINT('',(-5.027824945206,-3.472457988279,0.425000000000));
#688=LINE('',#687,#12);
#689=EDGE_CURVE('',#683,#672,#688,.T.);
#690=ORIENTED_EDGE('',*,*,#689,.T.);
#691=EDGE_LOOP('',(#675,#681,#686,#690));
#692=CARTESIAN_POINT('',(6.110090401171,-0.061509751454,0.480000000000));
#693=VERTEX_POINT('',#692);
#694=CARTESIAN_POINT('',(6.110090401171,0.061509751454,0.480000000000));
#695=VERTEX_POINT('',#694);
#696=CIRCLE('',#102,6.110400000000);
#697=EDGE_CURVE('',#693,#695,#696,.T.);
#698=ORIENTED_EDGE('',*,*,#697,.F.);
#699=CARTESIAN_POINT('',(6.110090401171,-0.061509751454,0.370000000000));
#700=VERTEX_POINT('',#699);
#701=CARTESIAN_POINT('',(6.110090401171,-0.061509751454,0.425000000000));
#702=LINE('',#701,#12);
#703=EDGE_CURVE('',#700,#693,#702,.T.);
#704=ORIENTED_EDGE('',*,*,#703,.F.);
#705=CARTESIAN_POINT('',(6.110090401171,0.061509751454,0.370000000000));
#706=VERTEX_POINT('',#705);
#707=CIRCLE('',#115,6.110400000000);
#708=EDGE_CURVE('',#700,#706,#707,.T.);
#709=ORIENTED_EDGE('',*,*,#708,.T.);
#710=CARTESIAN_POINT('',(6.110090401171,0.061509751454,0.425000000000));
#711=LINE('',#710,#12);
#712=EDGE_CURVE('',#706,#695,#711,.T.);
#713=ORIENTED_EDGE('',*,*,#712,.T.);
#714=EDGE_LOOP('',(#698,#704,#709,#713));
#715=CARTESIAN_POINT('',(4.715227138336,-3.886337761170,0.480000000000));
#716=VERTEX_POINT('',#715);
#717=CARTESIAN_POINT('',(4.792510450121,-3.790624189429,0.480000000000));
#718=VERTEX_POINT('',#717);
#719=CIRCLE('',#102,6.110400000000);
#720=EDGE_CURVE('',#716,#718,#719,.T.);
#721=ORIENTED_EDGE('',*,*,#720,.F.);
#722=CARTESIAN_POINT('',(4.715227138336,-3.886337761170,0.370000000000));
#723=VERTEX_POINT('',#722);
#724=CARTESIAN_POINT('',(4.715227138336,-3.886337761170,0.425000000000));
#725=LINE('',#724,#12);
#726=EDGE_CURVE('',#723,#716,#725,.T.);
#727=ORIENTED_EDGE('',*,*,#726,.F.);
#728=CARTESIAN_POINT('',(4.792510450121,-3.790624189429,0.370000000000));
#729=VERTEX_POINT('',#728);
#730=CIRCLE('',#115,6.110400000000);
#731=EDGE_CURVE('',#723,#729,#730,.T.);
#732=ORIENTED_EDGE('',*,*,#731,.T.);
#733=CARTESIAN_POINT('',(4.792510450121,-3.790624189429,0.425000000000));
#734=LINE('',#733,#12);
#735=EDGE_CURVE('',#729,#718,#734,.T.);
#736=ORIENTED_EDGE('',*,*,#735,.T.);
#737=EDGE_LOOP('',(#721,#727,#732,#736));
#738=CARTESIAN_POINT('',(-1.227140205546,5.985909711642,0.480000000000));
#739=VERTEX_POINT('',#738);
#740=CARTESIAN_POINT('',(-1.347398565107,5.959992052574,0.480000000000));
#741=VERTEX_POINT('',#740);
#742=CIRCLE('',#102,6.110400000000);
#743=EDGE_CURVE('',#739,#741,#742,.T.);
#744=ORIENTED_EDGE('',*,*,#743,.F.);
#745=CARTESIAN_POINT('',(-1.227140205546,5.985909711642,0.370000000000));
#746=VERTEX_POINT('',#745);
#747=CARTESIAN_POINT('',(-1.227140205546,5.985909711642,0.425000000000));
#748=LINE('',#747,#12);
#749=EDGE_CURVE('',#746,#739,#748,.T.);
#750=ORIENTED_EDGE('',*,*,#749,.F.);
#751=CARTESIAN_POINT('',(-1.347398565107,5.959992052574,0.370000000000));
#752=VERTEX_POINT('',#751);
#753=CIRCLE('',#115,6.110400000000);
#754=EDGE_CURVE('',#746,#752,#753,.T.);
#755=ORIENTED_EDGE('',*,*,#754,.T.);
#756=CARTESIAN_POINT('',(-1.347398565107,5.959992052574,0.425000000000));
#757=LINE('',#756,#12);
#758=EDGE_CURVE('',#752,#741,#757,.T.);
#759=ORIENTED_EDGE('',*,*,#758,.T.);
#760=EDGE_LOOP('',(#744,#750,#755,#759));
#761=CARTESIAN_POINT('',(-1.730360025818,5.860276643730,0.480000000000));
#762=VERTEX_POINT('',#761);
#763=CARTESIAN_POINT('',(-1.847987182224,5.824253731967,0.480000000000));
#764=VERTEX_POINT('',#763);
#765=CIRCLE('',#102,6.110400000000);
#766=EDGE_CURVE('',#762,#764,#765,.T.);
#767=ORIENTED_EDGE('',*,*,#766,.F.);
#768=CARTESIAN_POINT('',(-1.730360025818,5.860276643730,0.370000000000));
#769=VERTEX_POINT('',#768);
#770=CARTESIAN_POINT('',(-1.730360025818,5.860276643730,0.425000000000));
#771=LINE('',#770,#12);
#772=EDGE_CURVE('',#769,#762,#771,.T.);
#773=ORIENTED_EDGE('',*,*,#772,.F.);
#774=CARTESIAN_POINT('',(-1.847987182224,5.824253731967,0.370000000000));
#775=VERTEX_POINT('',#774);
#776=CIRCLE('',#115,6.110400000000);
#777=EDGE_CURVE('',#769,#775,#776,.T.);
#778=ORIENTED_EDGE('',*,*,#777,.T.);
#779=CARTESIAN_POINT('',(-1.847987182224,5.824253731967,0.425000000000));
#780=LINE('',#779,#12);
#781=EDGE_CURVE('',#775,#764,#780,.T.);
#782=ORIENTED_EDGE('',*,*,#781,.T.);
#783=EDGE_LOOP('',(#767,#773,#778,#782));
#784=CARTESIAN_POINT('',(4.792510450121,3.790624189429,0.480000000000));
#785=VERTEX_POINT('',#784);
#786=CARTESIAN_POINT('',(4.715227138336,3.886337761170,0.480000000000));
#787=VERTEX_POINT('',#786);
#788=CIRCLE('',#102,6.110400000000);
#789=EDGE_CURVE('',#785,#787,#788,.T.);
#790=ORIENTED_EDGE('',*,*,#789,.F.);
#791=CARTESIAN_POINT('',(4.792510450121,3.790624189429,0.370000000000));
#792=VERTEX_POINT('',#791);
#793=CARTESIAN_POINT('',(4.792510450121,3.790624189429,0.425000000000));
#794=LINE('',#793,#12);
#795=EDGE_CURVE('',#792,#785,#794,.T.);
#796=ORIENTED_EDGE('',*,*,#795,.F.);
#797=CARTESIAN_POINT('',(4.715227138336,3.886337761170,0.370000000000));
#798=VERTEX_POINT('',#797);
#799=CIRCLE('',#115,6.110400000000);
#800=EDGE_CURVE('',#792,#798,#799,.T.);
#801=ORIENTED_EDGE('',*,*,#800,.T.);
#802=CARTESIAN_POINT('',(4.715227138336,3.886337761170,0.425000000000));
#803=LINE('',#802,#12);
#804=EDGE_CURVE('',#798,#787,#803,.T.);
#805=ORIENTED_EDGE('',*,*,#804,.T.);
#806=EDGE_LOOP('',(#790,#796,#801,#805));
#807=CARTESIAN_POINT('',(-2.221112562454,5.692420148312,0.480000000000));
#808=VERTEX_POINT('',#807);
#809=CARTESIAN_POINT('',(-2.335261009346,5.646551529759,0.480000000000));
#810=VERTEX_POINT('',#809);
#811=CIRCLE('',#102,6.110400000000);
#812=EDGE_CURVE('',#808,#810,#811,.T.);
#813=ORIENTED_EDGE('',*,*,#812,.F.);
#814=CARTESIAN_POINT('',(-2.221112562454,5.692420148312,0.370000000000));
#815=VERTEX_POINT('',#814);
#816=CARTESIAN_POINT('',(-2.221112562454,5.692420148312,0.425000000000));
#817=LINE('',#816,#12);
#818=EDGE_CURVE('',#815,#808,#817,.T.);
#819=ORIENTED_EDGE('',*,*,#818,.F.);
#820=CARTESIAN_POINT('',(-2.335261009346,5.646551529759,0.370000000000));
#821=VERTEX_POINT('',#820);
#822=CIRCLE('',#115,6.110400000000);
#823=EDGE_CURVE('',#815,#821,#822,.T.);
#824=ORIENTED_EDGE('',*,*,#823,.T.);
#825=CARTESIAN_POINT('',(-2.335261009346,5.646551529759,0.425000000000));
#826=LINE('',#825,#12);
#827=EDGE_CURVE('',#821,#810,#826,.T.);
#828=ORIENTED_EDGE('',*,*,#827,.T.);
#829=EDGE_LOOP('',(#813,#819,#824,#828));
#830=CARTESIAN_POINT('',(5.928434897883,1.480083721135,0.480000000000));
#831=VERTEX_POINT('',#830);
#832=CARTESIAN_POINT('',(5.897436682027,1.599133747215,0.480000000000));
#833=VERTEX_POINT('',#832);
#834=CIRCLE('',#102,6.110400000000);
#835=EDGE_CURVE('',#831,#833,#834,.T.);
#836=ORIENTED_EDGE('',*,*,#835,.F.);
#837=CARTESIAN_POINT('',(5.928434897883,1.480083721135,0.370000000000));
#838=VERTEX_POINT('',#837);
#839=CARTESIAN_POINT('',(5.928434897883,1.480083721135,0.425000000000));
#840=LINE('',#839,#12);
#841=EDGE_CURVE('',#838,#831,#840,.T.);
#842=ORIENTED_EDGE('',*,*,#841,.F.);
#843=CARTESIAN_POINT('',(5.897436682027,1.599133747215,0.370000000000));
#844=VERTEX_POINT('',#843);
#845=CIRCLE('',#115,6.110400000000);
#846=EDGE_CURVE('',#838,#844,#845,.T.);
#847=ORIENTED_EDGE('',*,*,#846,.T.);
#848=CARTESIAN_POINT('',(5.897436682027,1.599133747215,0.425000000000));
#849=LINE('',#848,#12);
#850=EDGE_CURVE('',#844,#833,#849,.T.);
#851=ORIENTED_EDGE('',*,*,#850,.T.);
#852=EDGE_LOOP('',(#836,#842,#847,#851));
#853=CARTESIAN_POINT('',(5.542352508990,-2.572803301088,0.480000000000));
#854=VERTEX_POINT('',#853);
#855=CARTESIAN_POINT('',(5.593024395797,-2.460704425164,0.480000000000));
#856=VERTEX_POINT('',#855);
#857=CIRCLE('',#102,6.110400000000);
#858=EDGE_CURVE('',#854,#856,#857,.T.);
#859=ORIENTED_EDGE('',*,*,#858,.F.);
#860=CARTESIAN_POINT('',(5.542352508990,-2.572803301088,0.370000000000));
#861=VERTEX_POINT('',#860);
#862=CARTESIAN_POINT('',(5.542352508990,-2.572803301088,0.425000000000));
#863=LINE('',#862,#12);
#864=EDGE_CURVE('',#861,#854,#863,.T.);
#865=ORIENTED_EDGE('',*,*,#864,.F.);
#866=CARTESIAN_POINT('',(5.593024395797,-2.460704425164,0.370000000000));
#867=VERTEX_POINT('',#866);
#868=CIRCLE('',#115,6.110400000000);
#869=EDGE_CURVE('',#861,#867,#868,.T.);
#870=ORIENTED_EDGE('',*,*,#869,.T.);
#871=CARTESIAN_POINT('',(5.593024395797,-2.460704425164,0.425000000000));
#872=LINE('',#871,#12);
#873=EDGE_CURVE('',#867,#856,#872,.T.);
#874=ORIENTED_EDGE('',*,*,#873,.T.);
#875=EDGE_LOOP('',(#859,#865,#870,#874));
#876=CARTESIAN_POINT('',(0.320773917352,6.101974455367,0.480000000000));
#877=VERTEX_POINT('',#876);
#878=CARTESIAN_POINT('',(0.197865259173,6.107195551087,0.480000000000));
#879=VERTEX_POINT('',#878);
#880=CIRCLE('',#102,6.110400000000);
#881=EDGE_CURVE('',#877,#879,#880,.T.);
#882=ORIENTED_EDGE('',*,*,#881,.F.);
#883=CARTESIAN_POINT('',(0.320773917352,6.101974455367,0.370000000000));
#884=VERTEX_POINT('',#883);
#885=CARTESIAN_POINT('',(0.320773917352,6.101974455367,0.425000000000));
#886=LINE('',#885,#12);
#887=EDGE_CURVE('',#884,#877,#886,.T.);
#888=ORIENTED_EDGE('',*,*,#887,.F.);
#889=CARTESIAN_POINT('',(0.197865259173,6.107195551087,0.370000000000));
#890=VERTEX_POINT('',#889);
#891=CIRCLE('',#115,6.110400000000);
#892=EDGE_CURVE('',#884,#890,#891,.T.);
#893=ORIENTED_EDGE('',*,*,#892,.T.);
#894=CARTESIAN_POINT('',(0.197865259173,6.107195551087,0.425000000000));
#895=LINE('',#894,#12);
#896=EDGE_CURVE('',#890,#879,#895,.T.);
#897=ORIENTED_EDGE('',*,*,#896,.T.);
#898=EDGE_LOOP('',(#882,#888,#893,#897));
#899=CARTESIAN_POINT('',(-6.093295121830,-0.456883703230,0.480000000000));
#900=VERTEX_POINT('',#899);
#901=CARTESIAN_POINT('',(-6.082862339158,-0.579460026970,0.480000000000));
#902=VERTEX_POINT('',#901);
#903=CIRCLE('',#102,6.110400000000);
#904=EDGE_CURVE('',#900,#902,#903,.T.);
#905=ORIENTED_EDGE('',*,*,#904,.F.);
#906=CARTESIAN_POINT('',(-6.093295121830,-0.456883703230,0.370000000000));
#907=VERTEX_POINT('',#906);
#908=CARTESIAN_POINT('',(-6.093295121830,-0.456883703230,0.425000000000));
#909=LINE('',#908,#12);
#910=EDGE_CURVE('',#907,#900,#909,.T.);
#911=ORIENTED_EDGE('',*,*,#910,.F.);
#912=CARTESIAN_POINT('',(-6.082862339158,-0.579460026970,0.370000000000));
#913=VERTEX_POINT('',#912);
#914=CIRCLE('',#115,6.110400000000);
#915=EDGE_CURVE('',#907,#913,#914,.T.);
#916=ORIENTED_EDGE('',*,*,#915,.T.);
#917=CARTESIAN_POINT('',(-6.082862339158,-0.579460026970,0.425000000000));
#918=LINE('',#917,#12);
#919=EDGE_CURVE('',#913,#902,#918,.T.);
#920=ORIENTED_EDGE('',*,*,#919,.T.);
#921=EDGE_LOOP('',(#905,#911,#916,#920));
#922=CARTESIAN_POINT('',(3.583808799095,-4.949070887705,0.480000000000));
#923=VERTEX_POINT('',#922);
#924=CARTESIAN_POINT('',(3.682716126413,-4.875919409943,0.480000000000));
#925=VERTEX_POINT('',#924);
#926=CIRCLE('',#102,6.110400000000);
#927=EDGE_CURVE('',#923,#925,#926,.T.);
#928=ORIENTED_EDGE('',*,*,#927,.F.);
#929=CARTESIAN_POINT('',(3.583808799095,-4.949070887705,0.370000000000));
#930=VERTEX_POINT('',#929);
#931=CARTESIAN_POINT('',(3.583808799095,-4.949070887705,0.425000000000));
#932=LINE('',#931,#12);
#933=EDGE_CURVE('',#930,#923,#932,.T.);
#934=ORIENTED_EDGE('',*,*,#933,.F.);
#935=CARTESIAN_POINT('',(3.682716126413,-4.875919409943,0.370000000000));
#936=VERTEX_POINT('',#935);
#937=CIRCLE('',#115,6.110400000000);
#938=EDGE_CURVE('',#930,#936,#937,.T.);
#939=ORIENTED_EDGE('',*,*,#938,.T.);
#940=CARTESIAN_POINT('',(3.682716126413,-4.875919409943,0.425000000000));
#941=LINE('',#940,#12);
#942=EDGE_CURVE('',#936,#925,#941,.T.);
#943=ORIENTED_EDGE('',*,*,#942,.T.);
#944=EDGE_LOOP('',(#928,#934,#939,#943));
#945=CARTESIAN_POINT('',(-0.837101910453,-6.052788493869,0.480000000000));
#946=VERTEX_POINT('',#945);
#947=CARTESIAN_POINT('',(-0.715078811973,-6.068414162915,0.480000000000));
#948=VERTEX_POINT('',#947);
#949=CIRCLE('',#102,6.110400000000);
#950=EDGE_CURVE('',#946,#948,#949,.T.);
#951=ORIENTED_EDGE('',*,*,#950,.F.);
#952=CARTESIAN_POINT('',(-0.837101910453,-6.052788493869,0.370000000000));
#953=VERTEX_POINT('',#952);
#954=CARTESIAN_POINT('',(-0.837101910453,-6.052788493869,0.425000000000));
#955=LINE('',#954,#12);
#956=EDGE_CURVE('',#953,#946,#955,.T.);
#957=ORIENTED_EDGE('',*,*,#956,.F.);
#958=CARTESIAN_POINT('',(-0.715078811973,-6.068414162915,0.370000000000));
#959=VERTEX_POINT('',#958);
#960=CIRCLE('',#115,6.110400000000);
#961=EDGE_CURVE('',#953,#959,#960,.T.);
#962=ORIENTED_EDGE('',*,*,#961,.T.);
#963=CARTESIAN_POINT('',(-0.715078811973,-6.068414162915,0.425000000000));
#964=LINE('',#963,#12);
#965=EDGE_CURVE('',#959,#948,#964,.T.);
#966=ORIENTED_EDGE('',*,*,#965,.T.);
#967=EDGE_LOOP('',(#951,#957,#962,#966));
#968=CARTESIAN_POINT('',(3.255942246145,5.170670000084,0.480000000000));
#969=VERTEX_POINT('',#968);
#970=CARTESIAN_POINT('',(3.151187554909,5.235170021479,0.480000000000));
#971=VERTEX_POINT('',#970);
#972=CIRCLE('',#102,6.110400000000);
#973=EDGE_CURVE('',#969,#971,#972,.T.);
#974=ORIENTED_EDGE('',*,*,#973,.F.);
#975=CARTESIAN_POINT('',(3.255942246145,5.170670000084,0.370000000000));
#976=VERTEX_POINT('',#975);
#977=CARTESIAN_POINT('',(3.255942246145,5.170670000084,0.425000000000));
#978=LINE('',#977,#12);
#979=EDGE_CURVE('',#976,#969,#978,.T.);
#980=ORIENTED_EDGE('',*,*,#979,.F.);
#981=CARTESIAN_POINT('',(3.151187554909,5.235170021479,0.370000000000));
#982=VERTEX_POINT('',#981);
#983=CIRCLE('',#115,6.110400000000);
#984=EDGE_CURVE('',#976,#982,#983,.T.);
#985=ORIENTED_EDGE('',*,*,#984,.T.);
#986=CARTESIAN_POINT('',(3.151187554909,5.235170021479,0.425000000000));
#987=LINE('',#986,#12);
#988=EDGE_CURVE('',#982,#971,#987,.T.);
#989=ORIENTED_EDGE('',*,*,#988,.T.);
#990=EDGE_LOOP('',(#974,#980,#985,#989));
#991=CARTESIAN_POINT('',(-5.781557774966,-1.977518104779,0.480000000000));
#992=VERTEX_POINT('',#991);
#993=CARTESIAN_POINT('',(-5.740575083018,-2.093510419424,0.480000000000));
#994=VERTEX_POINT('',#993);
#995=CIRCLE('',#102,6.110400000000);
#996=EDGE_CURVE('',#992,#994,#995,.T.);
#997=ORIENTED_EDGE('',*,*,#996,.F.);
#998=CARTESIAN_POINT('',(-5.781557774966,-1.977518104779,0.370000000000));
#999=VERTEX_POINT('',#998);
#1000=CARTESIAN_POINT('',(-5.781557774966,-1.977518104779,0.425000000000));
#1001=LINE('',#1000,#12);
#1002=EDGE_CURVE('',#999,#992,#1001,.T.);
#1003=ORIENTED_EDGE('',*,*,#1002,.F.);
#1004=CARTESIAN_POINT('',(-5.740575083018,-2.093510419424,0.370000000000));
#1005=VERTEX_POINT('',#1004);
#1006=CIRCLE('',#115,6.110400000000);
#1007=EDGE_CURVE('',#999,#1005,#1006,.T.);
#1008=ORIENTED_EDGE('',*,*,#1007,.T.);
#1009=CARTESIAN_POINT('',(-5.740575083018,-2.093510419424,0.425000000000));
#1010=LINE('',#1009,#12);
#1011=EDGE_CURVE('',#1005,#994,#1010,.T.);
#1012=ORIENTED_EDGE('',*,*,#1011,.T.);
#1013=EDGE_LOOP('',(#997,#1003,#1008,#1012));
#1014=CARTESIAN_POINT('',(2.695861932180,-5.483549635284,0.480000000000));
#1015=VERTEX_POINT('',#1014);
#1016=CARTESIAN_POINT('',(2.805709227383,-5.428165794389,0.480000000000));
#1017=VERTEX_POINT('',#1016);
#1018=CIRCLE('',#102,6.110400000000);
#1019=EDGE_CURVE('',#1015,#1017,#1018,.T.);
#1020=ORIENTED_EDGE('',*,*,#1019,.F.);
#1021=CARTESIAN_POINT('',(2.695861932180,-5.483549635284,0.370000000000));
#1022=VERTEX_POINT('',#1021);
#1023=CARTESIAN_POINT('',(2.695861932180,-5.483549635284,0.425000000000));
#1024=LINE('',#1023,#12);
#1025=EDGE_CURVE('',#1022,#1015,#1024,.T.);
#1026=ORIENTED_EDGE('',*,*,#1025,.F.);
#1027=CARTESIAN_POINT('',(2.805709227383,-5.428165794389,0.370000000000));
#1028=VERTEX_POINT('',#1027);
#1029=CIRCLE('',#115,6.110400000000);
#1030=EDGE_CURVE('',#1022,#1028,#1029,.T.);
#1031=ORIENTED_EDGE('',*,*,#1030,.T.);
#1032=CARTESIAN_POINT('',(2.805709227383,-5.428165794389,0.425000000000));
#1033=LINE('',#1032,#12);
#1034=EDGE_CURVE('',#1028,#1017,#1033,.T.);
#1035=ORIENTED_EDGE('',*,*,#1034,.T.);
#1036=EDGE_LOOP('',(#1020,#1026,#1031,#1035));
#1037=CARTESIAN_POINT('',(4.453777987590,4.183401701636,0.480000000000));
#1038=VERTEX_POINT('',#1037);
#1039=CARTESIAN_POINT('',(4.368656011886,4.272216381437,0.480000000000));
#1040=VERTEX_POINT('',#1039);
#1041=CIRCLE('',#102,6.110400000000);
#1042=EDGE_CURVE('',#1038,#1040,#1041,.T.);
#1043=ORIENTED_EDGE('',*,*,#1042,.F.);
#1044=CARTESIAN_POINT('',(4.453777987590,4.183401701636,0.370000000000));
#1045=VERTEX_POINT('',#1044);
#1046=CARTESIAN_POINT('',(4.453777987590,4.183401701636,0.425000000000));
#1047=LINE('',#1046,#12);
#1048=EDGE_CURVE('',#1045,#1038,#1047,.T.);
#1049=ORIENTED_EDGE('',*,*,#1048,.F.);
#1050=CARTESIAN_POINT('',(4.368656011886,4.272216381437,0.370000000000));
#1051=VERTEX_POINT('',#1050);
#1052=CIRCLE('',#115,6.110400000000);
#1053=EDGE_CURVE('',#1045,#1051,#1052,.T.);
#1054=ORIENTED_EDGE('',*,*,#1053,.T.);
#1055=CARTESIAN_POINT('',(4.368656011886,4.272216381437,0.425000000000));
#1056=LINE('',#1055,#12);
#1057=EDGE_CURVE('',#1051,#1040,#1056,.T.);
#1058=ORIENTED_EDGE('',*,*,#1057,.T.);
#1059=EDGE_LOOP('',(#1043,#1049,#1054,#1058));
#1060=CARTESIAN_POINT('',(0.197865259173,-6.107195551087,0.480000000000));
#1061=VERTEX_POINT('',#1060);
#1062=CARTESIAN_POINT('',(0.320773917352,-6.101974455367,0.480000000000));
#1063=VERTEX_POINT('',#1062);
#1064=CIRCLE('',#102,6.110400000000);
#1065=EDGE_CURVE('',#1061,#1063,#1064,.T.);
#1066=ORIENTED_EDGE('',*,*,#1065,.F.);
#1067=CARTESIAN_POINT('',(0.197865259173,-6.107195551087,0.370000000000));
#1068=VERTEX_POINT('',#1067);
#1069=CARTESIAN_POINT('',(0.197865259173,-6.107195551087,0.425000000000));
#1070=LINE('',#1069,#12);
#1071=EDGE_CURVE('',#1068,#1061,#1070,.T.);
#1072=ORIENTED_EDGE('',*,*,#1071,.F.);
#1073=CARTESIAN_POINT('',(0.320773917352,-6.101974455367,0.370000000000));
#1074=VERTEX_POINT('',#1073);
#1075=CIRCLE('',#115,6.110400000000);
#1076=EDGE_CURVE('',#1068,#1074,#1075,.T.);
#1077=ORIENTED_EDGE('',*,*,#1076,.T.);
#1078=CARTESIAN_POINT('',(0.320773917352,-6.101974455367,0.425000000000));
#1079=LINE('',#1078,#12);
#1080=EDGE_CURVE('',#1074,#1063,#1079,.T.);
#1081=ORIENTED_EDGE('',*,*,#1080,.T.);
#1082=EDGE_LOOP('',(#1066,#1072,#1077,#1081));
#1083=CARTESIAN_POINT('',(-5.304197158133,3.033559076012,0.480000000000));
#1084=VERTEX_POINT('',#1083);
#1085=CARTESIAN_POINT('',(-5.364193147692,2.926161313778,0.480000000000));
#1086=VERTEX_POINT('',#1085);
#1087=CIRCLE('',#102,6.110400000000);
#1088=EDGE_CURVE('',#1084,#1086,#1087,.T.);
#1089=ORIENTED_EDGE('',*,*,#1088,.F.);
#1090=CARTESIAN_POINT('',(-5.304197158133,3.033559076012,0.370000000000));
#1091=VERTEX_POINT('',#1090);
#1092=CARTESIAN_POINT('',(-5.304197158133,3.033559076012,0.425000000000));
#1093=LINE('',#1092,#12);
#1094=EDGE_CURVE('',#1091,#1084,#1093,.T.);
#1095=ORIENTED_EDGE('',*,*,#1094,.F.);
#1096=CARTESIAN_POINT('',(-5.364193147692,2.926161313778,0.370000000000));
#1097=VERTEX_POINT('',#1096);
#1098=CIRCLE('',#115,6.110400000000);
#1099=EDGE_CURVE('',#1091,#1097,#1098,.T.);
#1100=ORIENTED_EDGE('',*,*,#1099,.T.);
#1101=CARTESIAN_POINT('',(-5.364193147692,2.926161313778,0.425000000000));
#1102=LINE('',#1101,#12);
#1103=EDGE_CURVE('',#1097,#1086,#1102,.T.);
#1104=ORIENTED_EDGE('',*,*,#1103,.T.);
#1105=EDGE_LOOP('',(#1089,#1095,#1100,#1104));
#1106=CARTESIAN_POINT('',(3.151187554909,-5.235170021479,0.480000000000));
#1107=VERTEX_POINT('',#1106);
#1108=CARTESIAN_POINT('',(3.255942246145,-5.170670000084,0.480000000000));
#1109=VERTEX_POINT('',#1108);
#1110=CIRCLE('',#102,6.110400000000);
#1111=EDGE_CURVE('',#1107,#1109,#1110,.T.);
#1112=ORIENTED_EDGE('',*,*,#1111,.F.);
#1113=CARTESIAN_POINT('',(3.151187554909,-5.235170021479,0.370000000000));
#1114=VERTEX_POINT('',#1113);
#1115=CARTESIAN_POINT('',(3.151187554909,-5.235170021479,0.425000000000));
#1116=LINE('',#1115,#12);
#1117=EDGE_CURVE('',#1114,#1107,#1116,.T.);
#1118=ORIENTED_EDGE('',*,*,#1117,.F.);
#1119=CARTESIAN_POINT('',(3.255942246145,-5.170670000084,0.370000000000));
#1120=VERTEX_POINT('',#1119);
#1121=CIRCLE('',#115,6.110400000000);
#1122=EDGE_CURVE('',#1114,#1120,#1121,.T.);
#1123=ORIENTED_EDGE('',*,*,#1122,.T.);
#1124=CARTESIAN_POINT('',(3.255942246145,-5.170670000084,0.425000000000));
#1125=LINE('',#1124,#12);
#1126=EDGE_CURVE('',#1120,#1109,#1125,.T.);
#1127=ORIENTED_EDGE('',*,*,#1126,.T.);
#1128=EDGE_LOOP('',(#1112,#1118,#1123,#1127));
#1129=CARTESIAN_POINT('',(5.096712765038,3.370535143074,0.480000000000));
#1130=VERTEX_POINT('',#1129);
#1131=CARTESIAN_POINT('',(5.027824945206,3.472457988279,0.480000000000));
#1132=VERTEX_POINT('',#1131);
#1133=CIRCLE('',#102,6.110400000000);
#1134=EDGE_CURVE('',#1130,#1132,#1133,.T.);
#1135=ORIENTED_EDGE('',*,*,#1134,.F.);
#1136=CARTESIAN_POINT('',(5.096712765038,3.370535143074,0.370000000000));
#1137=VERTEX_POINT('',#1136);
#1138=CARTESIAN_POINT('',(5.096712765038,3.370535143074,0.425000000000));
#1139=LINE('',#1138,#12);
#1140=EDGE_CURVE('',#1137,#1130,#1139,.T.);
#1141=ORIENTED_EDGE('',*,*,#1140,.F.);
#1142=CARTESIAN_POINT('',(5.027824945206,3.472457988279,0.370000000000));
#1143=VERTEX_POINT('',#1142);
#1144=CIRCLE('',#115,6.110400000000);
#1145=EDGE_CURVE('',#1137,#1143,#1144,.T.);
#1146=ORIENTED_EDGE('',*,*,#1145,.T.);
#1147=CARTESIAN_POINT('',(5.027824945206,3.472457988279,0.425000000000));
#1148=LINE('',#1147,#12);
#1149=EDGE_CURVE('',#1143,#1132,#1148,.T.);
#1150=ORIENTED_EDGE('',*,*,#1149,.T.);
#1151=EDGE_LOOP('',(#1135,#1141,#1146,#1150));
#1152=CARTESIAN_POINT('',(4.368656011886,-4.272216381437,0.480000000000));
#1153=VERTEX_POINT('',#1152);
#1154=CARTESIAN_POINT('',(4.453777987590,-4.183401701636,0.480000000000));
#1155=VERTEX_POINT('',#1154);
#1156=CIRCLE('',#102,6.110400000000);
#1157=EDGE_CURVE('',#1153,#1155,#1156,.T.);
#1158=ORIENTED_EDGE('',*,*,#1157,.F.);
#1159=CARTESIAN_POINT('',(4.368656011886,-4.272216381437,0.370000000000));
#1160=VERTEX_POINT('',#1159);
#1161=CARTESIAN_POINT('',(4.368656011886,-4.272216381437,0.425000000000));
#1162=LINE('',#1161,#12);
#1163=EDGE_CURVE('',#1160,#1153,#1162,.T.);
#1164=ORIENTED_EDGE('',*,*,#1163,.F.);
#1165=CARTESIAN_POINT('',(4.453777987590,-4.183401701636,0.370000000000));
#1166=VERTEX_POINT('',#1165);
#1167=CIRCLE('',#115,6.110400000000);
#1168=EDGE_CURVE('',#1160,#1166,#1167,.T.);
#1169=ORIENTED_EDGE('',*,*,#1168,.T.);
#1170=CARTESIAN_POINT('',(4.453777987590,-4.183401701636,0.425000000000));
#1171=LINE('',#1170,#12);
#1172=EDGE_CURVE('',#1166,#1155,#1171,.T.);
#1173=ORIENTED_EDGE('',*,*,#1172,.T.);
#1174=EDGE_LOOP('',(#1158,#1164,#1169,#1173));
#1175=CARTESIAN_POINT('',(-5.740575083018,2.093510419423,0.480000000000));
#1176=VERTEX_POINT('',#1175);
#1177=CARTESIAN_POINT('',(-5.781557774966,1.977518104779,0.480000000000));
#1178=VERTEX_POINT('',#1177);
#1179=CIRCLE('',#102,6.110400000000);
#1180=EDGE_CURVE('',#1176,#1178,#1179,.T.);
#1181=ORIENTED_EDGE('',*,*,#1180,.F.);
#1182=CARTESIAN_POINT('',(-5.740575083018,2.093510419423,0.370000000000));
#1183=VERTEX_POINT('',#1182);
#1184=CARTESIAN_POINT('',(-5.740575083018,2.093510419423,0.425000000000));
#1185=LINE('',#1184,#12);
#1186=EDGE_CURVE('',#1183,#1176,#1185,.T.);
#1187=ORIENTED_EDGE('',*,*,#1186,.F.);
#1188=CARTESIAN_POINT('',(-5.781557774966,1.977518104779,0.370000000000));
#1189=VERTEX_POINT('',#1188);
#1190=CIRCLE('',#115,6.110400000000);
#1191=EDGE_CURVE('',#1183,#1189,#1190,.T.);
#1192=ORIENTED_EDGE('',*,*,#1191,.T.);
#1193=CARTESIAN_POINT('',(-5.781557774966,1.977518104779,0.425000000000));
#1194=LINE('',#1193,#12);
#1195=EDGE_CURVE('',#1189,#1178,#1194,.T.);
#1196=ORIENTED_EDGE('',*,*,#1195,.T.);
#1197=EDGE_LOOP('',(#1181,#1187,#1192,#1196));
#1198=CARTESIAN_POINT('',(-1.847987182224,-5.824253731967,0.480000000000));
#1199=VERTEX_POINT('',#1198);
#1200=CARTESIAN_POINT('',(-1.730360025818,-5.860276643730,0.480000000000));
#1201=VERTEX_POINT('',#1200);
#1202=CIRCLE('',#102,6.110400000000);
#1203=EDGE_CURVE('',#1199,#1201,#1202,.T.);
#1204=ORIENTED_EDGE('',*,*,#1203,.F.);
#1205=CARTESIAN_POINT('',(-1.847987182224,-5.824253731967,0.370000000000));
#1206=VERTEX_POINT('',#1205);
#1207=CARTESIAN_POINT('',(-1.847987182224,-5.824253731967,0.425000000000));
#1208=LINE('',#1207,#12);
#1209=EDGE_CURVE('',#1206,#1199,#1208,.T.);
#1210=ORIENTED_EDGE('',*,*,#1209,.F.);
#1211=CARTESIAN_POINT('',(-1.730360025818,-5.860276643730,0.370000000000));
#1212=VERTEX_POINT('',#1211);
#1213=CIRCLE('',#115,6.110400000000);
#1214=EDGE_CURVE('',#1206,#1212,#1213,.T.);
#1215=ORIENTED_EDGE('',*,*,#1214,.T.);
#1216=CARTESIAN_POINT('',(-1.730360025818,-5.860276643730,0.425000000000));
#1217=LINE('',#1216,#12);
#1218=EDGE_CURVE('',#1212,#1201,#1217,.T.);
#1219=ORIENTED_EDGE('',*,*,#1218,.T.);
#1220=EDGE_LOOP('',(#1204,#1210,#1215,#1219));
#1221=CARTESIAN_POINT('',(5.364193147692,2.926161313778,0.480000000000));
#1222=VERTEX_POINT('',#1221);
#1223=CARTESIAN_POINT('',(5.304197158133,3.033559076012,0.480000000000));
#1224=VERTEX_POINT('',#1223);
#1225=CIRCLE('',#102,6.110400000000);
#1226=EDGE_CURVE('',#1222,#1224,#1225,.T.);
#1227=ORIENTED_EDGE('',*,*,#1226,.F.);
#1228=CARTESIAN_POINT('',(5.364193147692,2.926161313778,0.370000000000));
#1229=VERTEX_POINT('',#1228);
#1230=CARTESIAN_POINT('',(5.364193147692,2.926161313778,0.425000000000));
#1231=LINE('',#1230,#12);
#1232=EDGE_CURVE('',#1229,#1222,#1231,.T.);
#1233=ORIENTED_EDGE('',*,*,#1232,.F.);
#1234=CARTESIAN_POINT('',(5.304197158133,3.033559076012,0.370000000000));
#1235=VERTEX_POINT('',#1234);
#1236=CIRCLE('',#115,6.110400000000);
#1237=EDGE_CURVE('',#1229,#1235,#1236,.T.);
#1238=ORIENTED_EDGE('',*,*,#1237,.T.);
#1239=CARTESIAN_POINT('',(5.304197158133,3.033559076012,0.425000000000));
#1240=LINE('',#1239,#12);
#1241=EDGE_CURVE('',#1235,#1224,#1240,.T.);
#1242=ORIENTED_EDGE('',*,*,#1241,.T.);
#1243=EDGE_LOOP('',(#1227,#1233,#1238,#1242));
#1244=CARTESIAN_POINT('',(-4.715227138336,3.886337761170,0.480000000000));
#1245=VERTEX_POINT('',#1244);
#1246=CARTESIAN_POINT('',(-4.792510450121,3.790624189429,0.480000000000));
#1247=VERTEX_POINT('',#1246);
#1248=CIRCLE('',#102,6.110400000000);
#1249=EDGE_CURVE('',#1245,#1247,#1248,.T.);
#1250=ORIENTED_EDGE('',*,*,#1249,.F.);
#1251=CARTESIAN_POINT('',(-4.715227138336,3.886337761170,0.370000000000));
#1252=VERTEX_POINT('',#1251);
#1253=CARTESIAN_POINT('',(-4.715227138336,3.886337761170,0.425000000000));
#1254=LINE('',#1253,#12);
#1255=EDGE_CURVE('',#1252,#1245,#1254,.T.);
#1256=ORIENTED_EDGE('',*,*,#1255,.F.);
#1257=CARTESIAN_POINT('',(-4.792510450121,3.790624189429,0.370000000000));
#1258=VERTEX_POINT('',#1257);
#1259=CIRCLE('',#115,6.110400000000);
#1260=EDGE_CURVE('',#1252,#1258,#1259,.T.);
#1261=ORIENTED_EDGE('',*,*,#1260,.T.);
#1262=CARTESIAN_POINT('',(-4.792510450121,3.790624189429,0.425000000000));
#1263=LINE('',#1262,#12);
#1264=EDGE_CURVE('',#1258,#1247,#1263,.T.);
#1265=ORIENTED_EDGE('',*,*,#1264,.T.);
#1266=EDGE_LOOP('',(#1250,#1256,#1261,#1265));
#1267=CARTESIAN_POINT('',(5.740575083018,-2.093510419424,0.480000000000));
#1268=VERTEX_POINT('',#1267);
#1269=CARTESIAN_POINT('',(5.781557774966,-1.977518104779,0.480000000000));
#1270=VERTEX_POINT('',#1269);
#1271=CIRCLE('',#102,6.110400000000);
#1272=EDGE_CURVE('',#1268,#1270,#1271,.T.);
#1273=ORIENTED_EDGE('',*,*,#1272,.F.);
#1274=CARTESIAN_POINT('',(5.740575083018,-2.093510419424,0.370000000000));
#1275=VERTEX_POINT('',#1274);
#1276=CARTESIAN_POINT('',(5.740575083018,-2.093510419424,0.425000000000));
#1277=LINE('',#1276,#12);
#1278=EDGE_CURVE('',#1275,#1268,#1277,.T.);
#1279=ORIENTED_EDGE('',*,*,#1278,.F.);
#1280=CARTESIAN_POINT('',(5.781557774966,-1.977518104779,0.370000000000));
#1281=VERTEX_POINT('',#1280);
#1282=CIRCLE('',#115,6.110400000000);
#1283=EDGE_CURVE('',#1275,#1281,#1282,.T.);
#1284=ORIENTED_EDGE('',*,*,#1283,.T.);
#1285=CARTESIAN_POINT('',(5.781557774966,-1.977518104779,0.425000000000));
#1286=LINE('',#1285,#12);
#1287=EDGE_CURVE('',#1281,#1270,#1286,.T.);
#1288=ORIENTED_EDGE('',*,*,#1287,.T.);
#1289=EDGE_LOOP('',(#1273,#1279,#1284,#1288));
#1290=CARTESIAN_POINT('',(6.011807114603,-1.093235279713,0.480000000000));
#1291=VERTEX_POINT('',#1290);
#1292=CARTESIAN_POINT('',(6.032597511510,-0.971985300364,0.480000000000));
#1293=VERTEX_POINT('',#1292);
#1294=CIRCLE('',#102,6.110400000000);
#1295=EDGE_CURVE('',#1291,#1293,#1294,.T.);
#1296=ORIENTED_EDGE('',*,*,#1295,.F.);
#1297=CARTESIAN_POINT('',(6.011807114603,-1.093235279713,0.370000000000));
#1298=VERTEX_POINT('',#1297);
#1299=CARTESIAN_POINT('',(6.011807114603,-1.093235279713,0.425000000000));
#1300=LINE('',#1299,#12);
#1301=EDGE_CURVE('',#1298,#1291,#1300,.T.);
#1302=ORIENTED_EDGE('',*,*,#1301,.F.);
#1303=CARTESIAN_POINT('',(6.032597511510,-0.971985300364,0.370000000000));
#1304=VERTEX_POINT('',#1303);
#1305=CIRCLE('',#115,6.110400000000);
#1306=EDGE_CURVE('',#1298,#1304,#1305,.T.);
#1307=ORIENTED_EDGE('',*,*,#1306,.T.);
#1308=CARTESIAN_POINT('',(6.032597511510,-0.971985300364,0.425000000000));
#1309=LINE('',#1308,#12);
#1310=EDGE_CURVE('',#1304,#1293,#1309,.T.);
#1311=ORIENTED_EDGE('',*,*,#1310,.T.);
#1312=EDGE_LOOP('',(#1296,#1302,#1307,#1311));
#1313=CARTESIAN_POINT('',(-6.110090401171,0.061509751454,0.480000000000));
#1314=VERTEX_POINT('',#1313);
#1315=CARTESIAN_POINT('',(-6.110090401171,-0.061509751454,0.480000000000));
#1316=VERTEX_POINT('',#1315);
#1317=CIRCLE('',#102,6.110400000000);
#1318=EDGE_CURVE('',#1314,#1316,#1317,.T.);
#1319=ORIENTED_EDGE('',*,*,#1318,.F.);
#1320=CARTESIAN_POINT('',(-6.110090401171,0.061509751454,0.370000000000));
#1321=VERTEX_POINT('',#1320);
#1322=CARTESIAN_POINT('',(-6.110090401171,0.061509751454,0.425000000000));
#1323=LINE('',#1322,#12);
#1324=EDGE_CURVE('',#1321,#1314,#1323,.T.);
#1325=ORIENTED_EDGE('',*,*,#1324,.F.);
#1326=CARTESIAN_POINT('',(-6.110090401171,-0.061509751454,0.370000000000));
#1327=VERTEX_POINT('',#1326);
#1328=CIRCLE('',#115,6.110400000000);
#1329=EDGE_CURVE('',#1321,#1327,#1328,.T.);
#1330=ORIENTED_EDGE('',*,*,#1329,.T.);
#1331=CARTESIAN_POINT('',(-6.110090401171,-0.061509751454,0.425000000000));
#1332=LINE('',#1331,#12);
#1333=EDGE_CURVE('',#1327,#1316,#1332,.T.);
#1334=ORIENTED_EDGE('',*,*,#1333,.T.);
#1335=EDGE_LOOP('',(#1319,#1325,#1330,#1334));
#1336=CARTESIAN_POINT('',(-4.792510450121,-3.790624189429,0.480000000000));
#1337=VERTEX_POINT('',#1336);
#1338=CARTESIAN_POINT('',(-4.715227138336,-3.886337761170,0.480000000000));
#1339=VERTEX_POINT('',#1338);
#1340=CIRCLE('',#102,6.110400000000);
#1341=EDGE_CURVE('',#1337,#1339,#1340,.T.);
#1342=ORIENTED_EDGE('',*,*,#1341,.F.);
#1343=CARTESIAN_POINT('',(-4.792510450121,-3.790624189429,0.370000000000));
#1344=VERTEX_POINT('',#1343);
#1345=CARTESIAN_POINT('',(-4.792510450121,-3.790624189429,0.425000000000));
#1346=LINE('',#1345,#12);
#1347=EDGE_CURVE('',#1344,#1337,#1346,.T.);
#1348=ORIENTED_EDGE('',*,*,#1347,.F.);
#1349=CARTESIAN_POINT('',(-4.715227138336,-3.886337761170,0.370000000000));
#1350=VERTEX_POINT('',#1349);
#1351=CIRCLE('',#115,6.110400000000);
#1352=EDGE_CURVE('',#1344,#1350,#1351,.T.);
#1353=ORIENTED_EDGE('',*,*,#1352,.T.);
#1354=CARTESIAN_POINT('',(-4.715227138336,-3.886337761170,0.425000000000));
#1355=LINE('',#1354,#12);
#1356=EDGE_CURVE('',#1350,#1339,#1355,.T.);
#1357=ORIENTED_EDGE('',*,*,#1356,.T.);
#1358=EDGE_LOOP('',(#1342,#1348,#1353,#1357));
#1359=CARTESIAN_POINT('',(-5.542352508990,2.572803301088,0.480000000000));
#1360=VERTEX_POINT('',#1359);
#1361=CARTESIAN_POINT('',(-5.593024395797,2.460704425164,0.480000000000));
#1362=VERTEX_POINT('',#1361);
#1363=CIRCLE('',#102,6.110400000000);
#1364=EDGE_CURVE('',#1360,#1362,#1363,.T.);
#1365=ORIENTED_EDGE('',*,*,#1364,.F.);
#1366=CARTESIAN_POINT('',(-5.542352508990,2.572803301088,0.370000000000));
#1367=VERTEX_POINT('',#1366);
#1368=CARTESIAN_POINT('',(-5.542352508990,2.572803301088,0.425000000000));
#1369=LINE('',#1368,#12);
#1370=EDGE_CURVE('',#1367,#1360,#1369,.T.);
#1371=ORIENTED_EDGE('',*,*,#1370,.F.);
#1372=CARTESIAN_POINT('',(-5.593024395797,2.460704425164,0.370000000000));
#1373=VERTEX_POINT('',#1372);
#1374=CIRCLE('',#115,6.110400000000);
#1375=EDGE_CURVE('',#1367,#1373,#1374,.T.);
#1376=ORIENTED_EDGE('',*,*,#1375,.T.);
#1377=CARTESIAN_POINT('',(-5.593024395797,2.460704425164,0.425000000000));
#1378=LINE('',#1377,#12);
#1379=EDGE_CURVE('',#1373,#1362,#1378,.T.);
#1380=ORIENTED_EDGE('',*,*,#1379,.T.);
#1381=EDGE_LOOP('',(#1365,#1371,#1376,#1380));
#1382=CARTESIAN_POINT('',(-4.368656011886,4.272216381437,0.480000000000));
#1383=VERTEX_POINT('',#1382);
#1384=CARTESIAN_POINT('',(-4.453777987590,4.183401701636,0.480000000000));
#1385=VERTEX_POINT('',#1384);
#1386=CIRCLE('',#102,6.110400000000);
#1387=EDGE_CURVE('',#1383,#1385,#1386,.T.);
#1388=ORIENTED_EDGE('',*,*,#1387,.F.);
#1389=CARTESIAN_POINT('',(-4.368656011886,4.272216381437,0.370000000000));
#1390=VERTEX_POINT('',#1389);
#1391=CARTESIAN_POINT('',(-4.368656011886,4.272216381437,0.425000000000));
#1392=LINE('',#1391,#12);
#1393=EDGE_CURVE('',#1390,#1383,#1392,.T.);
#1394=ORIENTED_EDGE('',*,*,#1393,.F.);
#1395=CARTESIAN_POINT('',(-4.453777987590,4.183401701636,0.370000000000));
#1396=VERTEX_POINT('',#1395);
#1397=CIRCLE('',#115,6.110400000000);
#1398=EDGE_CURVE('',#1390,#1396,#1397,.T.);
#1399=ORIENTED_EDGE('',*,*,#1398,.T.);
#1400=CARTESIAN_POINT('',(-4.453777987590,4.183401701636,0.425000000000));
#1401=LINE('',#1400,#12);
#1402=EDGE_CURVE('',#1396,#1385,#1401,.T.);
#1403=ORIENTED_EDGE('',*,*,#1402,.T.);
#1404=EDGE_LOOP('',(#1388,#1394,#1399,#1403));
#1405=CARTESIAN_POINT('',(5.593024395797,2.460704425164,0.480000000000));
#1406=VERTEX_POINT('',#1405);
#1407=CARTESIAN_POINT('',(5.542352508990,2.572803301088,0.480000000000));
#1408=VERTEX_POINT('',#1407);
#1409=CIRCLE('',#102,6.110400000000);
#1410=EDGE_CURVE('',#1406,#1408,#1409,.T.);
#1411=ORIENTED_EDGE('',*,*,#1410,.F.);
#1412=CARTESIAN_POINT('',(5.593024395797,2.460704425164,0.370000000000));
#1413=VERTEX_POINT('',#1412);
#1414=CARTESIAN_POINT('',(5.593024395797,2.460704425164,0.425000000000));
#1415=LINE('',#1414,#12);
#1416=EDGE_CURVE('',#1413,#1406,#1415,.T.);
#1417=ORIENTED_EDGE('',*,*,#1416,.F.);
#1418=CARTESIAN_POINT('',(5.542352508990,2.572803301088,0.370000000000));
#1419=VERTEX_POINT('',#1418);
#1420=CIRCLE('',#115,6.110400000000);
#1421=EDGE_CURVE('',#1413,#1419,#1420,.T.);
#1422=ORIENTED_EDGE('',*,*,#1421,.T.);
#1423=CARTESIAN_POINT('',(5.542352508990,2.572803301088,0.425000000000));
#1424=LINE('',#1423,#12);
#1425=EDGE_CURVE('',#1419,#1408,#1424,.T.);
#1426=ORIENTED_EDGE('',*,*,#1425,.T.);
#1427=EDGE_LOOP('',(#1411,#1417,#1422,#1426));
#1428=CARTESIAN_POINT('',(-0.197865259173,6.107195551087,0.480000000000));
#1429=VERTEX_POINT('',#1428);
#1430=CARTESIAN_POINT('',(-0.320773917352,6.101974455367,0.480000000000));
#1431=VERTEX_POINT('',#1430);
#1432=CIRCLE('',#102,6.110400000000);
#1433=EDGE_CURVE('',#1429,#1431,#1432,.T.);
#1434=ORIENTED_EDGE('',*,*,#1433,.F.);
#1435=CARTESIAN_POINT('',(-0.197865259173,6.107195551087,0.370000000000));
#1436=VERTEX_POINT('',#1435);
#1437=CARTESIAN_POINT('',(-0.197865259173,6.107195551087,0.425000000000));
#1438=LINE('',#1437,#12);
#1439=EDGE_CURVE('',#1436,#1429,#1438,.T.);
#1440=ORIENTED_EDGE('',*,*,#1439,.F.);
#1441=CARTESIAN_POINT('',(-0.320773917352,6.101974455367,0.370000000000));
#1442=VERTEX_POINT('',#1441);
#1443=CIRCLE('',#115,6.110400000000);
#1444=EDGE_CURVE('',#1436,#1442,#1443,.T.);
#1445=ORIENTED_EDGE('',*,*,#1444,.T.);
#1446=CARTESIAN_POINT('',(-0.320773917352,6.101974455367,0.425000000000));
#1447=LINE('',#1446,#12);
#1448=EDGE_CURVE('',#1442,#1431,#1447,.T.);
#1449=ORIENTED_EDGE('',*,*,#1448,.T.);
#1450=EDGE_LOOP('',(#1434,#1440,#1445,#1449));
#1451=CARTESIAN_POINT('',(-5.027824945206,3.472457988279,0.480000000000));
#1452=VERTEX_POINT('',#1451);
#1453=CARTESIAN_POINT('',(-5.096712765038,3.370535143074,0.480000000000));
#1454=VERTEX_POINT('',#1453);
#1455=CIRCLE('',#102,6.110400000000);
#1456=EDGE_CURVE('',#1452,#1454,#1455,.T.);
#1457=ORIENTED_EDGE('',*,*,#1456,.F.);
#1458=CARTESIAN_POINT('',(-5.027824945206,3.472457988279,0.370000000000));
#1459=VERTEX_POINT('',#1458);
#1460=CARTESIAN_POINT('',(-5.027824945206,3.472457988279,0.425000000000));
#1461=LINE('',#1460,#12);
#1462=EDGE_CURVE('',#1459,#1452,#1461,.T.);
#1463=ORIENTED_EDGE('',*,*,#1462,.F.);
#1464=CARTESIAN_POINT('',(-5.096712765038,3.370535143074,0.370000000000));
#1465=VERTEX_POINT('',#1464);
#1466=CIRCLE('',#115,6.110400000000);
#1467=EDGE_CURVE('',#1459,#1465,#1466,.T.);
#1468=ORIENTED_EDGE('',*,*,#1467,.T.);
#1469=CARTESIAN_POINT('',(-5.096712765038,3.370535143074,0.425000000000));
#1470=LINE('',#1469,#12);
#1471=EDGE_CURVE('',#1465,#1454,#1470,.T.);
#1472=ORIENTED_EDGE('',*,*,#1471,.T.);
#1473=EDGE_LOOP('',(#1457,#1463,#1468,#1472));
#1474=CARTESIAN_POINT('',(1.347398565107,5.959992052574,0.480000000000));
#1475=VERTEX_POINT('',#1474);
#1476=CARTESIAN_POINT('',(1.227140205546,5.985909711642,0.480000000000));
#1477=VERTEX_POINT('',#1476);
#1478=CIRCLE('',#102,6.110400000000);
#1479=EDGE_CURVE('',#1475,#1477,#1478,.T.);
#1480=ORIENTED_EDGE('',*,*,#1479,.F.);
#1481=CARTESIAN_POINT('',(1.347398565107,5.959992052574,0.370000000000));
#1482=VERTEX_POINT('',#1481);
#1483=CARTESIAN_POINT('',(1.347398565107,5.959992052574,0.425000000000));
#1484=LINE('',#1483,#12);
#1485=EDGE_CURVE('',#1482,#1475,#1484,.T.);
#1486=ORIENTED_EDGE('',*,*,#1485,.F.);
#1487=CARTESIAN_POINT('',(1.227140205546,5.985909711642,0.370000000000));
#1488=VERTEX_POINT('',#1487);
#1489=CIRCLE('',#115,6.110400000000);
#1490=EDGE_CURVE('',#1482,#1488,#1489,.T.);
#1491=ORIENTED_EDGE('',*,*,#1490,.T.);
#1492=CARTESIAN_POINT('',(1.227140205546,5.985909711642,0.425000000000));
#1493=LINE('',#1492,#12);
#1494=EDGE_CURVE('',#1488,#1477,#1493,.T.);
#1495=ORIENTED_EDGE('',*,*,#1494,.T.);
#1496=EDGE_LOOP('',(#1480,#1486,#1491,#1495));
#1497=CARTESIAN_POINT('',(-3.682716126413,-4.875919409943,0.480000000000));
#1498=VERTEX_POINT('',#1497);
#1499=CARTESIAN_POINT('',(-3.583808799095,-4.949070887705,0.480000000000));
#1500=VERTEX_POINT('',#1499);
#1501=CIRCLE('',#102,6.110400000000);
#1502=EDGE_CURVE('',#1498,#1500,#1501,.T.);
#1503=ORIENTED_EDGE('',*,*,#1502,.F.);
#1504=CARTESIAN_POINT('',(-3.682716126413,-4.875919409943,0.370000000000));
#1505=VERTEX_POINT('',#1504);
#1506=CARTESIAN_POINT('',(-3.682716126413,-4.875919409943,0.425000000000));
#1507=LINE('',#1506,#12);
#1508=EDGE_CURVE('',#1505,#1498,#1507,.T.);
#1509=ORIENTED_EDGE('',*,*,#1508,.F.);
#1510=CARTESIAN_POINT('',(-3.583808799095,-4.949070887705,0.370000000000));
#1511=VERTEX_POINT('',#1510);
#1512=CIRCLE('',#115,6.110400000000);
#1513=EDGE_CURVE('',#1505,#1511,#1512,.T.);
#1514=ORIENTED_EDGE('',*,*,#1513,.T.);
#1515=CARTESIAN_POINT('',(-3.583808799095,-4.949070887705,0.425000000000));
#1516=LINE('',#1515,#12);
#1517=EDGE_CURVE('',#1511,#1500,#1516,.T.);
#1518=ORIENTED_EDGE('',*,*,#1517,.T.);
#1519=EDGE_LOOP('',(#1503,#1509,#1514,#1518));
#1520=CARTESIAN_POINT('',(-2.335261009346,-5.646551529759,0.480000000000));
#1521=VERTEX_POINT('',#1520);
#1522=CARTESIAN_POINT('',(-2.221112562454,-5.692420148312,0.480000000000));
#1523=VERTEX_POINT('',#1522);
#1524=CIRCLE('',#102,6.110400000000);
#1525=EDGE_CURVE('',#1521,#1523,#1524,.T.);
#1526=ORIENTED_EDGE('',*,*,#1525,.F.);
#1527=CARTESIAN_POINT('',(-2.335261009346,-5.646551529759,0.370000000000));
#1528=VERTEX_POINT('',#1527);
#1529=CARTESIAN_POINT('',(-2.335261009346,-5.646551529759,0.425000000000));
#1530=LINE('',#1529,#12);
#1531=EDGE_CURVE('',#1528,#1521,#1530,.T.);
#1532=ORIENTED_EDGE('',*,*,#1531,.F.);
#1533=CARTESIAN_POINT('',(-2.221112562454,-5.692420148312,0.370000000000));
#1534=VERTEX_POINT('',#1533);
#1535=CIRCLE('',#115,6.110400000000);
#1536=EDGE_CURVE('',#1528,#1534,#1535,.T.);
#1537=ORIENTED_EDGE('',*,*,#1536,.T.);
#1538=CARTESIAN_POINT('',(-2.221112562454,-5.692420148312,0.425000000000));
#1539=LINE('',#1538,#12);
#1540=EDGE_CURVE('',#1534,#1523,#1539,.T.);
#1541=ORIENTED_EDGE('',*,*,#1540,.T.);
#1542=EDGE_LOOP('',(#1526,#1532,#1537,#1541));
#1543=CARTESIAN_POINT('',(-3.583808799095,4.949070887705,0.480000000000));
#1544=VERTEX_POINT('',#1543);
#1545=CARTESIAN_POINT('',(-3.682716126413,4.875919409943,0.480000000000));
#1546=VERTEX_POINT('',#1545);
#1547=CIRCLE('',#102,6.110400000000);
#1548=EDGE_CURVE('',#1544,#1546,#1547,.T.);
#1549=ORIENTED_EDGE('',*,*,#1548,.F.);
#1550=CARTESIAN_POINT('',(-3.583808799095,4.949070887705,0.370000000000));
#1551=VERTEX_POINT('',#1550);
#1552=CARTESIAN_POINT('',(-3.583808799095,4.949070887705,0.425000000000));
#1553=LINE('',#1552,#12);
#1554=EDGE_CURVE('',#1551,#1544,#1553,.T.);
#1555=ORIENTED_EDGE('',*,*,#1554,.F.);
#1556=CARTESIAN_POINT('',(-3.682716126413,4.875919409943,0.370000000000));
#1557=VERTEX_POINT('',#1556);
#1558=CIRCLE('',#115,6.110400000000);
#1559=EDGE_CURVE('',#1551,#1557,#1558,.T.);
#1560=ORIENTED_EDGE('',*,*,#1559,.T.);
#1561=CARTESIAN_POINT('',(-3.682716126413,4.875919409943,0.425000000000));
#1562=LINE('',#1561,#12);
#1563=EDGE_CURVE('',#1557,#1546,#1562,.T.);
#1564=ORIENTED_EDGE('',*,*,#1563,.T.);
#1565=EDGE_LOOP('',(#1549,#1555,#1560,#1564));
#1566=CARTESIAN_POINT('',(4.082955952601,4.546037708721,0.480000000000));
#1567=VERTEX_POINT('',#1566);
#1568=CARTESIAN_POINT('',(3.990608618762,4.627313584777,0.480000000000));
#1569=VERTEX_POINT('',#1568);
#1570=CIRCLE('',#102,6.110400000000);
#1571=EDGE_CURVE('',#1567,#1569,#1570,.T.);
#1572=ORIENTED_EDGE('',*,*,#1571,.F.);
#1573=CARTESIAN_POINT('',(4.082955952601,4.546037708721,0.370000000000));
#1574=VERTEX_POINT('',#1573);
#1575=CARTESIAN_POINT('',(4.082955952601,4.546037708721,0.425000000000));
#1576=LINE('',#1575,#12);
#1577=EDGE_CURVE('',#1574,#1567,#1576,.T.);
#1578=ORIENTED_EDGE('',*,*,#1577,.F.);
#1579=CARTESIAN_POINT('',(3.990608618762,4.627313584777,0.370000000000));
#1580=VERTEX_POINT('',#1579);
#1581=CIRCLE('',#115,6.110400000000);
#1582=EDGE_CURVE('',#1574,#1580,#1581,.T.);
#1583=ORIENTED_EDGE('',*,*,#1582,.T.);
#1584=CARTESIAN_POINT('',(3.990608618762,4.627313584777,0.425000000000));
#1585=LINE('',#1584,#12);
#1586=EDGE_CURVE('',#1580,#1569,#1585,.T.);
#1587=ORIENTED_EDGE('',*,*,#1586,.T.);
#1588=EDGE_LOOP('',(#1572,#1578,#1583,#1587));
#1589=CARTESIAN_POINT('',(-3.990608618762,4.627313584777,0.480000000000));
#1590=VERTEX_POINT('',#1589);
#1591=CARTESIAN_POINT('',(-4.082955952601,4.546037708721,0.480000000000));
#1592=VERTEX_POINT('',#1591);
#1593=CIRCLE('',#102,6.110400000000);
#1594=EDGE_CURVE('',#1590,#1592,#1593,.T.);
#1595=ORIENTED_EDGE('',*,*,#1594,.F.);
#1596=CARTESIAN_POINT('',(-3.990608618762,4.627313584777,0.370000000000));
#1597=VERTEX_POINT('',#1596);
#1598=CARTESIAN_POINT('',(-3.990608618762,4.627313584777,0.425000000000));
#1599=LINE('',#1598,#12);
#1600=EDGE_CURVE('',#1597,#1590,#1599,.T.);
#1601=ORIENTED_EDGE('',*,*,#1600,.F.);
#1602=CARTESIAN_POINT('',(-4.082955952601,4.546037708721,0.370000000000));
#1603=VERTEX_POINT('',#1602);
#1604=CIRCLE('',#115,6.110400000000);
#1605=EDGE_CURVE('',#1597,#1603,#1604,.T.);
#1606=ORIENTED_EDGE('',*,*,#1605,.T.);
#1607=CARTESIAN_POINT('',(-4.082955952601,4.546037708721,0.425000000000));
#1608=LINE('',#1607,#12);
#1609=EDGE_CURVE('',#1603,#1592,#1608,.T.);
#1610=ORIENTED_EDGE('',*,*,#1609,.T.);
#1611=EDGE_LOOP('',(#1595,#1601,#1606,#1610));
#1612=ORIENTED_EDGE('',*,*,#14,.T.);
#1613=CARTESIAN_POINT('',(0.715078811973,-6.068414162915,0.480000000000));
#1614=VERTEX_POINT('',#1613);
#1615=CIRCLE('',#102,6.110400000000);
#1616=EDGE_CURVE('',#1614,#9,#1615,.T.);
#1617=ORIENTED_EDGE('',*,*,#1616,.F.);
#1618=CARTESIAN_POINT('',(0.715078811973,-6.068414162915,0.370000000000));
#1619=VERTEX_POINT('',#1618);
#1620=CARTESIAN_POINT('',(0.715078811973,-6.068414162915,0.425000000000));
#1621=LINE('',#1620,#12);
#1622=EDGE_CURVE('',#1619,#1614,#1621,.T.);
#1623=ORIENTED_EDGE('',*,*,#1622,.F.);
#1624=CIRCLE('',#115,6.110400000000);
#1625=EDGE_CURVE('',#1619,#7,#1624,.T.);
#1626=ORIENTED_EDGE('',*,*,#1625,.T.);
#1627=EDGE_LOOP('',(#1612,#1617,#1623,#1626));
#1628=CARTESIAN_POINT('',(-6.011807114603,1.093235279713,0.480000000000));
#1629=VERTEX_POINT('',#1628);
#1630=CARTESIAN_POINT('',(-6.032597511510,0.971985300364,0.480000000000));
#1631=VERTEX_POINT('',#1630);
#1632=CIRCLE('',#102,6.110400000000);
#1633=EDGE_CURVE('',#1629,#1631,#1632,.T.);
#1634=ORIENTED_EDGE('',*,*,#1633,.F.);
#1635=CARTESIAN_POINT('',(-6.011807114603,1.093235279713,0.370000000000));
#1636=VERTEX_POINT('',#1635);
#1637=CARTESIAN_POINT('',(-6.011807114603,1.093235279713,0.425000000000));
#1638=LINE('',#1637,#12);
#1639=EDGE_CURVE('',#1636,#1629,#1638,.T.);
#1640=ORIENTED_EDGE('',*,*,#1639,.F.);
#1641=CARTESIAN_POINT('',(-6.032597511510,0.971985300364,0.370000000000));
#1642=VERTEX_POINT('',#1641);
#1643=CIRCLE('',#115,6.110400000000);
#1644=EDGE_CURVE('',#1636,#1642,#1643,.T.);
#1645=ORIENTED_EDGE('',*,*,#1644,.T.);
#1646=CARTESIAN_POINT('',(-6.032597511510,0.971985300364,0.425000000000));
#1647=LINE('',#1646,#12);
#1648=EDGE_CURVE('',#1642,#1631,#1647,.T.);
#1649=ORIENTED_EDGE('',*,*,#1648,.T.);
#1650=EDGE_LOOP('',(#1634,#1640,#1645,#1649));
#1651=CARTESIAN_POINT('',(6.093295121830,0.456883703230,0.480000000000));
#1652=VERTEX_POINT('',#1651);
#1653=CARTESIAN_POINT('',(6.082862339158,0.579460026970,0.480000000000));
#1654=VERTEX_POINT('',#1653);
#1655=CIRCLE('',#102,6.110400000000);
#1656=EDGE_CURVE('',#1652,#1654,#1655,.T.);
#1657=ORIENTED_EDGE('',*,*,#1656,.F.);
#1658=CARTESIAN_POINT('',(6.093295121830,0.456883703230,0.370000000000));
#1659=VERTEX_POINT('',#1658);
#1660=CARTESIAN_POINT('',(6.093295121830,0.456883703230,0.425000000000));
#1661=LINE('',#1660,#12);
#1662=EDGE_CURVE('',#1659,#1652,#1661,.T.);
#1663=ORIENTED_EDGE('',*,*,#1662,.F.);
#1664=CARTESIAN_POINT('',(6.082862339158,0.579460026970,0.370000000000));
#1665=VERTEX_POINT('',#1664);
#1666=CIRCLE('',#115,6.110400000000);
#1667=EDGE_CURVE('',#1659,#1665,#1666,.T.);
#1668=ORIENTED_EDGE('',*,*,#1667,.T.);
#1669=CARTESIAN_POINT('',(6.082862339158,0.579460026970,0.425000000000));
#1670=LINE('',#1669,#12);
#1671=EDGE_CURVE('',#1665,#1654,#1670,.T.);
#1672=ORIENTED_EDGE('',*,*,#1671,.T.);
#1673=EDGE_LOOP('',(#1657,#1663,#1668,#1672));
#1674=CARTESIAN_POINT('',(-6.032597511510,-0.971985300364,0.480000000000));
#1675=VERTEX_POINT('',#1674);
#1676=CARTESIAN_POINT('',(-6.011807114603,-1.093235279713,0.480000000000));
#1677=VERTEX_POINT('',#1676);
#1678=CIRCLE('',#102,6.110400000000);
#1679=EDGE_CURVE('',#1675,#1677,#1678,.T.);
#1680=ORIENTED_EDGE('',*,*,#1679,.F.);
#1681=CARTESIAN_POINT('',(-6.032597511510,-0.971985300364,0.370000000000));
#1682=VERTEX_POINT('',#1681);
#1683=CARTESIAN_POINT('',(-6.032597511510,-0.971985300364,0.425000000000));
#1684=LINE('',#1683,#12);
#1685=EDGE_CURVE('',#1682,#1675,#1684,.T.);
#1686=ORIENTED_EDGE('',*,*,#1685,.F.);
#1687=CARTESIAN_POINT('',(-6.011807114603,-1.093235279713,0.370000000000));
#1688=VERTEX_POINT('',#1687);
#1689=CIRCLE('',#115,6.110400000000);
#1690=EDGE_CURVE('',#1682,#1688,#1689,.T.);
#1691=ORIENTED_EDGE('',*,*,#1690,.T.);
#1692=CARTESIAN_POINT('',(-6.011807114603,-1.093235279713,0.425000000000));
#1693=LINE('',#1692,#12);
#1694=EDGE_CURVE('',#1688,#1677,#1693,.T.);
#1695=ORIENTED_EDGE('',*,*,#1694,.T.);
#1696=EDGE_LOOP('',(#1680,#1686,#1691,#1695));
#1697=CARTESIAN_POINT('',(2.335261009346,5.646551529759,0.480000000000));
#1698=VERTEX_POINT('',#1697);
#1699=CARTESIAN_POINT('',(2.221112562454,5.692420148312,0.480000000000));
#1700=VERTEX_POINT('',#1699);
#1701=CIRCLE('',#102,6.110400000000);
#1702=EDGE_CURVE('',#1698,#1700,#1701,.T.);
#1703=ORIENTED_EDGE('',*,*,#1702,.F.);
#1704=CARTESIAN_POINT('',(2.335261009346,5.646551529759,0.370000000000));
#1705=VERTEX_POINT('',#1704);
#1706=CARTESIAN_POINT('',(2.335261009346,5.646551529759,0.425000000000));
#1707=LINE('',#1706,#12);
#1708=EDGE_CURVE('',#1705,#1698,#1707,.T.);
#1709=ORIENTED_EDGE('',*,*,#1708,.F.);
#1710=CARTESIAN_POINT('',(2.221112562454,5.692420148312,0.370000000000));
#1711=VERTEX_POINT('',#1710);
#1712=CIRCLE('',#115,6.110400000000);
#1713=EDGE_CURVE('',#1705,#1711,#1712,.T.);
#1714=ORIENTED_EDGE('',*,*,#1713,.T.);
#1715=CARTESIAN_POINT('',(2.221112562454,5.692420148312,0.425000000000));
#1716=LINE('',#1715,#12);
#1717=EDGE_CURVE('',#1711,#1700,#1716,.T.);
#1718=ORIENTED_EDGE('',*,*,#1717,.T.);
#1719=EDGE_LOOP('',(#1703,#1709,#1714,#1718));
#1720=CARTESIAN_POINT('',(5.304197158133,-3.033559076012,0.480000000000));
#1721=VERTEX_POINT('',#1720);
#1722=CARTESIAN_POINT('',(5.364193147692,-2.926161313778,0.480000000000));
#1723=VERTEX_POINT('',#1722);
#1724=CIRCLE('',#102,6.110400000000);
#1725=EDGE_CURVE('',#1721,#1723,#1724,.T.);
#1726=ORIENTED_EDGE('',*,*,#1725,.F.);
#1727=CARTESIAN_POINT('',(5.304197158133,-3.033559076012,0.370000000000));
#1728=VERTEX_POINT('',#1727);
#1729=CARTESIAN_POINT('',(5.304197158133,-3.033559076012,0.425000000000));
#1730=LINE('',#1729,#12);
#1731=EDGE_CURVE('',#1728,#1721,#1730,.T.);
#1732=ORIENTED_EDGE('',*,*,#1731,.F.);
#1733=CARTESIAN_POINT('',(5.364193147692,-2.926161313778,0.370000000000));
#1734=VERTEX_POINT('',#1733);
#1735=CIRCLE('',#115,6.110400000000);
#1736=EDGE_CURVE('',#1728,#1734,#1735,.T.);
#1737=ORIENTED_EDGE('',*,*,#1736,.T.);
#1738=CARTESIAN_POINT('',(5.364193147692,-2.926161313778,0.425000000000));
#1739=LINE('',#1738,#12);
#1740=EDGE_CURVE('',#1734,#1723,#1739,.T.);
#1741=ORIENTED_EDGE('',*,*,#1740,.T.);
#1742=EDGE_LOOP('',(#1726,#1732,#1737,#1741));
#1743=CARTESIAN_POINT('',(-2.695861932180,5.483549635284,0.480000000000));
#1744=VERTEX_POINT('',#1743);
#1745=CARTESIAN_POINT('',(-2.805709227383,5.428165794389,0.480000000000));
#1746=VERTEX_POINT('',#1745);
#1747=CIRCLE('',#102,6.110400000000);
#1748=EDGE_CURVE('',#1744,#1746,#1747,.T.);
#1749=ORIENTED_EDGE('',*,*,#1748,.F.);
#1750=CARTESIAN_POINT('',(-2.695861932180,5.483549635284,0.370000000000));
#1751=VERTEX_POINT('',#1750);
#1752=CARTESIAN_POINT('',(-2.695861932180,5.483549635284,0.425000000000));
#1753=LINE('',#1752,#12);
#1754=EDGE_CURVE('',#1751,#1744,#1753,.T.);
#1755=ORIENTED_EDGE('',*,*,#1754,.F.);
#1756=CARTESIAN_POINT('',(-2.805709227383,5.428165794389,0.370000000000));
#1757=VERTEX_POINT('',#1756);
#1758=CIRCLE('',#115,6.110400000000);
#1759=EDGE_CURVE('',#1751,#1757,#1758,.T.);
#1760=ORIENTED_EDGE('',*,*,#1759,.T.);
#1761=CARTESIAN_POINT('',(-2.805709227383,5.428165794389,0.425000000000));
#1762=LINE('',#1761,#12);
#1763=EDGE_CURVE('',#1757,#1746,#1762,.T.);
#1764=ORIENTED_EDGE('',*,*,#1763,.T.);
#1765=EDGE_LOOP('',(#1749,#1755,#1760,#1764));
#1766=CARTESIAN_POINT('',(5.027824945206,-3.472457988279,0.480000000000));
#1767=VERTEX_POINT('',#1766);
#1768=CARTESIAN_POINT('',(5.096712765038,-3.370535143074,0.480000000000));
#1769=VERTEX_POINT('',#1768);
#1770=CIRCLE('',#102,6.110400000000);
#1771=EDGE_CURVE('',#1767,#1769,#1770,.T.);
#1772=ORIENTED_EDGE('',*,*,#1771,.F.);
#1773=CARTESIAN_POINT('',(5.027824945206,-3.472457988279,0.370000000000));
#1774=VERTEX_POINT('',#1773);
#1775=CARTESIAN_POINT('',(5.027824945206,-3.472457988279,0.425000000000));
#1776=LINE('',#1775,#12);
#1777=EDGE_CURVE('',#1774,#1767,#1776,.T.);
#1778=ORIENTED_EDGE('',*,*,#1777,.F.);
#1779=CARTESIAN_POINT('',(5.096712765038,-3.370535143074,0.370000000000));
#1780=VERTEX_POINT('',#1779);
#1781=CIRCLE('',#115,6.110400000000);
#1782=EDGE_CURVE('',#1774,#1780,#1781,.T.);
#1783=ORIENTED_EDGE('',*,*,#1782,.T.);
#1784=CARTESIAN_POINT('',(5.096712765038,-3.370535143074,0.425000000000));
#1785=LINE('',#1784,#12);
#1786=EDGE_CURVE('',#1780,#1769,#1785,.T.);
#1787=ORIENTED_EDGE('',*,*,#1786,.T.);
#1788=EDGE_LOOP('',(#1772,#1778,#1783,#1787));
#1789=FACE_BOUND('',#123,.T.);
#1790=FACE_BOUND('',#146,.T.);
#1791=FACE_BOUND('',#169,.T.);
#1792=FACE_BOUND('',#192,.T.);
#1793=FACE_BOUND('',#215,.T.);
#1794=FACE_BOUND('',#231,.T.);
#1795=FACE_BOUND('',#254,.T.);
#1796=FACE_BOUND('',#277,.T.);
#1797=FACE_BOUND('',#300,.T.);
#1798=FACE_BOUND('',#323,.T.);
#1799=FACE_BOUND('',#346,.T.);
#1800=FACE_BOUND('',#369,.T.);
#1801=FACE_BOUND('',#392,.T.);
#1802=FACE_BOUND('',#415,.T.);
#1803=FACE_BOUND('',#438,.T.);
#1804=FACE_BOUND('',#461,.T.);
#1805=FACE_BOUND('',#484,.T.);
#1806=FACE_BOUND('',#507,.T.);
#1807=FACE_BOUND('',#530,.T.);
#1808=FACE_BOUND('',#553,.T.);
#1809=FACE_BOUND('',#576,.T.);
#1810=FACE_BOUND('',#599,.T.);
#1811=FACE_BOUND('',#622,.T.);
#1812=FACE_BOUND('',#645,.T.);
#1813=FACE_BOUND('',#668,.T.);
#1814=FACE_BOUND('',#691,.T.);
#1815=FACE_BOUND('',#714,.T.);
#1816=FACE_BOUND('',#737,.T.);
#1817=FACE_BOUND('',#760,.T.);
#1818=FACE_BOUND('',#783,.T.);
#1819=FACE_BOUND('',#806,.T.);
#1820=FACE_BOUND('',#829,.T.);
#1821=FACE_BOUND('',#852,.T.);
#1822=FACE_BOUND('',#875,.T.);
#1823=FACE_BOUND('',#898,.T.);
#1824=FACE_BOUND('',#921,.T.);
#1825=FACE_BOUND('',#944,.T.);
#1826=FACE_BOUND('',#967,.T.);
#1827=FACE_BOUND('',#990,.T.);
#1828=FACE_BOUND('',#1013,.T.);
#1829=FACE_BOUND('',#1036,.T.);
#1830=FACE_BOUND('',#1059,.T.);
#1831=FACE_BOUND('',#1082,.T.);
#1832=FACE_BOUND('',#1105,.T.);
#1833=FACE_BOUND('',#1128,.T.);
#1834=FACE_BOUND('',#1151,.T.);
#1835=FACE_BOUND('',#1174,.T.);
#1836=FACE_BOUND('',#1197,.T.);
#1837=FACE_BOUND('',#1220,.T.);
#1838=FACE_BOUND('',#1243,.T.);
#1839=FACE_BOUND('',#1266,.T.);
#1840=FACE_BOUND('',#1289,.T.);
#1841=FACE_BOUND('',#1312,.T.);
#1842=FACE_BOUND('',#1335,.T.);
#1843=FACE_BOUND('',#1358,.T.);
#1844=FACE_BOUND('',#1381,.T.);
#1845=FACE_BOUND('',#1404,.T.);
#1846=FACE_BOUND('',#1427,.T.);
#1847=FACE_BOUND('',#1450,.T.);
#1848=FACE_BOUND('',#1473,.T.);
#1849=FACE_BOUND('',#1496,.T.);
#1850=FACE_BOUND('',#1519,.T.);
#1851=FACE_BOUND('',#1542,.T.);
#1852=FACE_BOUND('',#1565,.T.);
#1853=FACE_BOUND('',#1588,.T.);
#1854=FACE_BOUND('',#1611,.T.);
#1855=FACE_BOUND('',#1627,.T.);
#1856=FACE_BOUND('',#1650,.T.);
#1857=FACE_BOUND('',#1673,.T.);
#1858=FACE_BOUND('',#1696,.T.);
#1859=FACE_BOUND('',#1719,.T.);
#1860=FACE_BOUND('',#1742,.T.);
#1861=FACE_BOUND('',#1765,.T.);
#1862=FACE_BOUND('',#1788,.T.);
#1863=ADVANCED_FACE('',(#1789,#1790,#1791,#1792,#1793,#1794,#1795,#1796,#1797,#1798,#1799,#1800,#1801,#1802,#1803,#1804,#1805,#1806,#1807,#1808,#1809,#1810,#1811,#1812,#1813,#1814,#1815,#1816,#1817,#1818,#1819,#1820,#1821,#1822,#1823,#1824,#1825,#1826,#1827,#1828,#1829,#1830,#1831,#1832,#1833,#1834,#1835,#1836,#1837,#1838,#1839,#1840,#1841,#1842,#1843,#1844,#1845,#1846,#1847,#1848,#1849,#1850,#1851,#1852,#1853,#1854,#1855,#1856,#1857,#1858,#1859,#1860,#1861,#1862),#96,.T.);
#1864=PLANE('',#102);
#1865=CARTESIAN_POINT('',(-0.045985271822,5.699814501786,0.480000000000));
#1866=VERTEX_POINT('',#1865);
#1867=CARTESIAN_POINT('',(-0.150382622331,5.698015888614,0.480000000000));
#1868=VERTEX_POINT('',#1867);
#1869=CIRCLE('',#102,5.700000000000);
#1870=EDGE_CURVE('',#1866,#1868,#1869,.T.);
#1871=ORIENTED_EDGE('',*,*,#1870,.F.);
#1872=CARTESIAN_POINT('',(0.045985271822,5.699814501786,0.480000000000));
#1873=VERTEX_POINT('',#1872);
#1874=CIRCLE('',#102,5.700000000000);
#1875=EDGE_CURVE('',#1873,#1866,#1874,.T.);
#1876=ORIENTED_EDGE('',*,*,#1875,.F.);
#1877=CARTESIAN_POINT('',(0.150382622331,5.698015888614,0.480000000000));
#1878=VERTEX_POINT('',#1877);
#1879=CIRCLE('',#102,5.700000000000);
#1880=EDGE_CURVE('',#1878,#1873,#1879,.T.);
#1881=ORIENTED_EDGE('',*,*,#1880,.F.);
#1882=CARTESIAN_POINT('',(0.333384637899,5.690242058403,0.480000000000));
#1883=VERTEX_POINT('',#1882);
#1884=CIRCLE('',#102,5.700000000000);
#1885=EDGE_CURVE('',#1883,#1878,#1884,.T.);
#1886=ORIENTED_EDGE('',*,*,#1885,.F.);
#1887=CARTESIAN_POINT('',(0.437558428809,5.683180678227,0.480000000000));
#1888=VERTEX_POINT('',#1887);
#1889=CIRCLE('',#102,5.700000000000);
#1890=EDGE_CURVE('',#1888,#1883,#1889,.T.);
#1891=ORIENTED_EDGE('',*,*,#1890,.F.);
#1892=CARTESIAN_POINT('',(0.529197647517,5.675381031249,0.480000000000));
#1893=VERTEX_POINT('',#1892);
#1894=CIRCLE('',#102,5.700000000000);
#1895=EDGE_CURVE('',#1893,#1888,#1894,.T.);
#1896=ORIENTED_EDGE('',*,*,#1895,.F.);
#1897=CARTESIAN_POINT('',(0.633066372321,5.664735383779,0.480000000000));
#1898=VERTEX_POINT('',#1897);
#1899=CIRCLE('',#102,5.700000000000);
#1900=EDGE_CURVE('',#1898,#1893,#1899,.T.);
#1901=ORIENTED_EDGE('',*,*,#1900,.F.);
#1902=CARTESIAN_POINT('',(0.814749854173,5.641469903768,0.480000000000));
#1903=VERTEX_POINT('',#1902);
#1904=CIRCLE('',#102,5.700000000000);
#1905=EDGE_CURVE('',#1903,#1898,#1904,.T.);
#1906=ORIENTED_EDGE('',*,*,#1905,.F.);
#1907=CARTESIAN_POINT('',(0.917949510935,5.625599407652,0.480000000000));
#1908=VERTEX_POINT('',#1907);
#1909=CIRCLE('',#102,5.700000000000);
#1910=EDGE_CURVE('',#1908,#1903,#1909,.T.);
#1911=ORIENTED_EDGE('',*,*,#1910,.F.);
#1912=CARTESIAN_POINT('',(1.008597142034,5.610056310331,0.480000000000));
#1913=VERTEX_POINT('',#1912);
#1914=CIRCLE('',#102,5.700000000000);
#1915=EDGE_CURVE('',#1913,#1908,#1914,.T.);
#1916=ORIENTED_EDGE('',*,*,#1915,.F.);
#1917=CARTESIAN_POINT('',(1.111188864592,5.590640330696,0.480000000000));
#1918=VERTEX_POINT('',#1917);
#1919=CIRCLE('',#102,5.700000000000);
#1920=EDGE_CURVE('',#1918,#1913,#1919,.T.);
#1921=ORIENTED_EDGE('',*,*,#1920,.F.);
#1922=CARTESIAN_POINT('',(1.290244779079,5.552050829204,0.480000000000));
#1923=VERTEX_POINT('',#1922);
#1924=CIRCLE('',#102,5.700000000000);
#1925=EDGE_CURVE('',#1923,#1918,#1924,.T.);
#1926=ORIENTED_EDGE('',*,*,#1925,.F.);
#1927=CARTESIAN_POINT('',(1.391726745799,5.527485564434,0.480000000000));
#1928=VERTEX_POINT('',#1927);
#1929=CIRCLE('',#102,5.700000000000);
#1930=EDGE_CURVE('',#1928,#1923,#1929,.T.);
#1931=ORIENTED_EDGE('',*,*,#1930,.F.);
#1932=CARTESIAN_POINT('',(1.480729671031,5.504311005142,0.480000000000));
#1933=VERTEX_POINT('',#1932);
#1934=CIRCLE('',#102,5.700000000000);
#1935=EDGE_CURVE('',#1933,#1928,#1934,.T.);
#1936=ORIENTED_EDGE('',*,*,#1935,.F.);
#1937=CARTESIAN_POINT('',(1.581305215631,5.476264585922,0.480000000000));
#1938=VERTEX_POINT('',#1937);
#1939=CIRCLE('',#102,5.700000000000);
#1940=EDGE_CURVE('',#1938,#1933,#1939,.T.);
#1941=ORIENTED_EDGE('',*,*,#1940,.F.);
#1942=CARTESIAN_POINT('',(1.756443460785,5.422629101189,0.480000000000));
#1943=VERTEX_POINT('',#1942);
#1944=CIRCLE('',#102,5.700000000000);
#1945=EDGE_CURVE('',#1943,#1938,#1944,.T.);
#1946=ORIENTED_EDGE('',*,*,#1945,.F.);
#1947=CARTESIAN_POINT('',(1.855476557568,5.389546061063,0.480000000000));
#1948=VERTEX_POINT('',#1947);
#1949=CIRCLE('',#102,5.700000000000);
#1950=EDGE_CURVE('',#1948,#1943,#1949,.T.);
#1951=ORIENTED_EDGE('',*,*,#1950,.F.);
#1952=CARTESIAN_POINT('',(1.942193508818,5.358907013030,0.480000000000));
#1953=VERTEX_POINT('',#1952);
#1954=CIRCLE('',#102,5.700000000000);
#1955=EDGE_CURVE('',#1953,#1948,#1954,.T.);
#1956=ORIENTED_EDGE('',*,*,#1955,.F.);
#1957=CARTESIAN_POINT('',(2.040028226355,5.322432229317,0.480000000000));
#1958=VERTEX_POINT('',#1957);
#1959=CIRCLE('',#102,5.700000000000);
#1960=EDGE_CURVE('',#1958,#1953,#1959,.T.);
#1961=ORIENTED_EDGE('',*,*,#1960,.F.);
#1962=CARTESIAN_POINT('',(2.209986927107,5.254137206242,0.480000000000));
#1963=VERTEX_POINT('',#1962);
#1964=CIRCLE('',#102,5.700000000000);
#1965=EDGE_CURVE('',#1963,#1958,#1964,.T.);
#1966=ORIENTED_EDGE('',*,*,#1965,.F.);
#1967=CARTESIAN_POINT('',(2.305857618222,5.212774754820,0.480000000000));
#1968=VERTEX_POINT('',#1967);
#1969=CIRCLE('',#102,5.700000000000);
#1970=EDGE_CURVE('',#1968,#1963,#1969,.T.);
#1971=ORIENTED_EDGE('',*,*,#1970,.F.);
#1972=CARTESIAN_POINT('',(2.389663797868,5.174891973091,0.480000000000));
#1973=VERTEX_POINT('',#1972);
#1974=CIRCLE('',#102,5.700000000000);
#1975=EDGE_CURVE('',#1973,#1968,#1974,.T.);
#1976=ORIENTED_EDGE('',*,*,#1975,.F.);
#1977=CARTESIAN_POINT('',(2.484052786962,5.130251626537,0.480000000000));
#1978=VERTEX_POINT('',#1977);
#1979=CIRCLE('',#102,5.700000000000);
#1980=EDGE_CURVE('',#1978,#1973,#1979,.T.);
#1981=ORIENTED_EDGE('',*,*,#1980,.F.);
#1982=CARTESIAN_POINT('',(2.647607386978,5.047789132325,0.480000000000));
#1983=VERTEX_POINT('',#1982);
#1984=CIRCLE('',#102,5.700000000000);
#1985=EDGE_CURVE('',#1983,#1978,#1984,.T.);
#1986=ORIENTED_EDGE('',*,*,#1985,.F.);
#1987=CARTESIAN_POINT('',(2.739624921898,4.998445287018,0.480000000000));
#1988=VERTEX_POINT('',#1987);
#1989=CIRCLE('',#102,5.700000000000);
#1990=EDGE_CURVE('',#1988,#1983,#1989,.T.);
#1991=ORIENTED_EDGE('',*,*,#1990,.F.);
#1992=CARTESIAN_POINT('',(2.819916504495,4.953591717903,0.480000000000));
#1993=VERTEX_POINT('',#1992);
#1994=CIRCLE('',#102,5.700000000000);
#1995=EDGE_CURVE('',#1993,#1988,#1994,.T.);
#1996=ORIENTED_EDGE('',*,*,#1995,.F.);
#1997=CARTESIAN_POINT('',(2.910179690316,4.901107443229,0.480000000000));
#1998=VERTEX_POINT('',#1997);
#1999=CIRCLE('',#102,5.700000000000);
#2000=EDGE_CURVE('',#1998,#1993,#1999,.T.);
#2001=ORIENTED_EDGE('',*,*,#2000,.F.);
#2002=CARTESIAN_POINT('',(3.066151774955,4.805071622040,0.480000000000));
#2003=VERTEX_POINT('',#2002);
#2004=CIRCLE('',#102,5.700000000000);
#2005=EDGE_CURVE('',#2003,#1998,#2004,.T.);
#2006=ORIENTED_EDGE('',*,*,#2005,.F.);
#2007=CARTESIAN_POINT('',(3.153653165234,4.748101906384,0.480000000000));
#2008=VERTEX_POINT('',#2007);
#2009=CIRCLE('',#102,5.700000000000);
#2010=EDGE_CURVE('',#2008,#2003,#2009,.T.);
#2011=ORIENTED_EDGE('',*,*,#2010,.F.);
#2012=CARTESIAN_POINT('',(3.229851648090,4.696600720876,0.480000000000));
#2013=VERTEX_POINT('',#2012);
#2014=CIRCLE('',#102,5.700000000000);
#2015=EDGE_CURVE('',#2013,#2008,#2014,.T.);
#2016=ORIENTED_EDGE('',*,*,#2015,.F.);
#2017=CARTESIAN_POINT('',(3.315338682315,4.636650668483,0.480000000000));
#2018=VERTEX_POINT('',#2017);
#2019=CIRCLE('',#102,5.700000000000);
#2020=EDGE_CURVE('',#2018,#2013,#2019,.T.);
#2021=ORIENTED_EDGE('',*,*,#2020,.F.);
#2022=CARTESIAN_POINT('',(3.462604469134,4.527733460611,0.480000000000));
#2023=VERTEX_POINT('',#2022);
#2024=CIRCLE('',#102,5.700000000000);
#2025=EDGE_CURVE('',#2023,#2018,#2024,.T.);
#2026=ORIENTED_EDGE('',*,*,#2025,.F.);
#2027=CARTESIAN_POINT('',(3.544959265248,4.463548342712,0.480000000000));
#2028=VERTEX_POINT('',#2027);
#2029=CIRCLE('',#102,5.700000000000);
#2030=EDGE_CURVE('',#2028,#2023,#2029,.T.);
#2031=ORIENTED_EDGE('',*,*,#2030,.F.);
#2032=CARTESIAN_POINT('',(3.616515636548,4.405770608033,0.480000000000));
#2033=VERTEX_POINT('',#2032);
#2034=CIRCLE('',#102,5.700000000000);
#2035=EDGE_CURVE('',#2033,#2028,#2034,.T.);
#2036=ORIENTED_EDGE('',*,*,#2035,.F.);
#2037=CARTESIAN_POINT('',(3.696610583138,4.338786719422,0.480000000000));
#2038=VERTEX_POINT('',#2037);
#2039=CIRCLE('',#102,5.700000000000);
#2040=EDGE_CURVE('',#2038,#2033,#2039,.T.);
#2041=ORIENTED_EDGE('',*,*,#2040,.F.);
#2042=CARTESIAN_POINT('',(3.834109018767,4.217772875844,0.480000000000));
#2043=VERTEX_POINT('',#2042);
#2044=CIRCLE('',#102,5.700000000000);
#2045=EDGE_CURVE('',#2043,#2038,#2044,.T.);
#2046=ORIENTED_EDGE('',*,*,#2045,.F.);
#2047=CARTESIAN_POINT('',(3.910723852524,4.146834810949,0.480000000000));
#2048=VERTEX_POINT('',#2047);
#2049=CIRCLE('',#102,5.700000000000);
#2050=EDGE_CURVE('',#2048,#2043,#2049,.T.);
#2051=ORIENTED_EDGE('',*,*,#2050,.F.);
#2052=CARTESIAN_POINT('',(3.977122546972,4.083196817001,0.480000000000));
#2053=VERTEX_POINT('',#2052);
#2054=CIRCLE('',#102,5.700000000000);
#2055=EDGE_CURVE('',#2053,#2048,#2054,.T.);
#2056=ORIENTED_EDGE('',*,*,#2055,.F.);
#2057=CARTESIAN_POINT('',(4.051248320001,4.009661712625,0.480000000000));
#2058=VERTEX_POINT('',#2057);
#2059=CIRCLE('',#102,5.700000000000);
#2060=EDGE_CURVE('',#2058,#2053,#2059,.T.);
#2061=ORIENTED_EDGE('',*,*,#2060,.F.);
#2062=CARTESIAN_POINT('',(4.177988725061,3.877423140858,0.480000000000));
#2063=VERTEX_POINT('',#2062);
#2064=CIRCLE('',#102,5.700000000000);
#2065=EDGE_CURVE('',#2063,#2058,#2064,.T.);
#2066=ORIENTED_EDGE('',*,*,#2065,.F.);
#2067=CARTESIAN_POINT('',(4.248311584828,3.800243239349,0.480000000000));
#2068=VERTEX_POINT('',#2067);
#2069=CIRCLE('',#102,5.700000000000);
#2070=EDGE_CURVE('',#2068,#2063,#2069,.T.);
#2071=ORIENTED_EDGE('',*,*,#2070,.F.);
#2072=CARTESIAN_POINT('',(4.309074198310,3.731203499336,0.480000000000));
#2073=VERTEX_POINT('',#2072);
#2074=CIRCLE('',#102,5.700000000000);
#2075=EDGE_CURVE('',#2073,#2068,#2074,.T.);
#2076=ORIENTED_EDGE('',*,*,#2075,.F.);
#2077=CARTESIAN_POINT('',(4.376696719884,3.651647001307,0.480000000000));
#2078=VERTEX_POINT('',#2077);
#2079=CIRCLE('',#102,5.700000000000);
#2080=EDGE_CURVE('',#2078,#2073,#2079,.T.);
#2081=ORIENTED_EDGE('',*,*,#2080,.F.);
#2082=CARTESIAN_POINT('',(4.491765926853,3.509136483290,0.480000000000));
#2083=VERTEX_POINT('',#2082);
#2084=CIRCLE('',#102,5.700000000000);
#2085=EDGE_CURVE('',#2083,#2078,#2084,.T.);
#2086=ORIENTED_EDGE('',*,*,#2085,.F.);
#2087=CARTESIAN_POINT('',(4.555290134813,3.426270828127,0.480000000000));
#2088=VERTEX_POINT('',#2087);
#2089=CIRCLE('',#102,5.700000000000);
#2090=EDGE_CURVE('',#2088,#2083,#2089,.T.);
#2091=ORIENTED_EDGE('',*,*,#2090,.F.);
#2092=CARTESIAN_POINT('',(4.609978871307,3.352326774958,0.480000000000));
#2093=VERTEX_POINT('',#2092);
#2094=CIRCLE('',#102,5.700000000000);
#2095=EDGE_CURVE('',#2093,#2088,#2094,.T.);
#2096=ORIENTED_EDGE('',*,*,#2095,.F.);
#2097=CARTESIAN_POINT('',(4.670610919609,3.267322089668,0.480000000000));
#2098=VERTEX_POINT('',#2097);
#2099=CIRCLE('',#102,5.700000000000);
#2100=EDGE_CURVE('',#2098,#2093,#2099,.T.);
#2101=ORIENTED_EDGE('',*,*,#2100,.F.);
#2102=CARTESIAN_POINT('',(4.773179852214,3.115566416949,0.480000000000));
#2103=VERTEX_POINT('',#2102);
#2104=CIRCLE('',#102,5.700000000000);
#2105=EDGE_CURVE('',#2103,#2098,#2104,.T.);
#2106=ORIENTED_EDGE('',*,*,#2105,.F.);
#2107=CARTESIAN_POINT('',(4.829447714993,3.027612057075,0.480000000000));
#2108=VERTEX_POINT('',#2107);
#2109=CIRCLE('',#102,5.700000000000);
#2110=EDGE_CURVE('',#2108,#2103,#2109,.T.);
#2111=ORIENTED_EDGE('',*,*,#2110,.F.);
#2112=CARTESIAN_POINT('',(4.877668540899,2.949296459348,0.480000000000));
#2113=VERTEX_POINT('',#2112);
#2114=CIRCLE('',#102,5.700000000000);
#2115=EDGE_CURVE('',#2113,#2108,#2114,.T.);
#2116=ORIENTED_EDGE('',*,*,#2115,.F.);
#2117=CARTESIAN_POINT('',(4.930873260631,2.859456047502,0.480000000000));
#2118=VERTEX_POINT('',#2117);
#2119=CIRCLE('',#102,5.700000000000);
#2120=EDGE_CURVE('',#2118,#2113,#2119,.T.);
#2121=ORIENTED_EDGE('',*,*,#2120,.F.);
#2122=CARTESIAN_POINT('',(5.020202907362,2.699548623181,0.480000000000));
#2123=VERTEX_POINT('',#2122);
#2124=CIRCLE('',#102,5.700000000000);
#2125=EDGE_CURVE('',#2123,#2118,#2124,.T.);
#2126=ORIENTED_EDGE('',*,*,#2125,.F.);
#2127=CARTESIAN_POINT('',(5.068809013720,2.607139271775,0.480000000000));
#2128=VERTEX_POINT('',#2127);
#2129=CIRCLE('',#102,5.700000000000);
#2130=EDGE_CURVE('',#2128,#2123,#2129,.T.);
#2131=ORIENTED_EDGE('',*,*,#2130,.F.);
#2132=CARTESIAN_POINT('',(5.110214496882,2.525016395166,0.480000000000));
#2133=VERTEX_POINT('',#2132);
#2134=CIRCLE('',#102,5.700000000000);
#2135=EDGE_CURVE('',#2133,#2128,#2134,.T.);
#2136=ORIENTED_EDGE('',*,*,#2135,.F.);
#2137=CARTESIAN_POINT('',(5.155608546820,2.430987558989,0.480000000000));
#2138=VERTEX_POINT('',#2137);
#2139=CIRCLE('',#102,5.700000000000);
#2140=EDGE_CURVE('',#2138,#2133,#2139,.T.);
#2141=ORIENTED_EDGE('',*,*,#2140,.F.);
#2142=CARTESIAN_POINT('',(5.231055285525,2.264080519722,0.480000000000));
#2143=VERTEX_POINT('',#2142);
#2144=CIRCLE('',#102,5.700000000000);
#2145=EDGE_CURVE('',#2143,#2138,#2144,.T.);
#2146=ORIENTED_EDGE('',*,*,#2145,.F.);
#2147=CARTESIAN_POINT('',(5.271649427352,2.167881988278,0.480000000000));
#2148=VERTEX_POINT('',#2147);
#2149=CIRCLE('',#102,5.700000000000);
#2150=EDGE_CURVE('',#2148,#2143,#2149,.T.);
#2151=ORIENTED_EDGE('',*,*,#2150,.F.);
#2152=CARTESIAN_POINT('',(5.305941240315,2.082543529996,0.480000000000));
#2153=VERTEX_POINT('',#2152);
#2154=CIRCLE('',#102,5.700000000000);
#2155=EDGE_CURVE('',#2153,#2148,#2154,.T.);
#2156=ORIENTED_EDGE('',*,*,#2155,.F.);
#2157=CARTESIAN_POINT('',(5.343197555288,1.985003749408,0.480000000000));
#2158=VERTEX_POINT('',#2157);
#2159=CIRCLE('',#102,5.700000000000);
#2160=EDGE_CURVE('',#2158,#2153,#2159,.T.);
#2161=ORIENTED_EDGE('',*,*,#2160,.F.);
#2162=CARTESIAN_POINT('',(5.404217790486,1.812299664238,0.480000000000));
#2163=VERTEX_POINT('',#2162);
#2164=CIRCLE('',#102,5.700000000000);
#2165=EDGE_CURVE('',#2163,#2158,#2164,.T.);
#2166=ORIENTED_EDGE('',*,*,#2165,.F.);
#2167=CARTESIAN_POINT('',(5.436507486060,1.713005065380,0.480000000000));
#2168=VERTEX_POINT('',#2167);
#2169=CIRCLE('',#102,5.700000000000);
#2170=EDGE_CURVE('',#2168,#2163,#2169,.T.);
#2171=ORIENTED_EDGE('',*,*,#2170,.F.);
#2172=CARTESIAN_POINT('',(5.463438555526,1.625065890971,0.480000000000));
#2173=VERTEX_POINT('',#2172);
#2174=CIRCLE('',#102,5.700000000000);
#2175=EDGE_CURVE('',#2173,#2168,#2174,.T.);
#2176=ORIENTED_EDGE('',*,*,#2175,.F.);
#2177=CARTESIAN_POINT('',(5.492288702932,1.524717942326,0.480000000000));
#2178=VERTEX_POINT('',#2177);
#2179=CIRCLE('',#102,5.700000000000);
#2180=EDGE_CURVE('',#2178,#2173,#2179,.T.);
#2181=ORIENTED_EDGE('',*,*,#2180,.F.);
#2182=CARTESIAN_POINT('',(5.538442782429,1.347461148144,0.480000000000));
#2183=VERTEX_POINT('',#2182);
#2184=CIRCLE('',#102,5.700000000000);
#2185=EDGE_CURVE('',#2183,#2178,#2184,.T.);
#2186=ORIENTED_EDGE('',*,*,#2185,.F.);
#2187=CARTESIAN_POINT('',(5.562195383753,1.245785901732,0.480000000000));
#2188=VERTEX_POINT('',#2187);
#2189=CIRCLE('',#102,5.700000000000);
#2190=EDGE_CURVE('',#2188,#2183,#2189,.T.);
#2191=ORIENTED_EDGE('',*,*,#2190,.F.);
#2192=CARTESIAN_POINT('',(5.581571670749,1.155879614963,0.480000000000));
#2193=VERTEX_POINT('',#2192);
#2194=CIRCLE('',#102,5.700000000000);
#2195=EDGE_CURVE('',#2193,#2188,#2194,.T.);
#2196=ORIENTED_EDGE('',*,*,#2195,.F.);
#2197=CARTESIAN_POINT('',(5.601807784615,1.053446507531,0.480000000000));
#2198=VERTEX_POINT('',#2197);
#2199=CIRCLE('',#102,5.700000000000);
#2200=EDGE_CURVE('',#2198,#2193,#2199,.T.);
#2201=ORIENTED_EDGE('',*,*,#2200,.F.);
#2202=CARTESIAN_POINT('',(5.632763167212,0.872914143601,0.480000000000));
#2203=VERTEX_POINT('',#2202);
#2204=CIRCLE('',#102,5.700000000000);
#2205=EDGE_CURVE('',#2203,#2198,#2204,.T.);
#2206=ORIENTED_EDGE('',*,*,#2205,.F.);
#2207=CARTESIAN_POINT('',(5.647807536250,0.769590822115,0.480000000000));
#2208=VERTEX_POINT('',#2207);
#2209=CIRCLE('',#102,5.700000000000);
#2210=EDGE_CURVE('',#2208,#2203,#2209,.T.);
#2211=ORIENTED_EDGE('',*,*,#2210,.F.);
#2212=CARTESIAN_POINT('',(5.659489434184,0.678365199843,0.480000000000));
#2213=VERTEX_POINT('',#2212);
#2214=CIRCLE('',#102,5.700000000000);
#2215=EDGE_CURVE('',#2213,#2208,#2214,.T.);
#2216=ORIENTED_EDGE('',*,*,#2215,.F.);
#2217=CARTESIAN_POINT('',(5.670965712845,0.574584966509,0.480000000000));
#2218=VERTEX_POINT('',#2217);
#2219=CIRCLE('',#102,5.700000000000);
#2220=EDGE_CURVE('',#2218,#2213,#2219,.T.);
#2221=ORIENTED_EDGE('',*,*,#2220,.F.);
#2222=CARTESIAN_POINT('',(5.686499364301,0.392077772650,0.480000000000));
#2223=VERTEX_POINT('',#2222);
#2224=CIRCLE('',#102,5.700000000000);
#2225=EDGE_CURVE('',#2223,#2218,#2224,.T.);
#2226=ORIENTED_EDGE('',*,*,#2225,.F.);
#2227=CARTESIAN_POINT('',(5.692727106028,0.287850822989,0.480000000000));
#2228=VERTEX_POINT('',#2227);
#2229=CIRCLE('',#102,5.700000000000);
#2230=EDGE_CURVE('',#2228,#2223,#2229,.T.);
#2231=ORIENTED_EDGE('',*,*,#2230,.F.);
#2232=CARTESIAN_POINT('',(5.696630446559,0.195963147912,0.480000000000));
#2233=VERTEX_POINT('',#2232);
#2234=CIRCLE('',#102,5.700000000000);
#2235=EDGE_CURVE('',#2233,#2228,#2234,.T.);
#2236=ORIENTED_EDGE('',*,*,#2235,.F.);
#2237=CARTESIAN_POINT('',(5.699264203164,0.091583527637,0.480000000000));
#2238=VERTEX_POINT('',#2237);
#2239=CIRCLE('',#102,5.700000000000);
#2240=EDGE_CURVE('',#2238,#2233,#2239,.T.);
#2241=ORIENTED_EDGE('',*,*,#2240,.F.);
#2242=CARTESIAN_POINT('',(5.699264203164,-0.091583527637,0.480000000000));
#2243=VERTEX_POINT('',#2242);
#2244=CIRCLE('',#102,5.700000000000);
#2245=EDGE_CURVE('',#2243,#2238,#2244,.T.);
#2246=ORIENTED_EDGE('',*,*,#2245,.F.);
#2247=CARTESIAN_POINT('',(5.696630446559,-0.195963147912,0.480000000000));
#2248=VERTEX_POINT('',#2247);
#2249=CIRCLE('',#102,5.700000000000);
#2250=EDGE_CURVE('',#2248,#2243,#2249,.T.);
#2251=ORIENTED_EDGE('',*,*,#2250,.F.);
#2252=CARTESIAN_POINT('',(5.692727106028,-0.287850822989,0.480000000000));
#2253=VERTEX_POINT('',#2252);
#2254=CIRCLE('',#102,5.700000000000);
#2255=EDGE_CURVE('',#2253,#2248,#2254,.T.);
#2256=ORIENTED_EDGE('',*,*,#2255,.F.);
#2257=CARTESIAN_POINT('',(5.686499364301,-0.392077772650,0.480000000000));
#2258=VERTEX_POINT('',#2257);
#2259=CIRCLE('',#102,5.700000000000);
#2260=EDGE_CURVE('',#2258,#2253,#2259,.T.);
#2261=ORIENTED_EDGE('',*,*,#2260,.F.);
#2262=CARTESIAN_POINT('',(5.670965712845,-0.574584966509,0.480000000000));
#2263=VERTEX_POINT('',#2262);
#2264=CIRCLE('',#102,5.700000000000);
#2265=EDGE_CURVE('',#2263,#2258,#2264,.T.);
#2266=ORIENTED_EDGE('',*,*,#2265,.F.);
#2267=CARTESIAN_POINT('',(5.659489434184,-0.678365199843,0.480000000000));
#2268=VERTEX_POINT('',#2267);
#2269=CIRCLE('',#102,5.700000000000);
#2270=EDGE_CURVE('',#2268,#2263,#2269,.T.);
#2271=ORIENTED_EDGE('',*,*,#2270,.F.);
#2272=CARTESIAN_POINT('',(5.647807536250,-0.769590822115,0.480000000000));
#2273=VERTEX_POINT('',#2272);
#2274=CIRCLE('',#102,5.700000000000);
#2275=EDGE_CURVE('',#2273,#2268,#2274,.T.);
#2276=ORIENTED_EDGE('',*,*,#2275,.F.);
#2277=CARTESIAN_POINT('',(5.632763167212,-0.872914143601,0.480000000000));
#2278=VERTEX_POINT('',#2277);
#2279=CIRCLE('',#102,5.700000000000);
#2280=EDGE_CURVE('',#2278,#2273,#2279,.T.);
#2281=ORIENTED_EDGE('',*,*,#2280,.F.);
#2282=CARTESIAN_POINT('',(5.601807784615,-1.053446507531,0.480000000000));
#2283=VERTEX_POINT('',#2282);
#2284=CIRCLE('',#102,5.700000000000);
#2285=EDGE_CURVE('',#2283,#2278,#2284,.T.);
#2286=ORIENTED_EDGE('',*,*,#2285,.F.);
#2287=CARTESIAN_POINT('',(5.581571670749,-1.155879614963,0.480000000000));
#2288=VERTEX_POINT('',#2287);
#2289=CIRCLE('',#102,5.700000000000);
#2290=EDGE_CURVE('',#2288,#2283,#2289,.T.);
#2291=ORIENTED_EDGE('',*,*,#2290,.F.);
#2292=CARTESIAN_POINT('',(5.562195383753,-1.245785901732,0.480000000000));
#2293=VERTEX_POINT('',#2292);
#2294=CIRCLE('',#102,5.700000000000);
#2295=EDGE_CURVE('',#2293,#2288,#2294,.T.);
#2296=ORIENTED_EDGE('',*,*,#2295,.F.);
#2297=CARTESIAN_POINT('',(5.538442782429,-1.347461148144,0.480000000000));
#2298=VERTEX_POINT('',#2297);
#2299=CIRCLE('',#102,5.700000000000);
#2300=EDGE_CURVE('',#2298,#2293,#2299,.T.);
#2301=ORIENTED_EDGE('',*,*,#2300,.F.);
#2302=CARTESIAN_POINT('',(5.492288702932,-1.524717942326,0.480000000000));
#2303=VERTEX_POINT('',#2302);
#2304=CIRCLE('',#102,5.700000000000);
#2305=EDGE_CURVE('',#2303,#2298,#2304,.T.);
#2306=ORIENTED_EDGE('',*,*,#2305,.F.);
#2307=CARTESIAN_POINT('',(5.463438555526,-1.625065890971,0.480000000000));
#2308=VERTEX_POINT('',#2307);
#2309=CIRCLE('',#102,5.700000000000);
#2310=EDGE_CURVE('',#2308,#2303,#2309,.T.);
#2311=ORIENTED_EDGE('',*,*,#2310,.F.);
#2312=CARTESIAN_POINT('',(5.436507486060,-1.713005065380,0.480000000000));
#2313=VERTEX_POINT('',#2312);
#2314=CIRCLE('',#102,5.700000000000);
#2315=EDGE_CURVE('',#2313,#2308,#2314,.T.);
#2316=ORIENTED_EDGE('',*,*,#2315,.F.);
#2317=CARTESIAN_POINT('',(5.404217790486,-1.812299664238,0.480000000000));
#2318=VERTEX_POINT('',#2317);
#2319=CIRCLE('',#102,5.700000000000);
#2320=EDGE_CURVE('',#2318,#2313,#2319,.T.);
#2321=ORIENTED_EDGE('',*,*,#2320,.F.);
#2322=CARTESIAN_POINT('',(5.343197555288,-1.985003749408,0.480000000000));
#2323=VERTEX_POINT('',#2322);
#2324=CIRCLE('',#102,5.700000000000);
#2325=EDGE_CURVE('',#2323,#2318,#2324,.T.);
#2326=ORIENTED_EDGE('',*,*,#2325,.F.);
#2327=CARTESIAN_POINT('',(5.305941240315,-2.082543529996,0.480000000000));
#2328=VERTEX_POINT('',#2327);
#2329=CIRCLE('',#102,5.700000000000);
#2330=EDGE_CURVE('',#2328,#2323,#2329,.T.);
#2331=ORIENTED_EDGE('',*,*,#2330,.F.);
#2332=CARTESIAN_POINT('',(5.271649427352,-2.167881988278,0.480000000000));
#2333=VERTEX_POINT('',#2332);
#2334=CIRCLE('',#102,5.700000000000);
#2335=EDGE_CURVE('',#2333,#2328,#2334,.T.);
#2336=ORIENTED_EDGE('',*,*,#2335,.F.);
#2337=CARTESIAN_POINT('',(5.231055285525,-2.264080519722,0.480000000000));
#2338=VERTEX_POINT('',#2337);
#2339=CIRCLE('',#102,5.700000000000);
#2340=EDGE_CURVE('',#2338,#2333,#2339,.T.);
#2341=ORIENTED_EDGE('',*,*,#2340,.F.);
#2342=CARTESIAN_POINT('',(5.155608546820,-2.430987558989,0.480000000000));
#2343=VERTEX_POINT('',#2342);
#2344=CIRCLE('',#102,5.700000000000);
#2345=EDGE_CURVE('',#2343,#2338,#2344,.T.);
#2346=ORIENTED_EDGE('',*,*,#2345,.F.);
#2347=CARTESIAN_POINT('',(5.110214496882,-2.525016395166,0.480000000000));
#2348=VERTEX_POINT('',#2347);
#2349=CIRCLE('',#102,5.700000000000);
#2350=EDGE_CURVE('',#2348,#2343,#2349,.T.);
#2351=ORIENTED_EDGE('',*,*,#2350,.F.);
#2352=CARTESIAN_POINT('',(5.068809013720,-2.607139271775,0.480000000000));
#2353=VERTEX_POINT('',#2352);
#2354=CIRCLE('',#102,5.700000000000);
#2355=EDGE_CURVE('',#2353,#2348,#2354,.T.);
#2356=ORIENTED_EDGE('',*,*,#2355,.F.);
#2357=CARTESIAN_POINT('',(5.020202907362,-2.699548623181,0.480000000000));
#2358=VERTEX_POINT('',#2357);
#2359=CIRCLE('',#102,5.700000000000);
#2360=EDGE_CURVE('',#2358,#2353,#2359,.T.);
#2361=ORIENTED_EDGE('',*,*,#2360,.F.);
#2362=CARTESIAN_POINT('',(4.930873260631,-2.859456047502,0.480000000000));
#2363=VERTEX_POINT('',#2362);
#2364=CIRCLE('',#102,5.700000000000);
#2365=EDGE_CURVE('',#2363,#2358,#2364,.T.);
#2366=ORIENTED_EDGE('',*,*,#2365,.F.);
#2367=CARTESIAN_POINT('',(4.877668540899,-2.949296459348,0.480000000000));
#2368=VERTEX_POINT('',#2367);
#2369=CIRCLE('',#102,5.700000000000);
#2370=EDGE_CURVE('',#2368,#2363,#2369,.T.);
#2371=ORIENTED_EDGE('',*,*,#2370,.F.);
#2372=CARTESIAN_POINT('',(4.829447714993,-3.027612057075,0.480000000000));
#2373=VERTEX_POINT('',#2372);
#2374=CIRCLE('',#102,5.700000000000);
#2375=EDGE_CURVE('',#2373,#2368,#2374,.T.);
#2376=ORIENTED_EDGE('',*,*,#2375,.F.);
#2377=CARTESIAN_POINT('',(4.773179852214,-3.115566416949,0.480000000000));
#2378=VERTEX_POINT('',#2377);
#2379=CIRCLE('',#102,5.700000000000);
#2380=EDGE_CURVE('',#2378,#2373,#2379,.T.);
#2381=ORIENTED_EDGE('',*,*,#2380,.F.);
#2382=CARTESIAN_POINT('',(4.670610919609,-3.267322089668,0.480000000000));
#2383=VERTEX_POINT('',#2382);
#2384=CIRCLE('',#102,5.700000000000);
#2385=EDGE_CURVE('',#2383,#2378,#2384,.T.);
#2386=ORIENTED_EDGE('',*,*,#2385,.F.);
#2387=CARTESIAN_POINT('',(4.609978871307,-3.352326774958,0.480000000000));
#2388=VERTEX_POINT('',#2387);
#2389=CIRCLE('',#102,5.700000000000);
#2390=EDGE_CURVE('',#2388,#2383,#2389,.T.);
#2391=ORIENTED_EDGE('',*,*,#2390,.F.);
#2392=CARTESIAN_POINT('',(4.555290134813,-3.426270828127,0.480000000000));
#2393=VERTEX_POINT('',#2392);
#2394=CIRCLE('',#102,5.700000000000);
#2395=EDGE_CURVE('',#2393,#2388,#2394,.T.);
#2396=ORIENTED_EDGE('',*,*,#2395,.F.);
#2397=CARTESIAN_POINT('',(4.491765926853,-3.509136483290,0.480000000000));
#2398=VERTEX_POINT('',#2397);
#2399=CIRCLE('',#102,5.700000000000);
#2400=EDGE_CURVE('',#2398,#2393,#2399,.T.);
#2401=ORIENTED_EDGE('',*,*,#2400,.F.);
#2402=CARTESIAN_POINT('',(4.376696719884,-3.651647001307,0.480000000000));
#2403=VERTEX_POINT('',#2402);
#2404=CIRCLE('',#102,5.700000000000);
#2405=EDGE_CURVE('',#2403,#2398,#2404,.T.);
#2406=ORIENTED_EDGE('',*,*,#2405,.F.);
#2407=CARTESIAN_POINT('',(4.309074198310,-3.731203499336,0.480000000000));
#2408=VERTEX_POINT('',#2407);
#2409=CIRCLE('',#102,5.700000000000);
#2410=EDGE_CURVE('',#2408,#2403,#2409,.T.);
#2411=ORIENTED_EDGE('',*,*,#2410,.F.);
#2412=CARTESIAN_POINT('',(4.248311584828,-3.800243239349,0.480000000000));
#2413=VERTEX_POINT('',#2412);
#2414=CIRCLE('',#102,5.700000000000);
#2415=EDGE_CURVE('',#2413,#2408,#2414,.T.);
#2416=ORIENTED_EDGE('',*,*,#2415,.F.);
#2417=CARTESIAN_POINT('',(4.177988725061,-3.877423140858,0.480000000000));
#2418=VERTEX_POINT('',#2417);
#2419=CIRCLE('',#102,5.700000000000);
#2420=EDGE_CURVE('',#2418,#2413,#2419,.T.);
#2421=ORIENTED_EDGE('',*,*,#2420,.F.);
#2422=CARTESIAN_POINT('',(4.051248320001,-4.009661712625,0.480000000000));
#2423=VERTEX_POINT('',#2422);
#2424=CIRCLE('',#102,5.700000000000);
#2425=EDGE_CURVE('',#2423,#2418,#2424,.T.);
#2426=ORIENTED_EDGE('',*,*,#2425,.F.);
#2427=CARTESIAN_POINT('',(3.977122546972,-4.083196817001,0.480000000000));
#2428=VERTEX_POINT('',#2427);
#2429=CIRCLE('',#102,5.700000000000);
#2430=EDGE_CURVE('',#2428,#2423,#2429,.T.);
#2431=ORIENTED_EDGE('',*,*,#2430,.F.);
#2432=CARTESIAN_POINT('',(3.910723852524,-4.146834810949,0.480000000000));
#2433=VERTEX_POINT('',#2432);
#2434=CIRCLE('',#102,5.700000000000);
#2435=EDGE_CURVE('',#2433,#2428,#2434,.T.);
#2436=ORIENTED_EDGE('',*,*,#2435,.F.);
#2437=CARTESIAN_POINT('',(3.834109018767,-4.217772875844,0.480000000000));
#2438=VERTEX_POINT('',#2437);
#2439=CIRCLE('',#102,5.700000000000);
#2440=EDGE_CURVE('',#2438,#2433,#2439,.T.);
#2441=ORIENTED_EDGE('',*,*,#2440,.F.);
#2442=CARTESIAN_POINT('',(3.696610583138,-4.338786719422,0.480000000000));
#2443=VERTEX_POINT('',#2442);
#2444=CIRCLE('',#102,5.700000000000);
#2445=EDGE_CURVE('',#2443,#2438,#2444,.T.);
#2446=ORIENTED_EDGE('',*,*,#2445,.F.);
#2447=CARTESIAN_POINT('',(3.616515636548,-4.405770608033,0.480000000000));
#2448=VERTEX_POINT('',#2447);
#2449=CIRCLE('',#102,5.700000000000);
#2450=EDGE_CURVE('',#2448,#2443,#2449,.T.);
#2451=ORIENTED_EDGE('',*,*,#2450,.F.);
#2452=CARTESIAN_POINT('',(3.544959265248,-4.463548342712,0.480000000000));
#2453=VERTEX_POINT('',#2452);
#2454=CIRCLE('',#102,5.700000000000);
#2455=EDGE_CURVE('',#2453,#2448,#2454,.T.);
#2456=ORIENTED_EDGE('',*,*,#2455,.F.);
#2457=CARTESIAN_POINT('',(3.462604469134,-4.527733460611,0.480000000000));
#2458=VERTEX_POINT('',#2457);
#2459=CIRCLE('',#102,5.700000000000);
#2460=EDGE_CURVE('',#2458,#2453,#2459,.T.);
#2461=ORIENTED_EDGE('',*,*,#2460,.F.);
#2462=CARTESIAN_POINT('',(3.315338682315,-4.636650668483,0.480000000000));
#2463=VERTEX_POINT('',#2462);
#2464=CIRCLE('',#102,5.700000000000);
#2465=EDGE_CURVE('',#2463,#2458,#2464,.T.);
#2466=ORIENTED_EDGE('',*,*,#2465,.F.);
#2467=CARTESIAN_POINT('',(3.229851648090,-4.696600720876,0.480000000000));
#2468=VERTEX_POINT('',#2467);
#2469=CIRCLE('',#102,5.700000000000);
#2470=EDGE_CURVE('',#2468,#2463,#2469,.T.);
#2471=ORIENTED_EDGE('',*,*,#2470,.F.);
#2472=CARTESIAN_POINT('',(3.153653165234,-4.748101906384,0.480000000000));
#2473=VERTEX_POINT('',#2472);
#2474=CIRCLE('',#102,5.700000000000);
#2475=EDGE_CURVE('',#2473,#2468,#2474,.T.);
#2476=ORIENTED_EDGE('',*,*,#2475,.F.);
#2477=CARTESIAN_POINT('',(3.066151774955,-4.805071622040,0.480000000000));
#2478=VERTEX_POINT('',#2477);
#2479=CIRCLE('',#102,5.700000000000);
#2480=EDGE_CURVE('',#2478,#2473,#2479,.T.);
#2481=ORIENTED_EDGE('',*,*,#2480,.F.);
#2482=CARTESIAN_POINT('',(2.910179690316,-4.901107443229,0.480000000000));
#2483=VERTEX_POINT('',#2482);
#2484=CIRCLE('',#102,5.700000000000);
#2485=EDGE_CURVE('',#2483,#2478,#2484,.T.);
#2486=ORIENTED_EDGE('',*,*,#2485,.F.);
#2487=CARTESIAN_POINT('',(2.819916504495,-4.953591717903,0.480000000000));
#2488=VERTEX_POINT('',#2487);
#2489=CIRCLE('',#102,5.700000000000);
#2490=EDGE_CURVE('',#2488,#2483,#2489,.T.);
#2491=ORIENTED_EDGE('',*,*,#2490,.F.);
#2492=CARTESIAN_POINT('',(2.739624921898,-4.998445287018,0.480000000000));
#2493=VERTEX_POINT('',#2492);
#2494=CIRCLE('',#102,5.700000000000);
#2495=EDGE_CURVE('',#2493,#2488,#2494,.T.);
#2496=ORIENTED_EDGE('',*,*,#2495,.F.);
#2497=CARTESIAN_POINT('',(2.647607386978,-5.047789132325,0.480000000000));
#2498=VERTEX_POINT('',#2497);
#2499=CIRCLE('',#102,5.700000000000);
#2500=EDGE_CURVE('',#2498,#2493,#2499,.T.);
#2501=ORIENTED_EDGE('',*,*,#2500,.F.);
#2502=CARTESIAN_POINT('',(2.484052786962,-5.130251626537,0.480000000000));
#2503=VERTEX_POINT('',#2502);
#2504=CIRCLE('',#102,5.700000000000);
#2505=EDGE_CURVE('',#2503,#2498,#2504,.T.);
#2506=ORIENTED_EDGE('',*,*,#2505,.F.);
#2507=CARTESIAN_POINT('',(2.389663797868,-5.174891973091,0.480000000000));
#2508=VERTEX_POINT('',#2507);
#2509=CIRCLE('',#102,5.700000000000);
#2510=EDGE_CURVE('',#2508,#2503,#2509,.T.);
#2511=ORIENTED_EDGE('',*,*,#2510,.F.);
#2512=CARTESIAN_POINT('',(2.305857618222,-5.212774754820,0.480000000000));
#2513=VERTEX_POINT('',#2512);
#2514=CIRCLE('',#102,5.700000000000);
#2515=EDGE_CURVE('',#2513,#2508,#2514,.T.);
#2516=ORIENTED_EDGE('',*,*,#2515,.F.);
#2517=CARTESIAN_POINT('',(2.209986927107,-5.254137206242,0.480000000000));
#2518=VERTEX_POINT('',#2517);
#2519=CIRCLE('',#102,5.700000000000);
#2520=EDGE_CURVE('',#2518,#2513,#2519,.T.);
#2521=ORIENTED_EDGE('',*,*,#2520,.F.);
#2522=CARTESIAN_POINT('',(2.040028226355,-5.322432229317,0.480000000000));
#2523=VERTEX_POINT('',#2522);
#2524=CIRCLE('',#102,5.700000000000);
#2525=EDGE_CURVE('',#2523,#2518,#2524,.T.);
#2526=ORIENTED_EDGE('',*,*,#2525,.F.);
#2527=CARTESIAN_POINT('',(1.942193508818,-5.358907013030,0.480000000000));
#2528=VERTEX_POINT('',#2527);
#2529=CIRCLE('',#102,5.700000000000);
#2530=EDGE_CURVE('',#2528,#2523,#2529,.T.);
#2531=ORIENTED_EDGE('',*,*,#2530,.F.);
#2532=CARTESIAN_POINT('',(1.855476557568,-5.389546061063,0.480000000000));
#2533=VERTEX_POINT('',#2532);
#2534=CIRCLE('',#102,5.700000000000);
#2535=EDGE_CURVE('',#2533,#2528,#2534,.T.);
#2536=ORIENTED_EDGE('',*,*,#2535,.F.);
#2537=CARTESIAN_POINT('',(1.756443460785,-5.422629101189,0.480000000000));
#2538=VERTEX_POINT('',#2537);
#2539=CIRCLE('',#102,5.700000000000);
#2540=EDGE_CURVE('',#2538,#2533,#2539,.T.);
#2541=ORIENTED_EDGE('',*,*,#2540,.F.);
#2542=CARTESIAN_POINT('',(1.581305215631,-5.476264585922,0.480000000000));
#2543=VERTEX_POINT('',#2542);
#2544=CIRCLE('',#102,5.700000000000);
#2545=EDGE_CURVE('',#2543,#2538,#2544,.T.);
#2546=ORIENTED_EDGE('',*,*,#2545,.F.);
#2547=CARTESIAN_POINT('',(1.480729671031,-5.504311005142,0.480000000000));
#2548=VERTEX_POINT('',#2547);
#2549=CIRCLE('',#102,5.700000000000);
#2550=EDGE_CURVE('',#2548,#2543,#2549,.T.);
#2551=ORIENTED_EDGE('',*,*,#2550,.F.);
#2552=CARTESIAN_POINT('',(1.391726745799,-5.527485564434,0.480000000000));
#2553=VERTEX_POINT('',#2552);
#2554=CIRCLE('',#102,5.700000000000);
#2555=EDGE_CURVE('',#2553,#2548,#2554,.T.);
#2556=ORIENTED_EDGE('',*,*,#2555,.F.);
#2557=CARTESIAN_POINT('',(1.290244779079,-5.552050829204,0.480000000000));
#2558=VERTEX_POINT('',#2557);
#2559=CIRCLE('',#102,5.700000000000);
#2560=EDGE_CURVE('',#2558,#2553,#2559,.T.);
#2561=ORIENTED_EDGE('',*,*,#2560,.F.);
#2562=CARTESIAN_POINT('',(1.111188864592,-5.590640330696,0.480000000000));
#2563=VERTEX_POINT('',#2562);
#2564=CIRCLE('',#102,5.700000000000);
#2565=EDGE_CURVE('',#2563,#2558,#2564,.T.);
#2566=ORIENTED_EDGE('',*,*,#2565,.F.);
#2567=CARTESIAN_POINT('',(1.008597142034,-5.610056310331,0.480000000000));
#2568=VERTEX_POINT('',#2567);
#2569=CIRCLE('',#102,5.700000000000);
#2570=EDGE_CURVE('',#2568,#2563,#2569,.T.);
#2571=ORIENTED_EDGE('',*,*,#2570,.F.);
#2572=CARTESIAN_POINT('',(0.917949510935,-5.625599407652,0.480000000000));
#2573=VERTEX_POINT('',#2572);
#2574=CIRCLE('',#102,5.700000000000);
#2575=EDGE_CURVE('',#2573,#2568,#2574,.T.);
#2576=ORIENTED_EDGE('',*,*,#2575,.F.);
#2577=CARTESIAN_POINT('',(0.814749854173,-5.641469903768,0.480000000000));
#2578=VERTEX_POINT('',#2577);
#2579=CIRCLE('',#102,5.700000000000);
#2580=EDGE_CURVE('',#2578,#2573,#2579,.T.);
#2581=ORIENTED_EDGE('',*,*,#2580,.F.);
#2582=CARTESIAN_POINT('',(0.633066372321,-5.664735383779,0.480000000000));
#2583=VERTEX_POINT('',#2582);
#2584=CIRCLE('',#102,5.700000000000);
#2585=EDGE_CURVE('',#2583,#2578,#2584,.T.);
#2586=ORIENTED_EDGE('',*,*,#2585,.F.);
#2587=CARTESIAN_POINT('',(0.529197647517,-5.675381031249,0.480000000000));
#2588=VERTEX_POINT('',#2587);
#2589=CIRCLE('',#102,5.700000000000);
#2590=EDGE_CURVE('',#2588,#2583,#2589,.T.);
#2591=ORIENTED_EDGE('',*,*,#2590,.F.);
#2592=CARTESIAN_POINT('',(0.437558428809,-5.683180678227,0.480000000000));
#2593=VERTEX_POINT('',#2592);
#2594=CIRCLE('',#102,5.700000000000);
#2595=EDGE_CURVE('',#2593,#2588,#2594,.T.);
#2596=ORIENTED_EDGE('',*,*,#2595,.F.);
#2597=CARTESIAN_POINT('',(0.333384637899,-5.690242058403,0.480000000000));
#2598=VERTEX_POINT('',#2597);
#2599=CIRCLE('',#102,5.700000000000);
#2600=EDGE_CURVE('',#2598,#2593,#2599,.T.);
#2601=ORIENTED_EDGE('',*,*,#2600,.F.);
#2602=CARTESIAN_POINT('',(0.150382622331,-5.698015888614,0.480000000000));
#2603=VERTEX_POINT('',#2602);
#2604=CIRCLE('',#102,5.700000000000);
#2605=EDGE_CURVE('',#2603,#2598,#2604,.T.);
#2606=ORIENTED_EDGE('',*,*,#2605,.F.);
#2607=CARTESIAN_POINT('',(0.045985271822,-5.699814501786,0.480000000000));
#2608=VERTEX_POINT('',#2607);
#2609=CIRCLE('',#102,5.700000000000);
#2610=EDGE_CURVE('',#2608,#2603,#2609,.T.);
#2611=ORIENTED_EDGE('',*,*,#2610,.F.);
#2612=CARTESIAN_POINT('',(-0.045985271822,-5.699814501786,0.480000000000));
#2613=VERTEX_POINT('',#2612);
#2614=CIRCLE('',#102,5.700000000000);
#2615=EDGE_CURVE('',#2613,#2608,#2614,.T.);
#2616=ORIENTED_EDGE('',*,*,#2615,.F.);
#2617=CARTESIAN_POINT('',(-0.150382622331,-5.698015888614,0.480000000000));
#2618=VERTEX_POINT('',#2617);
#2619=CIRCLE('',#102,5.700000000000);
#2620=EDGE_CURVE('',#2618,#2613,#2619,.T.);
#2621=ORIENTED_EDGE('',*,*,#2620,.F.);
#2622=CARTESIAN_POINT('',(-0.333384637899,-5.690242058403,0.480000000000));
#2623=VERTEX_POINT('',#2622);
#2624=CIRCLE('',#102,5.700000000000);
#2625=EDGE_CURVE('',#2623,#2618,#2624,.T.);
#2626=ORIENTED_EDGE('',*,*,#2625,.F.);
#2627=CARTESIAN_POINT('',(-0.437558428809,-5.683180678227,0.480000000000));
#2628=VERTEX_POINT('',#2627);
#2629=CIRCLE('',#102,5.700000000000);
#2630=EDGE_CURVE('',#2628,#2623,#2629,.T.);
#2631=ORIENTED_EDGE('',*,*,#2630,.F.);
#2632=CARTESIAN_POINT('',(-0.529197647517,-5.675381031249,0.480000000000));
#2633=VERTEX_POINT('',#2632);
#2634=CIRCLE('',#102,5.700000000000);
#2635=EDGE_CURVE('',#2633,#2628,#2634,.T.);
#2636=ORIENTED_EDGE('',*,*,#2635,.F.);
#2637=CARTESIAN_POINT('',(-0.633066372321,-5.664735383779,0.480000000000));
#2638=VERTEX_POINT('',#2637);
#2639=CIRCLE('',#102,5.700000000000);
#2640=EDGE_CURVE('',#2638,#2633,#2639,.T.);
#2641=ORIENTED_EDGE('',*,*,#2640,.F.);
#2642=CARTESIAN_POINT('',(-0.814749854173,-5.641469903768,0.480000000000));
#2643=VERTEX_POINT('',#2642);
#2644=CIRCLE('',#102,5.700000000000);
#2645=EDGE_CURVE('',#2643,#2638,#2644,.T.);
#2646=ORIENTED_EDGE('',*,*,#2645,.F.);
#2647=CARTESIAN_POINT('',(-0.917949510935,-5.625599407652,0.480000000000));
#2648=VERTEX_POINT('',#2647);
#2649=CIRCLE('',#102,5.700000000000);
#2650=EDGE_CURVE('',#2648,#2643,#2649,.T.);
#2651=ORIENTED_EDGE('',*,*,#2650,.F.);
#2652=CARTESIAN_POINT('',(-1.008597142034,-5.610056310331,0.480000000000));
#2653=VERTEX_POINT('',#2652);
#2654=CIRCLE('',#102,5.700000000000);
#2655=EDGE_CURVE('',#2653,#2648,#2654,.T.);
#2656=ORIENTED_EDGE('',*,*,#2655,.F.);
#2657=CARTESIAN_POINT('',(-1.111188864592,-5.590640330696,0.480000000000));
#2658=VERTEX_POINT('',#2657);
#2659=CIRCLE('',#102,5.700000000000);
#2660=EDGE_CURVE('',#2658,#2653,#2659,.T.);
#2661=ORIENTED_EDGE('',*,*,#2660,.F.);
#2662=CARTESIAN_POINT('',(-1.290244779079,-5.552050829204,0.480000000000));
#2663=VERTEX_POINT('',#2662);
#2664=CIRCLE('',#102,5.700000000000);
#2665=EDGE_CURVE('',#2663,#2658,#2664,.T.);
#2666=ORIENTED_EDGE('',*,*,#2665,.F.);
#2667=CARTESIAN_POINT('',(-1.391726745799,-5.527485564434,0.480000000000));
#2668=VERTEX_POINT('',#2667);
#2669=CIRCLE('',#102,5.700000000000);
#2670=EDGE_CURVE('',#2668,#2663,#2669,.T.);
#2671=ORIENTED_EDGE('',*,*,#2670,.F.);
#2672=CARTESIAN_POINT('',(-1.480729671031,-5.504311005142,0.480000000000));
#2673=VERTEX_POINT('',#2672);
#2674=CIRCLE('',#102,5.700000000000);
#2675=EDGE_CURVE('',#2673,#2668,#2674,.T.);
#2676=ORIENTED_EDGE('',*,*,#2675,.F.);
#2677=CARTESIAN_POINT('',(-1.581305215631,-5.476264585922,0.480000000000));
#2678=VERTEX_POINT('',#2677);
#2679=CIRCLE('',#102,5.700000000000);
#2680=EDGE_CURVE('',#2678,#2673,#2679,.T.);
#2681=ORIENTED_EDGE('',*,*,#2680,.F.);
#2682=CARTESIAN_POINT('',(-1.756443460785,-5.422629101189,0.480000000000));
#2683=VERTEX_POINT('',#2682);
#2684=CIRCLE('',#102,5.700000000000);
#2685=EDGE_CURVE('',#2683,#2678,#2684,.T.);
#2686=ORIENTED_EDGE('',*,*,#2685,.F.);
#2687=CARTESIAN_POINT('',(-1.855476557568,-5.389546061063,0.480000000000));
#2688=VERTEX_POINT('',#2687);
#2689=CIRCLE('',#102,5.700000000000);
#2690=EDGE_CURVE('',#2688,#2683,#2689,.T.);
#2691=ORIENTED_EDGE('',*,*,#2690,.F.);
#2692=CARTESIAN_POINT('',(-1.942193508818,-5.358907013030,0.480000000000));
#2693=VERTEX_POINT('',#2692);
#2694=CIRCLE('',#102,5.700000000000);
#2695=EDGE_CURVE('',#2693,#2688,#2694,.T.);
#2696=ORIENTED_EDGE('',*,*,#2695,.F.);
#2697=CARTESIAN_POINT('',(-2.040028226355,-5.322432229317,0.480000000000));
#2698=VERTEX_POINT('',#2697);
#2699=CIRCLE('',#102,5.700000000000);
#2700=EDGE_CURVE('',#2698,#2693,#2699,.T.);
#2701=ORIENTED_EDGE('',*,*,#2700,.F.);
#2702=CARTESIAN_POINT('',(-2.209986927107,-5.254137206242,0.480000000000));
#2703=VERTEX_POINT('',#2702);
#2704=CIRCLE('',#102,5.700000000000);
#2705=EDGE_CURVE('',#2703,#2698,#2704,.T.);
#2706=ORIENTED_EDGE('',*,*,#2705,.F.);
#2707=CARTESIAN_POINT('',(-2.305857618222,-5.212774754820,0.480000000000));
#2708=VERTEX_POINT('',#2707);
#2709=CIRCLE('',#102,5.700000000000);
#2710=EDGE_CURVE('',#2708,#2703,#2709,.T.);
#2711=ORIENTED_EDGE('',*,*,#2710,.F.);
#2712=CARTESIAN_POINT('',(-2.389663797868,-5.174891973091,0.480000000000));
#2713=VERTEX_POINT('',#2712);
#2714=CIRCLE('',#102,5.700000000000);
#2715=EDGE_CURVE('',#2713,#2708,#2714,.T.);
#2716=ORIENTED_EDGE('',*,*,#2715,.F.);
#2717=CARTESIAN_POINT('',(-2.484052786962,-5.130251626537,0.480000000000));
#2718=VERTEX_POINT('',#2717);
#2719=CIRCLE('',#102,5.700000000000);
#2720=EDGE_CURVE('',#2718,#2713,#2719,.T.);
#2721=ORIENTED_EDGE('',*,*,#2720,.F.);
#2722=CARTESIAN_POINT('',(-2.647607386978,-5.047789132325,0.480000000000));
#2723=VERTEX_POINT('',#2722);
#2724=CIRCLE('',#102,5.700000000000);
#2725=EDGE_CURVE('',#2723,#2718,#2724,.T.);
#2726=ORIENTED_EDGE('',*,*,#2725,.F.);
#2727=CARTESIAN_POINT('',(-2.739624921898,-4.998445287018,0.480000000000));
#2728=VERTEX_POINT('',#2727);
#2729=CIRCLE('',#102,5.700000000000);
#2730=EDGE_CURVE('',#2728,#2723,#2729,.T.);
#2731=ORIENTED_EDGE('',*,*,#2730,.F.);
#2732=CARTESIAN_POINT('',(-2.819916504495,-4.953591717903,0.480000000000));
#2733=VERTEX_POINT('',#2732);
#2734=CIRCLE('',#102,5.700000000000);
#2735=EDGE_CURVE('',#2733,#2728,#2734,.T.);
#2736=ORIENTED_EDGE('',*,*,#2735,.F.);
#2737=CARTESIAN_POINT('',(-2.910179690316,-4.901107443229,0.480000000000));
#2738=VERTEX_POINT('',#2737);
#2739=CIRCLE('',#102,5.700000000000);
#2740=EDGE_CURVE('',#2738,#2733,#2739,.T.);
#2741=ORIENTED_EDGE('',*,*,#2740,.F.);
#2742=CARTESIAN_POINT('',(-3.066151774955,-4.805071622040,0.480000000000));
#2743=VERTEX_POINT('',#2742);
#2744=CIRCLE('',#102,5.700000000000);
#2745=EDGE_CURVE('',#2743,#2738,#2744,.T.);
#2746=ORIENTED_EDGE('',*,*,#2745,.F.);
#2747=CARTESIAN_POINT('',(-3.153653165234,-4.748101906384,0.480000000000));
#2748=VERTEX_POINT('',#2747);
#2749=CIRCLE('',#102,5.700000000000);
#2750=EDGE_CURVE('',#2748,#2743,#2749,.T.);
#2751=ORIENTED_EDGE('',*,*,#2750,.F.);
#2752=CARTESIAN_POINT('',(-3.229851648090,-4.696600720876,0.480000000000));
#2753=VERTEX_POINT('',#2752);
#2754=CIRCLE('',#102,5.700000000000);
#2755=EDGE_CURVE('',#2753,#2748,#2754,.T.);
#2756=ORIENTED_EDGE('',*,*,#2755,.F.);
#2757=CARTESIAN_POINT('',(-3.315338682315,-4.636650668483,0.480000000000));
#2758=VERTEX_POINT('',#2757);
#2759=CIRCLE('',#102,5.700000000000);
#2760=EDGE_CURVE('',#2758,#2753,#2759,.T.);
#2761=ORIENTED_EDGE('',*,*,#2760,.F.);
#2762=CARTESIAN_POINT('',(-3.462604469134,-4.527733460611,0.480000000000));
#2763=VERTEX_POINT('',#2762);
#2764=CIRCLE('',#102,5.700000000000);
#2765=EDGE_CURVE('',#2763,#2758,#2764,.T.);
#2766=ORIENTED_EDGE('',*,*,#2765,.F.);
#2767=CARTESIAN_POINT('',(-3.544959265248,-4.463548342712,0.480000000000));
#2768=VERTEX_POINT('',#2767);
#2769=CIRCLE('',#102,5.700000000000);
#2770=EDGE_CURVE('',#2768,#2763,#2769,.T.);
#2771=ORIENTED_EDGE('',*,*,#2770,.F.);
#2772=CARTESIAN_POINT('',(-3.616515636548,-4.405770608033,0.480000000000));
#2773=VERTEX_POINT('',#2772);
#2774=CIRCLE('',#102,5.700000000000);
#2775=EDGE_CURVE('',#2773,#2768,#2774,.T.);
#2776=ORIENTED_EDGE('',*,*,#2775,.F.);
#2777=CARTESIAN_POINT('',(-3.696610583138,-4.338786719422,0.480000000000));
#2778=VERTEX_POINT('',#2777);
#2779=CIRCLE('',#102,5.700000000000);
#2780=EDGE_CURVE('',#2778,#2773,#2779,.T.);
#2781=ORIENTED_EDGE('',*,*,#2780,.F.);
#2782=CARTESIAN_POINT('',(-3.834109018767,-4.217772875844,0.480000000000));
#2783=VERTEX_POINT('',#2782);
#2784=CIRCLE('',#102,5.700000000000);
#2785=EDGE_CURVE('',#2783,#2778,#2784,.T.);
#2786=ORIENTED_EDGE('',*,*,#2785,.F.);
#2787=CARTESIAN_POINT('',(-3.910723852524,-4.146834810949,0.480000000000));
#2788=VERTEX_POINT('',#2787);
#2789=CIRCLE('',#102,5.700000000000);
#2790=EDGE_CURVE('',#2788,#2783,#2789,.T.);
#2791=ORIENTED_EDGE('',*,*,#2790,.F.);
#2792=CARTESIAN_POINT('',(-3.977122546972,-4.083196817001,0.480000000000));
#2793=VERTEX_POINT('',#2792);
#2794=CIRCLE('',#102,5.700000000000);
#2795=EDGE_CURVE('',#2793,#2788,#2794,.T.);
#2796=ORIENTED_EDGE('',*,*,#2795,.F.);
#2797=CARTESIAN_POINT('',(-4.051248320001,-4.009661712625,0.480000000000));
#2798=VERTEX_POINT('',#2797);
#2799=CIRCLE('',#102,5.700000000000);
#2800=EDGE_CURVE('',#2798,#2793,#2799,.T.);
#2801=ORIENTED_EDGE('',*,*,#2800,.F.);
#2802=CARTESIAN_POINT('',(-4.177988725061,-3.877423140858,0.480000000000));
#2803=VERTEX_POINT('',#2802);
#2804=CIRCLE('',#102,5.700000000000);
#2805=EDGE_CURVE('',#2803,#2798,#2804,.T.);
#2806=ORIENTED_EDGE('',*,*,#2805,.F.);
#2807=CARTESIAN_POINT('',(-4.248311584828,-3.800243239349,0.480000000000));
#2808=VERTEX_POINT('',#2807);
#2809=CIRCLE('',#102,5.700000000000);
#2810=EDGE_CURVE('',#2808,#2803,#2809,.T.);
#2811=ORIENTED_EDGE('',*,*,#2810,.F.);
#2812=CARTESIAN_POINT('',(-4.309074198310,-3.731203499336,0.480000000000));
#2813=VERTEX_POINT('',#2812);
#2814=CIRCLE('',#102,5.700000000000);
#2815=EDGE_CURVE('',#2813,#2808,#2814,.T.);
#2816=ORIENTED_EDGE('',*,*,#2815,.F.);
#2817=CARTESIAN_POINT('',(-4.376696719884,-3.651647001307,0.480000000000));
#2818=VERTEX_POINT('',#2817);
#2819=CIRCLE('',#102,5.700000000000);
#2820=EDGE_CURVE('',#2818,#2813,#2819,.T.);
#2821=ORIENTED_EDGE('',*,*,#2820,.F.);
#2822=CARTESIAN_POINT('',(-4.491765926853,-3.509136483290,0.480000000000));
#2823=VERTEX_POINT('',#2822);
#2824=CIRCLE('',#102,5.700000000000);
#2825=EDGE_CURVE('',#2823,#2818,#2824,.T.);
#2826=ORIENTED_EDGE('',*,*,#2825,.F.);
#2827=CARTESIAN_POINT('',(-4.555290134813,-3.426270828127,0.480000000000));
#2828=VERTEX_POINT('',#2827);
#2829=CIRCLE('',#102,5.700000000000);
#2830=EDGE_CURVE('',#2828,#2823,#2829,.T.);
#2831=ORIENTED_EDGE('',*,*,#2830,.F.);
#2832=CARTESIAN_POINT('',(-4.609978871307,-3.352326774958,0.480000000000));
#2833=VERTEX_POINT('',#2832);
#2834=CIRCLE('',#102,5.700000000000);
#2835=EDGE_CURVE('',#2833,#2828,#2834,.T.);
#2836=ORIENTED_EDGE('',*,*,#2835,.F.);
#2837=CARTESIAN_POINT('',(-4.670610919609,-3.267322089668,0.480000000000));
#2838=VERTEX_POINT('',#2837);
#2839=CIRCLE('',#102,5.700000000000);
#2840=EDGE_CURVE('',#2838,#2833,#2839,.T.);
#2841=ORIENTED_EDGE('',*,*,#2840,.F.);
#2842=CARTESIAN_POINT('',(-4.773179852214,-3.115566416949,0.480000000000));
#2843=VERTEX_POINT('',#2842);
#2844=CIRCLE('',#102,5.700000000000);
#2845=EDGE_CURVE('',#2843,#2838,#2844,.T.);
#2846=ORIENTED_EDGE('',*,*,#2845,.F.);
#2847=CARTESIAN_POINT('',(-4.829447714993,-3.027612057075,0.480000000000));
#2848=VERTEX_POINT('',#2847);
#2849=CIRCLE('',#102,5.700000000000);
#2850=EDGE_CURVE('',#2848,#2843,#2849,.T.);
#2851=ORIENTED_EDGE('',*,*,#2850,.F.);
#2852=CARTESIAN_POINT('',(-4.877668540899,-2.949296459348,0.480000000000));
#2853=VERTEX_POINT('',#2852);
#2854=CIRCLE('',#102,5.700000000000);
#2855=EDGE_CURVE('',#2853,#2848,#2854,.T.);
#2856=ORIENTED_EDGE('',*,*,#2855,.F.);
#2857=CARTESIAN_POINT('',(-4.930873260631,-2.859456047502,0.480000000000));
#2858=VERTEX_POINT('',#2857);
#2859=CIRCLE('',#102,5.700000000000);
#2860=EDGE_CURVE('',#2858,#2853,#2859,.T.);
#2861=ORIENTED_EDGE('',*,*,#2860,.F.);
#2862=CARTESIAN_POINT('',(-5.020202907362,-2.699548623181,0.480000000000));
#2863=VERTEX_POINT('',#2862);
#2864=CIRCLE('',#102,5.700000000000);
#2865=EDGE_CURVE('',#2863,#2858,#2864,.T.);
#2866=ORIENTED_EDGE('',*,*,#2865,.F.);
#2867=CARTESIAN_POINT('',(-5.068809013720,-2.607139271775,0.480000000000));
#2868=VERTEX_POINT('',#2867);
#2869=CIRCLE('',#102,5.700000000000);
#2870=EDGE_CURVE('',#2868,#2863,#2869,.T.);
#2871=ORIENTED_EDGE('',*,*,#2870,.F.);
#2872=CARTESIAN_POINT('',(-5.110214496882,-2.525016395166,0.480000000000));
#2873=VERTEX_POINT('',#2872);
#2874=CIRCLE('',#102,5.700000000000);
#2875=EDGE_CURVE('',#2873,#2868,#2874,.T.);
#2876=ORIENTED_EDGE('',*,*,#2875,.F.);
#2877=CARTESIAN_POINT('',(-5.155608546820,-2.430987558989,0.480000000000));
#2878=VERTEX_POINT('',#2877);
#2879=CIRCLE('',#102,5.700000000000);
#2880=EDGE_CURVE('',#2878,#2873,#2879,.T.);
#2881=ORIENTED_EDGE('',*,*,#2880,.F.);
#2882=CARTESIAN_POINT('',(-5.231055285525,-2.264080519722,0.480000000000));
#2883=VERTEX_POINT('',#2882);
#2884=CIRCLE('',#102,5.700000000000);
#2885=EDGE_CURVE('',#2883,#2878,#2884,.T.);
#2886=ORIENTED_EDGE('',*,*,#2885,.F.);
#2887=CARTESIAN_POINT('',(-5.271649427352,-2.167881988278,0.480000000000));
#2888=VERTEX_POINT('',#2887);
#2889=CIRCLE('',#102,5.700000000000);
#2890=EDGE_CURVE('',#2888,#2883,#2889,.T.);
#2891=ORIENTED_EDGE('',*,*,#2890,.F.);
#2892=CARTESIAN_POINT('',(-5.305941240315,-2.082543529996,0.480000000000));
#2893=VERTEX_POINT('',#2892);
#2894=CIRCLE('',#102,5.700000000000);
#2895=EDGE_CURVE('',#2893,#2888,#2894,.T.);
#2896=ORIENTED_EDGE('',*,*,#2895,.F.);
#2897=CARTESIAN_POINT('',(-5.343197555288,-1.985003749408,0.480000000000));
#2898=VERTEX_POINT('',#2897);
#2899=CIRCLE('',#102,5.700000000000);
#2900=EDGE_CURVE('',#2898,#2893,#2899,.T.);
#2901=ORIENTED_EDGE('',*,*,#2900,.F.);
#2902=CARTESIAN_POINT('',(-5.404217790486,-1.812299664238,0.480000000000));
#2903=VERTEX_POINT('',#2902);
#2904=CIRCLE('',#102,5.700000000000);
#2905=EDGE_CURVE('',#2903,#2898,#2904,.T.);
#2906=ORIENTED_EDGE('',*,*,#2905,.F.);
#2907=CARTESIAN_POINT('',(-5.436507486060,-1.713005065380,0.480000000000));
#2908=VERTEX_POINT('',#2907);
#2909=CIRCLE('',#102,5.700000000000);
#2910=EDGE_CURVE('',#2908,#2903,#2909,.T.);
#2911=ORIENTED_EDGE('',*,*,#2910,.F.);
#2912=CARTESIAN_POINT('',(-5.463438555526,-1.625065890971,0.480000000000));
#2913=VERTEX_POINT('',#2912);
#2914=CIRCLE('',#102,5.700000000000);
#2915=EDGE_CURVE('',#2913,#2908,#2914,.T.);
#2916=ORIENTED_EDGE('',*,*,#2915,.F.);
#2917=CARTESIAN_POINT('',(-5.492288702932,-1.524717942326,0.480000000000));
#2918=VERTEX_POINT('',#2917);
#2919=CIRCLE('',#102,5.700000000000);
#2920=EDGE_CURVE('',#2918,#2913,#2919,.T.);
#2921=ORIENTED_EDGE('',*,*,#2920,.F.);
#2922=CARTESIAN_POINT('',(-5.538442782429,-1.347461148144,0.480000000000));
#2923=VERTEX_POINT('',#2922);
#2924=CIRCLE('',#102,5.700000000000);
#2925=EDGE_CURVE('',#2923,#2918,#2924,.T.);
#2926=ORIENTED_EDGE('',*,*,#2925,.F.);
#2927=CARTESIAN_POINT('',(-5.562195383753,-1.245785901732,0.480000000000));
#2928=VERTEX_POINT('',#2927);
#2929=CIRCLE('',#102,5.700000000000);
#2930=EDGE_CURVE('',#2928,#2923,#2929,.T.);
#2931=ORIENTED_EDGE('',*,*,#2930,.F.);
#2932=CARTESIAN_POINT('',(-5.581571670749,-1.155879614963,0.480000000000));
#2933=VERTEX_POINT('',#2932);
#2934=CIRCLE('',#102,5.700000000000);
#2935=EDGE_CURVE('',#2933,#2928,#2934,.T.);
#2936=ORIENTED_EDGE('',*,*,#2935,.F.);
#2937=CARTESIAN_POINT('',(-5.601807784615,-1.053446507531,0.480000000000));
#2938=VERTEX_POINT('',#2937);
#2939=CIRCLE('',#102,5.700000000000);
#2940=EDGE_CURVE('',#2938,#2933,#2939,.T.);
#2941=ORIENTED_EDGE('',*,*,#2940,.F.);
#2942=CARTESIAN_POINT('',(-5.632763167212,-0.872914143601,0.480000000000));
#2943=VERTEX_POINT('',#2942);
#2944=CIRCLE('',#102,5.700000000000);
#2945=EDGE_CURVE('',#2943,#2938,#2944,.T.);
#2946=ORIENTED_EDGE('',*,*,#2945,.F.);
#2947=CARTESIAN_POINT('',(-5.647807536250,-0.769590822115,0.480000000000));
#2948=VERTEX_POINT('',#2947);
#2949=CIRCLE('',#102,5.700000000000);
#2950=EDGE_CURVE('',#2948,#2943,#2949,.T.);
#2951=ORIENTED_EDGE('',*,*,#2950,.F.);
#2952=CARTESIAN_POINT('',(-5.659489434184,-0.678365199843,0.480000000000));
#2953=VERTEX_POINT('',#2952);
#2954=CIRCLE('',#102,5.700000000000);
#2955=EDGE_CURVE('',#2953,#2948,#2954,.T.);
#2956=ORIENTED_EDGE('',*,*,#2955,.F.);
#2957=CARTESIAN_POINT('',(-5.670965712845,-0.574584966509,0.480000000000));
#2958=VERTEX_POINT('',#2957);
#2959=CIRCLE('',#102,5.700000000000);
#2960=EDGE_CURVE('',#2958,#2953,#2959,.T.);
#2961=ORIENTED_EDGE('',*,*,#2960,.F.);
#2962=CARTESIAN_POINT('',(-5.686499364301,-0.392077772650,0.480000000000));
#2963=VERTEX_POINT('',#2962);
#2964=CIRCLE('',#102,5.700000000000);
#2965=EDGE_CURVE('',#2963,#2958,#2964,.T.);
#2966=ORIENTED_EDGE('',*,*,#2965,.F.);
#2967=CARTESIAN_POINT('',(-5.692727106028,-0.287850822989,0.480000000000));
#2968=VERTEX_POINT('',#2967);
#2969=CIRCLE('',#102,5.700000000000);
#2970=EDGE_CURVE('',#2968,#2963,#2969,.T.);
#2971=ORIENTED_EDGE('',*,*,#2970,.F.);
#2972=CARTESIAN_POINT('',(-5.696630446559,-0.195963147912,0.480000000000));
#2973=VERTEX_POINT('',#2972);
#2974=CIRCLE('',#102,5.700000000000);
#2975=EDGE_CURVE('',#2973,#2968,#2974,.T.);
#2976=ORIENTED_EDGE('',*,*,#2975,.F.);
#2977=CARTESIAN_POINT('',(-5.699264203164,-0.091583527637,0.480000000000));
#2978=VERTEX_POINT('',#2977);
#2979=CIRCLE('',#102,5.700000000000);
#2980=EDGE_CURVE('',#2978,#2973,#2979,.T.);
#2981=ORIENTED_EDGE('',*,*,#2980,.F.);
#2982=CARTESIAN_POINT('',(-5.699264203164,0.091583527637,0.480000000000));
#2983=VERTEX_POINT('',#2982);
#2984=CIRCLE('',#102,5.700000000000);
#2985=EDGE_CURVE('',#2983,#2978,#2984,.T.);
#2986=ORIENTED_EDGE('',*,*,#2985,.F.);
#2987=CARTESIAN_POINT('',(-5.696630446559,0.195963147912,0.480000000000));
#2988=VERTEX_POINT('',#2987);
#2989=CIRCLE('',#102,5.700000000000);
#2990=EDGE_CURVE('',#2988,#2983,#2989,.T.);
#2991=ORIENTED_EDGE('',*,*,#2990,.F.);
#2992=CARTESIAN_POINT('',(-5.692727106028,0.287850822989,0.480000000000));
#2993=VERTEX_POINT('',#2992);
#2994=CIRCLE('',#102,5.700000000000);
#2995=EDGE_CURVE('',#2993,#2988,#2994,.T.);
#2996=ORIENTED_EDGE('',*,*,#2995,.F.);
#2997=CARTESIAN_POINT('',(-5.686499364301,0.392077772650,0.480000000000));
#2998=VERTEX_POINT('',#2997);
#2999=CIRCLE('',#102,5.700000000000);
#3000=EDGE_CURVE('',#2998,#2993,#2999,.T.);
#3001=ORIENTED_EDGE('',*,*,#3000,.F.);
#3002=CARTESIAN_POINT('',(-5.670965712845,0.574584966509,0.480000000000));
#3003=VERTEX_POINT('',#3002);
#3004=CIRCLE('',#102,5.700000000000);
#3005=EDGE_CURVE('',#3003,#2998,#3004,.T.);
#3006=ORIENTED_EDGE('',*,*,#3005,.F.);
#3007=CARTESIAN_POINT('',(-5.659489434184,0.678365199843,0.480000000000));
#3008=VERTEX_POINT('',#3007);
#3009=CIRCLE('',#102,5.700000000000);
#3010=EDGE_CURVE('',#3008,#3003,#3009,.T.);
#3011=ORIENTED_EDGE('',*,*,#3010,.F.);
#3012=CARTESIAN_POINT('',(-5.647807536250,0.769590822115,0.480000000000));
#3013=VERTEX_POINT('',#3012);
#3014=CIRCLE('',#102,5.700000000000);
#3015=EDGE_CURVE('',#3013,#3008,#3014,.T.);
#3016=ORIENTED_EDGE('',*,*,#3015,.F.);
#3017=CARTESIAN_POINT('',(-5.632763167212,0.872914143601,0.480000000000));
#3018=VERTEX_POINT('',#3017);
#3019=CIRCLE('',#102,5.700000000000);
#3020=EDGE_CURVE('',#3018,#3013,#3019,.T.);
#3021=ORIENTED_EDGE('',*,*,#3020,.F.);
#3022=CARTESIAN_POINT('',(-5.601807784615,1.053446507531,0.480000000000));
#3023=VERTEX_POINT('',#3022);
#3024=CIRCLE('',#102,5.700000000000);
#3025=EDGE_CURVE('',#3023,#3018,#3024,.T.);
#3026=ORIENTED_EDGE('',*,*,#3025,.F.);
#3027=CARTESIAN_POINT('',(-5.581571670749,1.155879614963,0.480000000000));
#3028=VERTEX_POINT('',#3027);
#3029=CIRCLE('',#102,5.700000000000);
#3030=EDGE_CURVE('',#3028,#3023,#3029,.T.);
#3031=ORIENTED_EDGE('',*,*,#3030,.F.);
#3032=CARTESIAN_POINT('',(-5.562195383753,1.245785901732,0.480000000000));
#3033=VERTEX_POINT('',#3032);
#3034=CIRCLE('',#102,5.700000000000);
#3035=EDGE_CURVE('',#3033,#3028,#3034,.T.);
#3036=ORIENTED_EDGE('',*,*,#3035,.F.);
#3037=CARTESIAN_POINT('',(-5.538442782429,1.347461148144,0.480000000000));
#3038=VERTEX_POINT('',#3037);
#3039=CIRCLE('',#102,5.700000000000);
#3040=EDGE_CURVE('',#3038,#3033,#3039,.T.);
#3041=ORIENTED_EDGE('',*,*,#3040,.F.);
#3042=CARTESIAN_POINT('',(-5.492288702932,1.524717942326,0.480000000000));
#3043=VERTEX_POINT('',#3042);
#3044=CIRCLE('',#102,5.700000000000);
#3045=EDGE_CURVE('',#3043,#3038,#3044,.T.);
#3046=ORIENTED_EDGE('',*,*,#3045,.F.);
#3047=CARTESIAN_POINT('',(-5.463438555526,1.625065890971,0.480000000000));
#3048=VERTEX_POINT('',#3047);
#3049=CIRCLE('',#102,5.700000000000);
#3050=EDGE_CURVE('',#3048,#3043,#3049,.T.);
#3051=ORIENTED_EDGE('',*,*,#3050,.F.);
#3052=CARTESIAN_POINT('',(-5.436507486060,1.713005065380,0.480000000000));
#3053=VERTEX_POINT('',#3052);
#3054=CIRCLE('',#102,5.700000000000);
#3055=EDGE_CURVE('',#3053,#3048,#3054,.T.);
#3056=ORIENTED_EDGE('',*,*,#3055,.F.);
#3057=CARTESIAN_POINT('',(-5.404217790486,1.812299664238,0.480000000000));
#3058=VERTEX_POINT('',#3057);
#3059=CIRCLE('',#102,5.700000000000);
#3060=EDGE_CURVE('',#3058,#3053,#3059,.T.);
#3061=ORIENTED_EDGE('',*,*,#3060,.F.);
#3062=CARTESIAN_POINT('',(-5.343197555288,1.985003749408,0.480000000000));
#3063=VERTEX_POINT('',#3062);
#3064=CIRCLE('',#102,5.700000000000);
#3065=EDGE_CURVE('',#3063,#3058,#3064,.T.);
#3066=ORIENTED_EDGE('',*,*,#3065,.F.);
#3067=CARTESIAN_POINT('',(-5.305941240315,2.082543529996,0.480000000000));
#3068=VERTEX_POINT('',#3067);
#3069=CIRCLE('',#102,5.700000000000);
#3070=EDGE_CURVE('',#3068,#3063,#3069,.T.);
#3071=ORIENTED_EDGE('',*,*,#3070,.F.);
#3072=CARTESIAN_POINT('',(-5.271649427352,2.167881988278,0.480000000000));
#3073=VERTEX_POINT('',#3072);
#3074=CIRCLE('',#102,5.700000000000);
#3075=EDGE_CURVE('',#3073,#3068,#3074,.T.);
#3076=ORIENTED_EDGE('',*,*,#3075,.F.);
#3077=CARTESIAN_POINT('',(-5.231055285525,2.264080519722,0.480000000000));
#3078=VERTEX_POINT('',#3077);
#3079=CIRCLE('',#102,5.700000000000);
#3080=EDGE_CURVE('',#3078,#3073,#3079,.T.);
#3081=ORIENTED_EDGE('',*,*,#3080,.F.);
#3082=CARTESIAN_POINT('',(-5.155608546820,2.430987558989,0.480000000000));
#3083=VERTEX_POINT('',#3082);
#3084=CIRCLE('',#102,5.700000000000);
#3085=EDGE_CURVE('',#3083,#3078,#3084,.T.);
#3086=ORIENTED_EDGE('',*,*,#3085,.F.);
#3087=CARTESIAN_POINT('',(-5.110214496882,2.525016395166,0.480000000000));
#3088=VERTEX_POINT('',#3087);
#3089=CIRCLE('',#102,5.700000000000);
#3090=EDGE_CURVE('',#3088,#3083,#3089,.T.);
#3091=ORIENTED_EDGE('',*,*,#3090,.F.);
#3092=CARTESIAN_POINT('',(-5.068809013720,2.607139271775,0.480000000000));
#3093=VERTEX_POINT('',#3092);
#3094=CIRCLE('',#102,5.700000000000);
#3095=EDGE_CURVE('',#3093,#3088,#3094,.T.);
#3096=ORIENTED_EDGE('',*,*,#3095,.F.);
#3097=CARTESIAN_POINT('',(-5.020202907362,2.699548623181,0.480000000000));
#3098=VERTEX_POINT('',#3097);
#3099=CIRCLE('',#102,5.700000000000);
#3100=EDGE_CURVE('',#3098,#3093,#3099,.T.);
#3101=ORIENTED_EDGE('',*,*,#3100,.F.);
#3102=CARTESIAN_POINT('',(-4.930873260631,2.859456047502,0.480000000000));
#3103=VERTEX_POINT('',#3102);
#3104=CIRCLE('',#102,5.700000000000);
#3105=EDGE_CURVE('',#3103,#3098,#3104,.T.);
#3106=ORIENTED_EDGE('',*,*,#3105,.F.);
#3107=CARTESIAN_POINT('',(-4.877668540899,2.949296459348,0.480000000000));
#3108=VERTEX_POINT('',#3107);
#3109=CIRCLE('',#102,5.700000000000);
#3110=EDGE_CURVE('',#3108,#3103,#3109,.T.);
#3111=ORIENTED_EDGE('',*,*,#3110,.F.);
#3112=CARTESIAN_POINT('',(-4.829447714993,3.027612057075,0.480000000000));
#3113=VERTEX_POINT('',#3112);
#3114=CIRCLE('',#102,5.700000000000);
#3115=EDGE_CURVE('',#3113,#3108,#3114,.T.);
#3116=ORIENTED_EDGE('',*,*,#3115,.F.);
#3117=CARTESIAN_POINT('',(-4.773179852214,3.115566416949,0.480000000000));
#3118=VERTEX_POINT('',#3117);
#3119=CIRCLE('',#102,5.700000000000);
#3120=EDGE_CURVE('',#3118,#3113,#3119,.T.);
#3121=ORIENTED_EDGE('',*,*,#3120,.F.);
#3122=CARTESIAN_POINT('',(-4.670610919609,3.267322089668,0.480000000000));
#3123=VERTEX_POINT('',#3122);
#3124=CIRCLE('',#102,5.700000000000);
#3125=EDGE_CURVE('',#3123,#3118,#3124,.T.);
#3126=ORIENTED_EDGE('',*,*,#3125,.F.);
#3127=CARTESIAN_POINT('',(-4.609978871307,3.352326774958,0.480000000000));
#3128=VERTEX_POINT('',#3127);
#3129=CIRCLE('',#102,5.700000000000);
#3130=EDGE_CURVE('',#3128,#3123,#3129,.T.);
#3131=ORIENTED_EDGE('',*,*,#3130,.F.);
#3132=CARTESIAN_POINT('',(-4.555290134813,3.426270828127,0.480000000000));
#3133=VERTEX_POINT('',#3132);
#3134=CIRCLE('',#102,5.700000000000);
#3135=EDGE_CURVE('',#3133,#3128,#3134,.T.);
#3136=ORIENTED_EDGE('',*,*,#3135,.F.);
#3137=CARTESIAN_POINT('',(-4.491765926853,3.509136483290,0.480000000000));
#3138=VERTEX_POINT('',#3137);
#3139=CIRCLE('',#102,5.700000000000);
#3140=EDGE_CURVE('',#3138,#3133,#3139,.T.);
#3141=ORIENTED_EDGE('',*,*,#3140,.F.);
#3142=CARTESIAN_POINT('',(-4.376696719884,3.651647001307,0.480000000000));
#3143=VERTEX_POINT('',#3142);
#3144=CIRCLE('',#102,5.700000000000);
#3145=EDGE_CURVE('',#3143,#3138,#3144,.T.);
#3146=ORIENTED_EDGE('',*,*,#3145,.F.);
#3147=CARTESIAN_POINT('',(-4.309074198310,3.731203499336,0.480000000000));
#3148=VERTEX_POINT('',#3147);
#3149=CIRCLE('',#102,5.700000000000);
#3150=EDGE_CURVE('',#3148,#3143,#3149,.T.);
#3151=ORIENTED_EDGE('',*,*,#3150,.F.);
#3152=CARTESIAN_POINT('',(-4.248311584828,3.800243239349,0.480000000000));
#3153=VERTEX_POINT('',#3152);
#3154=CIRCLE('',#102,5.700000000000);
#3155=EDGE_CURVE('',#3153,#3148,#3154,.T.);
#3156=ORIENTED_EDGE('',*,*,#3155,.F.);
#3157=CARTESIAN_POINT('',(-4.177988725061,3.877423140858,0.480000000000));
#3158=VERTEX_POINT('',#3157);
#3159=CIRCLE('',#102,5.700000000000);
#3160=EDGE_CURVE('',#3158,#3153,#3159,.T.);
#3161=ORIENTED_EDGE('',*,*,#3160,.F.);
#3162=CARTESIAN_POINT('',(-4.051248320001,4.009661712625,0.480000000000));
#3163=VERTEX_POINT('',#3162);
#3164=CIRCLE('',#102,5.700000000000);
#3165=EDGE_CURVE('',#3163,#3158,#3164,.T.);
#3166=ORIENTED_EDGE('',*,*,#3165,.F.);
#3167=CARTESIAN_POINT('',(-3.977122546972,4.083196817001,0.480000000000));
#3168=VERTEX_POINT('',#3167);
#3169=CIRCLE('',#102,5.700000000000);
#3170=EDGE_CURVE('',#3168,#3163,#3169,.T.);
#3171=ORIENTED_EDGE('',*,*,#3170,.F.);
#3172=CARTESIAN_POINT('',(-3.910723852524,4.146834810949,0.480000000000));
#3173=VERTEX_POINT('',#3172);
#3174=CIRCLE('',#102,5.700000000000);
#3175=EDGE_CURVE('',#3173,#3168,#3174,.T.);
#3176=ORIENTED_EDGE('',*,*,#3175,.F.);
#3177=CARTESIAN_POINT('',(-3.834109018767,4.217772875844,0.480000000000));
#3178=VERTEX_POINT('',#3177);
#3179=CIRCLE('',#102,5.700000000000);
#3180=EDGE_CURVE('',#3178,#3173,#3179,.T.);
#3181=ORIENTED_EDGE('',*,*,#3180,.F.);
#3182=CARTESIAN_POINT('',(-3.696610583138,4.338786719422,0.480000000000));
#3183=VERTEX_POINT('',#3182);
#3184=CIRCLE('',#102,5.700000000000);
#3185=EDGE_CURVE('',#3183,#3178,#3184,.T.);
#3186=ORIENTED_EDGE('',*,*,#3185,.F.);
#3187=CARTESIAN_POINT('',(-3.616515636548,4.405770608033,0.480000000000));
#3188=VERTEX_POINT('',#3187);
#3189=CIRCLE('',#102,5.700000000000);
#3190=EDGE_CURVE('',#3188,#3183,#3189,.T.);
#3191=ORIENTED_EDGE('',*,*,#3190,.F.);
#3192=CARTESIAN_POINT('',(-3.544959265248,4.463548342712,0.480000000000));
#3193=VERTEX_POINT('',#3192);
#3194=CIRCLE('',#102,5.700000000000);
#3195=EDGE_CURVE('',#3193,#3188,#3194,.T.);
#3196=ORIENTED_EDGE('',*,*,#3195,.F.);
#3197=CARTESIAN_POINT('',(-3.462604469134,4.527733460611,0.480000000000));
#3198=VERTEX_POINT('',#3197);
#3199=CIRCLE('',#102,5.700000000000);
#3200=EDGE_CURVE('',#3198,#3193,#3199,.T.);
#3201=ORIENTED_EDGE('',*,*,#3200,.F.);
#3202=CARTESIAN_POINT('',(-3.315338682315,4.636650668483,0.480000000000));
#3203=VERTEX_POINT('',#3202);
#3204=CIRCLE('',#102,5.700000000000);
#3205=EDGE_CURVE('',#3203,#3198,#3204,.T.);
#3206=ORIENTED_EDGE('',*,*,#3205,.F.);
#3207=CARTESIAN_POINT('',(-3.229851648090,4.696600720876,0.480000000000));
#3208=VERTEX_POINT('',#3207);
#3209=CIRCLE('',#102,5.700000000000);
#3210=EDGE_CURVE('',#3208,#3203,#3209,.T.);
#3211=ORIENTED_EDGE('',*,*,#3210,.F.);
#3212=CARTESIAN_POINT('',(-3.153653165234,4.748101906384,0.480000000000));
#3213=VERTEX_POINT('',#3212);
#3214=CIRCLE('',#102,5.700000000000);
#3215=EDGE_CURVE('',#3213,#3208,#3214,.T.);
#3216=ORIENTED_EDGE('',*,*,#3215,.F.);
#3217=CARTESIAN_POINT('',(-3.066151774955,4.805071622040,0.480000000000));
#3218=VERTEX_POINT('',#3217);
#3219=CIRCLE('',#102,5.700000000000);
#3220=EDGE_CURVE('',#3218,#3213,#3219,.T.);
#3221=ORIENTED_EDGE('',*,*,#3220,.F.);
#3222=CARTESIAN_POINT('',(-2.910179690316,4.901107443229,0.480000000000));
#3223=VERTEX_POINT('',#3222);
#3224=CIRCLE('',#102,5.700000000000);
#3225=EDGE_CURVE('',#3223,#3218,#3224,.T.);
#3226=ORIENTED_EDGE('',*,*,#3225,.F.);
#3227=CARTESIAN_POINT('',(-2.819916504495,4.953591717903,0.480000000000));
#3228=VERTEX_POINT('',#3227);
#3229=CIRCLE('',#102,5.700000000000);
#3230=EDGE_CURVE('',#3228,#3223,#3229,.T.);
#3231=ORIENTED_EDGE('',*,*,#3230,.F.);
#3232=CARTESIAN_POINT('',(-2.739624921898,4.998445287018,0.480000000000));
#3233=VERTEX_POINT('',#3232);
#3234=CIRCLE('',#102,5.700000000000);
#3235=EDGE_CURVE('',#3233,#3228,#3234,.T.);
#3236=ORIENTED_EDGE('',*,*,#3235,.F.);
#3237=CARTESIAN_POINT('',(-2.647607386978,5.047789132325,0.480000000000));
#3238=VERTEX_POINT('',#3237);
#3239=CIRCLE('',#102,5.700000000000);
#3240=EDGE_CURVE('',#3238,#3233,#3239,.T.);
#3241=ORIENTED_EDGE('',*,*,#3240,.F.);
#3242=CARTESIAN_POINT('',(-2.484052786962,5.130251626537,0.480000000000));
#3243=VERTEX_POINT('',#3242);
#3244=CIRCLE('',#102,5.700000000000);
#3245=EDGE_CURVE('',#3243,#3238,#3244,.T.);
#3246=ORIENTED_EDGE('',*,*,#3245,.F.);
#3247=CARTESIAN_POINT('',(-2.389663797868,5.174891973091,0.480000000000));
#3248=VERTEX_POINT('',#3247);
#3249=CIRCLE('',#102,5.700000000000);
#3250=EDGE_CURVE('',#3248,#3243,#3249,.T.);
#3251=ORIENTED_EDGE('',*,*,#3250,.F.);
#3252=CARTESIAN_POINT('',(-2.305857618222,5.212774754820,0.480000000000));
#3253=VERTEX_POINT('',#3252);
#3254=CIRCLE('',#102,5.700000000000);
#3255=EDGE_CURVE('',#3253,#3248,#3254,.T.);
#3256=ORIENTED_EDGE('',*,*,#3255,.F.);
#3257=CARTESIAN_POINT('',(-2.209986927107,5.254137206242,0.480000000000));
#3258=VERTEX_POINT('',#3257);
#3259=CIRCLE('',#102,5.700000000000);
#3260=EDGE_CURVE('',#3258,#3253,#3259,.T.);
#3261=ORIENTED_EDGE('',*,*,#3260,.F.);
#3262=CARTESIAN_POINT('',(-2.040028226355,5.322432229317,0.480000000000));
#3263=VERTEX_POINT('',#3262);
#3264=CIRCLE('',#102,5.700000000000);
#3265=EDGE_CURVE('',#3263,#3258,#3264,.T.);
#3266=ORIENTED_EDGE('',*,*,#3265,.F.);
#3267=CARTESIAN_POINT('',(-1.942193508818,5.358907013030,0.480000000000));
#3268=VERTEX_POINT('',#3267);
#3269=CIRCLE('',#102,5.700000000000);
#3270=EDGE_CURVE('',#3268,#3263,#3269,.T.);
#3271=ORIENTED_EDGE('',*,*,#3270,.F.);
#3272=CARTESIAN_POINT('',(-1.855476557568,5.389546061063,0.480000000000));
#3273=VERTEX_POINT('',#3272);
#3274=CIRCLE('',#102,5.700000000000);
#3275=EDGE_CURVE('',#3273,#3268,#3274,.T.);
#3276=ORIENTED_EDGE('',*,*,#3275,.F.);
#3277=CARTESIAN_POINT('',(-1.756443460785,5.422629101189,0.480000000000));
#3278=VERTEX_POINT('',#3277);
#3279=CIRCLE('',#102,5.700000000000);
#3280=EDGE_CURVE('',#3278,#3273,#3279,.T.);
#3281=ORIENTED_EDGE('',*,*,#3280,.F.);
#3282=CARTESIAN_POINT('',(-1.581305215631,5.476264585922,0.480000000000));
#3283=VERTEX_POINT('',#3282);
#3284=CIRCLE('',#102,5.700000000000);
#3285=EDGE_CURVE('',#3283,#3278,#3284,.T.);
#3286=ORIENTED_EDGE('',*,*,#3285,.F.);
#3287=CARTESIAN_POINT('',(-1.480729671031,5.504311005142,0.480000000000));
#3288=VERTEX_POINT('',#3287);
#3289=CIRCLE('',#102,5.700000000000);
#3290=EDGE_CURVE('',#3288,#3283,#3289,.T.);
#3291=ORIENTED_EDGE('',*,*,#3290,.F.);
#3292=CARTESIAN_POINT('',(-1.391726745799,5.527485564434,0.480000000000));
#3293=VERTEX_POINT('',#3292);
#3294=CIRCLE('',#102,5.700000000000);
#3295=EDGE_CURVE('',#3293,#3288,#3294,.T.);
#3296=ORIENTED_EDGE('',*,*,#3295,.F.);
#3297=CARTESIAN_POINT('',(-1.290244779079,5.552050829204,0.480000000000));
#3298=VERTEX_POINT('',#3297);
#3299=CIRCLE('',#102,5.700000000000);
#3300=EDGE_CURVE('',#3298,#3293,#3299,.T.);
#3301=ORIENTED_EDGE('',*,*,#3300,.F.);
#3302=CARTESIAN_POINT('',(-1.111188864592,5.590640330696,0.480000000000));
#3303=VERTEX_POINT('',#3302);
#3304=CIRCLE('',#102,5.700000000000);
#3305=EDGE_CURVE('',#3303,#3298,#3304,.T.);
#3306=ORIENTED_EDGE('',*,*,#3305,.F.);
#3307=CARTESIAN_POINT('',(-1.008597142034,5.610056310331,0.480000000000));
#3308=VERTEX_POINT('',#3307);
#3309=CIRCLE('',#102,5.700000000000);
#3310=EDGE_CURVE('',#3308,#3303,#3309,.T.);
#3311=ORIENTED_EDGE('',*,*,#3310,.F.);
#3312=CARTESIAN_POINT('',(-0.917949510935,5.625599407652,0.480000000000));
#3313=VERTEX_POINT('',#3312);
#3314=CIRCLE('',#102,5.700000000000);
#3315=EDGE_CURVE('',#3313,#3308,#3314,.T.);
#3316=ORIENTED_EDGE('',*,*,#3315,.F.);
#3317=CARTESIAN_POINT('',(-0.814749854173,5.641469903768,0.480000000000));
#3318=VERTEX_POINT('',#3317);
#3319=CIRCLE('',#102,5.700000000000);
#3320=EDGE_CURVE('',#3318,#3313,#3319,.T.);
#3321=ORIENTED_EDGE('',*,*,#3320,.F.);
#3322=CARTESIAN_POINT('',(-0.633066372321,5.664735383779,0.480000000000));
#3323=VERTEX_POINT('',#3322);
#3324=CIRCLE('',#102,5.700000000000);
#3325=EDGE_CURVE('',#3323,#3318,#3324,.T.);
#3326=ORIENTED_EDGE('',*,*,#3325,.F.);
#3327=CARTESIAN_POINT('',(-0.529197647517,5.675381031249,0.480000000000));
#3328=VERTEX_POINT('',#3327);
#3329=CIRCLE('',#102,5.700000000000);
#3330=EDGE_CURVE('',#3328,#3323,#3329,.T.);
#3331=ORIENTED_EDGE('',*,*,#3330,.F.);
#3332=CARTESIAN_POINT('',(-0.437558428809,5.683180678227,0.480000000000));
#3333=VERTEX_POINT('',#3332);
#3334=CIRCLE('',#102,5.700000000000);
#3335=EDGE_CURVE('',#3333,#3328,#3334,.T.);
#3336=ORIENTED_EDGE('',*,*,#3335,.F.);
#3337=CARTESIAN_POINT('',(-0.333384637899,5.690242058403,0.480000000000));
#3338=VERTEX_POINT('',#3337);
#3339=CIRCLE('',#102,5.700000000000);
#3340=EDGE_CURVE('',#3338,#3333,#3339,.T.);
#3341=ORIENTED_EDGE('',*,*,#3340,.F.);
#3342=CIRCLE('',#102,5.700000000000);
#3343=EDGE_CURVE('',#1868,#3338,#3342,.T.);
#3344=ORIENTED_EDGE('',*,*,#3343,.F.);
#3345=EDGE_LOOP('',(#1871,#1876,#1881,#1886,#1891,#1896,#1901,#1906,#1911,#1916,#1921,#1926,#1931,#1936,#1941,#1946,#1951,#1956,#1961,#1966,#1971,#1976,#1981,#1986,#1991,#1996,#2001,#2006,#2011,#2016,#2021,#2026,#2031,#2036,#2041,#2046,#2051,#2056,#2061,#2066,#2071,#2076,#2081,#2086,#2091,#2096,#2101,#2106,#2111,#2116,#2121,#2126,#2131,#2136,#2141,#2146,#2151,#2156,#2161,#2166,#2171,#2176,#2181,#2186,#2191,#2196,#2201,#2206,#2211,#2216,#2221,#2226,#2231,#2236,#2241,#2246,#2251,#2256,#2261,#2266,#2271,#2276,#2281,#2286,#2291,#2296,#2301,#2306,#2311,#2316,#2321,#2326,#2331,#2336,#2341,#2346,#2351,#2356,#2361,#2366,#2371,#2376,#2381,#2386,#2391,#2396,#2401,#2406,#2411,#2416,#2421,#2426,#2431,#2436,#2441,#2446,#2451,#2456,#2461,#2466,#2471,#2476,#2481,#2486,#2491,#2496,#2501,#2506,#2511,#2516,#2521,#2526,#2531,#2536,#2541,#2546,#2551,#2556,#2561,#2566,#2571,#2576,#2581,#2586,#2591,#2596,#2601,#2606,#2611,#2616,#2621,#2626,#2631,#2636,#2641,#2646,#2651,#2656,#2661,#2666,#2671,#2676,#2681,#2686,#2691,#2696,#2701,#2706,#2711,#2716,#2721,#2726,#2731,#2736,#2741,#2746,#2751,#2756,#2761,#2766,#2771,#2776,#2781,#2786,#2791,#2796,#2801,#2806,#2811,#2816,#2821,#2826,#2831,#2836,#2841,#2846,#2851,#2856,#2861,#2866,#2871,#2876,#2881,#2886,#2891,#2896,#2901,#2906,#2911,#2916,#2921,#2926,#2931,#2936,#2941,#2946,#2951,#2956,#2961,#2966,#2971,#2976,#2981,#2986,#2991,#2996,#3001,#3006,#3011,#3016,#3021,#3026,#3031,#3036,#3041,#3046,#3051,#3056,#3061,#3066,#3071,#3076,#3081,#3086,#3091,#3096,#3101,#3106,#3111,#3116,#3121,#3126,#3131,#3136,#3141,#3146,#3151,#3156,#3161,#3166,#3171,#3176,#3181,#3186,#3191,#3196,#3201,#3206,#3211,#3216,#3221,#3226,#3231,#3236,#3241,#3246,#3251,#3256,#3261,#3266,#3271,#3276,#3281,#3286,#3291,#3296,#3301,#3306,#3311,#3316,#3321,#3326,#3331,#3336,#3341,#3344));
#3346=ORIENTED_EDGE('',*,*,#40,.F.);
#3347=CARTESIAN_POINT('',(1.034203180715,-5.654093931922,0.480000000000));
#3348=VERTEX_POINT('',#3347);
#3349=CIRCLE('',#102,5.747900000000);
#3350=EDGE_CURVE('',#30,#3348,#3349,.T.);
#3351=ORIENTED_EDGE('',*,*,#3350,.T.);
#3352=CARTESIAN_POINT('',(1.087369290397,-5.745529747076,0.480000000000));
#3353=VERTEX_POINT('',#3352);
#3354=CARTESIAN_POINT('',(-1.684049788925,-0.979204654512,0.480000000000));
#3355=DIRECTION('',(0.502661101066,-0.864483555353,0.000000000000));
#3356=VECTOR('',#3355,1.0);
#3357=LINE('',#3354,#3356);
#3358=EDGE_CURVE('',#3348,#3353,#3357,.T.);
#3359=ORIENTED_EDGE('',*,*,#3358,.T.);
#3360=LINE('',#3354,#3356);
#3361=EDGE_CURVE('',#3353,#233,#3360,.T.);
#3362=ORIENTED_EDGE('',*,*,#3361,.T.);
#3363=ORIENTED_EDGE('',*,*,#237,.T.);
#3364=CARTESIAN_POINT('',(1.375748997661,-5.683379165925,0.480000000000));
#3365=VERTEX_POINT('',#3364);
#3366=CARTESIAN_POINT('',(1.937889766380,-0.198616968948,0.480000000000));
#3367=DIRECTION('',(0.101957260765,0.994788780082,0.000000000000));
#3368=VECTOR('',#3367,1.0);
#3369=LINE('',#3366,#3368);
#3370=EDGE_CURVE('',#235,#3365,#3369,.T.);
#3371=ORIENTED_EDGE('',*,*,#3370,.T.);
#3372=CARTESIAN_POINT('',(1.386532945130,-5.578161059173,0.480000000000));
#3373=VERTEX_POINT('',#3372);
#3374=LINE('',#3366,#3368);
#3375=EDGE_CURVE('',#3365,#3373,#3374,.T.);
#3376=ORIENTED_EDGE('',*,*,#3375,.T.);
#3377=CARTESIAN_POINT('',(1.509978114875,-5.546018436915,0.480000000000));
#3378=VERTEX_POINT('',#3377);
#3379=CIRCLE('',#102,5.747900000000);
#3380=EDGE_CURVE('',#3373,#3378,#3379,.T.);
#3381=ORIENTED_EDGE('',*,*,#3380,.T.);
#3382=CARTESIAN_POINT('',(1.570706991872,-5.632616052415,0.480000000000));
#3383=VERTEX_POINT('',#3382);
#3384=CARTESIAN_POINT('',(-1.594940624289,-1.118494457737,0.480000000000));
#3385=DIRECTION('',(0.574163585795,-0.818740604066,0.000000000000));
#3386=VECTOR('',#3385,1.0);
#3387=LINE('',#3384,#3386);
#3388=EDGE_CURVE('',#3378,#3383,#3387,.T.);
#3389=ORIENTED_EDGE('',*,*,#3388,.T.);
#3390=LINE('',#3384,#3386);
#3391=EDGE_CURVE('',#3383,#394,#3390,.T.);
#3392=ORIENTED_EDGE('',*,*,#3391,.T.);
#3393=ORIENTED_EDGE('',*,*,#398,.T.);
#3394=CARTESIAN_POINT('',(1.852777070445,-5.546233061770,0.480000000000));
#3395=VERTEX_POINT('',#3394);
#3396=CARTESIAN_POINT('',(1.947752391962,-0.033556915873,0.480000000000));
#3397=DIRECTION('',(0.017225976412,0.999851621860,0.000000000000));
#3398=VECTOR('',#3397,1.0);
#3399=LINE('',#3396,#3398);
#3400=EDGE_CURVE('',#396,#3395,#3399,.T.);
#3401=ORIENTED_EDGE('',*,*,#3400,.T.);
#3402=CARTESIAN_POINT('',(1.854599049805,-5.440479461818,0.480000000000));
#3403=VERTEX_POINT('',#3402);
#3404=LINE('',#3396,#3398);
#3405=EDGE_CURVE('',#3395,#3403,#3404,.T.);
#3406=ORIENTED_EDGE('',*,*,#3405,.T.);
#3407=CARTESIAN_POINT('',(1.974873622117,-5.397983751983,0.480000000000));
#3408=VERTEX_POINT('',#3407);
#3409=CIRCLE('',#102,5.747900000000);
#3410=EDGE_CURVE('',#3403,#3408,#3409,.T.);
#3411=ORIENTED_EDGE('',*,*,#3410,.T.);
#3412=CARTESIAN_POINT('',(2.042727713478,-5.479119230025,0.480000000000));
#3413=VERTEX_POINT('',#3412);
#3414=CARTESIAN_POINT('',(-1.494339875907,-1.249725482764,0.480000000000));
#3415=DIRECTION('',(0.641529208733,-0.767098607966,0.000000000000));
#3416=VECTOR('',#3415,1.0);
#3417=LINE('',#3414,#3416);
#3418=EDGE_CURVE('',#3408,#3413,#3417,.T.);
#3419=ORIENTED_EDGE('',*,*,#3418,.T.);
#3420=LINE('',#3414,#3416);
#3421=EDGE_CURVE('',#3413,#325,#3420,.T.);
#3422=ORIENTED_EDGE('',*,*,#3421,.T.);
#3423=ORIENTED_EDGE('',*,*,#329,.T.);
#3424=CARTESIAN_POINT('',(2.316455841981,-5.369126221313,0.480000000000));
#3425=VERTEX_POINT('',#3424);
#3426=CARTESIAN_POINT('',(1.943581416927,0.131744915551,0.480000000000));
#3427=DIRECTION('',(-0.067629421496,0.997710509791,0.000000000000));
#3428=VECTOR('',#3427,1.0);
#3429=LINE('',#3426,#3428);
#3430=EDGE_CURVE('',#327,#3425,#3429,.T.);
#3431=ORIENTED_EDGE('',*,*,#3430,.T.);
#3432=CARTESIAN_POINT('',(2.309302725829,-5.263599085272,0.480000000000));
#3433=VERTEX_POINT('',#3432);
#3434=LINE('',#3426,#3428);
#3435=EDGE_CURVE('',#3425,#3433,#3434,.T.);
#3436=ORIENTED_EDGE('',*,*,#3435,.T.);
#3437=CARTESIAN_POINT('',(2.425540119657,-5.211056470423,0.480000000000));
#3438=VERTEX_POINT('',#3437);
#3439=CIRCLE('',#102,5.747900000000);
#3440=EDGE_CURVE('',#3433,#3438,#3439,.T.);
#3441=ORIENTED_EDGE('',*,*,#3440,.T.);
#3442=CARTESIAN_POINT('',(2.500030535100,-5.286145228028,0.480000000000));
#3443=VERTEX_POINT('',#3442);
#3444=CARTESIAN_POINT('',(-1.382972374476,-1.371952207051,0.480000000000));
#3445=DIRECTION('',(0.704272599020,-0.709929648817,0.000000000000));
#3446=VECTOR('',#3445,1.0);
#3447=LINE('',#3444,#3446);
#3448=EDGE_CURVE('',#3438,#3443,#3447,.T.);
#3449=ORIENTED_EDGE('',*,*,#3448,.T.);
#3450=LINE('',#3444,#3446);
#3451=EDGE_CURVE('',#3443,#1015,#3450,.T.);
#3452=ORIENTED_EDGE('',*,*,#3451,.T.);
#3453=ORIENTED_EDGE('',*,*,#1019,.T.);
#3454=CARTESIAN_POINT('',(2.763444496094,-5.153334703398,0.480000000000));
#3455=VERTEX_POINT('',#3454);
#3456=CARTESIAN_POINT('',(1.925406893245,0.296097521839,0.480000000000));
#3457=DIRECTION('',(-0.151997547872,0.988380870637,0.000000000000));
#3458=VECTOR('',#3457,1.0);
#3459=LINE('',#3456,#3458);
#3460=EDGE_CURVE('',#1017,#3455,#3459,.T.);
#3461=ORIENTED_EDGE('',*,*,#3460,.T.);
#3462=CARTESIAN_POINT('',(2.747367822795,-5.048794356702,0.480000000000));
#3463=VERTEX_POINT('',#3462);
#3464=LINE('',#3456,#3458);
#3465=EDGE_CURVE('',#3455,#3463,#3464,.T.);
#3466=ORIENTED_EDGE('',*,*,#3465,.T.);
#3467=CARTESIAN_POINT('',(2.858730545053,-4.986583407583,0.480000000000));
#3468=VERTEX_POINT('',#3467);
#3469=CIRCLE('',#102,5.747900000000);
#3470=EDGE_CURVE('',#3463,#3468,#3469,.T.);
#3471=ORIENTED_EDGE('',*,*,#3470,.T.);
#3472=CARTESIAN_POINT('',(2.939320579428,-5.055084428532,0.480000000000));
#3473=VERTEX_POINT('',#3472);
#3474=CARTESIAN_POINT('',(-1.261640525396,-1.484293984247,0.480000000000));
#3475=DIRECTION('',(0.761941689094,-0.647645630280,0.000000000000));
#3476=VECTOR('',#3475,1.0);
#3477=LINE('',#3474,#3476);
#3478=EDGE_CURVE('',#3468,#3473,#3477,.T.);
#3479=ORIENTED_EDGE('',*,*,#3478,.T.);
#3480=LINE('',#3474,#3476);
#3481=EDGE_CURVE('',#3473,#1107,#3480,.T.);
#3482=ORIENTED_EDGE('',*,*,#3481,.T.);
#3483=ORIENTED_EDGE('',*,*,#1111,.T.);
#3484=CARTESIAN_POINT('',(3.190522469288,-4.900413290857,0.480000000000));
#3485=VERTEX_POINT('',#3484);
#3486=CARTESIAN_POINT('',(1.893359768778,0.458316738697,0.480000000000));
#3487=DIRECTION('',(-0.235270528432,0.971929924661,0.000000000000));
#3488=VECTOR('',#3487,1.0);
#3489=LINE('',#3486,#3488);
#3490=EDGE_CURVE('',#1109,#3485,#3489,.T.);
#3491=ORIENTED_EDGE('',*,*,#3490,.T.);
#3492=CARTESIAN_POINT('',(3.165638071643,-4.797612949099,0.480000000000));
#3493=VERTEX_POINT('',#3492);
#3494=LINE('',#3486,#3488);
#3495=EDGE_CURVE('',#3485,#3493,#3494,.T.);
#3496=ORIENTED_EDGE('',*,*,#3495,.T.);
#3497=CARTESIAN_POINT('',(3.271323751365,-4.726181897024,0.480000000000));
#3498=VERTEX_POINT('',#3497);
#3499=CIRCLE('',#102,5.747900000000);
#3500=EDGE_CURVE('',#3493,#3498,#3499,.T.);
#3501=ORIENTED_EDGE('',*,*,#3500,.T.);
#3502=CARTESIAN_POINT('',(3.357432751627,-4.787601629892,0.480000000000));
#3503=VERTEX_POINT('',#3502);
#3504=CARTESIAN_POINT('',(-1.131218527421,-1.585941389275,0.480000000000));
#3505=DIRECTION('',(0.814120971837,-0.580695310137,0.000000000000));
#3506=VECTOR('',#3505,1.0);
#3507=LINE('',#3504,#3506);
#3508=EDGE_CURVE('',#3498,#3503,#3507,.T.);
#3509=ORIENTED_EDGE('',*,*,#3508,.T.);
#3510=LINE('',#3504,#3506);
#3511=EDGE_CURVE('',#3503,#923,#3510,.T.);
#3512=ORIENTED_EDGE('',*,*,#3511,.T.);
#3513=ORIENTED_EDGE('',*,*,#927,.T.);
#3514=CARTESIAN_POINT('',(3.594612654980,-4.612184288263,0.480000000000));
#3515=VERTEX_POINT('',#3514);
#3516=CARTESIAN_POINT('',(1.847670943790,0.617233772951,0.480000000000));
#3517=DIRECTION('',(-0.316848379444,0.948476201306,0.000000000000));
#3518=VECTOR('',#3517,1.0);
#3519=LINE('',#3516,#3518);
#3520=EDGE_CURVE('',#925,#3515,#3519,.T.);
#3521=ORIENTED_EDGE('',*,*,#3520,.T.);
#3522=CARTESIAN_POINT('',(3.561099825643,-4.511864630261,0.480000000000));
#3523=VERTEX_POINT('',#3522);
#3524=LINE('',#3516,#3518);
#3525=EDGE_CURVE('',#3515,#3523,#3524,.T.);
#3526=ORIENTED_EDGE('',*,*,#3525,.T.);
#3527=CARTESIAN_POINT('',(3.660346995086,-4.431728137596,0.480000000000));
#3528=VERTEX_POINT('',#3527);
#3529=CIRCLE('',#102,5.747900000000);
#3530=EDGE_CURVE('',#3523,#3528,#3529,.T.);
#3531=ORIENTED_EDGE('',*,*,#3530,.T.);
#3532=CARTESIAN_POINT('',(3.751354543915,-4.485624051800,0.480000000000));
#3533=VERTEX_POINT('',#3532);
#3534=CARTESIAN_POINT('',(-0.992646074034,-1.676162050251,0.480000000000));
#3535=DIRECTION('',(0.860434494323,-0.509561066977,0.000000000000));
#3536=VECTOR('',#3535,1.0);
#3537=LINE('',#3534,#3536);
#3538=EDGE_CURVE('',#3528,#3533,#3537,.T.);
#3539=ORIENTED_EDGE('',*,*,#3538,.T.);
#3540=LINE('',#3534,#3536);
#3541=EDGE_CURVE('',#3533,#555,#3540,.T.);
#3542=ORIENTED_EDGE('',*,*,#3541,.T.);
#3543=ORIENTED_EDGE('',*,*,#559,.T.);
#3544=CARTESIAN_POINT('',(3.972803574123,-4.290724392183,0.480000000000));
#3545=VERTEX_POINT('',#3544);
#3546=CARTESIAN_POINT('',(1.788669607312,0.771703623727,0.480000000000));
#3547=DIRECTION('',(-0.396143330622,0.918188685186,0.000000000000));
#3548=VECTOR('',#3547,1.0);
#3549=LINE('',#3546,#3548);
#3550=EDGE_CURVE('',#557,#3545,#3549,.T.);
#3551=ORIENTED_EDGE('',*,*,#3550,.T.);
#3552=CARTESIAN_POINT('',(3.930903773798,-4.193608223373,0.480000000000));
#3553=VERTEX_POINT('',#3552);
#3554=LINE('',#3546,#3548);
#3555=EDGE_CURVE('',#3545,#3553,#3554,.T.);
#3556=ORIENTED_EDGE('',*,*,#3555,.T.);
#3557=CARTESIAN_POINT('',(4.022997354831,-4.105343675385,0.480000000000));
#3558=VERTEX_POINT('',#3557);
#3559=CIRCLE('',#102,5.747900000000);
#3560=EDGE_CURVE('',#3553,#3558,#3559,.T.);
#3561=ORIENTED_EDGE('',*,*,#3560,.T.);
#3562=CARTESIAN_POINT('',(4.118247740752,-4.151327449628,0.480000000000));
#3563=VERTEX_POINT('',#3562);
#3564=CARTESIAN_POINT('',(-0.846921582936,-1.754305925246,0.480000000000));
#3565=DIRECTION('',(0.900548566561,-0.434755424654,0.000000000000));
#3566=VECTOR('',#3565,1.0);
#3567=LINE('',#3564,#3566);
#3568=EDGE_CURVE('',#3558,#3563,#3567,.T.);
#3569=ORIENTED_EDGE('',*,*,#3568,.T.);
#3570=LINE('',#3564,#3566);
#3571=EDGE_CURVE('',#3563,#1153,#3570,.T.);
#3572=ORIENTED_EDGE('',*,*,#3571,.T.);
#3573=ORIENTED_EDGE('',*,*,#1157,.T.);
#3574=CARTESIAN_POINT('',(4.322370352477,-3.938349728536,0.480000000000));
#3575=VERTEX_POINT('',#3574);
#3576=CARTESIAN_POINT('',(1.716780865327,0.920613332210,0.480000000000));
#3577=DIRECTION('',(-0.472584060025,0.881285598549,0.000000000000));
#3578=VECTOR('',#3577,1.0);
#3579=LINE('',#3576,#3578);
#3580=EDGE_CURVE('',#1155,#3575,#3579,.T.);
#3581=ORIENTED_EDGE('',*,*,#3580,.T.);
#3582=CARTESIAN_POINT('',(4.272385470186,-3.845136773139,0.480000000000));
#3583=VERTEX_POINT('',#3582);
#3584=LINE('',#3576,#3578);
#3585=EDGE_CURVE('',#3575,#3583,#3584,.T.);
#3586=ORIENTED_EDGE('',*,*,#3585,.T.);
#3587=CARTESIAN_POINT('',(4.356661926448,-3.749380117918,0.480000000000));
#3588=VERTEX_POINT('',#3587);
#3589=CIRCLE('',#102,5.747900000000);
#3590=EDGE_CURVE('',#3583,#3588,#3589,.T.);
#3591=ORIENTED_EDGE('',*,*,#3590,.T.);
#3592=CARTESIAN_POINT('',(4.455468868247,-3.787120438053,0.480000000000));
#3593=VERTEX_POINT('',#3592);
#3594=CARTESIAN_POINT('',(-0.695095002427,-1.819809985849,0.480000000000));
#3595=DIRECTION('',(0.934174165740,-0.356817359533,0.000000000000));
#3596=VECTOR('',#3595,1.0);
#3597=LINE('',#3594,#3596);
#3598=EDGE_CURVE('',#3588,#3593,#3597,.T.);
#3599=ORIENTED_EDGE('',*,*,#3598,.T.);
#3600=LINE('',#3594,#3596);
#3601=EDGE_CURVE('',#3593,#716,#3600,.T.);
#3602=ORIENTED_EDGE('',*,*,#3601,.T.);
#3603=ORIENTED_EDGE('',*,*,#720,.T.);
#3604=CARTESIAN_POINT('',(4.640794353395,-3.557599164848,0.480000000000));
#3605=VERTEX_POINT('',#3604);
#3606=CARTESIAN_POINT('',(1.632522677867,1.062890000538,0.480000000000));
#3607=DIRECTION('',(-0.545619810446,0.838032828981,0.000000000000));
#3608=VECTOR('',#3607,1.0);
#3609=LINE('',#3606,#3608);
#3610=EDGE_CURVE('',#718,#3605,#3609,.T.);
#3611=ORIENTED_EDGE('',*,*,#3610,.T.);
#3612=CARTESIAN_POINT('',(4.583084531360,-3.468961024343,0.480000000000));
#3613=VERTEX_POINT('',#3612);
#3614=LINE('',#3606,#3608);
#3615=EDGE_CURVE('',#3605,#3613,#3614,.T.);
#3616=ORIENTED_EDGE('',*,*,#3615,.T.);
#3617=CARTESIAN_POINT('',(4.658936649051,-3.366402190786,0.480000000000));
#3618=VERTEX_POINT('',#3617);
#3619=CIRCLE('',#102,5.747900000000);
#3620=EDGE_CURVE('',#3613,#3618,#3619,.T.);
#3621=ORIENTED_EDGE('',*,*,#3620,.T.);
#3622=CARTESIAN_POINT('',(4.760588240450,-3.395627136940,0.480000000000));
#3623=VERTEX_POINT('',#3622);
#3624=CARTESIAN_POINT('',(-0.538260246497,-1.872202273804,0.480000000000));
#3625=DIRECTION('',(0.961069018649,-0.276308417160,0.000000000000));
#3626=VECTOR('',#3625,1.0);
#3627=LINE('',#3624,#3626);
#3628=EDGE_CURVE('',#3618,#3623,#3627,.T.);
#3629=ORIENTED_EDGE('',*,*,#3628,.T.);
#3630=LINE('',#3624,#3626);
#3631=EDGE_CURVE('',#3623,#1767,#3630,.T.);
#3632=ORIENTED_EDGE('',*,*,#3631,.T.);
#3633=ORIENTED_EDGE('',*,*,#1771,.T.);
#3634=CARTESIAN_POINT('',(4.925781324654,-3.151216017656,0.480000000000));
#3635=VERTEX_POINT('',#3634);
#3636=CARTESIAN_POINT('',(1.536502127104,1.197508522057,0.480000000000));
#3637=DIRECTION('',(-0.614724357630,0.788742013675,0.000000000000));
#3638=VECTOR('',#3637,1.0);
#3639=LINE('',#3636,#3638);
#3640=EDGE_CURVE('',#1769,#3635,#3639,.T.);
#3641=ORIENTED_EDGE('',*,*,#3640,.T.);
#3642=CARTESIAN_POINT('',(4.860762363464,-3.067791331876,0.480000000000));
#3643=VERTEX_POINT('',#3642);
#3644=LINE('',#3636,#3638);
#3645=EDGE_CURVE('',#3635,#3643,#3644,.T.);
#3646=ORIENTED_EDGE('',*,*,#3645,.T.);
#3647=CARTESIAN_POINT('',(4.927643626340,-2.959169258727,0.480000000000));
#3648=VERTEX_POINT('',#3647);
#3649=CIRCLE('',#102,5.747900000000);
#3650=EDGE_CURVE('',#3643,#3648,#3649,.T.);
#3651=ORIENTED_EDGE('',*,*,#3650,.T.);
#3652=CARTESIAN_POINT('',(5.031407465292,-2.979668264496,0.480000000000));
#3653=VERTEX_POINT('',#3652);
#3654=CARTESIAN_POINT('',(-0.377547313157,-1.911105301475,0.480000000000));
#3655=DIRECTION('',(0.981039347255,-0.193808666310,0.000000000000));
#3656=VECTOR('',#3655,1.0);
#3657=LINE('',#3654,#3656);
#3658=EDGE_CURVE('',#3648,#3653,#3657,.T.);
#3659=ORIENTED_EDGE('',*,*,#3658,.T.);
#3660=LINE('',#3654,#3656);
#3661=EDGE_CURVE('',#3653,#1721,#3660,.T.);
#3662=ORIENTED_EDGE('',*,*,#3661,.T.);
#3663=ORIENTED_EDGE('',*,*,#1725,.T.);
#3664=CARTESIAN_POINT('',(5.175277928594,-2.722128286845,0.480000000000));
#3665=VERTEX_POINT('',#3664);
#3666=CARTESIAN_POINT('',(1.429411043307,1.323498967234,0.480000000000));
#3667=DIRECTION('',(-0.679399801731,0.733768294088,0.000000000000));
#3668=VECTOR('',#3667,1.0);
#3669=LINE('',#3666,#3668);
#3670=EDGE_CURVE('',#1723,#3665,#3669,.T.);
#3671=ORIENTED_EDGE('',*,*,#3670,.T.);
#3672=CARTESIAN_POINT('',(5.103418291355,-2.644518132565,0.480000000000));
#3673=VERTEX_POINT('',#3672);
#3674=LINE('',#3666,#3668);
#3675=EDGE_CURVE('',#3665,#3673,#3674,.T.);
#3676=ORIENTED_EDGE('',*,*,#3675,.T.);
#3677=CARTESIAN_POINT('',(5.160846818383,-2.530615444350,0.480000000000));
#3678=VERTEX_POINT('',#3677);
#3679=CIRCLE('',#102,5.747900000000);
#3680=EDGE_CURVE('',#3673,#3678,#3679,.T.);
#3681=ORIENTED_EDGE('',*,*,#3680,.T.);
#3682=CARTESIAN_POINT('',(5.265975284052,-2.542240813926,0.480000000000));
#3683=VERTEX_POINT('',#3682);
#3684=CARTESIAN_POINT('',(-0.214114142774,-1.936238771655,0.480000000000));
#3685=DIRECTION('',(0.993941264884,-0.109912519578,0.000000000000));
#3686=VECTOR('',#3685,1.0);
#3687=LINE('',#3684,#3686);
#3688=EDGE_CURVE('',#3678,#3683,#3687,.T.);
#3689=ORIENTED_EDGE('',*,*,#3688,.T.);
#3690=LINE('',#3684,#3686);
#3691=EDGE_CURVE('',#3683,#854,#3690,.T.);
#3692=ORIENTED_EDGE('',*,*,#3691,.T.);
#3693=ORIENTED_EDGE('',*,*,#858,.T.);
#3694=CARTESIAN_POINT('',(5.387486536468,-2.273427559351,0.480000000000));
#3695=VERTEX_POINT('',#3694);
#3696=CARTESIAN_POINT('',(1.312021020187,1.439953572023,0.480000000000));
#3697=DIRECTION('',(-0.739180154692,0.673507757127,0.000000000000));
#3698=VECTOR('',#3697,1.0);
#3699=LINE('',#3696,#3698);
#3700=EDGE_CURVE('',#856,#3695,#3699,.T.);
#3701=ORIENTED_EDGE('',*,*,#3700,.T.);
#3702=CARTESIAN_POINT('',(5.309303973513,-2.202191119509,0.480000000000));
#3703=VERTEX_POINT('',#3702);
#3704=LINE('',#3696,#3698);
#3705=EDGE_CURVE('',#3695,#3703,#3704,.T.);
#3706=ORIENTED_EDGE('',*,*,#3705,.T.);
#3707=CARTESIAN_POINT('',(5.356865990840,-2.083828487708,0.480000000000));
#3708=VERTEX_POINT('',#3707);
#3709=CIRCLE('',#102,5.747900000000);
#3710=EDGE_CURVE('',#3703,#3708,#3709,.T.);
#3711=ORIENTED_EDGE('',*,*,#3710,.T.);
#3712=CARTESIAN_POINT('',(5.462601630221,-2.086496460037,0.480000000000));
#3713=VERTEX_POINT('',#3712);
#3714=CARTESIAN_POINT('',(-0.049138275086,-1.947421597117,0.480000000000));
#3715=DIRECTION('',(0.999681812924,-0.025224450624,0.000000000000));
#3716=VECTOR('',#3715,1.0);
#3717=LINE('',#3714,#3716);
#3718=EDGE_CURVE('',#3708,#3713,#3717,.T.);
#3719=ORIENTED_EDGE('',*,*,#3718,.T.);
#3720=LINE('',#3714,#3716);
#3721=EDGE_CURVE('',#3713,#1268,#3720,.T.);
#3722=ORIENTED_EDGE('',*,*,#3721,.T.);
#3723=ORIENTED_EDGE('',*,*,#1272,.T.);
#3724=CARTESIAN_POINT('',(5.560878180392,-1.808346734197,0.480000000000));
#3725=VERTEX_POINT('',#3724);
#3726=CARTESIAN_POINT('',(1.185177855552,1.546033278330,0.480000000000));
#3727=DIRECTION('',(-0.793634697700,0.608394581343,0.000000000000));
#3728=VECTOR('',#3727,1.0);
#3729=LINE('',#3726,#3728);
#3730=EDGE_CURVE('',#1270,#3725,#3729,.T.);
#3731=ORIENTED_EDGE('',*,*,#3730,.T.);
#3732=CARTESIAN_POINT('',(5.476935998878,-1.743997268974,0.480000000000));
#3733=VERTEX_POINT('',#3732);
#3734=LINE('',#3726,#3728);
#3735=EDGE_CURVE('',#3725,#3733,#3734,.T.);
#3736=ORIENTED_EDGE('',*,*,#3735,.T.);
#3737=CARTESIAN_POINT('',(5.514288821080,-1.622027499061,0.480000000000));
#3738=VERTEX_POINT('',#3737);
#3739=CIRCLE('',#102,5.747900000000);
#3740=EDGE_CURVE('',#3733,#3738,#3739,.T.);
#3741=ORIENTED_EDGE('',*,*,#3740,.T.);
#3742=CARTESIAN_POINT('',(5.619869806468,-1.615718851342,0.480000000000));
#3743=VERTEX_POINT('',#3742);
#3744=CARTESIAN_POINT('',(0.116191635000,-1.944573205347,0.480000000000));
#3745=DIRECTION('',(0.998219630594,0.059645361074,0.000000000000));
#3746=VECTOR('',#3745,1.0);
#3747=LINE('',#3744,#3746);
#3748=EDGE_CURVE('',#3738,#3743,#3747,.T.);
#3749=ORIENTED_EDGE('',*,*,#3748,.T.);
#3750=LINE('',#3744,#3746);
#3751=EDGE_CURVE('',#3743,#486,#3750,.T.);
#3752=ORIENTED_EDGE('',*,*,#3751,.T.);
#3753=ORIENTED_EDGE('',*,*,#490,.T.);
#3754=CARTESIAN_POINT('',(5.694203569599,-1.330236729384,0.480000000000));
#3755=VERTEX_POINT('',#3754);
#3756=CARTESIAN_POINT('',(1.049795457310,1.640973779439,0.480000000000));
#3757=DIRECTION('',(-0.842371084525,0.538897908658,0.000000000000));
#3758=VECTOR('',#3757,1.0);
#3759=LINE('',#3756,#3758);
#3760=EDGE_CURVE('',#488,#3755,#3759,.T.);
#3761=ORIENTED_EDGE('',*,*,#3760,.T.);
#3762=CARTESIAN_POINT('',(5.605106574869,-1.273237878153,0.480000000000));
#3763=VERTEX_POINT('',#3762);
#3764=LINE('',#3756,#3758);
#3765=EDGE_CURVE('',#3755,#3763,#3764,.T.);
#3766=ORIENTED_EDGE('',*,*,#3765,.T.);
#3767=CARTESIAN_POINT('',(5.631981074005,-1.148539765115,0.480000000000));
#3768=VERTEX_POINT('',#3767);
#3769=CIRCLE('',#102,5.747900000000);
#3770=EDGE_CURVE('',#3763,#3768,#3769,.T.);
#3771=ORIENTED_EDGE('',*,*,#3770,.T.);
#3772=CARTESIAN_POINT('',(5.736646691982,-1.133299951298,0.480000000000));
#3773=VERTEX_POINT('',#3772);
#3774=CARTESIAN_POINT('',(0.280684381694,-1.927714119072,0.480000000000));
#3775=DIRECTION('',(0.989565252951,0.144085426580,0.000000000000));
#3776=VECTOR('',#3775,1.0);
#3777=LINE('',#3774,#3776);
#3778=EDGE_CURVE('',#3768,#3773,#3777,.T.);
#3779=ORIENTED_EDGE('',*,*,#3778,.T.);
#3780=LINE('',#3774,#3776);
#3781=EDGE_CURVE('',#3773,#1291,#3780,.T.);
#3782=ORIENTED_EDGE('',*,*,#3781,.T.);
#3783=ORIENTED_EDGE('',*,*,#1295,.T.);
#3784=CARTESIAN_POINT('',(5.786502091605,-0.842542338453,0.480000000000));
#3785=VERTEX_POINT('',#3784);
#3786=CARTESIAN_POINT('',(0.906849258741,1.724091026865,0.480000000000));
#3787=DIRECTION('',(-0.885038168383,0.465518464193,0.000000000000));
#3788=VECTOR('',#3787,1.0);
#3789=LINE('',#3786,#3788);
#3790=EDGE_CURVE('',#1293,#3785,#3789,.T.);
#3791=ORIENTED_EDGE('',*,*,#3790,.T.);
#3792=CARTESIAN_POINT('',(5.692892229546,-0.793304779243,0.480000000000));
#3793=VERTEX_POINT('',#3792);
#3794=LINE('',#3786,#3788);
#3795=EDGE_CURVE('',#3785,#3793,#3794,.T.);
#3796=ORIENTED_EDGE('',*,*,#3795,.T.);
#3797=CARTESIAN_POINT('',(5.709094774235,-0.666776775842,0.480000000000));
#3798=VERTEX_POINT('',#3797);
#3799=CIRCLE('',#102,5.747900000000);
#3800=EDGE_CURVE('',#3793,#3798,#3799,.T.);
#3801=ORIENTED_EDGE('',*,*,#3800,.T.);
#3802=CARTESIAN_POINT('',(5.812090906624,-0.642715599136,0.480000000000));
#3803=VERTEX_POINT('',#3802);
#3804=CARTESIAN_POINT('',(0.443154790985,-1.896965808396,0.480000000000));
#3805=DIRECTION('',(0.973781034984,0.227487353285,0.000000000000));
#3806=VECTOR('',#3805,1.0);
#3807=LINE('',#3804,#3806);
#3808=EDGE_CURVE('',#3798,#3803,#3807,.T.);
#3809=ORIENTED_EDGE('',*,*,#3808,.T.);
#3810=LINE('',#3804,#3806);
#3811=EDGE_CURVE('',#3803,#440,#3810,.T.);
#3812=ORIENTED_EDGE('',*,*,#3811,.T.);
#3813=ORIENTED_EDGE('',*,*,#444,.T.);
#3814=CARTESIAN_POINT('',(5.837108733444,-0.348777410668,0.480000000000));
#3815=VERTEX_POINT('',#3814);
#3816=CARTESIAN_POINT('',(0.757369190483,1.794786158934,0.480000000000));
#3817=DIRECTION('',(-0.921328531958,0.388784948527,0.000000000000));
#3818=VECTOR('',#3817,1.0);
#3819=LINE('',#3816,#3818);
#3820=EDGE_CURVE('',#442,#3815,#3819,.T.);
#3821=ORIENTED_EDGE('',*,*,#3820,.T.);
#3822=CARTESIAN_POINT('',(5.739660465258,-0.307655901221,0.480000000000));
#3823=VERTEX_POINT('',#3822);
#3824=LINE('',#3816,#3818);
#3825=EDGE_CURVE('',#3815,#3823,#3824,.T.);
#3826=ORIENTED_EDGE('',*,*,#3825,.T.);
#3827=CARTESIAN_POINT('',(5.745074315793,-0.180209644620,0.480000000000));
#3828=VERTEX_POINT('',#3827);
#3829=CIRCLE('',#102,5.747900000000);
#3830=EDGE_CURVE('',#3823,#3828,#3829,.T.);
#3831=ORIENTED_EDGE('',*,*,#3830,.T.);
#3832=CARTESIAN_POINT('',(5.845658873101,-0.147500466354,0.480000000000));
#3833=VERTEX_POINT('',#3832);
#3834=CARTESIAN_POINT('',(0.602432259853,-1.852549815601,0.480000000000));
#3835=DIRECTION('',(0.950980702347,0.309250228397,0.000000000000));
#3836=VECTOR('',#3835,1.0);
#3837=LINE('',#3834,#3836);
#3838=EDGE_CURVE('',#3828,#3833,#3837,.T.);
#3839=ORIENTED_EDGE('',*,*,#3838,.T.);
#3840=LINE('',#3834,#3836);
#3841=EDGE_CURVE('',#3833,#693,#3840,.T.);
#3842=ORIENTED_EDGE('',*,*,#3841,.T.);
#3843=ORIENTED_EDGE('',*,*,#697,.T.);
#3844=CARTESIAN_POINT('',(5.845658873101,0.147500466354,0.480000000000));
#3845=VERTEX_POINT('',#3844);
#3846=CARTESIAN_POINT('',(0.602432259853,1.852549815601,0.480000000000));
#3847=DIRECTION('',(-0.950980702347,0.309250228397,0.000000000000));
#3848=VECTOR('',#3847,1.0);
#3849=LINE('',#3846,#3848);
#3850=EDGE_CURVE('',#695,#3845,#3849,.T.);
#3851=ORIENTED_EDGE('',*,*,#3850,.T.);
#3852=CARTESIAN_POINT('',(5.745074315793,0.180209644620,0.480000000000));
#3853=VERTEX_POINT('',#3852);
#3854=LINE('',#3846,#3848);
#3855=EDGE_CURVE('',#3845,#3853,#3854,.T.);
#3856=ORIENTED_EDGE('',*,*,#3855,.T.);
#3857=CARTESIAN_POINT('',(5.739660465258,0.307655901221,0.480000000000));
#3858=VERTEX_POINT('',#3857);
#3859=CIRCLE('',#102,5.747900000000);
#3860=EDGE_CURVE('',#3853,#3858,#3859,.T.);
#3861=ORIENTED_EDGE('',*,*,#3860,.T.);
#3862=CARTESIAN_POINT('',(5.837108733444,0.348777410668,0.480000000000));
#3863=VERTEX_POINT('',#3862);
#3864=CARTESIAN_POINT('',(0.757369190483,-1.794786158934,0.480000000000));
#3865=DIRECTION('',(0.921328531958,0.388784948527,0.000000000000));
#3866=VECTOR('',#3865,1.0);
#3867=LINE('',#3864,#3866);
#3868=EDGE_CURVE('',#3858,#3863,#3867,.T.);
#3869=ORIENTED_EDGE('',*,*,#3868,.T.);
#3870=LINE('',#3864,#3866);
#3871=EDGE_CURVE('',#3863,#1652,#3870,.T.);
#3872=ORIENTED_EDGE('',*,*,#3871,.T.);
#3873=ORIENTED_EDGE('',*,*,#1656,.T.);
#3874=CARTESIAN_POINT('',(5.812090906624,0.642715599136,0.480000000000));
#3875=VERTEX_POINT('',#3874);
#3876=CARTESIAN_POINT('',(0.443154790985,1.896965808396,0.480000000000));
#3877=DIRECTION('',(-0.973781034984,0.227487353285,0.000000000000));
#3878=VECTOR('',#3877,1.0);
#3879=LINE('',#3876,#3878);
#3880=EDGE_CURVE('',#1654,#3875,#3879,.T.);
#3881=ORIENTED_EDGE('',*,*,#3880,.T.);
#3882=CARTESIAN_POINT('',(5.709094774235,0.666776775842,0.480000000000));
#3883=VERTEX_POINT('',#3882);
#3884=LINE('',#3876,#3878);
#3885=EDGE_CURVE('',#3875,#3883,#3884,.T.);
#3886=ORIENTED_EDGE('',*,*,#3885,.T.);
#3887=CARTESIAN_POINT('',(5.692892229546,0.793304779243,0.480000000000));
#3888=VERTEX_POINT('',#3887);
#3889=CIRCLE('',#102,5.747900000000);
#3890=EDGE_CURVE('',#3883,#3888,#3889,.T.);
#3891=ORIENTED_EDGE('',*,*,#3890,.T.);
#3892=CARTESIAN_POINT('',(5.786502091605,0.842542338453,0.480000000000));
#3893=VERTEX_POINT('',#3892);
#3894=CARTESIAN_POINT('',(0.906849258741,-1.724091026865,0.480000000000));
#3895=DIRECTION('',(0.885038168383,0.465518464193,0.000000000000));
#3896=VECTOR('',#3895,1.0);
#3897=LINE('',#3894,#3896);
#3898=EDGE_CURVE('',#3888,#3893,#3897,.T.);
#3899=ORIENTED_EDGE('',*,*,#3898,.T.);
#3900=LINE('',#3894,#3896);
#3901=EDGE_CURVE('',#3893,#125,#3900,.T.);
#3902=ORIENTED_EDGE('',*,*,#3901,.T.);
#3903=ORIENTED_EDGE('',*,*,#129,.T.);
#3904=CARTESIAN_POINT('',(5.736646691982,1.133299951298,0.480000000000));
#3905=VERTEX_POINT('',#3904);
#3906=CARTESIAN_POINT('',(0.280684381694,1.927714119072,0.480000000000));
#3907=DIRECTION('',(-0.989565252951,0.144085426580,0.000000000000));
#3908=VECTOR('',#3907,1.0);
#3909=LINE('',#3906,#3908);
#3910=EDGE_CURVE('',#127,#3905,#3909,.T.);
#3911=ORIENTED_EDGE('',*,*,#3910,.T.);
#3912=CARTESIAN_POINT('',(5.631981074005,1.148539765115,0.480000000000));
#3913=VERTEX_POINT('',#3912);
#3914=LINE('',#3906,#3908);
#3915=EDGE_CURVE('',#3905,#3913,#3914,.T.);
#3916=ORIENTED_EDGE('',*,*,#3915,.T.);
#3917=CARTESIAN_POINT('',(5.605106574869,1.273237878153,0.480000000000));
#3918=VERTEX_POINT('',#3917);
#3919=CIRCLE('',#102,5.747900000000);
#3920=EDGE_CURVE('',#3913,#3918,#3919,.T.);
#3921=ORIENTED_EDGE('',*,*,#3920,.T.);
#3922=CARTESIAN_POINT('',(5.694203569599,1.330236729384,0.480000000000));
#3923=VERTEX_POINT('',#3922);
#3924=CARTESIAN_POINT('',(1.049795457310,-1.640973779439,0.480000000000));
#3925=DIRECTION('',(0.842371084525,0.538897908658,0.000000000000));
#3926=VECTOR('',#3925,1.0);
#3927=LINE('',#3924,#3926);
#3928=EDGE_CURVE('',#3918,#3923,#3927,.T.);
#3929=ORIENTED_EDGE('',*,*,#3928,.T.);
#3930=LINE('',#3924,#3926);
#3931=EDGE_CURVE('',#3923,#831,#3930,.T.);
#3932=ORIENTED_EDGE('',*,*,#3931,.T.);
#3933=ORIENTED_EDGE('',*,*,#835,.T.);
#3934=CARTESIAN_POINT('',(5.619869806468,1.615718851342,0.480000000000));
#3935=VERTEX_POINT('',#3934);
#3936=CARTESIAN_POINT('',(0.116191635000,1.944573205347,0.480000000000));
#3937=DIRECTION('',(-0.998219630594,0.059645361074,0.000000000000));
#3938=VECTOR('',#3937,1.0);
#3939=LINE('',#3936,#3938);
#3940=EDGE_CURVE('',#833,#3935,#3939,.T.);
#3941=ORIENTED_EDGE('',*,*,#3940,.T.);
#3942=CARTESIAN_POINT('',(5.514288821080,1.622027499061,0.480000000000));
#3943=VERTEX_POINT('',#3942);
#3944=LINE('',#3936,#3938);
#3945=EDGE_CURVE('',#3935,#3943,#3944,.T.);
#3946=ORIENTED_EDGE('',*,*,#3945,.T.);
#3947=CARTESIAN_POINT('',(5.476935998878,1.743997268974,0.480000000000));
#3948=VERTEX_POINT('',#3947);
#3949=CIRCLE('',#102,5.747900000000);
#3950=EDGE_CURVE('',#3943,#3948,#3949,.T.);
#3951=ORIENTED_EDGE('',*,*,#3950,.T.);
#3952=CARTESIAN_POINT('',(5.560878180392,1.808346734197,0.480000000000));
#3953=VERTEX_POINT('',#3952);
#3954=CARTESIAN_POINT('',(1.185177855552,-1.546033278330,0.480000000000));
#3955=DIRECTION('',(0.793634697700,0.608394581343,0.000000000000));
#3956=VECTOR('',#3955,1.0);
#3957=LINE('',#3954,#3956);
#3958=EDGE_CURVE('',#3948,#3953,#3957,.T.);
#3959=ORIENTED_EDGE('',*,*,#3958,.T.);
#3960=LINE('',#3954,#3956);
#3961=EDGE_CURVE('',#3953,#578,#3960,.T.);
#3962=ORIENTED_EDGE('',*,*,#3961,.T.);
#3963=ORIENTED_EDGE('',*,*,#582,.T.);
#3964=CARTESIAN_POINT('',(5.462601630221,2.086496460037,0.480000000000));
#3965=VERTEX_POINT('',#3964);
#3966=CARTESIAN_POINT('',(-0.049138275086,1.947421597117,0.480000000000));
#3967=DIRECTION('',(-0.999681812924,-0.025224450624,0.000000000000));
#3968=VECTOR('',#3967,1.0);
#3969=LINE('',#3966,#3968);
#3970=EDGE_CURVE('',#580,#3965,#3969,.T.);
#3971=ORIENTED_EDGE('',*,*,#3970,.T.);
#3972=CARTESIAN_POINT('',(5.356865990840,2.083828487708,0.480000000000));
#3973=VERTEX_POINT('',#3972);
#3974=LINE('',#3966,#3968);
#3975=EDGE_CURVE('',#3965,#3973,#3974,.T.);
#3976=ORIENTED_EDGE('',*,*,#3975,.T.);
#3977=CARTESIAN_POINT('',(5.309303973513,2.202191119509,0.480000000000));
#3978=VERTEX_POINT('',#3977);
#3979=CIRCLE('',#102,5.747900000000);
#3980=EDGE_CURVE('',#3973,#3978,#3979,.T.);
#3981=ORIENTED_EDGE('',*,*,#3980,.T.);
#3982=CARTESIAN_POINT('',(5.387486536468,2.273427559351,0.480000000000));
#3983=VERTEX_POINT('',#3982);
#3984=CARTESIAN_POINT('',(1.312021020187,-1.439953572023,0.480000000000));
#3985=DIRECTION('',(0.739180154692,0.673507757127,0.000000000000));
#3986=VECTOR('',#3985,1.0);
#3987=LINE('',#3984,#3986);
#3988=EDGE_CURVE('',#3978,#3983,#3987,.T.);
#3989=ORIENTED_EDGE('',*,*,#3988,.T.);
#3990=LINE('',#3984,#3986);
#3991=EDGE_CURVE('',#3983,#1406,#3990,.T.);
#3992=ORIENTED_EDGE('',*,*,#3991,.T.);
#3993=ORIENTED_EDGE('',*,*,#1410,.T.);
#3994=CARTESIAN_POINT('',(5.265975284052,2.542240813926,0.480000000000));
#3995=VERTEX_POINT('',#3994);
#3996=CARTESIAN_POINT('',(-0.214114142774,1.936238771655,0.480000000000));
#3997=DIRECTION('',(-0.993941264884,-0.109912519578,0.000000000000));
#3998=VECTOR('',#3997,1.0);
#3999=LINE('',#3996,#3998);
#4000=EDGE_CURVE('',#1408,#3995,#3999,.T.);
#4001=ORIENTED_EDGE('',*,*,#4000,.T.);
#4002=CARTESIAN_POINT('',(5.160846818383,2.530615444350,0.480000000000));
#4003=VERTEX_POINT('',#4002);
#4004=LINE('',#3996,#3998);
#4005=EDGE_CURVE('',#3995,#4003,#4004,.T.);
#4006=ORIENTED_EDGE('',*,*,#4005,.T.);
#4007=CARTESIAN_POINT('',(5.103418291355,2.644518132565,0.480000000000));
#4008=VERTEX_POINT('',#4007);
#4009=CIRCLE('',#102,5.747900000000);
#4010=EDGE_CURVE('',#4003,#4008,#4009,.T.);
#4011=ORIENTED_EDGE('',*,*,#4010,.T.);
#4012=CARTESIAN_POINT('',(5.175277928594,2.722128286845,0.480000000000));
#4013=VERTEX_POINT('',#4012);
#4014=CARTESIAN_POINT('',(1.429411043307,-1.323498967234,0.480000000000));
#4015=DIRECTION('',(0.679399801731,0.733768294088,0.000000000000));
#4016=VECTOR('',#4015,1.0);
#4017=LINE('',#4014,#4016);
#4018=EDGE_CURVE('',#4008,#4013,#4017,.T.);
#4019=ORIENTED_EDGE('',*,*,#4018,.T.);
#4020=LINE('',#4014,#4016);
#4021=EDGE_CURVE('',#4013,#1222,#4020,.T.);
#4022=ORIENTED_EDGE('',*,*,#4021,.T.);
#4023=ORIENTED_EDGE('',*,*,#1226,.T.);
#4024=CARTESIAN_POINT('',(5.031407465292,2.979668264496,0.480000000000));
#4025=VERTEX_POINT('',#4024);
#4026=CARTESIAN_POINT('',(-0.377547313157,1.911105301475,0.480000000000));
#4027=DIRECTION('',(-0.981039347255,-0.193808666310,0.000000000000));
#4028=VECTOR('',#4027,1.0);
#4029=LINE('',#4026,#4028);
#4030=EDGE_CURVE('',#1224,#4025,#4029,.T.);
#4031=ORIENTED_EDGE('',*,*,#4030,.T.);
#4032=CARTESIAN_POINT('',(4.927643626340,2.959169258727,0.480000000000));
#4033=VERTEX_POINT('',#4032);
#4034=LINE('',#4026,#4028);
#4035=EDGE_CURVE('',#4025,#4033,#4034,.T.);
#4036=ORIENTED_EDGE('',*,*,#4035,.T.);
#4037=CARTESIAN_POINT('',(4.860762363464,3.067791331876,0.480000000000));
#4038=VERTEX_POINT('',#4037);
#4039=CIRCLE('',#102,5.747900000000);
#4040=EDGE_CURVE('',#4033,#4038,#4039,.T.);
#4041=ORIENTED_EDGE('',*,*,#4040,.T.);
#4042=CARTESIAN_POINT('',(4.925781324654,3.151216017656,0.480000000000));
#4043=VERTEX_POINT('',#4042);
#4044=CARTESIAN_POINT('',(1.536502127104,-1.197508522057,0.480000000000));
#4045=DIRECTION('',(0.614724357630,0.788742013675,0.000000000000));
#4046=VECTOR('',#4045,1.0);
#4047=LINE('',#4044,#4046);
#4048=EDGE_CURVE('',#4038,#4043,#4047,.T.);
#4049=ORIENTED_EDGE('',*,*,#4048,.T.);
#4050=LINE('',#4044,#4046);
#4051=EDGE_CURVE('',#4043,#1130,#4050,.T.);
#4052=ORIENTED_EDGE('',*,*,#4051,.T.);
#4053=ORIENTED_EDGE('',*,*,#1134,.T.);
#4054=CARTESIAN_POINT('',(4.760588240450,3.395627136940,0.480000000000));
#4055=VERTEX_POINT('',#4054);
#4056=CARTESIAN_POINT('',(-0.538260246497,1.872202273804,0.480000000000));
#4057=DIRECTION('',(-0.961069018649,-0.276308417160,0.000000000000));
#4058=VECTOR('',#4057,1.0);
#4059=LINE('',#4056,#4058);
#4060=EDGE_CURVE('',#1132,#4055,#4059,.T.);
#4061=ORIENTED_EDGE('',*,*,#4060,.T.);
#4062=CARTESIAN_POINT('',(4.658936649051,3.366402190786,0.480000000000));
#4063=VERTEX_POINT('',#4062);
#4064=LINE('',#4056,#4058);
#4065=EDGE_CURVE('',#4055,#4063,#4064,.T.);
#4066=ORIENTED_EDGE('',*,*,#4065,.T.);
#4067=CARTESIAN_POINT('',(4.583084531360,3.468961024343,0.480000000000));
#4068=VERTEX_POINT('',#4067);
#4069=CIRCLE('',#102,5.747900000000);
#4070=EDGE_CURVE('',#4063,#4068,#4069,.T.);
#4071=ORIENTED_EDGE('',*,*,#4070,.T.);
#4072=CARTESIAN_POINT('',(4.640794353395,3.557599164848,0.480000000000));
#4073=VERTEX_POINT('',#4072);
#4074=CARTESIAN_POINT('',(1.632522677867,-1.062890000538,0.480000000000));
#4075=DIRECTION('',(0.545619810446,0.838032828981,0.000000000000));
#4076=VECTOR('',#4075,1.0);
#4077=LINE('',#4074,#4076);
#4078=EDGE_CURVE('',#4068,#4073,#4077,.T.);
#4079=ORIENTED_EDGE('',*,*,#4078,.T.);
#4080=LINE('',#4074,#4076);
#4081=EDGE_CURVE('',#4073,#785,#4080,.T.);
#4082=ORIENTED_EDGE('',*,*,#4081,.T.);
#4083=ORIENTED_EDGE('',*,*,#789,.T.);
#4084=CARTESIAN_POINT('',(4.455468868247,3.787120438053,0.480000000000));
#4085=VERTEX_POINT('',#4084);
#4086=CARTESIAN_POINT('',(-0.695095002427,1.819809985849,0.480000000000));
#4087=DIRECTION('',(-0.934174165740,-0.356817359533,0.000000000000));
#4088=VECTOR('',#4087,1.0);
#4089=LINE('',#4086,#4088);
#4090=EDGE_CURVE('',#787,#4085,#4089,.T.);
#4091=ORIENTED_EDGE('',*,*,#4090,.T.);
#4092=CARTESIAN_POINT('',(4.356661926448,3.749380117918,0.480000000000));
#4093=VERTEX_POINT('',#4092);
#4094=LINE('',#4086,#4088);
#4095=EDGE_CURVE('',#4085,#4093,#4094,.T.);
#4096=ORIENTED_EDGE('',*,*,#4095,.T.);
#4097=CARTESIAN_POINT('',(4.272385470186,3.845136773139,0.480000000000));
#4098=VERTEX_POINT('',#4097);
#4099=CIRCLE('',#102,5.747900000000);
#4100=EDGE_CURVE('',#4093,#4098,#4099,.T.);
#4101=ORIENTED_EDGE('',*,*,#4100,.T.);
#4102=CARTESIAN_POINT('',(4.322370352477,3.938349728536,0.480000000000));
#4103=VERTEX_POINT('',#4102);
#4104=CARTESIAN_POINT('',(1.716780865327,-0.920613332210,0.480000000000));
#4105=DIRECTION('',(0.472584060025,0.881285598549,0.000000000000));
#4106=VECTOR('',#4105,1.0);
#4107=LINE('',#4104,#4106);
#4108=EDGE_CURVE('',#4098,#4103,#4107,.T.);
#4109=ORIENTED_EDGE('',*,*,#4108,.T.);
#4110=LINE('',#4104,#4106);
#4111=EDGE_CURVE('',#4103,#1038,#4110,.T.);
#4112=ORIENTED_EDGE('',*,*,#4111,.T.);
#4113=ORIENTED_EDGE('',*,*,#1042,.T.);
#4114=CARTESIAN_POINT('',(4.118247740752,4.151327449628,0.480000000000));
#4115=VERTEX_POINT('',#4114);
#4116=CARTESIAN_POINT('',(-0.846921582936,1.754305925246,0.480000000000));
#4117=DIRECTION('',(-0.900548566561,-0.434755424654,0.000000000000));
#4118=VECTOR('',#4117,1.0);
#4119=LINE('',#4116,#4118);
#4120=EDGE_CURVE('',#1040,#4115,#4119,.T.);
#4121=ORIENTED_EDGE('',*,*,#4120,.T.);
#4122=CARTESIAN_POINT('',(4.022997354831,4.105343675385,0.480000000000));
#4123=VERTEX_POINT('',#4122);
#4124=LINE('',#4116,#4118);
#4125=EDGE_CURVE('',#4115,#4123,#4124,.T.);
#4126=ORIENTED_EDGE('',*,*,#4125,.T.);
#4127=CARTESIAN_POINT('',(3.930903773798,4.193608223373,0.480000000000));
#4128=VERTEX_POINT('',#4127);
#4129=CIRCLE('',#102,5.747900000000);
#4130=EDGE_CURVE('',#4123,#4128,#4129,.T.);
#4131=ORIENTED_EDGE('',*,*,#4130,.T.);
#4132=CARTESIAN_POINT('',(3.972803574123,4.290724392183,0.480000000000));
#4133=VERTEX_POINT('',#4132);
#4134=CARTESIAN_POINT('',(1.788669607312,-0.771703623727,0.480000000000));
#4135=DIRECTION('',(0.396143330622,0.918188685186,0.000000000000));
#4136=VECTOR('',#4135,1.0);
#4137=LINE('',#4134,#4136);
#4138=EDGE_CURVE('',#4128,#4133,#4137,.T.);
#4139=ORIENTED_EDGE('',*,*,#4138,.T.);
#4140=LINE('',#4134,#4136);
#4141=EDGE_CURVE('',#4133,#1567,#4140,.T.);
#4142=ORIENTED_EDGE('',*,*,#4141,.T.);
#4143=ORIENTED_EDGE('',*,*,#1571,.T.);
#4144=CARTESIAN_POINT('',(3.751354543915,4.485624051800,0.480000000000));
#4145=VERTEX_POINT('',#4144);
#4146=CARTESIAN_POINT('',(-0.992646074034,1.676162050251,0.480000000000));
#4147=DIRECTION('',(-0.860434494323,-0.509561066977,0.000000000000));
#4148=VECTOR('',#4147,1.0);
#4149=LINE('',#4146,#4148);
#4150=EDGE_CURVE('',#1569,#4145,#4149,.T.);
#4151=ORIENTED_EDGE('',*,*,#4150,.T.);
#4152=CARTESIAN_POINT('',(3.660346995086,4.431728137596,0.480000000000));
#4153=VERTEX_POINT('',#4152);
#4154=LINE('',#4146,#4148);
#4155=EDGE_CURVE('',#4145,#4153,#4154,.T.);
#4156=ORIENTED_EDGE('',*,*,#4155,.T.);
#4157=CARTESIAN_POINT('',(3.561099825643,4.511864630261,0.480000000000));
#4158=VERTEX_POINT('',#4157);
#4159=CIRCLE('',#102,5.747900000000);
#4160=EDGE_CURVE('',#4153,#4158,#4159,.T.);
#4161=ORIENTED_EDGE('',*,*,#4160,.T.);
#4162=CARTESIAN_POINT('',(3.594612654980,4.612184288263,0.480000000000));
#4163=VERTEX_POINT('',#4162);
#4164=CARTESIAN_POINT('',(1.847670943790,-0.617233772951,0.480000000000));
#4165=DIRECTION('',(0.316848379444,0.948476201306,0.000000000000));
#4166=VECTOR('',#4165,1.0);
#4167=LINE('',#4164,#4166);
#4168=EDGE_CURVE('',#4158,#4163,#4167,.T.);
#4169=ORIENTED_EDGE('',*,*,#4168,.T.);
#4170=LINE('',#4164,#4166);
#4171=EDGE_CURVE('',#4163,#348,#4170,.T.);
#4172=ORIENTED_EDGE('',*,*,#4171,.T.);
#4173=ORIENTED_EDGE('',*,*,#352,.T.);
#4174=CARTESIAN_POINT('',(3.357432751627,4.787601629892,0.480000000000));
#4175=VERTEX_POINT('',#4174);
#4176=CARTESIAN_POINT('',(-1.131218527421,1.585941389275,0.480000000000));
#4177=DIRECTION('',(-0.814120971837,-0.580695310137,0.000000000000));
#4178=VECTOR('',#4177,1.0);
#4179=LINE('',#4176,#4178);
#4180=EDGE_CURVE('',#350,#4175,#4179,.T.);
#4181=ORIENTED_EDGE('',*,*,#4180,.T.);
#4182=CARTESIAN_POINT('',(3.271323751365,4.726181897024,0.480000000000));
#4183=VERTEX_POINT('',#4182);
#4184=LINE('',#4176,#4178);
#4185=EDGE_CURVE('',#4175,#4183,#4184,.T.);
#4186=ORIENTED_EDGE('',*,*,#4185,.T.);
#4187=CARTESIAN_POINT('',(3.165638071643,4.797612949099,0.480000000000));
#4188=VERTEX_POINT('',#4187);
#4189=CIRCLE('',#102,5.747900000000);
#4190=EDGE_CURVE('',#4183,#4188,#4189,.T.);
#4191=ORIENTED_EDGE('',*,*,#4190,.T.);
#4192=CARTESIAN_POINT('',(3.190522469288,4.900413290857,0.480000000000));
#4193=VERTEX_POINT('',#4192);
#4194=CARTESIAN_POINT('',(1.893359768778,-0.458316738697,0.480000000000));
#4195=DIRECTION('',(0.235270528432,0.971929924661,0.000000000000));
#4196=VECTOR('',#4195,1.0);
#4197=LINE('',#4194,#4196);
#4198=EDGE_CURVE('',#4188,#4193,#4197,.T.);
#4199=ORIENTED_EDGE('',*,*,#4198,.T.);
#4200=LINE('',#4194,#4196);
#4201=EDGE_CURVE('',#4193,#969,#4200,.T.);
#4202=ORIENTED_EDGE('',*,*,#4201,.T.);
#4203=ORIENTED_EDGE('',*,*,#973,.T.);
#4204=CARTESIAN_POINT('',(2.939320579428,5.055084428532,0.480000000000));
#4205=VERTEX_POINT('',#4204);
#4206=CARTESIAN_POINT('',(-1.261640525396,1.484293984247,0.480000000000));
#4207=DIRECTION('',(-0.761941689094,-0.647645630280,0.000000000000));
#4208=VECTOR('',#4207,1.0);
#4209=LINE('',#4206,#4208);
#4210=EDGE_CURVE('',#971,#4205,#4209,.T.);
#4211=ORIENTED_EDGE('',*,*,#4210,.T.);
#4212=CARTESIAN_POINT('',(2.858730545053,4.986583407583,0.480000000000));
#4213=VERTEX_POINT('',#4212);
#4214=LINE('',#4206,#4208);
#4215=EDGE_CURVE('',#4205,#4213,#4214,.T.);
#4216=ORIENTED_EDGE('',*,*,#4215,.T.);
#4217=CIRCLE('',#102,5.747900000000);
#4218=EDGE_CURVE('',#4213,#69,#4217,.T.);
#4219=ORIENTED_EDGE('',*,*,#4218,.T.);
#4220=ORIENTED_EDGE('',*,*,#71,.F.);
#4221=ORIENTED_EDGE('',*,*,#66,.F.);
#4222=ORIENTED_EDGE('',*,*,#229,.T.);
#4223=CARTESIAN_POINT('',(2.500030535100,5.286145228028,0.480000000000));
#4224=VERTEX_POINT('',#4223);
#4225=CARTESIAN_POINT('',(-1.382972374476,1.371952207051,0.480000000000));
#4226=DIRECTION('',(-0.704272599020,-0.709929648817,0.000000000000));
#4227=VECTOR('',#4226,1.0);
#4228=LINE('',#4225,#4227);
#4229=EDGE_CURVE('',#223,#4224,#4228,.T.);
#4230=ORIENTED_EDGE('',*,*,#4229,.T.);
#4231=CARTESIAN_POINT('',(2.425540119657,5.211056470423,0.480000000000));
#4232=VERTEX_POINT('',#4231);
#4233=LINE('',#4225,#4227);
#4234=EDGE_CURVE('',#4224,#4232,#4233,.T.);
#4235=ORIENTED_EDGE('',*,*,#4234,.T.);
#4236=CARTESIAN_POINT('',(2.309302725829,5.263599085272,0.480000000000));
#4237=VERTEX_POINT('',#4236);
#4238=CIRCLE('',#102,5.747900000000);
#4239=EDGE_CURVE('',#4232,#4237,#4238,.T.);
#4240=ORIENTED_EDGE('',*,*,#4239,.T.);
#4241=CARTESIAN_POINT('',(2.316455841981,5.369126221313,0.480000000000));
#4242=VERTEX_POINT('',#4241);
#4243=CARTESIAN_POINT('',(1.943581416927,-0.131744915551,0.480000000000));
#4244=DIRECTION('',(0.067629421496,0.997710509791,0.000000000000));
#4245=VECTOR('',#4244,1.0);
#4246=LINE('',#4243,#4245);
#4247=EDGE_CURVE('',#4237,#4242,#4246,.T.);
#4248=ORIENTED_EDGE('',*,*,#4247,.T.);
#4249=LINE('',#4243,#4245);
#4250=EDGE_CURVE('',#4242,#1698,#4249,.T.);
#4251=ORIENTED_EDGE('',*,*,#4250,.T.);
#4252=ORIENTED_EDGE('',*,*,#1702,.T.);
#4253=CARTESIAN_POINT('',(2.042727713478,5.479119230025,0.480000000000));
#4254=VERTEX_POINT('',#4253);
#4255=CARTESIAN_POINT('',(-1.494339875907,1.249725482764,0.480000000000));
#4256=DIRECTION('',(-0.641529208733,-0.767098607966,0.000000000000));
#4257=VECTOR('',#4256,1.0);
#4258=LINE('',#4255,#4257);
#4259=EDGE_CURVE('',#1700,#4254,#4258,.T.);
#4260=ORIENTED_EDGE('',*,*,#4259,.T.);
#4261=CARTESIAN_POINT('',(1.974873622117,5.397983751983,0.480000000000));
#4262=VERTEX_POINT('',#4261);
#4263=LINE('',#4255,#4257);
#4264=EDGE_CURVE('',#4254,#4262,#4263,.T.);
#4265=ORIENTED_EDGE('',*,*,#4264,.T.);
#4266=CARTESIAN_POINT('',(1.854599049805,5.440479461818,0.480000000000));
#4267=VERTEX_POINT('',#4266);
#4268=CIRCLE('',#102,5.747900000000);
#4269=EDGE_CURVE('',#4262,#4267,#4268,.T.);
#4270=ORIENTED_EDGE('',*,*,#4269,.T.);
#4271=CARTESIAN_POINT('',(1.852777070445,5.546233061770,0.480000000000));
#4272=VERTEX_POINT('',#4271);
#4273=CARTESIAN_POINT('',(1.947752391962,0.033556915873,0.480000000000));
#4274=DIRECTION('',(-0.017225976412,0.999851621860,0.000000000000));
#4275=VECTOR('',#4274,1.0);
#4276=LINE('',#4273,#4275);
#4277=EDGE_CURVE('',#4267,#4272,#4276,.T.);
#4278=ORIENTED_EDGE('',*,*,#4277,.T.);
#4279=LINE('',#4273,#4275);
#4280=EDGE_CURVE('',#4272,#417,#4279,.T.);
#4281=ORIENTED_EDGE('',*,*,#4280,.T.);
#4282=ORIENTED_EDGE('',*,*,#421,.T.);
#4283=CARTESIAN_POINT('',(1.570706991872,5.632616052415,0.480000000000));
#4284=VERTEX_POINT('',#4283);
#4285=CARTESIAN_POINT('',(-1.594940624289,1.118494457737,0.480000000000));
#4286=DIRECTION('',(-0.574163585795,-0.818740604066,0.000000000000));
#4287=VECTOR('',#4286,1.0);
#4288=LINE('',#4285,#4287);
#4289=EDGE_CURVE('',#419,#4284,#4288,.T.);
#4290=ORIENTED_EDGE('',*,*,#4289,.T.);
#4291=CARTESIAN_POINT('',(1.509978114875,5.546018436915,0.480000000000));
#4292=VERTEX_POINT('',#4291);
#4293=LINE('',#4285,#4287);
#4294=EDGE_CURVE('',#4284,#4292,#4293,.T.);
#4295=ORIENTED_EDGE('',*,*,#4294,.T.);
#4296=CARTESIAN_POINT('',(1.386532945130,5.578161059173,0.480000000000));
#4297=VERTEX_POINT('',#4296);
#4298=CIRCLE('',#102,5.747900000000);
#4299=EDGE_CURVE('',#4292,#4297,#4298,.T.);
#4300=ORIENTED_EDGE('',*,*,#4299,.T.);
#4301=CARTESIAN_POINT('',(1.375748997661,5.683379165925,0.480000000000));
#4302=VERTEX_POINT('',#4301);
#4303=CARTESIAN_POINT('',(1.937889766380,0.198616968948,0.480000000000));
#4304=DIRECTION('',(-0.101957260765,0.994788780082,0.000000000000));
#4305=VECTOR('',#4304,1.0);
#4306=LINE('',#4303,#4305);
#4307=EDGE_CURVE('',#4297,#4302,#4306,.T.);
#4308=ORIENTED_EDGE('',*,*,#4307,.T.);
#4309=LINE('',#4303,#4305);
#4310=EDGE_CURVE('',#4302,#1475,#4309,.T.);
#4311=ORIENTED_EDGE('',*,*,#4310,.T.);
#4312=ORIENTED_EDGE('',*,*,#1479,.T.);
#4313=CARTESIAN_POINT('',(1.087369290397,5.745529747076,0.480000000000));
#4314=VERTEX_POINT('',#4313);
#4315=CARTESIAN_POINT('',(-1.684049788925,0.979204654512,0.480000000000));
#4316=DIRECTION('',(-0.502661101066,-0.864483555353,0.000000000000));
#4317=VECTOR('',#4316,1.0);
#4318=LINE('',#4315,#4317);
#4319=EDGE_CURVE('',#1477,#4314,#4318,.T.);
#4320=ORIENTED_EDGE('',*,*,#4319,.T.);
#4321=CARTESIAN_POINT('',(1.034203180715,5.654093931922,0.480000000000));
#4322=VERTEX_POINT('',#4321);
#4323=LINE('',#4315,#4317);
#4324=EDGE_CURVE('',#4314,#4322,#4323,.T.);
#4325=ORIENTED_EDGE('',*,*,#4324,.T.);
#4326=CARTESIAN_POINT('',(0.908476838812,5.675651878273,0.480000000000));
#4327=VERTEX_POINT('',#4326);
#4328=CIRCLE('',#102,5.747900000000);
#4329=EDGE_CURVE('',#4322,#4327,#4328,.T.);
#4330=ORIENTED_EDGE('',*,*,#4329,.T.);
#4331=CARTESIAN_POINT('',(0.888808621823,5.779576392956,0.480000000000));
#4332=VERTEX_POINT('',#4331);
#4333=CARTESIAN_POINT('',(1.914064600625,0.362245982212,0.480000000000));
#4334=DIRECTION('',(-0.185953940717,0.982558462348,0.000000000000));
#4335=VECTOR('',#4334,1.0);
#4336=LINE('',#4333,#4335);
#4337=EDGE_CURVE('',#4327,#4332,#4336,.T.);
#4338=ORIENTED_EDGE('',*,*,#4337,.T.);
#4339=LINE('',#4333,#4335);
#4340=EDGE_CURVE('',#4332,#148,#4339,.T.);
#4341=ORIENTED_EDGE('',*,*,#4340,.T.);
#4342=ORIENTED_EDGE('',*,*,#152,.T.);
#4343=CARTESIAN_POINT('',(0.596197068268,5.817046768252,0.480000000000));
#4344=VERTEX_POINT('',#4343);
#4345=CARTESIAN_POINT('',(-1.761025336242,0.832859659312,0.480000000000));
#4346=DIRECTION('',(-0.427536931584,-0.903997882814,0.000000000000));
#4347=VECTOR('',#4346,1.0);
#4348=LINE('',#4345,#4347);
#4349=EDGE_CURVE('',#150,#4344,#4348,.T.);
#4350=ORIENTED_EDGE('',*,*,#4349,.T.);
#4351=CARTESIAN_POINT('',(0.550976788939,5.721431550587,0.480000000000));
#4352=VERTEX_POINT('',#4351);
#4353=LINE('',#4345,#4347);
#4354=EDGE_CURVE('',#4344,#4352,#4353,.T.);
#4355=ORIENTED_EDGE('',*,*,#4354,.T.);
#4356=CARTESIAN_POINT('',(0.423875136054,5.732249495533,0.480000000000));
#4357=VERTEX_POINT('',#4356);
#4358=CIRCLE('',#102,5.747900000000);
#4359=EDGE_CURVE('',#4352,#4357,#4358,.T.);
#4360=ORIENTED_EDGE('',*,*,#4359,.T.);
#4361=CARTESIAN_POINT('',(0.395464359498,5.834131639636,0.480000000000));
#4362=VERTEX_POINT('',#4361);
#4363=CARTESIAN_POINT('',(1.876448555562,0.523265004872,0.480000000000));
#4364=DIRECTION('',(-0.268610818266,0.963248788377,0.000000000000));
#4365=VECTOR('',#4364,1.0);
#4366=LINE('',#4363,#4365);
#4367=EDGE_CURVE('',#4357,#4362,#4366,.T.);
#4368=ORIENTED_EDGE('',*,*,#4367,.T.);
#4369=LINE('',#4363,#4365);
#4370=EDGE_CURVE('',#4362,#877,#4369,.T.);
#4371=ORIENTED_EDGE('',*,*,#4370,.T.);
#4372=ORIENTED_EDGE('',*,*,#881,.T.);
#4373=CARTESIAN_POINT('',(0.100729232599,5.846651834164,0.480000000000));
#4374=VERTEX_POINT('',#4373);
#4375=CARTESIAN_POINT('',(-1.825312655658,0.680513891182,0.480000000000));
#4376=DIRECTION('',(-0.349332348714,-0.936998884814,0.000000000000));
#4377=VECTOR('',#4376,1.0);
#4378=LINE('',#4375,#4377);
#4379=EDGE_CURVE('',#879,#4374,#4378,.T.);
#4380=ORIENTED_EDGE('',*,*,#4379,.T.);
#4381=CARTESIAN_POINT('',(0.063780596773,5.747546123823,0.480000000000));
#4382=VERTEX_POINT('',#4381);
#4383=LINE('',#4375,#4377);
#4384=EDGE_CURVE('',#4374,#4382,#4383,.T.);
#4385=ORIENTED_EDGE('',*,*,#4384,.T.);
#4386=CARTESIAN_POINT('',(-0.063780596773,5.747546123823,0.480000000000));
#4387=VERTEX_POINT('',#4386);
#4388=CIRCLE('',#102,5.747900000000);
#4389=EDGE_CURVE('',#4382,#4387,#4388,.T.);
#4390=ORIENTED_EDGE('',*,*,#4389,.T.);
#4391=CARTESIAN_POINT('',(-0.100729232599,5.846651834164,0.480000000000));
#4392=VERTEX_POINT('',#4391);
#4393=CARTESIAN_POINT('',(1.825312655658,0.680513891182,0.480000000000));
#4394=DIRECTION('',(-0.349332348714,0.936998884814,0.000000000000));
#4395=VECTOR('',#4394,1.0);
#4396=LINE('',#4393,#4395);
#4397=EDGE_CURVE('',#4387,#4392,#4396,.T.);
#4398=ORIENTED_EDGE('',*,*,#4397,.T.);
#4399=LINE('',#4393,#4395);
#4400=EDGE_CURVE('',#4392,#1429,#4399,.T.);
#4401=ORIENTED_EDGE('',*,*,#4400,.T.);
#4402=ORIENTED_EDGE('',*,*,#1433,.T.);
#4403=CARTESIAN_POINT('',(-0.395464359498,5.834131639636,0.480000000000));
#4404=VERTEX_POINT('',#4403);
#4405=CARTESIAN_POINT('',(-1.876448555562,0.523265004872,0.480000000000));
#4406=DIRECTION('',(-0.268610818266,-0.963248788377,0.000000000000));
#4407=VECTOR('',#4406,1.0);
#4408=LINE('',#4405,#4407);
#4409=EDGE_CURVE('',#1431,#4404,#4408,.T.);
#4410=ORIENTED_EDGE('',*,*,#4409,.T.);
#4411=CARTESIAN_POINT('',(-0.423875136054,5.732249495533,0.480000000000));
#4412=VERTEX_POINT('',#4411);
#4413=LINE('',#4405,#4407);
#4414=EDGE_CURVE('',#4404,#4412,#4413,.T.);
#4415=ORIENTED_EDGE('',*,*,#4414,.T.);
#4416=CARTESIAN_POINT('',(-0.550976788939,5.721431550587,0.480000000000));
#4417=VERTEX_POINT('',#4416);
#4418=CIRCLE('',#102,5.747900000000);
#4419=EDGE_CURVE('',#4412,#4417,#4418,.T.);
#4420=ORIENTED_EDGE('',*,*,#4419,.T.);
#4421=CARTESIAN_POINT('',(-0.596197068268,5.817046768252,0.480000000000));
#4422=VERTEX_POINT('',#4421);
#4423=CARTESIAN_POINT('',(1.761025336242,0.832859659312,0.480000000000));
#4424=DIRECTION('',(-0.427536931584,0.903997882814,0.000000000000));
#4425=VECTOR('',#4424,1.0);
#4426=LINE('',#4423,#4425);
#4427=EDGE_CURVE('',#4417,#4422,#4426,.T.);
#4428=ORIENTED_EDGE('',*,*,#4427,.T.);
#4429=LINE('',#4423,#4425);
#4430=EDGE_CURVE('',#4422,#256,#4429,.T.);
#4431=ORIENTED_EDGE('',*,*,#4430,.T.);
#4432=ORIENTED_EDGE('',*,*,#260,.T.);
#4433=CARTESIAN_POINT('',(-0.888808621823,5.779576392956,0.480000000000));
#4434=VERTEX_POINT('',#4433);
#4435=CARTESIAN_POINT('',(-1.914064600625,0.362245982212,0.480000000000));
#4436=LINE('',#4435,#38);
#4437=EDGE_CURVE('',#258,#4434,#4436,.T.);
#4438=ORIENTED_EDGE('',*,*,#4437,.T.);
#4439=CARTESIAN_POINT('',(-0.908476838812,5.675651878273,0.480000000000));
#4440=VERTEX_POINT('',#4439);
#4441=LINE('',#4435,#38);
#4442=EDGE_CURVE('',#4434,#4440,#4441,.T.);
#4443=ORIENTED_EDGE('',*,*,#4442,.T.);
#4444=CARTESIAN_POINT('',(-1.034203180715,5.654093931922,0.480000000000));
#4445=VERTEX_POINT('',#4444);
#4446=CIRCLE('',#102,5.747900000000);
#4447=EDGE_CURVE('',#4440,#4445,#4446,.T.);
#4448=ORIENTED_EDGE('',*,*,#4447,.T.);
#4449=CARTESIAN_POINT('',(-1.087369290397,5.745529747076,0.480000000000));
#4450=VERTEX_POINT('',#4449);
#4451=CARTESIAN_POINT('',(1.684049788925,0.979204654512,0.480000000000));
#4452=DIRECTION('',(-0.502661101066,0.864483555353,0.000000000000));
#4453=VECTOR('',#4452,1.0);
#4454=LINE('',#4451,#4453);
#4455=EDGE_CURVE('',#4445,#4450,#4454,.T.);
#4456=ORIENTED_EDGE('',*,*,#4455,.T.);
#4457=LINE('',#4451,#4453);
#4458=EDGE_CURVE('',#4450,#739,#4457,.T.);
#4459=ORIENTED_EDGE('',*,*,#4458,.T.);
#4460=ORIENTED_EDGE('',*,*,#743,.T.);
#4461=CARTESIAN_POINT('',(-1.375748997661,5.683379165925,0.480000000000));
#4462=VERTEX_POINT('',#4461);
#4463=CARTESIAN_POINT('',(-1.937889766380,0.198616968948,0.480000000000));
#4464=DIRECTION('',(-0.101957260765,-0.994788780082,0.000000000000));
#4465=VECTOR('',#4464,1.0);
#4466=LINE('',#4463,#4465);
#4467=EDGE_CURVE('',#741,#4462,#4466,.T.);
#4468=ORIENTED_EDGE('',*,*,#4467,.T.);
#4469=CARTESIAN_POINT('',(-1.386532945130,5.578161059173,0.480000000000));
#4470=VERTEX_POINT('',#4469);
#4471=LINE('',#4463,#4465);
#4472=EDGE_CURVE('',#4462,#4470,#4471,.T.);
#4473=ORIENTED_EDGE('',*,*,#4472,.T.);
#4474=CARTESIAN_POINT('',(-1.509978114875,5.546018436915,0.480000000000));
#4475=VERTEX_POINT('',#4474);
#4476=CIRCLE('',#102,5.747900000000);
#4477=EDGE_CURVE('',#4470,#4475,#4476,.T.);
#4478=ORIENTED_EDGE('',*,*,#4477,.T.);
#4479=CARTESIAN_POINT('',(-1.570706991872,5.632616052415,0.480000000000));
#4480=VERTEX_POINT('',#4479);
#4481=CARTESIAN_POINT('',(1.594940624289,1.118494457737,0.480000000000));
#4482=DIRECTION('',(-0.574163585795,0.818740604066,0.000000000000));
#4483=VECTOR('',#4482,1.0);
#4484=LINE('',#4481,#4483);
#4485=EDGE_CURVE('',#4475,#4480,#4484,.T.);
#4486=ORIENTED_EDGE('',*,*,#4485,.T.);
#4487=LINE('',#4481,#4483);
#4488=EDGE_CURVE('',#4480,#762,#4487,.T.);
#4489=ORIENTED_EDGE('',*,*,#4488,.T.);
#4490=ORIENTED_EDGE('',*,*,#766,.T.);
#4491=CARTESIAN_POINT('',(-1.852777070445,5.546233061770,0.480000000000));
#4492=VERTEX_POINT('',#4491);
#4493=CARTESIAN_POINT('',(-1.947752391962,0.033556915873,0.480000000000));
#4494=DIRECTION('',(-0.017225976412,-0.999851621860,0.000000000000));
#4495=VECTOR('',#4494,1.0);
#4496=LINE('',#4493,#4495);
#4497=EDGE_CURVE('',#764,#4492,#4496,.T.);
#4498=ORIENTED_EDGE('',*,*,#4497,.T.);
#4499=CARTESIAN_POINT('',(-1.854599049805,5.440479461818,0.480000000000));
#4500=VERTEX_POINT('',#4499);
#4501=LINE('',#4493,#4495);
#4502=EDGE_CURVE('',#4492,#4500,#4501,.T.);
#4503=ORIENTED_EDGE('',*,*,#4502,.T.);
#4504=CARTESIAN_POINT('',(-1.974873622117,5.397983751983,0.480000000000));
#4505=VERTEX_POINT('',#4504);
#4506=CIRCLE('',#102,5.747900000000);
#4507=EDGE_CURVE('',#4500,#4505,#4506,.T.);
#4508=ORIENTED_EDGE('',*,*,#4507,.T.);
#4509=CARTESIAN_POINT('',(-2.042727713478,5.479119230025,0.480000000000));
#4510=VERTEX_POINT('',#4509);
#4511=CARTESIAN_POINT('',(1.494339875907,1.249725482764,0.480000000000));
#4512=DIRECTION('',(-0.641529208733,0.767098607966,0.000000000000));
#4513=VECTOR('',#4512,1.0);
#4514=LINE('',#4511,#4513);
#4515=EDGE_CURVE('',#4505,#4510,#4514,.T.);
#4516=ORIENTED_EDGE('',*,*,#4515,.T.);
#4517=LINE('',#4511,#4513);
#4518=EDGE_CURVE('',#4510,#808,#4517,.T.);
#4519=ORIENTED_EDGE('',*,*,#4518,.T.);
#4520=ORIENTED_EDGE('',*,*,#812,.T.);
#4521=CARTESIAN_POINT('',(-2.316455841981,5.369126221313,0.480000000000));
#4522=VERTEX_POINT('',#4521);
#4523=CARTESIAN_POINT('',(-1.943581416927,-0.131744915551,0.480000000000));
#4524=DIRECTION('',(0.067629421496,-0.997710509791,0.000000000000));
#4525=VECTOR('',#4524,1.0);
#4526=LINE('',#4523,#4525);
#4527=EDGE_CURVE('',#810,#4522,#4526,.T.);
#4528=ORIENTED_EDGE('',*,*,#4527,.T.);
#4529=CARTESIAN_POINT('',(-2.309302725829,5.263599085272,0.480000000000));
#4530=VERTEX_POINT('',#4529);
#4531=LINE('',#4523,#4525);
#4532=EDGE_CURVE('',#4522,#4530,#4531,.T.);
#4533=ORIENTED_EDGE('',*,*,#4532,.T.);
#4534=CARTESIAN_POINT('',(-2.425540119657,5.211056470423,0.480000000000));
#4535=VERTEX_POINT('',#4534);
#4536=CIRCLE('',#102,5.747900000000);
#4537=EDGE_CURVE('',#4530,#4535,#4536,.T.);
#4538=ORIENTED_EDGE('',*,*,#4537,.T.);
#4539=CARTESIAN_POINT('',(-2.500030535100,5.286145228028,0.480000000000));
#4540=VERTEX_POINT('',#4539);
#4541=CARTESIAN_POINT('',(1.382972374476,1.371952207051,0.480000000000));
#4542=DIRECTION('',(-0.704272599020,0.709929648817,0.000000000000));
#4543=VECTOR('',#4542,1.0);
#4544=LINE('',#4541,#4543);
#4545=EDGE_CURVE('',#4535,#4540,#4544,.T.);
#4546=ORIENTED_EDGE('',*,*,#4545,.T.);
#4547=LINE('',#4541,#4543);
#4548=EDGE_CURVE('',#4540,#1744,#4547,.T.);
#4549=ORIENTED_EDGE('',*,*,#4548,.T.);
#4550=ORIENTED_EDGE('',*,*,#1748,.T.);
#4551=CARTESIAN_POINT('',(-2.763444496094,5.153334703398,0.480000000000));
#4552=VERTEX_POINT('',#4551);
#4553=CARTESIAN_POINT('',(-1.925406893245,-0.296097521839,0.480000000000));
#4554=DIRECTION('',(0.151997547872,-0.988380870637,0.000000000000));
#4555=VECTOR('',#4554,1.0);
#4556=LINE('',#4553,#4555);
#4557=EDGE_CURVE('',#1746,#4552,#4556,.T.);
#4558=ORIENTED_EDGE('',*,*,#4557,.T.);
#4559=CARTESIAN_POINT('',(-2.747367822795,5.048794356702,0.480000000000));
#4560=VERTEX_POINT('',#4559);
#4561=LINE('',#4553,#4555);
#4562=EDGE_CURVE('',#4552,#4560,#4561,.T.);
#4563=ORIENTED_EDGE('',*,*,#4562,.T.);
#4564=CARTESIAN_POINT('',(-2.858730545053,4.986583407583,0.480000000000));
#4565=VERTEX_POINT('',#4564);
#4566=CIRCLE('',#102,5.747900000000);
#4567=EDGE_CURVE('',#4560,#4565,#4566,.T.);
#4568=ORIENTED_EDGE('',*,*,#4567,.T.);
#4569=CARTESIAN_POINT('',(-2.939320579428,5.055084428532,0.480000000000));
#4570=VERTEX_POINT('',#4569);
#4571=CARTESIAN_POINT('',(1.261640525396,1.484293984247,0.480000000000));
#4572=DIRECTION('',(-0.761941689094,0.647645630280,0.000000000000));
#4573=VECTOR('',#4572,1.0);
#4574=LINE('',#4571,#4573);
#4575=EDGE_CURVE('',#4565,#4570,#4574,.T.);
#4576=ORIENTED_EDGE('',*,*,#4575,.T.);
#4577=LINE('',#4571,#4573);
#4578=EDGE_CURVE('',#4570,#601,#4577,.T.);
#4579=ORIENTED_EDGE('',*,*,#4578,.T.);
#4580=ORIENTED_EDGE('',*,*,#605,.T.);
#4581=CARTESIAN_POINT('',(-3.190522469288,4.900413290857,0.480000000000));
#4582=VERTEX_POINT('',#4581);
#4583=CARTESIAN_POINT('',(-1.893359768778,-0.458316738697,0.480000000000));
#4584=DIRECTION('',(0.235270528432,-0.971929924661,0.000000000000));
#4585=VECTOR('',#4584,1.0);
#4586=LINE('',#4583,#4585);
#4587=EDGE_CURVE('',#603,#4582,#4586,.T.);
#4588=ORIENTED_EDGE('',*,*,#4587,.T.);
#4589=CARTESIAN_POINT('',(-3.165638071643,4.797612949099,0.480000000000));
#4590=VERTEX_POINT('',#4589);
#4591=LINE('',#4583,#4585);
#4592=EDGE_CURVE('',#4582,#4590,#4591,.T.);
#4593=ORIENTED_EDGE('',*,*,#4592,.T.);
#4594=CARTESIAN_POINT('',(-3.271323751365,4.726181897024,0.480000000000));
#4595=VERTEX_POINT('',#4594);
#4596=CIRCLE('',#102,5.747900000000);
#4597=EDGE_CURVE('',#4590,#4595,#4596,.T.);
#4598=ORIENTED_EDGE('',*,*,#4597,.T.);
#4599=CARTESIAN_POINT('',(-3.357432751627,4.787601629892,0.480000000000));
#4600=VERTEX_POINT('',#4599);
#4601=CARTESIAN_POINT('',(1.131218527421,1.585941389275,0.480000000000));
#4602=DIRECTION('',(-0.814120971837,0.580695310137,0.000000000000));
#4603=VECTOR('',#4602,1.0);
#4604=LINE('',#4601,#4603);
#4605=EDGE_CURVE('',#4595,#4600,#4604,.T.);
#4606=ORIENTED_EDGE('',*,*,#4605,.T.);
#4607=LINE('',#4601,#4603);
#4608=EDGE_CURVE('',#4600,#1544,#4607,.T.);
#4609=ORIENTED_EDGE('',*,*,#4608,.T.);
#4610=ORIENTED_EDGE('',*,*,#1548,.T.);
#4611=CARTESIAN_POINT('',(-3.594612654980,4.612184288263,0.480000000000));
#4612=VERTEX_POINT('',#4611);
#4613=CARTESIAN_POINT('',(-1.847670943790,-0.617233772951,0.480000000000));
#4614=DIRECTION('',(0.316848379444,-0.948476201306,0.000000000000));
#4615=VECTOR('',#4614,1.0);
#4616=LINE('',#4613,#4615);
#4617=EDGE_CURVE('',#1546,#4612,#4616,.T.);
#4618=ORIENTED_EDGE('',*,*,#4617,.T.);
#4619=CARTESIAN_POINT('',(-3.561099825643,4.511864630261,0.480000000000));
#4620=VERTEX_POINT('',#4619);
#4621=LINE('',#4613,#4615);
#4622=EDGE_CURVE('',#4612,#4620,#4621,.T.);
#4623=ORIENTED_EDGE('',*,*,#4622,.T.);
#4624=CARTESIAN_POINT('',(-3.660346995086,4.431728137596,0.480000000000));
#4625=VERTEX_POINT('',#4624);
#4626=CIRCLE('',#102,5.747900000000);
#4627=EDGE_CURVE('',#4620,#4625,#4626,.T.);
#4628=ORIENTED_EDGE('',*,*,#4627,.T.);
#4629=CARTESIAN_POINT('',(-3.751354543915,4.485624051800,0.480000000000));
#4630=VERTEX_POINT('',#4629);
#4631=CARTESIAN_POINT('',(0.992646074034,1.676162050251,0.480000000000));
#4632=DIRECTION('',(-0.860434494323,0.509561066977,0.000000000000));
#4633=VECTOR('',#4632,1.0);
#4634=LINE('',#4631,#4633);
#4635=EDGE_CURVE('',#4625,#4630,#4634,.T.);
#4636=ORIENTED_EDGE('',*,*,#4635,.T.);
#4637=LINE('',#4631,#4633);
#4638=EDGE_CURVE('',#4630,#1590,#4637,.T.);
#4639=ORIENTED_EDGE('',*,*,#4638,.T.);
#4640=ORIENTED_EDGE('',*,*,#1594,.T.);
#4641=CARTESIAN_POINT('',(-3.972803574123,4.290724392183,0.480000000000));
#4642=VERTEX_POINT('',#4641);
#4643=CARTESIAN_POINT('',(-1.788669607312,-0.771703623727,0.480000000000));
#4644=DIRECTION('',(0.396143330622,-0.918188685186,0.000000000000));
#4645=VECTOR('',#4644,1.0);
#4646=LINE('',#4643,#4645);
#4647=EDGE_CURVE('',#1592,#4642,#4646,.T.);
#4648=ORIENTED_EDGE('',*,*,#4647,.T.);
#4649=CARTESIAN_POINT('',(-3.930903773798,4.193608223373,0.480000000000));
#4650=VERTEX_POINT('',#4649);
#4651=LINE('',#4643,#4645);
#4652=EDGE_CURVE('',#4642,#4650,#4651,.T.);
#4653=ORIENTED_EDGE('',*,*,#4652,.T.);
#4654=CARTESIAN_POINT('',(-4.022997354831,4.105343675385,0.480000000000));
#4655=VERTEX_POINT('',#4654);
#4656=CIRCLE('',#102,5.747900000000);
#4657=EDGE_CURVE('',#4650,#4655,#4656,.T.);
#4658=ORIENTED_EDGE('',*,*,#4657,.T.);
#4659=CARTESIAN_POINT('',(-4.118247740752,4.151327449628,0.480000000000));
#4660=VERTEX_POINT('',#4659);
#4661=CARTESIAN_POINT('',(0.846921582936,1.754305925246,0.480000000000));
#4662=DIRECTION('',(-0.900548566561,0.434755424654,0.000000000000));
#4663=VECTOR('',#4662,1.0);
#4664=LINE('',#4661,#4663);
#4665=EDGE_CURVE('',#4655,#4660,#4664,.T.);
#4666=ORIENTED_EDGE('',*,*,#4665,.T.);
#4667=LINE('',#4661,#4663);
#4668=EDGE_CURVE('',#4660,#1383,#4667,.T.);
#4669=ORIENTED_EDGE('',*,*,#4668,.T.);
#4670=ORIENTED_EDGE('',*,*,#1387,.T.);
#4671=CARTESIAN_POINT('',(-4.322370352477,3.938349728536,0.480000000000));
#4672=VERTEX_POINT('',#4671);
#4673=CARTESIAN_POINT('',(-1.716780865327,-0.920613332210,0.480000000000));
#4674=DIRECTION('',(0.472584060025,-0.881285598549,0.000000000000));
#4675=VECTOR('',#4674,1.0);
#4676=LINE('',#4673,#4675);
#4677=EDGE_CURVE('',#1385,#4672,#4676,.T.);
#4678=ORIENTED_EDGE('',*,*,#4677,.T.);
#4679=CARTESIAN_POINT('',(-4.272385470186,3.845136773139,0.480000000000));
#4680=VERTEX_POINT('',#4679);
#4681=LINE('',#4673,#4675);
#4682=EDGE_CURVE('',#4672,#4680,#4681,.T.);
#4683=ORIENTED_EDGE('',*,*,#4682,.T.);
#4684=CARTESIAN_POINT('',(-4.356661926448,3.749380117918,0.480000000000));
#4685=VERTEX_POINT('',#4684);
#4686=CIRCLE('',#102,5.747900000000);
#4687=EDGE_CURVE('',#4680,#4685,#4686,.T.);
#4688=ORIENTED_EDGE('',*,*,#4687,.T.);
#4689=CARTESIAN_POINT('',(-4.455468868247,3.787120438053,0.480000000000));
#4690=VERTEX_POINT('',#4689);
#4691=CARTESIAN_POINT('',(0.695095002427,1.819809985849,0.480000000000));
#4692=DIRECTION('',(-0.934174165740,0.356817359533,0.000000000000));
#4693=VECTOR('',#4692,1.0);
#4694=LINE('',#4691,#4693);
#4695=EDGE_CURVE('',#4685,#4690,#4694,.T.);
#4696=ORIENTED_EDGE('',*,*,#4695,.T.);
#4697=LINE('',#4691,#4693);
#4698=EDGE_CURVE('',#4690,#1245,#4697,.T.);
#4699=ORIENTED_EDGE('',*,*,#4698,.T.);
#4700=ORIENTED_EDGE('',*,*,#1249,.T.);
#4701=CARTESIAN_POINT('',(-4.640794353395,3.557599164848,0.480000000000));
#4702=VERTEX_POINT('',#4701);
#4703=CARTESIAN_POINT('',(-1.632522677867,-1.062890000538,0.480000000000));
#4704=DIRECTION('',(0.545619810446,-0.838032828981,0.000000000000));
#4705=VECTOR('',#4704,1.0);
#4706=LINE('',#4703,#4705);
#4707=EDGE_CURVE('',#1247,#4702,#4706,.T.);
#4708=ORIENTED_EDGE('',*,*,#4707,.T.);
#4709=CARTESIAN_POINT('',(-4.583084531360,3.468961024343,0.480000000000));
#4710=VERTEX_POINT('',#4709);
#4711=LINE('',#4703,#4705);
#4712=EDGE_CURVE('',#4702,#4710,#4711,.T.);
#4713=ORIENTED_EDGE('',*,*,#4712,.T.);
#4714=CARTESIAN_POINT('',(-4.658936649051,3.366402190786,0.480000000000));
#4715=VERTEX_POINT('',#4714);
#4716=CIRCLE('',#102,5.747900000000);
#4717=EDGE_CURVE('',#4710,#4715,#4716,.T.);
#4718=ORIENTED_EDGE('',*,*,#4717,.T.);
#4719=CARTESIAN_POINT('',(-4.760588240450,3.395627136940,0.480000000000));
#4720=VERTEX_POINT('',#4719);
#4721=CARTESIAN_POINT('',(0.538260246497,1.872202273804,0.480000000000));
#4722=DIRECTION('',(-0.961069018649,0.276308417160,0.000000000000));
#4723=VECTOR('',#4722,1.0);
#4724=LINE('',#4721,#4723);
#4725=EDGE_CURVE('',#4715,#4720,#4724,.T.);
#4726=ORIENTED_EDGE('',*,*,#4725,.T.);
#4727=LINE('',#4721,#4723);
#4728=EDGE_CURVE('',#4720,#1452,#4727,.T.);
#4729=ORIENTED_EDGE('',*,*,#4728,.T.);
#4730=ORIENTED_EDGE('',*,*,#1456,.T.);
#4731=CARTESIAN_POINT('',(-4.925781324654,3.151216017656,0.480000000000));
#4732=VERTEX_POINT('',#4731);
#4733=CARTESIAN_POINT('',(-1.536502127104,-1.197508522057,0.480000000000));
#4734=DIRECTION('',(0.614724357630,-0.788742013675,0.000000000000));
#4735=VECTOR('',#4734,1.0);
#4736=LINE('',#4733,#4735);
#4737=EDGE_CURVE('',#1454,#4732,#4736,.T.);
#4738=ORIENTED_EDGE('',*,*,#4737,.T.);
#4739=CARTESIAN_POINT('',(-4.860762363464,3.067791331876,0.480000000000));
#4740=VERTEX_POINT('',#4739);
#4741=LINE('',#4733,#4735);
#4742=EDGE_CURVE('',#4732,#4740,#4741,.T.);
#4743=ORIENTED_EDGE('',*,*,#4742,.T.);
#4744=CARTESIAN_POINT('',(-4.927643626340,2.959169258727,0.480000000000));
#4745=VERTEX_POINT('',#4744);
#4746=CIRCLE('',#102,5.747900000000);
#4747=EDGE_CURVE('',#4740,#4745,#4746,.T.);
#4748=ORIENTED_EDGE('',*,*,#4747,.T.);
#4749=CARTESIAN_POINT('',(-5.031407465292,2.979668264496,0.480000000000));
#4750=VERTEX_POINT('',#4749);
#4751=CARTESIAN_POINT('',(0.377547313157,1.911105301475,0.480000000000));
#4752=DIRECTION('',(-0.981039347255,0.193808666310,0.000000000000));
#4753=VECTOR('',#4752,1.0);
#4754=LINE('',#4751,#4753);
#4755=EDGE_CURVE('',#4745,#4750,#4754,.T.);
#4756=ORIENTED_EDGE('',*,*,#4755,.T.);
#4757=LINE('',#4751,#4753);
#4758=EDGE_CURVE('',#4750,#1084,#4757,.T.);
#4759=ORIENTED_EDGE('',*,*,#4758,.T.);
#4760=ORIENTED_EDGE('',*,*,#1088,.T.);
#4761=CARTESIAN_POINT('',(-5.175277928594,2.722128286845,0.480000000000));
#4762=VERTEX_POINT('',#4761);
#4763=CARTESIAN_POINT('',(-1.429411043307,-1.323498967234,0.480000000000));
#4764=DIRECTION('',(0.679399801731,-0.733768294088,0.000000000000));
#4765=VECTOR('',#4764,1.0);
#4766=LINE('',#4763,#4765);
#4767=EDGE_CURVE('',#1086,#4762,#4766,.T.);
#4768=ORIENTED_EDGE('',*,*,#4767,.T.);
#4769=CARTESIAN_POINT('',(-5.103418291355,2.644518132565,0.480000000000));
#4770=VERTEX_POINT('',#4769);
#4771=LINE('',#4763,#4765);
#4772=EDGE_CURVE('',#4762,#4770,#4771,.T.);
#4773=ORIENTED_EDGE('',*,*,#4772,.T.);
#4774=CARTESIAN_POINT('',(-5.160846818383,2.530615444350,0.480000000000));
#4775=VERTEX_POINT('',#4774);
#4776=CIRCLE('',#102,5.747900000000);
#4777=EDGE_CURVE('',#4770,#4775,#4776,.T.);
#4778=ORIENTED_EDGE('',*,*,#4777,.T.);
#4779=CARTESIAN_POINT('',(-5.265975284052,2.542240813926,0.480000000000));
#4780=VERTEX_POINT('',#4779);
#4781=CARTESIAN_POINT('',(0.214114142774,1.936238771655,0.480000000000));
#4782=DIRECTION('',(-0.993941264884,0.109912519578,0.000000000000));
#4783=VECTOR('',#4782,1.0);
#4784=LINE('',#4781,#4783);
#4785=EDGE_CURVE('',#4775,#4780,#4784,.T.);
#4786=ORIENTED_EDGE('',*,*,#4785,.T.);
#4787=LINE('',#4781,#4783);
#4788=EDGE_CURVE('',#4780,#1360,#4787,.T.);
#4789=ORIENTED_EDGE('',*,*,#4788,.T.);
#4790=ORIENTED_EDGE('',*,*,#1364,.T.);
#4791=CARTESIAN_POINT('',(-5.387486536468,2.273427559351,0.480000000000));
#4792=VERTEX_POINT('',#4791);
#4793=CARTESIAN_POINT('',(-1.312021020187,-1.439953572023,0.480000000000));
#4794=DIRECTION('',(0.739180154692,-0.673507757127,0.000000000000));
#4795=VECTOR('',#4794,1.0);
#4796=LINE('',#4793,#4795);
#4797=EDGE_CURVE('',#1362,#4792,#4796,.T.);
#4798=ORIENTED_EDGE('',*,*,#4797,.T.);
#4799=CARTESIAN_POINT('',(-5.309303973513,2.202191119509,0.480000000000));
#4800=VERTEX_POINT('',#4799);
#4801=LINE('',#4793,#4795);
#4802=EDGE_CURVE('',#4792,#4800,#4801,.T.);
#4803=ORIENTED_EDGE('',*,*,#4802,.T.);
#4804=CARTESIAN_POINT('',(-5.356865990840,2.083828487708,0.480000000000));
#4805=VERTEX_POINT('',#4804);
#4806=CIRCLE('',#102,5.747900000000);
#4807=EDGE_CURVE('',#4800,#4805,#4806,.T.);
#4808=ORIENTED_EDGE('',*,*,#4807,.T.);
#4809=CARTESIAN_POINT('',(-5.462601630221,2.086496460037,0.480000000000));
#4810=VERTEX_POINT('',#4809);
#4811=CARTESIAN_POINT('',(0.049138275086,1.947421597117,0.480000000000));
#4812=DIRECTION('',(-0.999681812924,0.025224450624,0.000000000000));
#4813=VECTOR('',#4812,1.0);
#4814=LINE('',#4811,#4813);
#4815=EDGE_CURVE('',#4805,#4810,#4814,.T.);
#4816=ORIENTED_EDGE('',*,*,#4815,.T.);
#4817=LINE('',#4811,#4813);
#4818=EDGE_CURVE('',#4810,#1176,#4817,.T.);
#4819=ORIENTED_EDGE('',*,*,#4818,.T.);
#4820=ORIENTED_EDGE('',*,*,#1180,.T.);
#4821=CARTESIAN_POINT('',(-5.560878180392,1.808346734197,0.480000000000));
#4822=VERTEX_POINT('',#4821);
#4823=CARTESIAN_POINT('',(-1.185177855552,-1.546033278330,0.480000000000));
#4824=DIRECTION('',(0.793634697700,-0.608394581343,0.000000000000));
#4825=VECTOR('',#4824,1.0);
#4826=LINE('',#4823,#4825);
#4827=EDGE_CURVE('',#1178,#4822,#4826,.T.);
#4828=ORIENTED_EDGE('',*,*,#4827,.T.);
#4829=CARTESIAN_POINT('',(-5.476935998878,1.743997268974,0.480000000000));
#4830=VERTEX_POINT('',#4829);
#4831=LINE('',#4823,#4825);
#4832=EDGE_CURVE('',#4822,#4830,#4831,.T.);
#4833=ORIENTED_EDGE('',*,*,#4832,.T.);
#4834=CARTESIAN_POINT('',(-5.514288821080,1.622027499061,0.480000000000));
#4835=VERTEX_POINT('',#4834);
#4836=CIRCLE('',#102,5.747900000000);
#4837=EDGE_CURVE('',#4830,#4835,#4836,.T.);
#4838=ORIENTED_EDGE('',*,*,#4837,.T.);
#4839=CARTESIAN_POINT('',(-5.619869806468,1.615718851342,0.480000000000));
#4840=VERTEX_POINT('',#4839);
#4841=CARTESIAN_POINT('',(-0.116191635000,1.944573205347,0.480000000000));
#4842=DIRECTION('',(-0.998219630594,-0.059645361074,0.000000000000));
#4843=VECTOR('',#4842,1.0);
#4844=LINE('',#4841,#4843);
#4845=EDGE_CURVE('',#4835,#4840,#4844,.T.);
#4846=ORIENTED_EDGE('',*,*,#4845,.T.);
#4847=LINE('',#4841,#4843);
#4848=EDGE_CURVE('',#4840,#463,#4847,.T.);
#4849=ORIENTED_EDGE('',*,*,#4848,.T.);
#4850=ORIENTED_EDGE('',*,*,#467,.T.);
#4851=CARTESIAN_POINT('',(-5.694203569599,1.330236729384,0.480000000000));
#4852=VERTEX_POINT('',#4851);
#4853=CARTESIAN_POINT('',(-1.049795457310,-1.640973779439,0.480000000000));
#4854=DIRECTION('',(0.842371084525,-0.538897908658,0.000000000000));
#4855=VECTOR('',#4854,1.0);
#4856=LINE('',#4853,#4855);
#4857=EDGE_CURVE('',#465,#4852,#4856,.T.);
#4858=ORIENTED_EDGE('',*,*,#4857,.T.);
#4859=CARTESIAN_POINT('',(-5.605106574869,1.273237878153,0.480000000000));
#4860=VERTEX_POINT('',#4859);
#4861=LINE('',#4853,#4855);
#4862=EDGE_CURVE('',#4852,#4860,#4861,.T.);
#4863=ORIENTED_EDGE('',*,*,#4862,.T.);
#4864=CARTESIAN_POINT('',(-5.631981074005,1.148539765115,0.480000000000));
#4865=VERTEX_POINT('',#4864);
#4866=CIRCLE('',#102,5.747900000000);
#4867=EDGE_CURVE('',#4860,#4865,#4866,.T.);
#4868=ORIENTED_EDGE('',*,*,#4867,.T.);
#4869=CARTESIAN_POINT('',(-5.736646691982,1.133299951298,0.480000000000));
#4870=VERTEX_POINT('',#4869);
#4871=CARTESIAN_POINT('',(-0.280684381694,1.927714119072,0.480000000000));
#4872=DIRECTION('',(-0.989565252951,-0.144085426580,0.000000000000));
#4873=VECTOR('',#4872,1.0);
#4874=LINE('',#4871,#4873);
#4875=EDGE_CURVE('',#4865,#4870,#4874,.T.);
#4876=ORIENTED_EDGE('',*,*,#4875,.T.);
#4877=LINE('',#4871,#4873);
#4878=EDGE_CURVE('',#4870,#1629,#4877,.T.);
#4879=ORIENTED_EDGE('',*,*,#4878,.T.);
#4880=ORIENTED_EDGE('',*,*,#1633,.T.);
#4881=CARTESIAN_POINT('',(-5.786502091605,0.842542338453,0.480000000000));
#4882=VERTEX_POINT('',#4881);
#4883=CARTESIAN_POINT('',(-0.906849258741,-1.724091026865,0.480000000000));
#4884=DIRECTION('',(0.885038168383,-0.465518464193,0.000000000000));
#4885=VECTOR('',#4884,1.0);
#4886=LINE('',#4883,#4885);
#4887=EDGE_CURVE('',#1631,#4882,#4886,.T.);
#4888=ORIENTED_EDGE('',*,*,#4887,.T.);
#4889=CARTESIAN_POINT('',(-5.692892229546,0.793304779243,0.480000000000));
#4890=VERTEX_POINT('',#4889);
#4891=LINE('',#4883,#4885);
#4892=EDGE_CURVE('',#4882,#4890,#4891,.T.);
#4893=ORIENTED_EDGE('',*,*,#4892,.T.);
#4894=CARTESIAN_POINT('',(-5.709094774235,0.666776775842,0.480000000000));
#4895=VERTEX_POINT('',#4894);
#4896=CIRCLE('',#102,5.747900000000);
#4897=EDGE_CURVE('',#4890,#4895,#4896,.T.);
#4898=ORIENTED_EDGE('',*,*,#4897,.T.);
#4899=CARTESIAN_POINT('',(-5.812090906624,0.642715599136,0.480000000000));
#4900=VERTEX_POINT('',#4899);
#4901=CARTESIAN_POINT('',(-0.443154790985,1.896965808396,0.480000000000));
#4902=DIRECTION('',(-0.973781034984,-0.227487353285,0.000000000000));
#4903=VECTOR('',#4902,1.0);
#4904=LINE('',#4901,#4903);
#4905=EDGE_CURVE('',#4895,#4900,#4904,.T.);
#4906=ORIENTED_EDGE('',*,*,#4905,.T.);
#4907=LINE('',#4901,#4903);
#4908=EDGE_CURVE('',#4900,#279,#4907,.T.);
#4909=ORIENTED_EDGE('',*,*,#4908,.T.);
#4910=ORIENTED_EDGE('',*,*,#283,.T.);
#4911=CARTESIAN_POINT('',(-5.837108733444,0.348777410668,0.480000000000));
#4912=VERTEX_POINT('',#4911);
#4913=CARTESIAN_POINT('',(-0.757369190483,-1.794786158934,0.480000000000));
#4914=DIRECTION('',(0.921328531958,-0.388784948527,0.000000000000));
#4915=VECTOR('',#4914,1.0);
#4916=LINE('',#4913,#4915);
#4917=EDGE_CURVE('',#281,#4912,#4916,.T.);
#4918=ORIENTED_EDGE('',*,*,#4917,.T.);
#4919=CARTESIAN_POINT('',(-5.739660465258,0.307655901221,0.480000000000));
#4920=VERTEX_POINT('',#4919);
#4921=LINE('',#4913,#4915);
#4922=EDGE_CURVE('',#4912,#4920,#4921,.T.);
#4923=ORIENTED_EDGE('',*,*,#4922,.T.);
#4924=CARTESIAN_POINT('',(-5.745074315793,0.180209644620,0.480000000000));
#4925=VERTEX_POINT('',#4924);
#4926=CIRCLE('',#102,5.747900000000);
#4927=EDGE_CURVE('',#4920,#4925,#4926,.T.);
#4928=ORIENTED_EDGE('',*,*,#4927,.T.);
#4929=CARTESIAN_POINT('',(-5.845658873101,0.147500466354,0.480000000000));
#4930=VERTEX_POINT('',#4929);
#4931=CARTESIAN_POINT('',(-0.602432259853,1.852549815601,0.480000000000));
#4932=DIRECTION('',(-0.950980702347,-0.309250228397,0.000000000000));
#4933=VECTOR('',#4932,1.0);
#4934=LINE('',#4931,#4933);
#4935=EDGE_CURVE('',#4925,#4930,#4934,.T.);
#4936=ORIENTED_EDGE('',*,*,#4935,.T.);
#4937=LINE('',#4931,#4933);
#4938=EDGE_CURVE('',#4930,#1314,#4937,.T.);
#4939=ORIENTED_EDGE('',*,*,#4938,.T.);
#4940=ORIENTED_EDGE('',*,*,#1318,.T.);
#4941=CARTESIAN_POINT('',(-5.845658873101,-0.147500466354,0.480000000000));
#4942=VERTEX_POINT('',#4941);
#4943=CARTESIAN_POINT('',(-0.602432259853,-1.852549815601,0.480000000000));
#4944=DIRECTION('',(0.950980702347,-0.309250228397,0.000000000000));
#4945=VECTOR('',#4944,1.0);
#4946=LINE('',#4943,#4945);
#4947=EDGE_CURVE('',#1316,#4942,#4946,.T.);
#4948=ORIENTED_EDGE('',*,*,#4947,.T.);
#4949=CARTESIAN_POINT('',(-5.745074315793,-0.180209644620,0.480000000000));
#4950=VERTEX_POINT('',#4949);
#4951=LINE('',#4943,#4945);
#4952=EDGE_CURVE('',#4942,#4950,#4951,.T.);
#4953=ORIENTED_EDGE('',*,*,#4952,.T.);
#4954=CARTESIAN_POINT('',(-5.739660465258,-0.307655901221,0.480000000000));
#4955=VERTEX_POINT('',#4954);
#4956=CIRCLE('',#102,5.747900000000);
#4957=EDGE_CURVE('',#4950,#4955,#4956,.T.);
#4958=ORIENTED_EDGE('',*,*,#4957,.T.);
#4959=CARTESIAN_POINT('',(-5.837108733444,-0.348777410668,0.480000000000));
#4960=VERTEX_POINT('',#4959);
#4961=CARTESIAN_POINT('',(-0.757369190483,1.794786158934,0.480000000000));
#4962=DIRECTION('',(-0.921328531958,-0.388784948527,0.000000000000));
#4963=VECTOR('',#4962,1.0);
#4964=LINE('',#4961,#4963);
#4965=EDGE_CURVE('',#4955,#4960,#4964,.T.);
#4966=ORIENTED_EDGE('',*,*,#4965,.T.);
#4967=LINE('',#4961,#4963);
#4968=EDGE_CURVE('',#4960,#900,#4967,.T.);
#4969=ORIENTED_EDGE('',*,*,#4968,.T.);
#4970=ORIENTED_EDGE('',*,*,#904,.T.);
#4971=CARTESIAN_POINT('',(-5.812090906624,-0.642715599136,0.480000000000));
#4972=VERTEX_POINT('',#4971);
#4973=CARTESIAN_POINT('',(-0.443154790985,-1.896965808396,0.480000000000));
#4974=DIRECTION('',(0.973781034984,-0.227487353285,0.000000000000));
#4975=VECTOR('',#4974,1.0);
#4976=LINE('',#4973,#4975);
#4977=EDGE_CURVE('',#902,#4972,#4976,.T.);
#4978=ORIENTED_EDGE('',*,*,#4977,.T.);
#4979=CARTESIAN_POINT('',(-5.709094774235,-0.666776775842,0.480000000000));
#4980=VERTEX_POINT('',#4979);
#4981=LINE('',#4973,#4975);
#4982=EDGE_CURVE('',#4972,#4980,#4981,.T.);
#4983=ORIENTED_EDGE('',*,*,#4982,.T.);
#4984=CARTESIAN_POINT('',(-5.692892229546,-0.793304779243,0.480000000000));
#4985=VERTEX_POINT('',#4984);
#4986=CIRCLE('',#102,5.747900000000);
#4987=EDGE_CURVE('',#4980,#4985,#4986,.T.);
#4988=ORIENTED_EDGE('',*,*,#4987,.T.);
#4989=CARTESIAN_POINT('',(-5.786502091605,-0.842542338453,0.480000000000));
#4990=VERTEX_POINT('',#4989);
#4991=CARTESIAN_POINT('',(-0.906849258741,1.724091026865,0.480000000000));
#4992=DIRECTION('',(-0.885038168383,-0.465518464193,0.000000000000));
#4993=VECTOR('',#4992,1.0);
#4994=LINE('',#4991,#4993);
#4995=EDGE_CURVE('',#4985,#4990,#4994,.T.);
#4996=ORIENTED_EDGE('',*,*,#4995,.T.);
#4997=LINE('',#4991,#4993);
#4998=EDGE_CURVE('',#4990,#1675,#4997,.T.);
#4999=ORIENTED_EDGE('',*,*,#4998,.T.);
#5000=ORIENTED_EDGE('',*,*,#1679,.T.);
#5001=CARTESIAN_POINT('',(-5.736646691982,-1.133299951298,0.480000000000));
#5002=VERTEX_POINT('',#5001);
#5003=CARTESIAN_POINT('',(-0.280684381694,-1.927714119072,0.480000000000));
#5004=DIRECTION('',(0.989565252951,-0.144085426580,0.000000000000));
#5005=VECTOR('',#5004,1.0);
#5006=LINE('',#5003,#5005);
#5007=EDGE_CURVE('',#1677,#5002,#5006,.T.);
#5008=ORIENTED_EDGE('',*,*,#5007,.T.);
#5009=CARTESIAN_POINT('',(-5.631981074005,-1.148539765115,0.480000000000));
#5010=VERTEX_POINT('',#5009);
#5011=LINE('',#5003,#5005);
#5012=EDGE_CURVE('',#5002,#5010,#5011,.T.);
#5013=ORIENTED_EDGE('',*,*,#5012,.T.);
#5014=CARTESIAN_POINT('',(-5.605106574869,-1.273237878153,0.480000000000));
#5015=VERTEX_POINT('',#5014);
#5016=CIRCLE('',#102,5.747900000000);
#5017=EDGE_CURVE('',#5010,#5015,#5016,.T.);
#5018=ORIENTED_EDGE('',*,*,#5017,.T.);
#5019=CARTESIAN_POINT('',(-5.694203569599,-1.330236729384,0.480000000000));
#5020=VERTEX_POINT('',#5019);
#5021=CARTESIAN_POINT('',(-1.049795457310,1.640973779439,0.480000000000));
#5022=DIRECTION('',(-0.842371084525,-0.538897908658,0.000000000000));
#5023=VECTOR('',#5022,1.0);
#5024=LINE('',#5021,#5023);
#5025=EDGE_CURVE('',#5015,#5020,#5024,.T.);
#5026=ORIENTED_EDGE('',*,*,#5025,.T.);
#5027=LINE('',#5021,#5023);
#5028=EDGE_CURVE('',#5020,#647,#5027,.T.);
#5029=ORIENTED_EDGE('',*,*,#5028,.T.);
#5030=ORIENTED_EDGE('',*,*,#651,.T.);
#5031=CARTESIAN_POINT('',(-5.619869806468,-1.615718851342,0.480000000000));
#5032=VERTEX_POINT('',#5031);
#5033=CARTESIAN_POINT('',(-0.116191635000,-1.944573205347,0.480000000000));
#5034=DIRECTION('',(0.998219630594,-0.059645361074,0.000000000000));
#5035=VECTOR('',#5034,1.0);
#5036=LINE('',#5033,#5035);
#5037=EDGE_CURVE('',#649,#5032,#5036,.T.);
#5038=ORIENTED_EDGE('',*,*,#5037,.T.);
#5039=CARTESIAN_POINT('',(-5.514288821080,-1.622027499061,0.480000000000));
#5040=VERTEX_POINT('',#5039);
#5041=LINE('',#5033,#5035);
#5042=EDGE_CURVE('',#5032,#5040,#5041,.T.);
#5043=ORIENTED_EDGE('',*,*,#5042,.T.);
#5044=CARTESIAN_POINT('',(-5.476935998878,-1.743997268974,0.480000000000));
#5045=VERTEX_POINT('',#5044);
#5046=CIRCLE('',#102,5.747900000000);
#5047=EDGE_CURVE('',#5040,#5045,#5046,.T.);
#5048=ORIENTED_EDGE('',*,*,#5047,.T.);
#5049=CARTESIAN_POINT('',(-5.560878180392,-1.808346734197,0.480000000000));
#5050=VERTEX_POINT('',#5049);
#5051=CARTESIAN_POINT('',(-1.185177855552,1.546033278330,0.480000000000));
#5052=DIRECTION('',(-0.793634697700,-0.608394581343,0.000000000000));
#5053=VECTOR('',#5052,1.0);
#5054=LINE('',#5051,#5053);
#5055=EDGE_CURVE('',#5045,#5050,#5054,.T.);
#5056=ORIENTED_EDGE('',*,*,#5055,.T.);
#5057=LINE('',#5051,#5053);
#5058=EDGE_CURVE('',#5050,#992,#5057,.T.);
#5059=ORIENTED_EDGE('',*,*,#5058,.T.);
#5060=ORIENTED_EDGE('',*,*,#996,.T.);
#5061=CARTESIAN_POINT('',(-5.462601630221,-2.086496460037,0.480000000000));
#5062=VERTEX_POINT('',#5061);
#5063=CARTESIAN_POINT('',(0.049138275086,-1.947421597117,0.480000000000));
#5064=DIRECTION('',(0.999681812924,0.025224450624,0.000000000000));
#5065=VECTOR('',#5064,1.0);
#5066=LINE('',#5063,#5065);
#5067=EDGE_CURVE('',#994,#5062,#5066,.T.);
#5068=ORIENTED_EDGE('',*,*,#5067,.T.);
#5069=CARTESIAN_POINT('',(-5.356865990840,-2.083828487708,0.480000000000));
#5070=VERTEX_POINT('',#5069);
#5071=LINE('',#5063,#5065);
#5072=EDGE_CURVE('',#5062,#5070,#5071,.T.);
#5073=ORIENTED_EDGE('',*,*,#5072,.T.);
#5074=CARTESIAN_POINT('',(-5.309303973513,-2.202191119509,0.480000000000));
#5075=VERTEX_POINT('',#5074);
#5076=CIRCLE('',#102,5.747900000000);
#5077=EDGE_CURVE('',#5070,#5075,#5076,.T.);
#5078=ORIENTED_EDGE('',*,*,#5077,.T.);
#5079=CARTESIAN_POINT('',(-5.387486536468,-2.273427559351,0.480000000000));
#5080=VERTEX_POINT('',#5079);
#5081=CARTESIAN_POINT('',(-1.312021020187,1.439953572023,0.480000000000));
#5082=DIRECTION('',(-0.739180154692,-0.673507757127,0.000000000000));
#5083=VECTOR('',#5082,1.0);
#5084=LINE('',#5081,#5083);
#5085=EDGE_CURVE('',#5075,#5080,#5084,.T.);
#5086=ORIENTED_EDGE('',*,*,#5085,.T.);
#5087=LINE('',#5081,#5083);
#5088=EDGE_CURVE('',#5080,#171,#5087,.T.);
#5089=ORIENTED_EDGE('',*,*,#5088,.T.);
#5090=ORIENTED_EDGE('',*,*,#175,.T.);
#5091=CARTESIAN_POINT('',(-5.265975284052,-2.542240813926,0.480000000000));
#5092=VERTEX_POINT('',#5091);
#5093=CARTESIAN_POINT('',(0.214114142774,-1.936238771655,0.480000000000));
#5094=DIRECTION('',(0.993941264884,0.109912519578,0.000000000000));
#5095=VECTOR('',#5094,1.0);
#5096=LINE('',#5093,#5095);
#5097=EDGE_CURVE('',#173,#5092,#5096,.T.);
#5098=ORIENTED_EDGE('',*,*,#5097,.T.);
#5099=CARTESIAN_POINT('',(-5.160846818383,-2.530615444350,0.480000000000));
#5100=VERTEX_POINT('',#5099);
#5101=LINE('',#5093,#5095);
#5102=EDGE_CURVE('',#5092,#5100,#5101,.T.);
#5103=ORIENTED_EDGE('',*,*,#5102,.T.);
#5104=CARTESIAN_POINT('',(-5.103418291355,-2.644518132565,0.480000000000));
#5105=VERTEX_POINT('',#5104);
#5106=CIRCLE('',#102,5.747900000000);
#5107=EDGE_CURVE('',#5100,#5105,#5106,.T.);
#5108=ORIENTED_EDGE('',*,*,#5107,.T.);
#5109=CARTESIAN_POINT('',(-5.175277928594,-2.722128286845,0.480000000000));
#5110=VERTEX_POINT('',#5109);
#5111=CARTESIAN_POINT('',(-1.429411043307,1.323498967234,0.480000000000));
#5112=DIRECTION('',(-0.679399801731,-0.733768294088,0.000000000000));
#5113=VECTOR('',#5112,1.0);
#5114=LINE('',#5111,#5113);
#5115=EDGE_CURVE('',#5105,#5110,#5114,.T.);
#5116=ORIENTED_EDGE('',*,*,#5115,.T.);
#5117=LINE('',#5111,#5113);
#5118=EDGE_CURVE('',#5110,#98,#5117,.T.);
#5119=ORIENTED_EDGE('',*,*,#5118,.T.);
#5120=ORIENTED_EDGE('',*,*,#104,.T.);
#5121=CARTESIAN_POINT('',(-5.031407465292,-2.979668264496,0.480000000000));
#5122=VERTEX_POINT('',#5121);
#5123=CARTESIAN_POINT('',(0.377547313157,-1.911105301475,0.480000000000));
#5124=DIRECTION('',(0.981039347255,0.193808666310,0.000000000000));
#5125=VECTOR('',#5124,1.0);
#5126=LINE('',#5123,#5125);
#5127=EDGE_CURVE('',#100,#5122,#5126,.T.);
#5128=ORIENTED_EDGE('',*,*,#5127,.T.);
#5129=CARTESIAN_POINT('',(-4.927643626340,-2.959169258727,0.480000000000));
#5130=VERTEX_POINT('',#5129);
#5131=LINE('',#5123,#5125);
#5132=EDGE_CURVE('',#5122,#5130,#5131,.T.);
#5133=ORIENTED_EDGE('',*,*,#5132,.T.);
#5134=CARTESIAN_POINT('',(-4.860762363464,-3.067791331876,0.480000000000));
#5135=VERTEX_POINT('',#5134);
#5136=CIRCLE('',#102,5.747900000000);
#5137=EDGE_CURVE('',#5130,#5135,#5136,.T.);
#5138=ORIENTED_EDGE('',*,*,#5137,.T.);
#5139=CARTESIAN_POINT('',(-4.925781324654,-3.151216017656,0.480000000000));
#5140=VERTEX_POINT('',#5139);
#5141=CARTESIAN_POINT('',(-1.536502127104,1.197508522057,0.480000000000));
#5142=DIRECTION('',(-0.614724357630,-0.788742013675,0.000000000000));
#5143=VECTOR('',#5142,1.0);
#5144=LINE('',#5141,#5143);
#5145=EDGE_CURVE('',#5135,#5140,#5144,.T.);
#5146=ORIENTED_EDGE('',*,*,#5145,.T.);
#5147=LINE('',#5141,#5143);
#5148=EDGE_CURVE('',#5140,#670,#5147,.T.);
#5149=ORIENTED_EDGE('',*,*,#5148,.T.);
#5150=ORIENTED_EDGE('',*,*,#674,.T.);
#5151=CARTESIAN_POINT('',(-4.760588240450,-3.395627136940,0.480000000000));
#5152=VERTEX_POINT('',#5151);
#5153=CARTESIAN_POINT('',(0.538260246497,-1.872202273804,0.480000000000));
#5154=DIRECTION('',(0.961069018649,0.276308417160,0.000000000000));
#5155=VECTOR('',#5154,1.0);
#5156=LINE('',#5153,#5155);
#5157=EDGE_CURVE('',#672,#5152,#5156,.T.);
#5158=ORIENTED_EDGE('',*,*,#5157,.T.);
#5159=CARTESIAN_POINT('',(-4.658936649051,-3.366402190786,0.480000000000));
#5160=VERTEX_POINT('',#5159);
#5161=LINE('',#5153,#5155);
#5162=EDGE_CURVE('',#5152,#5160,#5161,.T.);
#5163=ORIENTED_EDGE('',*,*,#5162,.T.);
#5164=CARTESIAN_POINT('',(-4.583084531360,-3.468961024343,0.480000000000));
#5165=VERTEX_POINT('',#5164);
#5166=CIRCLE('',#102,5.747900000000);
#5167=EDGE_CURVE('',#5160,#5165,#5166,.T.);
#5168=ORIENTED_EDGE('',*,*,#5167,.T.);
#5169=CARTESIAN_POINT('',(-4.640794353395,-3.557599164848,0.480000000000));
#5170=VERTEX_POINT('',#5169);
#5171=CARTESIAN_POINT('',(-1.632522677867,1.062890000538,0.480000000000));
#5172=DIRECTION('',(-0.545619810446,-0.838032828981,0.000000000000));
#5173=VECTOR('',#5172,1.0);
#5174=LINE('',#5171,#5173);
#5175=EDGE_CURVE('',#5165,#5170,#5174,.T.);
#5176=ORIENTED_EDGE('',*,*,#5175,.T.);
#5177=LINE('',#5171,#5173);
#5178=EDGE_CURVE('',#5170,#1337,#5177,.T.);
#5179=ORIENTED_EDGE('',*,*,#5178,.T.);
#5180=ORIENTED_EDGE('',*,*,#1341,.T.);
#5181=CARTESIAN_POINT('',(-4.455468868247,-3.787120438053,0.480000000000));
#5182=VERTEX_POINT('',#5181);
#5183=CARTESIAN_POINT('',(0.695095002427,-1.819809985849,0.480000000000));
#5184=DIRECTION('',(0.934174165740,0.356817359533,0.000000000000));
#5185=VECTOR('',#5184,1.0);
#5186=LINE('',#5183,#5185);
#5187=EDGE_CURVE('',#1339,#5182,#5186,.T.);
#5188=ORIENTED_EDGE('',*,*,#5187,.T.);
#5189=CARTESIAN_POINT('',(-4.356661926448,-3.749380117918,0.480000000000));
#5190=VERTEX_POINT('',#5189);
#5191=LINE('',#5183,#5185);
#5192=EDGE_CURVE('',#5182,#5190,#5191,.T.);
#5193=ORIENTED_EDGE('',*,*,#5192,.T.);
#5194=CARTESIAN_POINT('',(-4.272385470186,-3.845136773139,0.480000000000));
#5195=VERTEX_POINT('',#5194);
#5196=CIRCLE('',#102,5.747900000000);
#5197=EDGE_CURVE('',#5190,#5195,#5196,.T.);
#5198=ORIENTED_EDGE('',*,*,#5197,.T.);
#5199=CARTESIAN_POINT('',(-4.322370352477,-3.938349728536,0.480000000000));
#5200=VERTEX_POINT('',#5199);
#5201=CARTESIAN_POINT('',(-1.716780865327,0.920613332210,0.480000000000));
#5202=DIRECTION('',(-0.472584060025,-0.881285598549,0.000000000000));
#5203=VECTOR('',#5202,1.0);
#5204=LINE('',#5201,#5203);
#5205=EDGE_CURVE('',#5195,#5200,#5204,.T.);
#5206=ORIENTED_EDGE('',*,*,#5205,.T.);
#5207=LINE('',#5201,#5203);
#5208=EDGE_CURVE('',#5200,#624,#5207,.T.);
#5209=ORIENTED_EDGE('',*,*,#5208,.T.);
#5210=ORIENTED_EDGE('',*,*,#628,.T.);
#5211=CARTESIAN_POINT('',(-4.118247740752,-4.151327449628,0.480000000000));
#5212=VERTEX_POINT('',#5211);
#5213=CARTESIAN_POINT('',(0.846921582936,-1.754305925246,0.480000000000));
#5214=DIRECTION('',(0.900548566561,0.434755424654,0.000000000000));
#5215=VECTOR('',#5214,1.0);
#5216=LINE('',#5213,#5215);
#5217=EDGE_CURVE('',#626,#5212,#5216,.T.);
#5218=ORIENTED_EDGE('',*,*,#5217,.T.);
#5219=CARTESIAN_POINT('',(-4.022997354831,-4.105343675385,0.480000000000));
#5220=VERTEX_POINT('',#5219);
#5221=LINE('',#5213,#5215);
#5222=EDGE_CURVE('',#5212,#5220,#5221,.T.);
#5223=ORIENTED_EDGE('',*,*,#5222,.T.);
#5224=CARTESIAN_POINT('',(-3.930903773798,-4.193608223373,0.480000000000));
#5225=VERTEX_POINT('',#5224);
#5226=CIRCLE('',#102,5.747900000000);
#5227=EDGE_CURVE('',#5220,#5225,#5226,.T.);
#5228=ORIENTED_EDGE('',*,*,#5227,.T.);
#5229=CARTESIAN_POINT('',(-3.972803574123,-4.290724392183,0.480000000000));
#5230=VERTEX_POINT('',#5229);
#5231=CARTESIAN_POINT('',(-1.788669607312,0.771703623727,0.480000000000));
#5232=DIRECTION('',(-0.396143330622,-0.918188685186,0.000000000000));
#5233=VECTOR('',#5232,1.0);
#5234=LINE('',#5231,#5233);
#5235=EDGE_CURVE('',#5225,#5230,#5234,.T.);
#5236=ORIENTED_EDGE('',*,*,#5235,.T.);
#5237=LINE('',#5231,#5233);
#5238=EDGE_CURVE('',#5230,#194,#5237,.T.);
#5239=ORIENTED_EDGE('',*,*,#5238,.T.);
#5240=ORIENTED_EDGE('',*,*,#198,.T.);
#5241=CARTESIAN_POINT('',(-3.751354543915,-4.485624051800,0.480000000000));
#5242=VERTEX_POINT('',#5241);
#5243=CARTESIAN_POINT('',(0.992646074034,-1.676162050251,0.480000000000));
#5244=DIRECTION('',(0.860434494323,0.509561066977,0.000000000000));
#5245=VECTOR('',#5244,1.0);
#5246=LINE('',#5243,#5245);
#5247=EDGE_CURVE('',#196,#5242,#5246,.T.);
#5248=ORIENTED_EDGE('',*,*,#5247,.T.);
#5249=CARTESIAN_POINT('',(-3.660346995086,-4.431728137596,0.480000000000));
#5250=VERTEX_POINT('',#5249);
#5251=LINE('',#5243,#5245);
#5252=EDGE_CURVE('',#5242,#5250,#5251,.T.);
#5253=ORIENTED_EDGE('',*,*,#5252,.T.);
#5254=CARTESIAN_POINT('',(-3.561099825643,-4.511864630261,0.480000000000));
#5255=VERTEX_POINT('',#5254);
#5256=CIRCLE('',#102,5.747900000000);
#5257=EDGE_CURVE('',#5250,#5255,#5256,.T.);
#5258=ORIENTED_EDGE('',*,*,#5257,.T.);
#5259=CARTESIAN_POINT('',(-3.594612654980,-4.612184288263,0.480000000000));
#5260=VERTEX_POINT('',#5259);
#5261=CARTESIAN_POINT('',(-1.847670943790,0.617233772951,0.480000000000));
#5262=DIRECTION('',(-0.316848379444,-0.948476201306,0.000000000000));
#5263=VECTOR('',#5262,1.0);
#5264=LINE('',#5261,#5263);
#5265=EDGE_CURVE('',#5255,#5260,#5264,.T.);
#5266=ORIENTED_EDGE('',*,*,#5265,.T.);
#5267=LINE('',#5261,#5263);
#5268=EDGE_CURVE('',#5260,#1498,#5267,.T.);
#5269=ORIENTED_EDGE('',*,*,#5268,.T.);
#5270=ORIENTED_EDGE('',*,*,#1502,.T.);
#5271=CARTESIAN_POINT('',(-3.357432751627,-4.787601629892,0.480000000000));
#5272=VERTEX_POINT('',#5271);
#5273=CARTESIAN_POINT('',(1.131218527421,-1.585941389275,0.480000000000));
#5274=DIRECTION('',(0.814120971837,0.580695310137,0.000000000000));
#5275=VECTOR('',#5274,1.0);
#5276=LINE('',#5273,#5275);
#5277=EDGE_CURVE('',#1500,#5272,#5276,.T.);
#5278=ORIENTED_EDGE('',*,*,#5277,.T.);
#5279=CARTESIAN_POINT('',(-3.271323751365,-4.726181897024,0.480000000000));
#5280=VERTEX_POINT('',#5279);
#5281=LINE('',#5273,#5275);
#5282=EDGE_CURVE('',#5272,#5280,#5281,.T.);
#5283=ORIENTED_EDGE('',*,*,#5282,.T.);
#5284=CARTESIAN_POINT('',(-3.165638071643,-4.797612949099,0.480000000000));
#5285=VERTEX_POINT('',#5284);
#5286=CIRCLE('',#102,5.747900000000);
#5287=EDGE_CURVE('',#5280,#5285,#5286,.T.);
#5288=ORIENTED_EDGE('',*,*,#5287,.T.);
#5289=CARTESIAN_POINT('',(-3.190522469288,-4.900413290857,0.480000000000));
#5290=VERTEX_POINT('',#5289);
#5291=CARTESIAN_POINT('',(-1.893359768778,0.458316738697,0.480000000000));
#5292=DIRECTION('',(-0.235270528432,-0.971929924661,0.000000000000));
#5293=VECTOR('',#5292,1.0);
#5294=LINE('',#5291,#5293);
#5295=EDGE_CURVE('',#5285,#5290,#5294,.T.);
#5296=ORIENTED_EDGE('',*,*,#5295,.T.);
#5297=LINE('',#5291,#5293);
#5298=EDGE_CURVE('',#5290,#371,#5297,.T.);
#5299=ORIENTED_EDGE('',*,*,#5298,.T.);
#5300=ORIENTED_EDGE('',*,*,#375,.T.);
#5301=CARTESIAN_POINT('',(-2.939320579428,-5.055084428532,0.480000000000));
#5302=VERTEX_POINT('',#5301);
#5303=CARTESIAN_POINT('',(1.261640525396,-1.484293984247,0.480000000000));
#5304=DIRECTION('',(0.761941689094,0.647645630280,0.000000000000));
#5305=VECTOR('',#5304,1.0);
#5306=LINE('',#5303,#5305);
#5307=EDGE_CURVE('',#373,#5302,#5306,.T.);
#5308=ORIENTED_EDGE('',*,*,#5307,.T.);
#5309=CARTESIAN_POINT('',(-2.858730545053,-4.986583407583,0.480000000000));
#5310=VERTEX_POINT('',#5309);
#5311=LINE('',#5303,#5305);
#5312=EDGE_CURVE('',#5302,#5310,#5311,.T.);
#5313=ORIENTED_EDGE('',*,*,#5312,.T.);
#5314=CARTESIAN_POINT('',(-2.747367822795,-5.048794356702,0.480000000000));
#5315=VERTEX_POINT('',#5314);
#5316=CIRCLE('',#102,5.747900000000);
#5317=EDGE_CURVE('',#5310,#5315,#5316,.T.);
#5318=ORIENTED_EDGE('',*,*,#5317,.T.);
#5319=CARTESIAN_POINT('',(-2.763444496094,-5.153334703398,0.480000000000));
#5320=VERTEX_POINT('',#5319);
#5321=CARTESIAN_POINT('',(-1.925406893245,0.296097521839,0.480000000000));
#5322=LINE('',#5321,#64);
#5323=EDGE_CURVE('',#5315,#5320,#5322,.T.);
#5324=ORIENTED_EDGE('',*,*,#5323,.T.);
#5325=LINE('',#5321,#64);
#5326=EDGE_CURVE('',#5320,#302,#5325,.T.);
#5327=ORIENTED_EDGE('',*,*,#5326,.T.);
#5328=ORIENTED_EDGE('',*,*,#306,.T.);
#5329=CARTESIAN_POINT('',(-2.500030535100,-5.286145228028,0.480000000000));
#5330=VERTEX_POINT('',#5329);
#5331=CARTESIAN_POINT('',(1.382972374476,-1.371952207051,0.480000000000));
#5332=DIRECTION('',(0.704272599020,0.709929648817,0.000000000000));
#5333=VECTOR('',#5332,1.0);
#5334=LINE('',#5331,#5333);
#5335=EDGE_CURVE('',#304,#5330,#5334,.T.);
#5336=ORIENTED_EDGE('',*,*,#5335,.T.);
#5337=CARTESIAN_POINT('',(-2.425540119657,-5.211056470423,0.480000000000));
#5338=VERTEX_POINT('',#5337);
#5339=LINE('',#5331,#5333);
#5340=EDGE_CURVE('',#5330,#5338,#5339,.T.);
#5341=ORIENTED_EDGE('',*,*,#5340,.T.);
#5342=CARTESIAN_POINT('',(-2.309302725829,-5.263599085272,0.480000000000));
#5343=VERTEX_POINT('',#5342);
#5344=CIRCLE('',#102,5.747900000000);
#5345=EDGE_CURVE('',#5338,#5343,#5344,.T.);
#5346=ORIENTED_EDGE('',*,*,#5345,.T.);
#5347=CARTESIAN_POINT('',(-2.316455841981,-5.369126221313,0.480000000000));
#5348=VERTEX_POINT('',#5347);
#5349=CARTESIAN_POINT('',(-1.943581416927,0.131744915551,0.480000000000));
#5350=DIRECTION('',(-0.067629421496,-0.997710509791,0.000000000000));
#5351=VECTOR('',#5350,1.0);
#5352=LINE('',#5349,#5351);
#5353=EDGE_CURVE('',#5343,#5348,#5352,.T.);
#5354=ORIENTED_EDGE('',*,*,#5353,.T.);
#5355=LINE('',#5349,#5351);
#5356=EDGE_CURVE('',#5348,#1521,#5355,.T.);
#5357=ORIENTED_EDGE('',*,*,#5356,.T.);
#5358=ORIENTED_EDGE('',*,*,#1525,.T.);
#5359=CARTESIAN_POINT('',(-2.042727713478,-5.479119230025,0.480000000000));
#5360=VERTEX_POINT('',#5359);
#5361=CARTESIAN_POINT('',(1.494339875907,-1.249725482764,0.480000000000));
#5362=DIRECTION('',(0.641529208733,0.767098607966,0.000000000000));
#5363=VECTOR('',#5362,1.0);
#5364=LINE('',#5361,#5363);
#5365=EDGE_CURVE('',#1523,#5360,#5364,.T.);
#5366=ORIENTED_EDGE('',*,*,#5365,.T.);
#5367=CARTESIAN_POINT('',(-1.974873622117,-5.397983751983,0.480000000000));
#5368=VERTEX_POINT('',#5367);
#5369=LINE('',#5361,#5363);
#5370=EDGE_CURVE('',#5360,#5368,#5369,.T.);
#5371=ORIENTED_EDGE('',*,*,#5370,.T.);
#5372=CARTESIAN_POINT('',(-1.854599049805,-5.440479461818,0.480000000000));
#5373=VERTEX_POINT('',#5372);
#5374=CIRCLE('',#102,5.747900000000);
#5375=EDGE_CURVE('',#5368,#5373,#5374,.T.);
#5376=ORIENTED_EDGE('',*,*,#5375,.T.);
#5377=CARTESIAN_POINT('',(-1.852777070445,-5.546233061770,0.480000000000));
#5378=VERTEX_POINT('',#5377);
#5379=CARTESIAN_POINT('',(-1.947752391962,-0.033556915873,0.480000000000));
#5380=DIRECTION('',(0.017225976412,-0.999851621860,0.000000000000));
#5381=VECTOR('',#5380,1.0);
#5382=LINE('',#5379,#5381);
#5383=EDGE_CURVE('',#5373,#5378,#5382,.T.);
#5384=ORIENTED_EDGE('',*,*,#5383,.T.);
#5385=LINE('',#5379,#5381);
#5386=EDGE_CURVE('',#5378,#1199,#5385,.T.);
#5387=ORIENTED_EDGE('',*,*,#5386,.T.);
#5388=ORIENTED_EDGE('',*,*,#1203,.T.);
#5389=CARTESIAN_POINT('',(-1.570706991872,-5.632616052415,0.480000000000));
#5390=VERTEX_POINT('',#5389);
#5391=CARTESIAN_POINT('',(1.594940624289,-1.118494457737,0.480000000000));
#5392=DIRECTION('',(0.574163585795,0.818740604066,0.000000000000));
#5393=VECTOR('',#5392,1.0);
#5394=LINE('',#5391,#5393);
#5395=EDGE_CURVE('',#1201,#5390,#5394,.T.);
#5396=ORIENTED_EDGE('',*,*,#5395,.T.);
#5397=CARTESIAN_POINT('',(-1.509978114875,-5.546018436915,0.480000000000));
#5398=VERTEX_POINT('',#5397);
#5399=LINE('',#5391,#5393);
#5400=EDGE_CURVE('',#5390,#5398,#5399,.T.);
#5401=ORIENTED_EDGE('',*,*,#5400,.T.);
#5402=CARTESIAN_POINT('',(-1.386532945130,-5.578161059173,0.480000000000));
#5403=VERTEX_POINT('',#5402);
#5404=CIRCLE('',#102,5.747900000000);
#5405=EDGE_CURVE('',#5398,#5403,#5404,.T.);
#5406=ORIENTED_EDGE('',*,*,#5405,.T.);
#5407=CARTESIAN_POINT('',(-1.375748997661,-5.683379165925,0.480000000000));
#5408=VERTEX_POINT('',#5407);
#5409=CARTESIAN_POINT('',(-1.937889766380,-0.198616968948,0.480000000000));
#5410=DIRECTION('',(0.101957260765,-0.994788780082,0.000000000000));
#5411=VECTOR('',#5410,1.0);
#5412=LINE('',#5409,#5411);
#5413=EDGE_CURVE('',#5403,#5408,#5412,.T.);
#5414=ORIENTED_EDGE('',*,*,#5413,.T.);
#5415=LINE('',#5409,#5411);
#5416=EDGE_CURVE('',#5408,#532,#5415,.T.);
#5417=ORIENTED_EDGE('',*,*,#5416,.T.);
#5418=ORIENTED_EDGE('',*,*,#536,.T.);
#5419=CARTESIAN_POINT('',(-1.087369290397,-5.745529747076,0.480000000000));
#5420=VERTEX_POINT('',#5419);
#5421=CARTESIAN_POINT('',(1.684049788925,-0.979204654512,0.480000000000));
#5422=DIRECTION('',(0.502661101066,0.864483555353,0.000000000000));
#5423=VECTOR('',#5422,1.0);
#5424=LINE('',#5421,#5423);
#5425=EDGE_CURVE('',#534,#5420,#5424,.T.);
#5426=ORIENTED_EDGE('',*,*,#5425,.T.);
#5427=CARTESIAN_POINT('',(-1.034203180715,-5.654093931922,0.480000000000));
#5428=VERTEX_POINT('',#5427);
#5429=LINE('',#5421,#5423);
#5430=EDGE_CURVE('',#5420,#5428,#5429,.T.);
#5431=ORIENTED_EDGE('',*,*,#5430,.T.);
#5432=CARTESIAN_POINT('',(-0.908476838812,-5.675651878273,0.480000000000));
#5433=VERTEX_POINT('',#5432);
#5434=CIRCLE('',#102,5.747900000000);
#5435=EDGE_CURVE('',#5428,#5433,#5434,.T.);
#5436=ORIENTED_EDGE('',*,*,#5435,.T.);
#5437=CARTESIAN_POINT('',(-0.888808621823,-5.779576392956,0.480000000000));
#5438=VERTEX_POINT('',#5437);
#5439=CARTESIAN_POINT('',(-1.914064600625,-0.362245982212,0.480000000000));
#5440=DIRECTION('',(0.185953940717,-0.982558462348,0.000000000000));
#5441=VECTOR('',#5440,1.0);
#5442=LINE('',#5439,#5441);
#5443=EDGE_CURVE('',#5433,#5438,#5442,.T.);
#5444=ORIENTED_EDGE('',*,*,#5443,.T.);
#5445=LINE('',#5439,#5441);
#5446=EDGE_CURVE('',#5438,#946,#5445,.T.);
#5447=ORIENTED_EDGE('',*,*,#5446,.T.);
#5448=ORIENTED_EDGE('',*,*,#950,.T.);
#5449=CARTESIAN_POINT('',(-0.596197068268,-5.817046768252,0.480000000000));
#5450=VERTEX_POINT('',#5449);
#5451=CARTESIAN_POINT('',(1.761025336242,-0.832859659312,0.480000000000));
#5452=DIRECTION('',(0.427536931584,0.903997882814,0.000000000000));
#5453=VECTOR('',#5452,1.0);
#5454=LINE('',#5451,#5453);
#5455=EDGE_CURVE('',#948,#5450,#5454,.T.);
#5456=ORIENTED_EDGE('',*,*,#5455,.T.);
#5457=CARTESIAN_POINT('',(-0.550976788939,-5.721431550587,0.480000000000));
#5458=VERTEX_POINT('',#5457);
#5459=LINE('',#5451,#5453);
#5460=EDGE_CURVE('',#5450,#5458,#5459,.T.);
#5461=ORIENTED_EDGE('',*,*,#5460,.T.);
#5462=CARTESIAN_POINT('',(-0.423875136054,-5.732249495533,0.480000000000));
#5463=VERTEX_POINT('',#5462);
#5464=CIRCLE('',#102,5.747900000000);
#5465=EDGE_CURVE('',#5458,#5463,#5464,.T.);
#5466=ORIENTED_EDGE('',*,*,#5465,.T.);
#5467=CARTESIAN_POINT('',(-0.395464359498,-5.834131639636,0.480000000000));
#5468=VERTEX_POINT('',#5467);
#5469=CARTESIAN_POINT('',(-1.876448555562,-0.523265004872,0.480000000000));
#5470=DIRECTION('',(0.268610818266,-0.963248788377,0.000000000000));
#5471=VECTOR('',#5470,1.0);
#5472=LINE('',#5469,#5471);
#5473=EDGE_CURVE('',#5463,#5468,#5472,.T.);
#5474=ORIENTED_EDGE('',*,*,#5473,.T.);
#5475=LINE('',#5469,#5471);
#5476=EDGE_CURVE('',#5468,#509,#5475,.T.);
#5477=ORIENTED_EDGE('',*,*,#5476,.T.);
#5478=ORIENTED_EDGE('',*,*,#513,.T.);
#5479=CARTESIAN_POINT('',(-0.100729232599,-5.846651834164,0.480000000000));
#5480=VERTEX_POINT('',#5479);
#5481=CARTESIAN_POINT('',(1.825312655658,-0.680513891182,0.480000000000));
#5482=DIRECTION('',(0.349332348714,0.936998884814,0.000000000000));
#5483=VECTOR('',#5482,1.0);
#5484=LINE('',#5481,#5483);
#5485=EDGE_CURVE('',#511,#5480,#5484,.T.);
#5486=ORIENTED_EDGE('',*,*,#5485,.T.);
#5487=CARTESIAN_POINT('',(-0.063780596773,-5.747546123823,0.480000000000));
#5488=VERTEX_POINT('',#5487);
#5489=LINE('',#5481,#5483);
#5490=EDGE_CURVE('',#5480,#5488,#5489,.T.);
#5491=ORIENTED_EDGE('',*,*,#5490,.T.);
#5492=CARTESIAN_POINT('',(0.063780596773,-5.747546123823,0.480000000000));
#5493=VERTEX_POINT('',#5492);
#5494=CIRCLE('',#102,5.747900000000);
#5495=EDGE_CURVE('',#5488,#5493,#5494,.T.);
#5496=ORIENTED_EDGE('',*,*,#5495,.T.);
#5497=CARTESIAN_POINT('',(0.100729232599,-5.846651834164,0.480000000000));
#5498=VERTEX_POINT('',#5497);
#5499=CARTESIAN_POINT('',(-1.825312655658,-0.680513891182,0.480000000000));
#5500=DIRECTION('',(0.349332348714,-0.936998884814,0.000000000000));
#5501=VECTOR('',#5500,1.0);
#5502=LINE('',#5499,#5501);
#5503=EDGE_CURVE('',#5493,#5498,#5502,.T.);
#5504=ORIENTED_EDGE('',*,*,#5503,.T.);
#5505=LINE('',#5499,#5501);
#5506=EDGE_CURVE('',#5498,#1061,#5505,.T.);
#5507=ORIENTED_EDGE('',*,*,#5506,.T.);
#5508=ORIENTED_EDGE('',*,*,#1065,.T.);
#5509=CARTESIAN_POINT('',(0.395464359498,-5.834131639636,0.480000000000));
#5510=VERTEX_POINT('',#5509);
#5511=CARTESIAN_POINT('',(1.876448555562,-0.523265004872,0.480000000000));
#5512=DIRECTION('',(0.268610818266,0.963248788377,0.000000000000));
#5513=VECTOR('',#5512,1.0);
#5514=LINE('',#5511,#5513);
#5515=EDGE_CURVE('',#1063,#5510,#5514,.T.);
#5516=ORIENTED_EDGE('',*,*,#5515,.T.);
#5517=CARTESIAN_POINT('',(0.423875136054,-5.732249495533,0.480000000000));
#5518=VERTEX_POINT('',#5517);
#5519=LINE('',#5511,#5513);
#5520=EDGE_CURVE('',#5510,#5518,#5519,.T.);
#5521=ORIENTED_EDGE('',*,*,#5520,.T.);
#5522=CARTESIAN_POINT('',(0.550976788939,-5.721431550587,0.480000000000));
#5523=VERTEX_POINT('',#5522);
#5524=CIRCLE('',#102,5.747900000000);
#5525=EDGE_CURVE('',#5518,#5523,#5524,.T.);
#5526=ORIENTED_EDGE('',*,*,#5525,.T.);
#5527=CARTESIAN_POINT('',(0.596197068268,-5.817046768252,0.480000000000));
#5528=VERTEX_POINT('',#5527);
#5529=CARTESIAN_POINT('',(-1.761025336242,-0.832859659312,0.480000000000));
#5530=DIRECTION('',(0.427536931584,-0.903997882814,0.000000000000));
#5531=VECTOR('',#5530,1.0);
#5532=LINE('',#5529,#5531);
#5533=EDGE_CURVE('',#5523,#5528,#5532,.T.);
#5534=ORIENTED_EDGE('',*,*,#5533,.T.);
#5535=LINE('',#5529,#5531);
#5536=EDGE_CURVE('',#5528,#1614,#5535,.T.);
#5537=ORIENTED_EDGE('',*,*,#5536,.T.);
#5538=ORIENTED_EDGE('',*,*,#1616,.T.);
#5539=ORIENTED_EDGE('',*,*,#43,.F.);
#5540=EDGE_LOOP('',(#3346,#3351,#3359,#3362,#3363,#3371,#3376,#3381,#3389,#3392,#3393,#3401,#3406,#3411,#3419,#3422,#3423,#3431,#3436,#3441,#3449,#3452,#3453,#3461,#3466,#3471,#3479,#3482,#3483,#3491,#3496,#3501,#3509,#3512,#3513,#3521,#3526,#3531,#3539,#3542,#3543,#3551,#3556,#3561,#3569,#3572,#3573,#3581,#3586,#3591,#3599,#3602,#3603,#3611,#3616,#3621,#3629,#3632,#3633,#3641,#3646,#3651,#3659,#3662,#3663,#3671,#3676,#3681,#3689,#3692,#3693,#3701,#3706,#3711,#3719,#3722,#3723,#3731,#3736,#3741,#3749,#3752,#3753,#3761,#3766,#3771,#3779,#3782,#3783,#3791,#3796,#3801,#3809,#3812,#3813,#3821,#3826,#3831,#3839,#3842,#3843,#3851,#3856,#3861,#3869,#3872,#3873,#3881,#3886,#3891,#3899,#3902,#3903,#3911,#3916,#3921,#3929,#3932,#3933,#3941,#3946,#3951,#3959,#3962,#3963,#3971,#3976,#3981,#3989,#3992,#3993,#4001,#4006,#4011,#4019,#4022,#4023,#4031,#4036,#4041,#4049,#4052,#4053,#4061,#4066,#4071,#4079,#4082,#4083,#4091,#4096,#4101,#4109,#4112,#4113,#4121,#4126,#4131,#4139,#4142,#4143,#4151,#4156,#4161,#4169,#4172,#4173,#4181,#4186,#4191,#4199,#4202,#4203,#4211,#4216,#4219,#4220,#4221,#4222,#4230,#4235,#4240,#4248,#4251,#4252,#4260,#4265,#4270,#4278,#4281,#4282,#4290,#4295,#4300,#4308,#4311,#4312,#4320,#4325,#4330,#4338,#4341,#4342,#4350,#4355,#4360,#4368,#4371,#4372,#4380,#4385,#4390,#4398,#4401,#4402,#4410,#4415,#4420,#4428,#4431,#4432,#4438,#4443,#4448,#4456,#4459,#4460,#4468,#4473,#4478,#4486,#4489,#4490,#4498,#4503,#4508,#4516,#4519,#4520,#4528,#4533,#4538,#4546,#4549,#4550,#4558,#4563,#4568,#4576,#4579,#4580,#4588,#4593,#4598,#4606,#4609,#4610,#4618,#4623,#4628,#4636,#4639,#4640,#4648,#4653,#4658,#4666,#4669,#4670,#4678,#4683,#4688,#4696,#4699,#4700,#4708,#4713,#4718,#4726,#4729,#4730,#4738,#4743,#4748,#4756,#4759,#4760,#4768,#4773,#4778,#4786,#4789,#4790,#4798,#4803,#4808,#4816,#4819,#4820,#4828,#4833,#4838,#4846,#4849,#4850,#4858,#4863,#4868,#4876,#4879,#4880,#4888,#4893,#4898,#4906,#4909,#4910,#4918,#4923,#4928,#4936,#4939,#4940,#4948,#4953,#4958,#4966,#4969,#4970,#4978,#4983,#4988,#4996,#4999,#5000,#5008,#5013,#5018,#5026,#5029,#5030,#5038,#5043,#5048,#5056,#5059,#5060,#5068,#5073,#5078,#5086,#5089,#5090,#5098,#5103,#5108,#5116,#5119,#5120,#5128,#5133,#5138,#5146,#5149,#5150,#5158,#5163,#5168,#5176,#5179,#5180,#5188,#5193,#5198,#5206,#5209,#5210,#5218,#5223,#5228,#5236,#5239,#5240,#5248,#5253,#5258,#5266,#5269,#5270,#5278,#5283,#5288,#5296,#5299,#5300,#5308,#5313,#5318,#5324,#5327,#5328,#5336,#5341,#5346,#5354,#5357,#5358,#5366,#5371,#5376,#5384,#5387,#5388,#5396,#5401,#5406,#5414,#5417,#5418,#5426,#5431,#5436,#5444,#5447,#5448,#5456,#5461,#5466,#5474,#5477,#5478,#5486,#5491,#5496,#5504,#5507,#5508,#5516,#5521,#5526,#5534,#5537,#5538,#5539));
#5541=FACE_BOUND('',#3345,.T.);
#5542=FACE_OUTER_BOUND('',#5540,.T.);
#5543=ADVANCED_FACE('',(#5541,#5542),#1864,.T.);
#5544=DIRECTION('',(0.000000000000,0.000000000000,-1.000000000000));
#5545=DIRECTION('',(0.000000000000,-1.000000000000,0.000000000000));
#5546=AXIS2_PLACEMENT_3D('',#114,#5544,#5545);
#5547=PLANE('',#5546);
#5548=CARTESIAN_POINT('',(-0.045985271822,5.699814501786,0.370000000000));
#5549=VERTEX_POINT('',#5548);
#5550=CARTESIAN_POINT('',(-0.150382622331,5.698015888614,0.370000000000));
#5551=VERTEX_POINT('',#5550);
#5552=CIRCLE('',#115,5.700000000000);
#5553=EDGE_CURVE('',#5549,#5551,#5552,.T.);
#5554=ORIENTED_EDGE('',*,*,#5553,.T.);
#5555=CARTESIAN_POINT('',(-0.333384637899,5.690242058403,0.370000000000));
#5556=VERTEX_POINT('',#5555);
#5557=CIRCLE('',#115,5.700000000000);
#5558=EDGE_CURVE('',#5551,#5556,#5557,.T.);
#5559=ORIENTED_EDGE('',*,*,#5558,.T.);
#5560=CARTESIAN_POINT('',(-0.437558428809,5.683180678227,0.370000000000));
#5561=VERTEX_POINT('',#5560);
#5562=CIRCLE('',#115,5.700000000000);
#5563=EDGE_CURVE('',#5556,#5561,#5562,.T.);
#5564=ORIENTED_EDGE('',*,*,#5563,.T.);
#5565=CARTESIAN_POINT('',(-0.529197647517,5.675381031249,0.370000000000));
#5566=VERTEX_POINT('',#5565);
#5567=CIRCLE('',#115,5.700000000000);
#5568=EDGE_CURVE('',#5561,#5566,#5567,.T.);
#5569=ORIENTED_EDGE('',*,*,#5568,.T.);
#5570=CARTESIAN_POINT('',(-0.633066372321,5.664735383779,0.370000000000));
#5571=VERTEX_POINT('',#5570);
#5572=CIRCLE('',#115,5.700000000000);
#5573=EDGE_CURVE('',#5566,#5571,#5572,.T.);
#5574=ORIENTED_EDGE('',*,*,#5573,.T.);
#5575=CARTESIAN_POINT('',(-0.814749854173,5.641469903768,0.370000000000));
#5576=VERTEX_POINT('',#5575);
#5577=CIRCLE('',#115,5.700000000000);
#5578=EDGE_CURVE('',#5571,#5576,#5577,.T.);
#5579=ORIENTED_EDGE('',*,*,#5578,.T.);
#5580=CARTESIAN_POINT('',(-0.917949510935,5.625599407652,0.370000000000));
#5581=VERTEX_POINT('',#5580);
#5582=CIRCLE('',#115,5.700000000000);
#5583=EDGE_CURVE('',#5576,#5581,#5582,.T.);
#5584=ORIENTED_EDGE('',*,*,#5583,.T.);
#5585=CARTESIAN_POINT('',(-1.008597142034,5.610056310331,0.370000000000));
#5586=VERTEX_POINT('',#5585);
#5587=CIRCLE('',#115,5.700000000000);
#5588=EDGE_CURVE('',#5581,#5586,#5587,.T.);
#5589=ORIENTED_EDGE('',*,*,#5588,.T.);
#5590=CARTESIAN_POINT('',(-1.111188864592,5.590640330696,0.370000000000));
#5591=VERTEX_POINT('',#5590);
#5592=CIRCLE('',#115,5.700000000000);
#5593=EDGE_CURVE('',#5586,#5591,#5592,.T.);
#5594=ORIENTED_EDGE('',*,*,#5593,.T.);
#5595=CARTESIAN_POINT('',(-1.290244779079,5.552050829204,0.370000000000));
#5596=VERTEX_POINT('',#5595);
#5597=CIRCLE('',#115,5.700000000000);
#5598=EDGE_CURVE('',#5591,#5596,#5597,.T.);
#5599=ORIENTED_EDGE('',*,*,#5598,.T.);
#5600=CARTESIAN_POINT('',(-1.391726745799,5.527485564434,0.370000000000));
#5601=VERTEX_POINT('',#5600);
#5602=CIRCLE('',#115,5.700000000000);
#5603=EDGE_CURVE('',#5596,#5601,#5602,.T.);
#5604=ORIENTED_EDGE('',*,*,#5603,.T.);
#5605=CARTESIAN_POINT('',(-1.480729671031,5.504311005142,0.370000000000));
#5606=VERTEX_POINT('',#5605);
#5607=CIRCLE('',#115,5.700000000000);
#5608=EDGE_CURVE('',#5601,#5606,#5607,.T.);
#5609=ORIENTED_EDGE('',*,*,#5608,.T.);
#5610=CARTESIAN_POINT('',(-1.581305215631,5.476264585922,0.370000000000));
#5611=VERTEX_POINT('',#5610);
#5612=CIRCLE('',#115,5.700000000000);
#5613=EDGE_CURVE('',#5606,#5611,#5612,.T.);
#5614=ORIENTED_EDGE('',*,*,#5613,.T.);
#5615=CARTESIAN_POINT('',(-1.756443460785,5.422629101189,0.370000000000));
#5616=VERTEX_POINT('',#5615);
#5617=CIRCLE('',#115,5.700000000000);
#5618=EDGE_CURVE('',#5611,#5616,#5617,.T.);
#5619=ORIENTED_EDGE('',*,*,#5618,.T.);
#5620=CARTESIAN_POINT('',(-1.855476557568,5.389546061063,0.370000000000));
#5621=VERTEX_POINT('',#5620);
#5622=CIRCLE('',#115,5.700000000000);
#5623=EDGE_CURVE('',#5616,#5621,#5622,.T.);
#5624=ORIENTED_EDGE('',*,*,#5623,.T.);
#5625=CARTESIAN_POINT('',(-1.942193508818,5.358907013030,0.370000000000));
#5626=VERTEX_POINT('',#5625);
#5627=CIRCLE('',#115,5.700000000000);
#5628=EDGE_CURVE('',#5621,#5626,#5627,.T.);
#5629=ORIENTED_EDGE('',*,*,#5628,.T.);
#5630=CARTESIAN_POINT('',(-2.040028226355,5.322432229317,0.370000000000));
#5631=VERTEX_POINT('',#5630);
#5632=CIRCLE('',#115,5.700000000000);
#5633=EDGE_CURVE('',#5626,#5631,#5632,.T.);
#5634=ORIENTED_EDGE('',*,*,#5633,.T.);
#5635=CARTESIAN_POINT('',(-2.209986927107,5.254137206242,0.370000000000));
#5636=VERTEX_POINT('',#5635);
#5637=CIRCLE('',#115,5.700000000000);
#5638=EDGE_CURVE('',#5631,#5636,#5637,.T.);
#5639=ORIENTED_EDGE('',*,*,#5638,.T.);
#5640=CARTESIAN_POINT('',(-2.305857618222,5.212774754820,0.370000000000));
#5641=VERTEX_POINT('',#5640);
#5642=CIRCLE('',#115,5.700000000000);
#5643=EDGE_CURVE('',#5636,#5641,#5642,.T.);
#5644=ORIENTED_EDGE('',*,*,#5643,.T.);
#5645=CARTESIAN_POINT('',(-2.389663797868,5.174891973091,0.370000000000));
#5646=VERTEX_POINT('',#5645);
#5647=CIRCLE('',#115,5.700000000000);
#5648=EDGE_CURVE('',#5641,#5646,#5647,.T.);
#5649=ORIENTED_EDGE('',*,*,#5648,.T.);
#5650=CARTESIAN_POINT('',(-2.484052786962,5.130251626537,0.370000000000));
#5651=VERTEX_POINT('',#5650);
#5652=CIRCLE('',#115,5.700000000000);
#5653=EDGE_CURVE('',#5646,#5651,#5652,.T.);
#5654=ORIENTED_EDGE('',*,*,#5653,.T.);
#5655=CARTESIAN_POINT('',(-2.647607386978,5.047789132325,0.370000000000));
#5656=VERTEX_POINT('',#5655);
#5657=CIRCLE('',#115,5.700000000000);
#5658=EDGE_CURVE('',#5651,#5656,#5657,.T.);
#5659=ORIENTED_EDGE('',*,*,#5658,.T.);
#5660=CARTESIAN_POINT('',(-2.739624921898,4.998445287018,0.370000000000));
#5661=VERTEX_POINT('',#5660);
#5662=CIRCLE('',#115,5.700000000000);
#5663=EDGE_CURVE('',#5656,#5661,#5662,.T.);
#5664=ORIENTED_EDGE('',*,*,#5663,.T.);
#5665=CARTESIAN_POINT('',(-2.819916504495,4.953591717903,0.370000000000));
#5666=VERTEX_POINT('',#5665);
#5667=CIRCLE('',#115,5.700000000000);
#5668=EDGE_CURVE('',#5661,#5666,#5667,.T.);
#5669=ORIENTED_EDGE('',*,*,#5668,.T.);
#5670=CARTESIAN_POINT('',(-2.910179690316,4.901107443229,0.370000000000));
#5671=VERTEX_POINT('',#5670);
#5672=CIRCLE('',#115,5.700000000000);
#5673=EDGE_CURVE('',#5666,#5671,#5672,.T.);
#5674=ORIENTED_EDGE('',*,*,#5673,.T.);
#5675=CARTESIAN_POINT('',(-3.066151774955,4.805071622040,0.370000000000));
#5676=VERTEX_POINT('',#5675);
#5677=CIRCLE('',#115,5.700000000000);
#5678=EDGE_CURVE('',#5671,#5676,#5677,.T.);
#5679=ORIENTED_EDGE('',*,*,#5678,.T.);
#5680=CARTESIAN_POINT('',(-3.153653165234,4.748101906384,0.370000000000));
#5681=VERTEX_POINT('',#5680);
#5682=CIRCLE('',#115,5.700000000000);
#5683=EDGE_CURVE('',#5676,#5681,#5682,.T.);
#5684=ORIENTED_EDGE('',*,*,#5683,.T.);
#5685=CARTESIAN_POINT('',(-3.229851648090,4.696600720876,0.370000000000));
#5686=VERTEX_POINT('',#5685);
#5687=CIRCLE('',#115,5.700000000000);
#5688=EDGE_CURVE('',#5681,#5686,#5687,.T.);
#5689=ORIENTED_EDGE('',*,*,#5688,.T.);
#5690=CARTESIAN_POINT('',(-3.315338682315,4.636650668483,0.370000000000));
#5691=VERTEX_POINT('',#5690);
#5692=CIRCLE('',#115,5.700000000000);
#5693=EDGE_CURVE('',#5686,#5691,#5692,.T.);
#5694=ORIENTED_EDGE('',*,*,#5693,.T.);
#5695=CARTESIAN_POINT('',(-3.462604469134,4.527733460611,0.370000000000));
#5696=VERTEX_POINT('',#5695);
#5697=CIRCLE('',#115,5.700000000000);
#5698=EDGE_CURVE('',#5691,#5696,#5697,.T.);
#5699=ORIENTED_EDGE('',*,*,#5698,.T.);
#5700=CARTESIAN_POINT('',(-3.544959265248,4.463548342712,0.370000000000));
#5701=VERTEX_POINT('',#5700);
#5702=CIRCLE('',#115,5.700000000000);
#5703=EDGE_CURVE('',#5696,#5701,#5702,.T.);
#5704=ORIENTED_EDGE('',*,*,#5703,.T.);
#5705=CARTESIAN_POINT('',(-3.616515636548,4.405770608033,0.370000000000));
#5706=VERTEX_POINT('',#5705);
#5707=CIRCLE('',#115,5.700000000000);
#5708=EDGE_CURVE('',#5701,#5706,#5707,.T.);
#5709=ORIENTED_EDGE('',*,*,#5708,.T.);
#5710=CARTESIAN_POINT('',(-3.696610583138,4.338786719422,0.370000000000));
#5711=VERTEX_POINT('',#5710);
#5712=CIRCLE('',#115,5.700000000000);
#5713=EDGE_CURVE('',#5706,#5711,#5712,.T.);
#5714=ORIENTED_EDGE('',*,*,#5713,.T.);
#5715=CARTESIAN_POINT('',(-3.834109018767,4.217772875844,0.370000000000));
#5716=VERTEX_POINT('',#5715);
#5717=CIRCLE('',#115,5.700000000000);
#5718=EDGE_CURVE('',#5711,#5716,#5717,.T.);
#5719=ORIENTED_EDGE('',*,*,#5718,.T.);
#5720=CARTESIAN_POINT('',(-3.910723852524,4.146834810949,0.370000000000));
#5721=VERTEX_POINT('',#5720);
#5722=CIRCLE('',#115,5.700000000000);
#5723=EDGE_CURVE('',#5716,#5721,#5722,.T.);
#5724=ORIENTED_EDGE('',*,*,#5723,.T.);
#5725=CARTESIAN_POINT('',(-3.977122546972,4.083196817001,0.370000000000));
#5726=VERTEX_POINT('',#5725);
#5727=CIRCLE('',#115,5.700000000000);
#5728=EDGE_CURVE('',#5721,#5726,#5727,.T.);
#5729=ORIENTED_EDGE('',*,*,#5728,.T.);
#5730=CARTESIAN_POINT('',(-4.051248320001,4.009661712625,0.370000000000));
#5731=VERTEX_POINT('',#5730);
#5732=CIRCLE('',#115,5.700000000000);
#5733=EDGE_CURVE('',#5726,#5731,#5732,.T.);
#5734=ORIENTED_EDGE('',*,*,#5733,.T.);
#5735=CARTESIAN_POINT('',(-4.177988725061,3.877423140858,0.370000000000));
#5736=VERTEX_POINT('',#5735);
#5737=CIRCLE('',#115,5.700000000000);
#5738=EDGE_CURVE('',#5731,#5736,#5737,.T.);
#5739=ORIENTED_EDGE('',*,*,#5738,.T.);
#5740=CARTESIAN_POINT('',(-4.248311584828,3.800243239349,0.370000000000));
#5741=VERTEX_POINT('',#5740);
#5742=CIRCLE('',#115,5.700000000000);
#5743=EDGE_CURVE('',#5736,#5741,#5742,.T.);
#5744=ORIENTED_EDGE('',*,*,#5743,.T.);
#5745=CARTESIAN_POINT('',(-4.309074198310,3.731203499336,0.370000000000));
#5746=VERTEX_POINT('',#5745);
#5747=CIRCLE('',#115,5.700000000000);
#5748=EDGE_CURVE('',#5741,#5746,#5747,.T.);
#5749=ORIENTED_EDGE('',*,*,#5748,.T.);
#5750=CARTESIAN_POINT('',(-4.376696719884,3.651647001307,0.370000000000));
#5751=VERTEX_POINT('',#5750);
#5752=CIRCLE('',#115,5.700000000000);
#5753=EDGE_CURVE('',#5746,#5751,#5752,.T.);
#5754=ORIENTED_EDGE('',*,*,#5753,.T.);
#5755=CARTESIAN_POINT('',(-4.491765926853,3.509136483290,0.370000000000));
#5756=VERTEX_POINT('',#5755);
#5757=CIRCLE('',#115,5.700000000000);
#5758=EDGE_CURVE('',#5751,#5756,#5757,.T.);
#5759=ORIENTED_EDGE('',*,*,#5758,.T.);
#5760=CARTESIAN_POINT('',(-4.555290134813,3.426270828127,0.370000000000));
#5761=VERTEX_POINT('',#5760);
#5762=CIRCLE('',#115,5.700000000000);
#5763=EDGE_CURVE('',#5756,#5761,#5762,.T.);
#5764=ORIENTED_EDGE('',*,*,#5763,.T.);
#5765=CARTESIAN_POINT('',(-4.609978871307,3.352326774958,0.370000000000));
#5766=VERTEX_POINT('',#5765);
#5767=CIRCLE('',#115,5.700000000000);
#5768=EDGE_CURVE('',#5761,#5766,#5767,.T.);
#5769=ORIENTED_EDGE('',*,*,#5768,.T.);
#5770=CARTESIAN_POINT('',(-4.670610919609,3.267322089668,0.370000000000));
#5771=VERTEX_POINT('',#5770);
#5772=CIRCLE('',#115,5.700000000000);
#5773=EDGE_CURVE('',#5766,#5771,#5772,.T.);
#5774=ORIENTED_EDGE('',*,*,#5773,.T.);
#5775=CARTESIAN_POINT('',(-4.773179852214,3.115566416949,0.370000000000));
#5776=VERTEX_POINT('',#5775);
#5777=CIRCLE('',#115,5.700000000000);
#5778=EDGE_CURVE('',#5771,#5776,#5777,.T.);
#5779=ORIENTED_EDGE('',*,*,#5778,.T.);
#5780=CARTESIAN_POINT('',(-4.829447714993,3.027612057075,0.370000000000));
#5781=VERTEX_POINT('',#5780);
#5782=CIRCLE('',#115,5.700000000000);
#5783=EDGE_CURVE('',#5776,#5781,#5782,.T.);
#5784=ORIENTED_EDGE('',*,*,#5783,.T.);
#5785=CARTESIAN_POINT('',(-4.877668540899,2.949296459348,0.370000000000));
#5786=VERTEX_POINT('',#5785);
#5787=CIRCLE('',#115,5.700000000000);
#5788=EDGE_CURVE('',#5781,#5786,#5787,.T.);
#5789=ORIENTED_EDGE('',*,*,#5788,.T.);
#5790=CARTESIAN_POINT('',(-4.930873260631,2.859456047502,0.370000000000));
#5791=VERTEX_POINT('',#5790);
#5792=CIRCLE('',#115,5.700000000000);
#5793=EDGE_CURVE('',#5786,#5791,#5792,.T.);
#5794=ORIENTED_EDGE('',*,*,#5793,.T.);
#5795=CARTESIAN_POINT('',(-5.020202907362,2.699548623181,0.370000000000));
#5796=VERTEX_POINT('',#5795);
#5797=CIRCLE('',#115,5.700000000000);
#5798=EDGE_CURVE('',#5791,#5796,#5797,.T.);
#5799=ORIENTED_EDGE('',*,*,#5798,.T.);
#5800=CARTESIAN_POINT('',(-5.068809013720,2.607139271775,0.370000000000));
#5801=VERTEX_POINT('',#5800);
#5802=CIRCLE('',#115,5.700000000000);
#5803=EDGE_CURVE('',#5796,#5801,#5802,.T.);
#5804=ORIENTED_EDGE('',*,*,#5803,.T.);
#5805=CARTESIAN_POINT('',(-5.110214496882,2.525016395166,0.370000000000));
#5806=VERTEX_POINT('',#5805);
#5807=CIRCLE('',#115,5.700000000000);
#5808=EDGE_CURVE('',#5801,#5806,#5807,.T.);
#5809=ORIENTED_EDGE('',*,*,#5808,.T.);
#5810=CARTESIAN_POINT('',(-5.155608546820,2.430987558989,0.370000000000));
#5811=VERTEX_POINT('',#5810);
#5812=CIRCLE('',#115,5.700000000000);
#5813=EDGE_CURVE('',#5806,#5811,#5812,.T.);
#5814=ORIENTED_EDGE('',*,*,#5813,.T.);
#5815=CARTESIAN_POINT('',(-5.231055285525,2.264080519722,0.370000000000));
#5816=VERTEX_POINT('',#5815);
#5817=CIRCLE('',#115,5.700000000000);
#5818=EDGE_CURVE('',#5811,#5816,#5817,.T.);
#5819=ORIENTED_EDGE('',*,*,#5818,.T.);
#5820=CARTESIAN_POINT('',(-5.271649427352,2.167881988278,0.370000000000));
#5821=VERTEX_POINT('',#5820);
#5822=CIRCLE('',#115,5.700000000000);
#5823=EDGE_CURVE('',#5816,#5821,#5822,.T.);
#5824=ORIENTED_EDGE('',*,*,#5823,.T.);
#5825=CARTESIAN_POINT('',(-5.305941240315,2.082543529996,0.370000000000));
#5826=VERTEX_POINT('',#5825);
#5827=CIRCLE('',#115,5.700000000000);
#5828=EDGE_CURVE('',#5821,#5826,#5827,.T.);
#5829=ORIENTED_EDGE('',*,*,#5828,.T.);
#5830=CARTESIAN_POINT('',(-5.343197555288,1.985003749408,0.370000000000));
#5831=VERTEX_POINT('',#5830);
#5832=CIRCLE('',#115,5.700000000000);
#5833=EDGE_CURVE('',#5826,#5831,#5832,.T.);
#5834=ORIENTED_EDGE('',*,*,#5833,.T.);
#5835=CARTESIAN_POINT('',(-5.404217790486,1.812299664238,0.370000000000));
#5836=VERTEX_POINT('',#5835);
#5837=CIRCLE('',#115,5.700000000000);
#5838=EDGE_CURVE('',#5831,#5836,#5837,.T.);
#5839=ORIENTED_EDGE('',*,*,#5838,.T.);
#5840=CARTESIAN_POINT('',(-5.436507486060,1.713005065380,0.370000000000));
#5841=VERTEX_POINT('',#5840);
#5842=CIRCLE('',#115,5.700000000000);
#5843=EDGE_CURVE('',#5836,#5841,#5842,.T.);
#5844=ORIENTED_EDGE('',*,*,#5843,.T.);
#5845=CARTESIAN_POINT('',(-5.463438555526,1.625065890971,0.370000000000));
#5846=VERTEX_POINT('',#5845);
#5847=CIRCLE('',#115,5.700000000000);
#5848=EDGE_CURVE('',#5841,#5846,#5847,.T.);
#5849=ORIENTED_EDGE('',*,*,#5848,.T.);
#5850=CARTESIAN_POINT('',(-5.492288702932,1.524717942326,0.370000000000));
#5851=VERTEX_POINT('',#5850);
#5852=CIRCLE('',#115,5.700000000000);
#5853=EDGE_CURVE('',#5846,#5851,#5852,.T.);
#5854=ORIENTED_EDGE('',*,*,#5853,.T.);
#5855=CARTESIAN_POINT('',(-5.538442782429,1.347461148144,0.370000000000));
#5856=VERTEX_POINT('',#5855);
#5857=CIRCLE('',#115,5.700000000000);
#5858=EDGE_CURVE('',#5851,#5856,#5857,.T.);
#5859=ORIENTED_EDGE('',*,*,#5858,.T.);
#5860=CARTESIAN_POINT('',(-5.562195383753,1.245785901732,0.370000000000));
#5861=VERTEX_POINT('',#5860);
#5862=CIRCLE('',#115,5.700000000000);
#5863=EDGE_CURVE('',#5856,#5861,#5862,.T.);
#5864=ORIENTED_EDGE('',*,*,#5863,.T.);
#5865=CARTESIAN_POINT('',(-5.581571670749,1.155879614963,0.370000000000));
#5866=VERTEX_POINT('',#5865);
#5867=CIRCLE('',#115,5.700000000000);
#5868=EDGE_CURVE('',#5861,#5866,#5867,.T.);
#5869=ORIENTED_EDGE('',*,*,#5868,.T.);
#5870=CARTESIAN_POINT('',(-5.601807784615,1.053446507531,0.370000000000));
#5871=VERTEX_POINT('',#5870);
#5872=CIRCLE('',#115,5.700000000000);
#5873=EDGE_CURVE('',#5866,#5871,#5872,.T.);
#5874=ORIENTED_EDGE('',*,*,#5873,.T.);
#5875=CARTESIAN_POINT('',(-5.632763167212,0.872914143601,0.370000000000));
#5876=VERTEX_POINT('',#5875);
#5877=CIRCLE('',#115,5.700000000000);
#5878=EDGE_CURVE('',#5871,#5876,#5877,.T.);
#5879=ORIENTED_EDGE('',*,*,#5878,.T.);
#5880=CARTESIAN_POINT('',(-5.647807536250,0.769590822115,0.370000000000));
#5881=VERTEX_POINT('',#5880);
#5882=CIRCLE('',#115,5.700000000000);
#5883=EDGE_CURVE('',#5876,#5881,#5882,.T.);
#5884=ORIENTED_EDGE('',*,*,#5883,.T.);
#5885=CARTESIAN_POINT('',(-5.659489434184,0.678365199843,0.370000000000));
#5886=VERTEX_POINT('',#5885);
#5887=CIRCLE('',#115,5.700000000000);
#5888=EDGE_CURVE('',#5881,#5886,#5887,.T.);
#5889=ORIENTED_EDGE('',*,*,#5888,.T.);
#5890=CARTESIAN_POINT('',(-5.670965712845,0.574584966509,0.370000000000));
#5891=VERTEX_POINT('',#5890);
#5892=CIRCLE('',#115,5.700000000000);
#5893=EDGE_CURVE('',#5886,#5891,#5892,.T.);
#5894=ORIENTED_EDGE('',*,*,#5893,.T.);
#5895=CARTESIAN_POINT('',(-5.686499364301,0.392077772650,0.370000000000));
#5896=VERTEX_POINT('',#5895);
#5897=CIRCLE('',#115,5.700000000000);
#5898=EDGE_CURVE('',#5891,#5896,#5897,.T.);
#5899=ORIENTED_EDGE('',*,*,#5898,.T.);
#5900=CARTESIAN_POINT('',(-5.692727106028,0.287850822989,0.370000000000));
#5901=VERTEX_POINT('',#5900);
#5902=CIRCLE('',#115,5.700000000000);
#5903=EDGE_CURVE('',#5896,#5901,#5902,.T.);
#5904=ORIENTED_EDGE('',*,*,#5903,.T.);
#5905=CARTESIAN_POINT('',(-5.696630446559,0.195963147912,0.370000000000));
#5906=VERTEX_POINT('',#5905);
#5907=CIRCLE('',#115,5.700000000000);
#5908=EDGE_CURVE('',#5901,#5906,#5907,.T.);
#5909=ORIENTED_EDGE('',*,*,#5908,.T.);
#5910=CARTESIAN_POINT('',(-5.699264203164,0.091583527637,0.370000000000));
#5911=VERTEX_POINT('',#5910);
#5912=CIRCLE('',#115,5.700000000000);
#5913=EDGE_CURVE('',#5906,#5911,#5912,.T.);
#5914=ORIENTED_EDGE('',*,*,#5913,.T.);
#5915=CARTESIAN_POINT('',(-5.699264203164,-0.091583527637,0.370000000000));
#5916=VERTEX_POINT('',#5915);
#5917=CIRCLE('',#115,5.700000000000);
#5918=EDGE_CURVE('',#5911,#5916,#5917,.T.);
#5919=ORIENTED_EDGE('',*,*,#5918,.T.);
#5920=CARTESIAN_POINT('',(-5.696630446559,-0.195963147912,0.370000000000));
#5921=VERTEX_POINT('',#5920);
#5922=CIRCLE('',#115,5.700000000000);
#5923=EDGE_CURVE('',#5916,#5921,#5922,.T.);
#5924=ORIENTED_EDGE('',*,*,#5923,.T.);
#5925=CARTESIAN_POINT('',(-5.692727106028,-0.287850822989,0.370000000000));
#5926=VERTEX_POINT('',#5925);
#5927=CIRCLE('',#115,5.700000000000);
#5928=EDGE_CURVE('',#5921,#5926,#5927,.T.);
#5929=ORIENTED_EDGE('',*,*,#5928,.T.);
#5930=CARTESIAN_POINT('',(-5.686499364301,-0.392077772650,0.370000000000));
#5931=VERTEX_POINT('',#5930);
#5932=CIRCLE('',#115,5.700000000000);
#5933=EDGE_CURVE('',#5926,#5931,#5932,.T.);
#5934=ORIENTED_EDGE('',*,*,#5933,.T.);
#5935=CARTESIAN_POINT('',(-5.670965712845,-0.574584966509,0.370000000000));
#5936=VERTEX_POINT('',#5935);
#5937=CIRCLE('',#115,5.700000000000);
#5938=EDGE_CURVE('',#5931,#5936,#5937,.T.);
#5939=ORIENTED_EDGE('',*,*,#5938,.T.);
#5940=CARTESIAN_POINT('',(-5.659489434184,-0.678365199843,0.370000000000));
#5941=VERTEX_POINT('',#5940);
#5942=CIRCLE('',#115,5.700000000000);
#5943=EDGE_CURVE('',#5936,#5941,#5942,.T.);
#5944=ORIENTED_EDGE('',*,*,#5943,.T.);
#5945=CARTESIAN_POINT('',(-5.647807536250,-0.769590822115,0.370000000000));
#5946=VERTEX_POINT('',#5945);
#5947=CIRCLE('',#115,5.700000000000);
#5948=EDGE_CURVE('',#5941,#5946,#5947,.T.);
#5949=ORIENTED_EDGE('',*,*,#5948,.T.);
#5950=CARTESIAN_POINT('',(-5.632763167212,-0.872914143601,0.370000000000));
#5951=VERTEX_POINT('',#5950);
#5952=CIRCLE('',#115,5.700000000000);
#5953=EDGE_CURVE('',#5946,#5951,#5952,.T.);
#5954=ORIENTED_EDGE('',*,*,#5953,.T.);
#5955=CARTESIAN_POINT('',(-5.601807784615,-1.053446507531,0.370000000000));
#5956=VERTEX_POINT('',#5955);
#5957=CIRCLE('',#115,5.700000000000);
#5958=EDGE_CURVE('',#5951,#5956,#5957,.T.);
#5959=ORIENTED_EDGE('',*,*,#5958,.T.);
#5960=CARTESIAN_POINT('',(-5.581571670749,-1.155879614963,0.370000000000));
#5961=VERTEX_POINT('',#5960);
#5962=CIRCLE('',#115,5.700000000000);
#5963=EDGE_CURVE('',#5956,#5961,#5962,.T.);
#5964=ORIENTED_EDGE('',*,*,#5963,.T.);
#5965=CARTESIAN_POINT('',(-5.562195383753,-1.245785901732,0.370000000000));
#5966=VERTEX_POINT('',#5965);
#5967=CIRCLE('',#115,5.700000000000);
#5968=EDGE_CURVE('',#5961,#5966,#5967,.T.);
#5969=ORIENTED_EDGE('',*,*,#5968,.T.);
#5970=CARTESIAN_POINT('',(-5.538442782429,-1.347461148144,0.370000000000));
#5971=VERTEX_POINT('',#5970);
#5972=CIRCLE('',#115,5.700000000000);
#5973=EDGE_CURVE('',#5966,#5971,#5972,.T.);
#5974=ORIENTED_EDGE('',*,*,#5973,.T.);
#5975=CARTESIAN_POINT('',(-5.492288702932,-1.524717942326,0.370000000000));
#5976=VERTEX_POINT('',#5975);
#5977=CIRCLE('',#115,5.700000000000);
#5978=EDGE_CURVE('',#5971,#5976,#5977,.T.);
#5979=ORIENTED_EDGE('',*,*,#5978,.T.);
#5980=CARTESIAN_POINT('',(-5.463438555526,-1.625065890971,0.370000000000));
#5981=VERTEX_POINT('',#5980);
#5982=CIRCLE('',#115,5.700000000000);
#5983=EDGE_CURVE('',#5976,#5981,#5982,.T.);
#5984=ORIENTED_EDGE('',*,*,#5983,.T.);
#5985=CARTESIAN_POINT('',(-5.436507486060,-1.713005065380,0.370000000000));
#5986=VERTEX_POINT('',#5985);
#5987=CIRCLE('',#115,5.700000000000);
#5988=EDGE_CURVE('',#5981,#5986,#5987,.T.);
#5989=ORIENTED_EDGE('',*,*,#5988,.T.);
#5990=CARTESIAN_POINT('',(-5.404217790486,-1.812299664238,0.370000000000));
#5991=VERTEX_POINT('',#5990);
#5992=CIRCLE('',#115,5.700000000000);
#5993=EDGE_CURVE('',#5986,#5991,#5992,.T.);
#5994=ORIENTED_EDGE('',*,*,#5993,.T.);
#5995=CARTESIAN_POINT('',(-5.343197555288,-1.985003749408,0.370000000000));
#5996=VERTEX_POINT('',#5995);
#5997=CIRCLE('',#115,5.700000000000);
#5998=EDGE_CURVE('',#5991,#5996,#5997,.T.);
#5999=ORIENTED_EDGE('',*,*,#5998,.T.);
#6000=CARTESIAN_POINT('',(-5.305941240315,-2.082543529996,0.370000000000));
#6001=VERTEX_POINT('',#6000);
#6002=CIRCLE('',#115,5.700000000000);
#6003=EDGE_CURVE('',#5996,#6001,#6002,.T.);
#6004=ORIENTED_EDGE('',*,*,#6003,.T.);
#6005=CARTESIAN_POINT('',(-5.271649427352,-2.167881988278,0.370000000000));
#6006=VERTEX_POINT('',#6005);
#6007=CIRCLE('',#115,5.700000000000);
#6008=EDGE_CURVE('',#6001,#6006,#6007,.T.);
#6009=ORIENTED_EDGE('',*,*,#6008,.T.);
#6010=CARTESIAN_POINT('',(-5.231055285525,-2.264080519722,0.370000000000));
#6011=VERTEX_POINT('',#6010);
#6012=CIRCLE('',#115,5.700000000000);
#6013=EDGE_CURVE('',#6006,#6011,#6012,.T.);
#6014=ORIENTED_EDGE('',*,*,#6013,.T.);
#6015=CARTESIAN_POINT('',(-5.155608546820,-2.430987558989,0.370000000000));
#6016=VERTEX_POINT('',#6015);
#6017=CIRCLE('',#115,5.700000000000);
#6018=EDGE_CURVE('',#6011,#6016,#6017,.T.);
#6019=ORIENTED_EDGE('',*,*,#6018,.T.);
#6020=CARTESIAN_POINT('',(-5.110214496882,-2.525016395166,0.370000000000));
#6021=VERTEX_POINT('',#6020);
#6022=CIRCLE('',#115,5.700000000000);
#6023=EDGE_CURVE('',#6016,#6021,#6022,.T.);
#6024=ORIENTED_EDGE('',*,*,#6023,.T.);
#6025=CARTESIAN_POINT('',(-5.068809013720,-2.607139271775,0.370000000000));
#6026=VERTEX_POINT('',#6025);
#6027=CIRCLE('',#115,5.700000000000);
#6028=EDGE_CURVE('',#6021,#6026,#6027,.T.);
#6029=ORIENTED_EDGE('',*,*,#6028,.T.);
#6030=CARTESIAN_POINT('',(-5.020202907362,-2.699548623181,0.370000000000));
#6031=VERTEX_POINT('',#6030);
#6032=CIRCLE('',#115,5.700000000000);
#6033=EDGE_CURVE('',#6026,#6031,#6032,.T.);
#6034=ORIENTED_EDGE('',*,*,#6033,.T.);
#6035=CARTESIAN_POINT('',(-4.930873260631,-2.859456047502,0.370000000000));
#6036=VERTEX_POINT('',#6035);
#6037=CIRCLE('',#115,5.700000000000);
#6038=EDGE_CURVE('',#6031,#6036,#6037,.T.);
#6039=ORIENTED_EDGE('',*,*,#6038,.T.);
#6040=CARTESIAN_POINT('',(-4.877668540899,-2.949296459348,0.370000000000));
#6041=VERTEX_POINT('',#6040);
#6042=CIRCLE('',#115,5.700000000000);
#6043=EDGE_CURVE('',#6036,#6041,#6042,.T.);
#6044=ORIENTED_EDGE('',*,*,#6043,.T.);
#6045=CARTESIAN_POINT('',(-4.829447714993,-3.027612057075,0.370000000000));
#6046=VERTEX_POINT('',#6045);
#6047=CIRCLE('',#115,5.700000000000);
#6048=EDGE_CURVE('',#6041,#6046,#6047,.T.);
#6049=ORIENTED_EDGE('',*,*,#6048,.T.);
#6050=CARTESIAN_POINT('',(-4.773179852214,-3.115566416949,0.370000000000));
#6051=VERTEX_POINT('',#6050);
#6052=CIRCLE('',#115,5.700000000000);
#6053=EDGE_CURVE('',#6046,#6051,#6052,.T.);
#6054=ORIENTED_EDGE('',*,*,#6053,.T.);
#6055=CARTESIAN_POINT('',(-4.670610919609,-3.267322089668,0.370000000000));
#6056=VERTEX_POINT('',#6055);
#6057=CIRCLE('',#115,5.700000000000);
#6058=EDGE_CURVE('',#6051,#6056,#6057,.T.);
#6059=ORIENTED_EDGE('',*,*,#6058,.T.);
#6060=CARTESIAN_POINT('',(-4.609978871307,-3.352326774958,0.370000000000));
#6061=VERTEX_POINT('',#6060);
#6062=CIRCLE('',#115,5.700000000000);
#6063=EDGE_CURVE('',#6056,#6061,#6062,.T.);
#6064=ORIENTED_EDGE('',*,*,#6063,.T.);
#6065=CARTESIAN_POINT('',(-4.555290134813,-3.426270828127,0.370000000000));
#6066=VERTEX_POINT('',#6065);
#6067=CIRCLE('',#115,5.700000000000);
#6068=EDGE_CURVE('',#6061,#6066,#6067,.T.);
#6069=ORIENTED_EDGE('',*,*,#6068,.T.);
#6070=CARTESIAN_POINT('',(-4.491765926853,-3.509136483290,0.370000000000));
#6071=VERTEX_POINT('',#6070);
#6072=CIRCLE('',#115,5.700000000000);
#6073=EDGE_CURVE('',#6066,#6071,#6072,.T.);
#6074=ORIENTED_EDGE('',*,*,#6073,.T.);
#6075=CARTESIAN_POINT('',(-4.376696719884,-3.651647001307,0.370000000000));
#6076=VERTEX_POINT('',#6075);
#6077=CIRCLE('',#115,5.700000000000);
#6078=EDGE_CURVE('',#6071,#6076,#6077,.T.);
#6079=ORIENTED_EDGE('',*,*,#6078,.T.);
#6080=CARTESIAN_POINT('',(-4.309074198310,-3.731203499336,0.370000000000));
#6081=VERTEX_POINT('',#6080);
#6082=CIRCLE('',#115,5.700000000000);
#6083=EDGE_CURVE('',#6076,#6081,#6082,.T.);
#6084=ORIENTED_EDGE('',*,*,#6083,.T.);
#6085=CARTESIAN_POINT('',(-4.248311584828,-3.800243239349,0.370000000000));
#6086=VERTEX_POINT('',#6085);
#6087=CIRCLE('',#115,5.700000000000);
#6088=EDGE_CURVE('',#6081,#6086,#6087,.T.);
#6089=ORIENTED_EDGE('',*,*,#6088,.T.);
#6090=CARTESIAN_POINT('',(-4.177988725061,-3.877423140858,0.370000000000));
#6091=VERTEX_POINT('',#6090);
#6092=CIRCLE('',#115,5.700000000000);
#6093=EDGE_CURVE('',#6086,#6091,#6092,.T.);
#6094=ORIENTED_EDGE('',*,*,#6093,.T.);
#6095=CARTESIAN_POINT('',(-4.051248320001,-4.009661712625,0.370000000000));
#6096=VERTEX_POINT('',#6095);
#6097=CIRCLE('',#115,5.700000000000);
#6098=EDGE_CURVE('',#6091,#6096,#6097,.T.);
#6099=ORIENTED_EDGE('',*,*,#6098,.T.);
#6100=CARTESIAN_POINT('',(-3.977122546972,-4.083196817001,0.370000000000));
#6101=VERTEX_POINT('',#6100);
#6102=CIRCLE('',#115,5.700000000000);
#6103=EDGE_CURVE('',#6096,#6101,#6102,.T.);
#6104=ORIENTED_EDGE('',*,*,#6103,.T.);
#6105=CARTESIAN_POINT('',(-3.910723852524,-4.146834810949,0.370000000000));
#6106=VERTEX_POINT('',#6105);
#6107=CIRCLE('',#115,5.700000000000);
#6108=EDGE_CURVE('',#6101,#6106,#6107,.T.);
#6109=ORIENTED_EDGE('',*,*,#6108,.T.);
#6110=CARTESIAN_POINT('',(-3.834109018767,-4.217772875844,0.370000000000));
#6111=VERTEX_POINT('',#6110);
#6112=CIRCLE('',#115,5.700000000000);
#6113=EDGE_CURVE('',#6106,#6111,#6112,.T.);
#6114=ORIENTED_EDGE('',*,*,#6113,.T.);
#6115=CARTESIAN_POINT('',(-3.696610583138,-4.338786719422,0.370000000000));
#6116=VERTEX_POINT('',#6115);
#6117=CIRCLE('',#115,5.700000000000);
#6118=EDGE_CURVE('',#6111,#6116,#6117,.T.);
#6119=ORIENTED_EDGE('',*,*,#6118,.T.);
#6120=CARTESIAN_POINT('',(-3.616515636548,-4.405770608033,0.370000000000));
#6121=VERTEX_POINT('',#6120);
#6122=CIRCLE('',#115,5.700000000000);
#6123=EDGE_CURVE('',#6116,#6121,#6122,.T.);
#6124=ORIENTED_EDGE('',*,*,#6123,.T.);
#6125=CARTESIAN_POINT('',(-3.544959265248,-4.463548342712,0.370000000000));
#6126=VERTEX_POINT('',#6125);
#6127=CIRCLE('',#115,5.700000000000);
#6128=EDGE_CURVE('',#6121,#6126,#6127,.T.);
#6129=ORIENTED_EDGE('',*,*,#6128,.T.);
#6130=CARTESIAN_POINT('',(-3.462604469134,-4.527733460611,0.370000000000));
#6131=VERTEX_POINT('',#6130);
#6132=CIRCLE('',#115,5.700000000000);
#6133=EDGE_CURVE('',#6126,#6131,#6132,.T.);
#6134=ORIENTED_EDGE('',*,*,#6133,.T.);
#6135=CARTESIAN_POINT('',(-3.315338682315,-4.636650668483,0.370000000000));
#6136=VERTEX_POINT('',#6135);
#6137=CIRCLE('',#115,5.700000000000);
#6138=EDGE_CURVE('',#6131,#6136,#6137,.T.);
#6139=ORIENTED_EDGE('',*,*,#6138,.T.);
#6140=CARTESIAN_POINT('',(-3.229851648090,-4.696600720876,0.370000000000));
#6141=VERTEX_POINT('',#6140);
#6142=CIRCLE('',#115,5.700000000000);
#6143=EDGE_CURVE('',#6136,#6141,#6142,.T.);
#6144=ORIENTED_EDGE('',*,*,#6143,.T.);
#6145=CARTESIAN_POINT('',(-3.153653165234,-4.748101906384,0.370000000000));
#6146=VERTEX_POINT('',#6145);
#6147=CIRCLE('',#115,5.700000000000);
#6148=EDGE_CURVE('',#6141,#6146,#6147,.T.);
#6149=ORIENTED_EDGE('',*,*,#6148,.T.);
#6150=CARTESIAN_POINT('',(-3.066151774955,-4.805071622040,0.370000000000));
#6151=VERTEX_POINT('',#6150);
#6152=CIRCLE('',#115,5.700000000000);
#6153=EDGE_CURVE('',#6146,#6151,#6152,.T.);
#6154=ORIENTED_EDGE('',*,*,#6153,.T.);
#6155=CARTESIAN_POINT('',(-2.910179690316,-4.901107443229,0.370000000000));
#6156=VERTEX_POINT('',#6155);
#6157=CIRCLE('',#115,5.700000000000);
#6158=EDGE_CURVE('',#6151,#6156,#6157,.T.);
#6159=ORIENTED_EDGE('',*,*,#6158,.T.);
#6160=CARTESIAN_POINT('',(-2.819916504495,-4.953591717903,0.370000000000));
#6161=VERTEX_POINT('',#6160);
#6162=CIRCLE('',#115,5.700000000000);
#6163=EDGE_CURVE('',#6156,#6161,#6162,.T.);
#6164=ORIENTED_EDGE('',*,*,#6163,.T.);
#6165=CARTESIAN_POINT('',(-2.739624921898,-4.998445287018,0.370000000000));
#6166=VERTEX_POINT('',#6165);
#6167=CIRCLE('',#115,5.700000000000);
#6168=EDGE_CURVE('',#6161,#6166,#6167,.T.);
#6169=ORIENTED_EDGE('',*,*,#6168,.T.);
#6170=CARTESIAN_POINT('',(-2.647607386978,-5.047789132325,0.370000000000));
#6171=VERTEX_POINT('',#6170);
#6172=CIRCLE('',#115,5.700000000000);
#6173=EDGE_CURVE('',#6166,#6171,#6172,.T.);
#6174=ORIENTED_EDGE('',*,*,#6173,.T.);
#6175=CARTESIAN_POINT('',(-2.484052786962,-5.130251626537,0.370000000000));
#6176=VERTEX_POINT('',#6175);
#6177=CIRCLE('',#115,5.700000000000);
#6178=EDGE_CURVE('',#6171,#6176,#6177,.T.);
#6179=ORIENTED_EDGE('',*,*,#6178,.T.);
#6180=CARTESIAN_POINT('',(-2.389663797868,-5.174891973091,0.370000000000));
#6181=VERTEX_POINT('',#6180);
#6182=CIRCLE('',#115,5.700000000000);
#6183=EDGE_CURVE('',#6176,#6181,#6182,.T.);
#6184=ORIENTED_EDGE('',*,*,#6183,.T.);
#6185=CARTESIAN_POINT('',(-2.305857618222,-5.212774754820,0.370000000000));
#6186=VERTEX_POINT('',#6185);
#6187=CIRCLE('',#115,5.700000000000);
#6188=EDGE_CURVE('',#6181,#6186,#6187,.T.);
#6189=ORIENTED_EDGE('',*,*,#6188,.T.);
#6190=CARTESIAN_POINT('',(-2.209986927107,-5.254137206242,0.370000000000));
#6191=VERTEX_POINT('',#6190);
#6192=CIRCLE('',#115,5.700000000000);
#6193=EDGE_CURVE('',#6186,#6191,#6192,.T.);
#6194=ORIENTED_EDGE('',*,*,#6193,.T.);
#6195=CARTESIAN_POINT('',(-2.040028226355,-5.322432229317,0.370000000000));
#6196=VERTEX_POINT('',#6195);
#6197=CIRCLE('',#115,5.700000000000);
#6198=EDGE_CURVE('',#6191,#6196,#6197,.T.);
#6199=ORIENTED_EDGE('',*,*,#6198,.T.);
#6200=CARTESIAN_POINT('',(-1.942193508818,-5.358907013030,0.370000000000));
#6201=VERTEX_POINT('',#6200);
#6202=CIRCLE('',#115,5.700000000000);
#6203=EDGE_CURVE('',#6196,#6201,#6202,.T.);
#6204=ORIENTED_EDGE('',*,*,#6203,.T.);
#6205=CARTESIAN_POINT('',(-1.855476557568,-5.389546061063,0.370000000000));
#6206=VERTEX_POINT('',#6205);
#6207=CIRCLE('',#115,5.700000000000);
#6208=EDGE_CURVE('',#6201,#6206,#6207,.T.);
#6209=ORIENTED_EDGE('',*,*,#6208,.T.);
#6210=CARTESIAN_POINT('',(-1.756443460785,-5.422629101189,0.370000000000));
#6211=VERTEX_POINT('',#6210);
#6212=CIRCLE('',#115,5.700000000000);
#6213=EDGE_CURVE('',#6206,#6211,#6212,.T.);
#6214=ORIENTED_EDGE('',*,*,#6213,.T.);
#6215=CARTESIAN_POINT('',(-1.581305215631,-5.476264585922,0.370000000000));
#6216=VERTEX_POINT('',#6215);
#6217=CIRCLE('',#115,5.700000000000);
#6218=EDGE_CURVE('',#6211,#6216,#6217,.T.);
#6219=ORIENTED_EDGE('',*,*,#6218,.T.);
#6220=CARTESIAN_POINT('',(-1.480729671031,-5.504311005142,0.370000000000));
#6221=VERTEX_POINT('',#6220);
#6222=CIRCLE('',#115,5.700000000000);
#6223=EDGE_CURVE('',#6216,#6221,#6222,.T.);
#6224=ORIENTED_EDGE('',*,*,#6223,.T.);
#6225=CARTESIAN_POINT('',(-1.391726745799,-5.527485564434,0.370000000000));
#6226=VERTEX_POINT('',#6225);
#6227=CIRCLE('',#115,5.700000000000);
#6228=EDGE_CURVE('',#6221,#6226,#6227,.T.);
#6229=ORIENTED_EDGE('',*,*,#6228,.T.);
#6230=CARTESIAN_POINT('',(-1.290244779079,-5.552050829204,0.370000000000));
#6231=VERTEX_POINT('',#6230);
#6232=CIRCLE('',#115,5.700000000000);
#6233=EDGE_CURVE('',#6226,#6231,#6232,.T.);
#6234=ORIENTED_EDGE('',*,*,#6233,.T.);
#6235=CARTESIAN_POINT('',(-1.111188864592,-5.590640330696,0.370000000000));
#6236=VERTEX_POINT('',#6235);
#6237=CIRCLE('',#115,5.700000000000);
#6238=EDGE_CURVE('',#6231,#6236,#6237,.T.);
#6239=ORIENTED_EDGE('',*,*,#6238,.T.);
#6240=CARTESIAN_POINT('',(-1.008597142034,-5.610056310331,0.370000000000));
#6241=VERTEX_POINT('',#6240);
#6242=CIRCLE('',#115,5.700000000000);
#6243=EDGE_CURVE('',#6236,#6241,#6242,.T.);
#6244=ORIENTED_EDGE('',*,*,#6243,.T.);
#6245=CARTESIAN_POINT('',(-0.917949510935,-5.625599407652,0.370000000000));
#6246=VERTEX_POINT('',#6245);
#6247=CIRCLE('',#115,5.700000000000);
#6248=EDGE_CURVE('',#6241,#6246,#6247,.T.);
#6249=ORIENTED_EDGE('',*,*,#6248,.T.);
#6250=CARTESIAN_POINT('',(-0.814749854173,-5.641469903768,0.370000000000));
#6251=VERTEX_POINT('',#6250);
#6252=CIRCLE('',#115,5.700000000000);
#6253=EDGE_CURVE('',#6246,#6251,#6252,.T.);
#6254=ORIENTED_EDGE('',*,*,#6253,.T.);
#6255=CARTESIAN_POINT('',(-0.633066372321,-5.664735383779,0.370000000000));
#6256=VERTEX_POINT('',#6255);
#6257=CIRCLE('',#115,5.700000000000);
#6258=EDGE_CURVE('',#6251,#6256,#6257,.T.);
#6259=ORIENTED_EDGE('',*,*,#6258,.T.);
#6260=CARTESIAN_POINT('',(-0.529197647517,-5.675381031249,0.370000000000));
#6261=VERTEX_POINT('',#6260);
#6262=CIRCLE('',#115,5.700000000000);
#6263=EDGE_CURVE('',#6256,#6261,#6262,.T.);
#6264=ORIENTED_EDGE('',*,*,#6263,.T.);
#6265=CARTESIAN_POINT('',(-0.437558428809,-5.683180678227,0.370000000000));
#6266=VERTEX_POINT('',#6265);
#6267=CIRCLE('',#115,5.700000000000);
#6268=EDGE_CURVE('',#6261,#6266,#6267,.T.);
#6269=ORIENTED_EDGE('',*,*,#6268,.T.);
#6270=CARTESIAN_POINT('',(-0.333384637899,-5.690242058403,0.370000000000));
#6271=VERTEX_POINT('',#6270);
#6272=CIRCLE('',#115,5.700000000000);
#6273=EDGE_CURVE('',#6266,#6271,#6272,.T.);
#6274=ORIENTED_EDGE('',*,*,#6273,.T.);
#6275=CARTESIAN_POINT('',(-0.150382622331,-5.698015888614,0.370000000000));
#6276=VERTEX_POINT('',#6275);
#6277=CIRCLE('',#115,5.700000000000);
#6278=EDGE_CURVE('',#6271,#6276,#6277,.T.);
#6279=ORIENTED_EDGE('',*,*,#6278,.T.);
#6280=CARTESIAN_POINT('',(-0.045985271822,-5.699814501786,0.370000000000));
#6281=VERTEX_POINT('',#6280);
#6282=CIRCLE('',#115,5.700000000000);
#6283=EDGE_CURVE('',#6276,#6281,#6282,.T.);
#6284=ORIENTED_EDGE('',*,*,#6283,.T.);
#6285=CARTESIAN_POINT('',(0.045985271822,-5.699814501786,0.370000000000));
#6286=VERTEX_POINT('',#6285);
#6287=CIRCLE('',#115,5.700000000000);
#6288=EDGE_CURVE('',#6281,#6286,#6287,.T.);
#6289=ORIENTED_EDGE('',*,*,#6288,.T.);
#6290=CARTESIAN_POINT('',(0.150382622331,-5.698015888614,0.370000000000));
#6291=VERTEX_POINT('',#6290);
#6292=CIRCLE('',#115,5.700000000000);
#6293=EDGE_CURVE('',#6286,#6291,#6292,.T.);
#6294=ORIENTED_EDGE('',*,*,#6293,.T.);
#6295=CARTESIAN_POINT('',(0.333384637899,-5.690242058403,0.370000000000));
#6296=VERTEX_POINT('',#6295);
#6297=CIRCLE('',#115,5.700000000000);
#6298=EDGE_CURVE('',#6291,#6296,#6297,.T.);
#6299=ORIENTED_EDGE('',*,*,#6298,.T.);
#6300=CARTESIAN_POINT('',(0.437558428809,-5.683180678227,0.370000000000));
#6301=VERTEX_POINT('',#6300);
#6302=CIRCLE('',#115,5.700000000000);
#6303=EDGE_CURVE('',#6296,#6301,#6302,.T.);
#6304=ORIENTED_EDGE('',*,*,#6303,.T.);
#6305=CARTESIAN_POINT('',(0.529197647517,-5.675381031249,0.370000000000));
#6306=VERTEX_POINT('',#6305);
#6307=CIRCLE('',#115,5.700000000000);
#6308=EDGE_CURVE('',#6301,#6306,#6307,.T.);
#6309=ORIENTED_EDGE('',*,*,#6308,.T.);
#6310=CARTESIAN_POINT('',(0.633066372321,-5.664735383779,0.370000000000));
#6311=VERTEX_POINT('',#6310);
#6312=CIRCLE('',#115,5.700000000000);
#6313=EDGE_CURVE('',#6306,#6311,#6312,.T.);
#6314=ORIENTED_EDGE('',*,*,#6313,.T.);
#6315=CARTESIAN_POINT('',(0.814749854173,-5.641469903768,0.370000000000));
#6316=VERTEX_POINT('',#6315);
#6317=CIRCLE('',#115,5.700000000000);
#6318=EDGE_CURVE('',#6311,#6316,#6317,.T.);
#6319=ORIENTED_EDGE('',*,*,#6318,.T.);
#6320=CARTESIAN_POINT('',(0.917949510935,-5.625599407652,0.370000000000));
#6321=VERTEX_POINT('',#6320);
#6322=CIRCLE('',#115,5.700000000000);
#6323=EDGE_CURVE('',#6316,#6321,#6322,.T.);
#6324=ORIENTED_EDGE('',*,*,#6323,.T.);
#6325=CARTESIAN_POINT('',(1.008597142034,-5.610056310331,0.370000000000));
#6326=VERTEX_POINT('',#6325);
#6327=CIRCLE('',#115,5.700000000000);
#6328=EDGE_CURVE('',#6321,#6326,#6327,.T.);
#6329=ORIENTED_EDGE('',*,*,#6328,.T.);
#6330=CARTESIAN_POINT('',(1.111188864592,-5.590640330696,0.370000000000));
#6331=VERTEX_POINT('',#6330);
#6332=CIRCLE('',#115,5.700000000000);
#6333=EDGE_CURVE('',#6326,#6331,#6332,.T.);
#6334=ORIENTED_EDGE('',*,*,#6333,.T.);
#6335=CARTESIAN_POINT('',(1.290244779079,-5.552050829204,0.370000000000));
#6336=VERTEX_POINT('',#6335);
#6337=CIRCLE('',#115,5.700000000000);
#6338=EDGE_CURVE('',#6331,#6336,#6337,.T.);
#6339=ORIENTED_EDGE('',*,*,#6338,.T.);
#6340=CARTESIAN_POINT('',(1.391726745799,-5.527485564434,0.370000000000));
#6341=VERTEX_POINT('',#6340);
#6342=CIRCLE('',#115,5.700000000000);
#6343=EDGE_CURVE('',#6336,#6341,#6342,.T.);
#6344=ORIENTED_EDGE('',*,*,#6343,.T.);
#6345=CARTESIAN_POINT('',(1.480729671031,-5.504311005142,0.370000000000));
#6346=VERTEX_POINT('',#6345);
#6347=CIRCLE('',#115,5.700000000000);
#6348=EDGE_CURVE('',#6341,#6346,#6347,.T.);
#6349=ORIENTED_EDGE('',*,*,#6348,.T.);
#6350=CARTESIAN_POINT('',(1.581305215631,-5.476264585922,0.370000000000));
#6351=VERTEX_POINT('',#6350);
#6352=CIRCLE('',#115,5.700000000000);
#6353=EDGE_CURVE('',#6346,#6351,#6352,.T.);
#6354=ORIENTED_EDGE('',*,*,#6353,.T.);
#6355=CARTESIAN_POINT('',(1.756443460785,-5.422629101189,0.370000000000));
#6356=VERTEX_POINT('',#6355);
#6357=CIRCLE('',#115,5.700000000000);
#6358=EDGE_CURVE('',#6351,#6356,#6357,.T.);
#6359=ORIENTED_EDGE('',*,*,#6358,.T.);
#6360=CARTESIAN_POINT('',(1.855476557568,-5.389546061063,0.370000000000));
#6361=VERTEX_POINT('',#6360);
#6362=CIRCLE('',#115,5.700000000000);
#6363=EDGE_CURVE('',#6356,#6361,#6362,.T.);
#6364=ORIENTED_EDGE('',*,*,#6363,.T.);
#6365=CARTESIAN_POINT('',(1.942193508818,-5.358907013030,0.370000000000));
#6366=VERTEX_POINT('',#6365);
#6367=CIRCLE('',#115,5.700000000000);
#6368=EDGE_CURVE('',#6361,#6366,#6367,.T.);
#6369=ORIENTED_EDGE('',*,*,#6368,.T.);
#6370=CARTESIAN_POINT('',(2.040028226355,-5.322432229317,0.370000000000));
#6371=VERTEX_POINT('',#6370);
#6372=CIRCLE('',#115,5.700000000000);
#6373=EDGE_CURVE('',#6366,#6371,#6372,.T.);
#6374=ORIENTED_EDGE('',*,*,#6373,.T.);
#6375=CARTESIAN_POINT('',(2.209986927107,-5.254137206242,0.370000000000));
#6376=VERTEX_POINT('',#6375);
#6377=CIRCLE('',#115,5.700000000000);
#6378=EDGE_CURVE('',#6371,#6376,#6377,.T.);
#6379=ORIENTED_EDGE('',*,*,#6378,.T.);
#6380=CARTESIAN_POINT('',(2.305857618222,-5.212774754820,0.370000000000));
#6381=VERTEX_POINT('',#6380);
#6382=CIRCLE('',#115,5.700000000000);
#6383=EDGE_CURVE('',#6376,#6381,#6382,.T.);
#6384=ORIENTED_EDGE('',*,*,#6383,.T.);
#6385=CARTESIAN_POINT('',(2.389663797868,-5.174891973091,0.370000000000));
#6386=VERTEX_POINT('',#6385);
#6387=CIRCLE('',#115,5.700000000000);
#6388=EDGE_CURVE('',#6381,#6386,#6387,.T.);
#6389=ORIENTED_EDGE('',*,*,#6388,.T.);
#6390=CARTESIAN_POINT('',(2.484052786962,-5.130251626537,0.370000000000));
#6391=VERTEX_POINT('',#6390);
#6392=CIRCLE('',#115,5.700000000000);
#6393=EDGE_CURVE('',#6386,#6391,#6392,.T.);
#6394=ORIENTED_EDGE('',*,*,#6393,.T.);
#6395=CARTESIAN_POINT('',(2.647607386978,-5.047789132325,0.370000000000));
#6396=VERTEX_POINT('',#6395);
#6397=CIRCLE('',#115,5.700000000000);
#6398=EDGE_CURVE('',#6391,#6396,#6397,.T.);
#6399=ORIENTED_EDGE('',*,*,#6398,.T.);
#6400=CARTESIAN_POINT('',(2.739624921898,-4.998445287018,0.370000000000));
#6401=VERTEX_POINT('',#6400);
#6402=CIRCLE('',#115,5.700000000000);
#6403=EDGE_CURVE('',#6396,#6401,#6402,.T.);
#6404=ORIENTED_EDGE('',*,*,#6403,.T.);
#6405=CARTESIAN_POINT('',(2.819916504495,-4.953591717903,0.370000000000));
#6406=VERTEX_POINT('',#6405);
#6407=CIRCLE('',#115,5.700000000000);
#6408=EDGE_CURVE('',#6401,#6406,#6407,.T.);
#6409=ORIENTED_EDGE('',*,*,#6408,.T.);
#6410=CARTESIAN_POINT('',(2.910179690316,-4.901107443229,0.370000000000));
#6411=VERTEX_POINT('',#6410);
#6412=CIRCLE('',#115,5.700000000000);
#6413=EDGE_CURVE('',#6406,#6411,#6412,.T.);
#6414=ORIENTED_EDGE('',*,*,#6413,.T.);
#6415=CARTESIAN_POINT('',(3.066151774955,-4.805071622040,0.370000000000));
#6416=VERTEX_POINT('',#6415);
#6417=CIRCLE('',#115,5.700000000000);
#6418=EDGE_CURVE('',#6411,#6416,#6417,.T.);
#6419=ORIENTED_EDGE('',*,*,#6418,.T.);
#6420=CARTESIAN_POINT('',(3.153653165234,-4.748101906384,0.370000000000));
#6421=VERTEX_POINT('',#6420);
#6422=CIRCLE('',#115,5.700000000000);
#6423=EDGE_CURVE('',#6416,#6421,#6422,.T.);
#6424=ORIENTED_EDGE('',*,*,#6423,.T.);
#6425=CARTESIAN_POINT('',(3.229851648090,-4.696600720876,0.370000000000));
#6426=VERTEX_POINT('',#6425);
#6427=CIRCLE('',#115,5.700000000000);
#6428=EDGE_CURVE('',#6421,#6426,#6427,.T.);
#6429=ORIENTED_EDGE('',*,*,#6428,.T.);
#6430=CARTESIAN_POINT('',(3.315338682315,-4.636650668483,0.370000000000));
#6431=VERTEX_POINT('',#6430);
#6432=CIRCLE('',#115,5.700000000000);
#6433=EDGE_CURVE('',#6426,#6431,#6432,.T.);
#6434=ORIENTED_EDGE('',*,*,#6433,.T.);
#6435=CARTESIAN_POINT('',(3.462604469134,-4.527733460611,0.370000000000));
#6436=VERTEX_POINT('',#6435);
#6437=CIRCLE('',#115,5.700000000000);
#6438=EDGE_CURVE('',#6431,#6436,#6437,.T.);
#6439=ORIENTED_EDGE('',*,*,#6438,.T.);
#6440=CARTESIAN_POINT('',(3.544959265248,-4.463548342712,0.370000000000));
#6441=VERTEX_POINT('',#6440);
#6442=CIRCLE('',#115,5.700000000000);
#6443=EDGE_CURVE('',#6436,#6441,#6442,.T.);
#6444=ORIENTED_EDGE('',*,*,#6443,.T.);
#6445=CARTESIAN_POINT('',(3.616515636548,-4.405770608033,0.370000000000));
#6446=VERTEX_POINT('',#6445);
#6447=CIRCLE('',#115,5.700000000000);
#6448=EDGE_CURVE('',#6441,#6446,#6447,.T.);
#6449=ORIENTED_EDGE('',*,*,#6448,.T.);
#6450=CARTESIAN_POINT('',(3.696610583138,-4.338786719422,0.370000000000));
#6451=VERTEX_POINT('',#6450);
#6452=CIRCLE('',#115,5.700000000000);
#6453=EDGE_CURVE('',#6446,#6451,#6452,.T.);
#6454=ORIENTED_EDGE('',*,*,#6453,.T.);
#6455=CARTESIAN_POINT('',(3.834109018767,-4.217772875844,0.370000000000));
#6456=VERTEX_POINT('',#6455);
#6457=CIRCLE('',#115,5.700000000000);
#6458=EDGE_CURVE('',#6451,#6456,#6457,.T.);
#6459=ORIENTED_EDGE('',*,*,#6458,.T.);
#6460=CARTESIAN_POINT('',(3.910723852524,-4.146834810949,0.370000000000));
#6461=VERTEX_POINT('',#6460);
#6462=CIRCLE('',#115,5.700000000000);
#6463=EDGE_CURVE('',#6456,#6461,#6462,.T.);
#6464=ORIENTED_EDGE('',*,*,#6463,.T.);
#6465=CARTESIAN_POINT('',(3.977122546972,-4.083196817001,0.370000000000));
#6466=VERTEX_POINT('',#6465);
#6467=CIRCLE('',#115,5.700000000000);
#6468=EDGE_CURVE('',#6461,#6466,#6467,.T.);
#6469=ORIENTED_EDGE('',*,*,#6468,.T.);
#6470=CARTESIAN_POINT('',(4.051248320001,-4.009661712625,0.370000000000));
#6471=VERTEX_POINT('',#6470);
#6472=CIRCLE('',#115,5.700000000000);
#6473=EDGE_CURVE('',#6466,#6471,#6472,.T.);
#6474=ORIENTED_EDGE('',*,*,#6473,.T.);
#6475=CARTESIAN_POINT('',(4.177988725061,-3.877423140858,0.370000000000));
#6476=VERTEX_POINT('',#6475);
#6477=CIRCLE('',#115,5.700000000000);
#6478=EDGE_CURVE('',#6471,#6476,#6477,.T.);
#6479=ORIENTED_EDGE('',*,*,#6478,.T.);
#6480=CARTESIAN_POINT('',(4.248311584828,-3.800243239349,0.370000000000));
#6481=VERTEX_POINT('',#6480);
#6482=CIRCLE('',#115,5.700000000000);
#6483=EDGE_CURVE('',#6476,#6481,#6482,.T.);
#6484=ORIENTED_EDGE('',*,*,#6483,.T.);
#6485=CARTESIAN_POINT('',(4.309074198310,-3.731203499336,0.370000000000));
#6486=VERTEX_POINT('',#6485);
#6487=CIRCLE('',#115,5.700000000000);
#6488=EDGE_CURVE('',#6481,#6486,#6487,.T.);
#6489=ORIENTED_EDGE('',*,*,#6488,.T.);
#6490=CARTESIAN_POINT('',(4.376696719884,-3.651647001307,0.370000000000));
#6491=VERTEX_POINT('',#6490);
#6492=CIRCLE('',#115,5.700000000000);
#6493=EDGE_CURVE('',#6486,#6491,#6492,.T.);
#6494=ORIENTED_EDGE('',*,*,#6493,.T.);
#6495=CARTESIAN_POINT('',(4.491765926853,-3.509136483290,0.370000000000));
#6496=VERTEX_POINT('',#6495);
#6497=CIRCLE('',#115,5.700000000000);
#6498=EDGE_CURVE('',#6491,#6496,#6497,.T.);
#6499=ORIENTED_EDGE('',*,*,#6498,.T.);
#6500=CARTESIAN_POINT('',(4.555290134813,-3.426270828127,0.370000000000));
#6501=VERTEX_POINT('',#6500);
#6502=CIRCLE('',#115,5.700000000000);
#6503=EDGE_CURVE('',#6496,#6501,#6502,.T.);
#6504=ORIENTED_EDGE('',*,*,#6503,.T.);
#6505=CARTESIAN_POINT('',(4.609978871307,-3.352326774958,0.370000000000));
#6506=VERTEX_POINT('',#6505);
#6507=CIRCLE('',#115,5.700000000000);
#6508=EDGE_CURVE('',#6501,#6506,#6507,.T.);
#6509=ORIENTED_EDGE('',*,*,#6508,.T.);
#6510=CARTESIAN_POINT('',(4.670610919609,-3.267322089668,0.370000000000));
#6511=VERTEX_POINT('',#6510);
#6512=CIRCLE('',#115,5.700000000000);
#6513=EDGE_CURVE('',#6506,#6511,#6512,.T.);
#6514=ORIENTED_EDGE('',*,*,#6513,.T.);
#6515=CARTESIAN_POINT('',(4.773179852214,-3.115566416949,0.370000000000));
#6516=VERTEX_POINT('',#6515);
#6517=CIRCLE('',#115,5.700000000000);
#6518=EDGE_CURVE('',#6511,#6516,#6517,.T.);
#6519=ORIENTED_EDGE('',*,*,#6518,.T.);
#6520=CARTESIAN_POINT('',(4.829447714993,-3.027612057075,0.370000000000));
#6521=VERTEX_POINT('',#6520);
#6522=CIRCLE('',#115,5.700000000000);
#6523=EDGE_CURVE('',#6516,#6521,#6522,.T.);
#6524=ORIENTED_EDGE('',*,*,#6523,.T.);
#6525=CARTESIAN_POINT('',(4.877668540899,-2.949296459348,0.370000000000));
#6526=VERTEX_POINT('',#6525);
#6527=CIRCLE('',#115,5.700000000000);
#6528=EDGE_CURVE('',#6521,#6526,#6527,.T.);
#6529=ORIENTED_EDGE('',*,*,#6528,.T.);
#6530=CARTESIAN_POINT('',(4.930873260631,-2.859456047502,0.370000000000));
#6531=VERTEX_POINT('',#6530);
#6532=CIRCLE('',#115,5.700000000000);
#6533=EDGE_CURVE('',#6526,#6531,#6532,.T.);
#6534=ORIENTED_EDGE('',*,*,#6533,.T.);
#6535=CARTESIAN_POINT('',(5.020202907362,-2.699548623181,0.370000000000));
#6536=VERTEX_POINT('',#6535);
#6537=CIRCLE('',#115,5.700000000000);
#6538=EDGE_CURVE('',#6531,#6536,#6537,.T.);
#6539=ORIENTED_EDGE('',*,*,#6538,.T.);
#6540=CARTESIAN_POINT('',(5.068809013720,-2.607139271775,0.370000000000));
#6541=VERTEX_POINT('',#6540);
#6542=CIRCLE('',#115,5.700000000000);
#6543=EDGE_CURVE('',#6536,#6541,#6542,.T.);
#6544=ORIENTED_EDGE('',*,*,#6543,.T.);
#6545=CARTESIAN_POINT('',(5.110214496882,-2.525016395166,0.370000000000));
#6546=VERTEX_POINT('',#6545);
#6547=CIRCLE('',#115,5.700000000000);
#6548=EDGE_CURVE('',#6541,#6546,#6547,.T.);
#6549=ORIENTED_EDGE('',*,*,#6548,.T.);
#6550=CARTESIAN_POINT('',(5.155608546820,-2.430987558989,0.370000000000));
#6551=VERTEX_POINT('',#6550);
#6552=CIRCLE('',#115,5.700000000000);
#6553=EDGE_CURVE('',#6546,#6551,#6552,.T.);
#6554=ORIENTED_EDGE('',*,*,#6553,.T.);
#6555=CARTESIAN_POINT('',(5.231055285525,-2.264080519722,0.370000000000));
#6556=VERTEX_POINT('',#6555);
#6557=CIRCLE('',#115,5.700000000000);
#6558=EDGE_CURVE('',#6551,#6556,#6557,.T.);
#6559=ORIENTED_EDGE('',*,*,#6558,.T.);
#6560=CARTESIAN_POINT('',(5.271649427352,-2.167881988278,0.370000000000));
#6561=VERTEX_POINT('',#6560);
#6562=CIRCLE('',#115,5.700000000000);
#6563=EDGE_CURVE('',#6556,#6561,#6562,.T.);
#6564=ORIENTED_EDGE('',*,*,#6563,.T.);
#6565=CARTESIAN_POINT('',(5.305941240315,-2.082543529996,0.370000000000));
#6566=VERTEX_POINT('',#6565);
#6567=CIRCLE('',#115,5.700000000000);
#6568=EDGE_CURVE('',#6561,#6566,#6567,.T.);
#6569=ORIENTED_EDGE('',*,*,#6568,.T.);
#6570=CARTESIAN_POINT('',(5.343197555288,-1.985003749408,0.370000000000));
#6571=VERTEX_POINT('',#6570);
#6572=CIRCLE('',#115,5.700000000000);
#6573=EDGE_CURVE('',#6566,#6571,#6572,.T.);
#6574=ORIENTED_EDGE('',*,*,#6573,.T.);
#6575=CARTESIAN_POINT('',(5.404217790486,-1.812299664238,0.370000000000));
#6576=VERTEX_POINT('',#6575);
#6577=CIRCLE('',#115,5.700000000000);
#6578=EDGE_CURVE('',#6571,#6576,#6577,.T.);
#6579=ORIENTED_EDGE('',*,*,#6578,.T.);
#6580=CARTESIAN_POINT('',(5.436507486060,-1.713005065380,0.370000000000));
#6581=VERTEX_POINT('',#6580);
#6582=CIRCLE('',#115,5.700000000000);
#6583=EDGE_CURVE('',#6576,#6581,#6582,.T.);
#6584=ORIENTED_EDGE('',*,*,#6583,.T.);
#6585=CARTESIAN_POINT('',(5.463438555526,-1.625065890971,0.370000000000));
#6586=VERTEX_POINT('',#6585);
#6587=CIRCLE('',#115,5.700000000000);
#6588=EDGE_CURVE('',#6581,#6586,#6587,.T.);
#6589=ORIENTED_EDGE('',*,*,#6588,.T.);
#6590=CARTESIAN_POINT('',(5.492288702932,-1.524717942326,0.370000000000));
#6591=VERTEX_POINT('',#6590);
#6592=CIRCLE('',#115,5.700000000000);
#6593=EDGE_CURVE('',#6586,#6591,#6592,.T.);
#6594=ORIENTED_EDGE('',*,*,#6593,.T.);
#6595=CARTESIAN_POINT('',(5.538442782429,-1.347461148144,0.370000000000));
#6596=VERTEX_POINT('',#6595);
#6597=CIRCLE('',#115,5.700000000000);
#6598=EDGE_CURVE('',#6591,#6596,#6597,.T.);
#6599=ORIENTED_EDGE('',*,*,#6598,.T.);
#6600=CARTESIAN_POINT('',(5.562195383753,-1.245785901732,0.370000000000));
#6601=VERTEX_POINT('',#6600);
#6602=CIRCLE('',#115,5.700000000000);
#6603=EDGE_CURVE('',#6596,#6601,#6602,.T.);
#6604=ORIENTED_EDGE('',*,*,#6603,.T.);
#6605=CARTESIAN_POINT('',(5.581571670749,-1.155879614963,0.370000000000));
#6606=VERTEX_POINT('',#6605);
#6607=CIRCLE('',#115,5.700000000000);
#6608=EDGE_CURVE('',#6601,#6606,#6607,.T.);
#6609=ORIENTED_EDGE('',*,*,#6608,.T.);
#6610=CARTESIAN_POINT('',(5.601807784615,-1.053446507531,0.370000000000));
#6611=VERTEX_POINT('',#6610);
#6612=CIRCLE('',#115,5.700000000000);
#6613=EDGE_CURVE('',#6606,#6611,#6612,.T.);
#6614=ORIENTED_EDGE('',*,*,#6613,.T.);
#6615=CARTESIAN_POINT('',(5.632763167212,-0.872914143601,0.370000000000));
#6616=VERTEX_POINT('',#6615);
#6617=CIRCLE('',#115,5.700000000000);
#6618=EDGE_CURVE('',#6611,#6616,#6617,.T.);
#6619=ORIENTED_EDGE('',*,*,#6618,.T.);
#6620=CARTESIAN_POINT('',(5.647807536250,-0.769590822115,0.370000000000));
#6621=VERTEX_POINT('',#6620);
#6622=CIRCLE('',#115,5.700000000000);
#6623=EDGE_CURVE('',#6616,#6621,#6622,.T.);
#6624=ORIENTED_EDGE('',*,*,#6623,.T.);
#6625=CARTESIAN_POINT('',(5.659489434184,-0.678365199843,0.370000000000));
#6626=VERTEX_POINT('',#6625);
#6627=CIRCLE('',#115,5.700000000000);
#6628=EDGE_CURVE('',#6621,#6626,#6627,.T.);
#6629=ORIENTED_EDGE('',*,*,#6628,.T.);
#6630=CARTESIAN_POINT('',(5.670965712845,-0.574584966509,0.370000000000));
#6631=VERTEX_POINT('',#6630);
#6632=CIRCLE('',#115,5.700000000000);
#6633=EDGE_CURVE('',#6626,#6631,#6632,.T.);
#6634=ORIENTED_EDGE('',*,*,#6633,.T.);
#6635=CARTESIAN_POINT('',(5.686499364301,-0.392077772650,0.370000000000));
#6636=VERTEX_POINT('',#6635);
#6637=CIRCLE('',#115,5.700000000000);
#6638=EDGE_CURVE('',#6631,#6636,#6637,.T.);
#6639=ORIENTED_EDGE('',*,*,#6638,.T.);
#6640=CARTESIAN_POINT('',(5.692727106028,-0.287850822989,0.370000000000));
#6641=VERTEX_POINT('',#6640);
#6642=CIRCLE('',#115,5.700000000000);
#6643=EDGE_CURVE('',#6636,#6641,#6642,.T.);
#6644=ORIENTED_EDGE('',*,*,#6643,.T.);
#6645=CARTESIAN_POINT('',(5.696630446559,-0.195963147912,0.370000000000));
#6646=VERTEX_POINT('',#6645);
#6647=CIRCLE('',#115,5.700000000000);
#6648=EDGE_CURVE('',#6641,#6646,#6647,.T.);
#6649=ORIENTED_EDGE('',*,*,#6648,.T.);
#6650=CARTESIAN_POINT('',(5.699264203164,-0.091583527637,0.370000000000));
#6651=VERTEX_POINT('',#6650);
#6652=CIRCLE('',#115,5.700000000000);
#6653=EDGE_CURVE('',#6646,#6651,#6652,.T.);
#6654=ORIENTED_EDGE('',*,*,#6653,.T.);
#6655=CARTESIAN_POINT('',(5.699264203164,0.091583527637,0.370000000000));
#6656=VERTEX_POINT('',#6655);
#6657=CIRCLE('',#115,5.700000000000);
#6658=EDGE_CURVE('',#6651,#6656,#6657,.T.);
#6659=ORIENTED_EDGE('',*,*,#6658,.T.);
#6660=CARTESIAN_POINT('',(5.696630446559,0.195963147912,0.370000000000));
#6661=VERTEX_POINT('',#6660);
#6662=CIRCLE('',#115,5.700000000000);
#6663=EDGE_CURVE('',#6656,#6661,#6662,.T.);
#6664=ORIENTED_EDGE('',*,*,#6663,.T.);
#6665=CARTESIAN_POINT('',(5.692727106028,0.287850822989,0.370000000000));
#6666=VERTEX_POINT('',#6665);
#6667=CIRCLE('',#115,5.700000000000);
#6668=EDGE_CURVE('',#6661,#6666,#6667,.T.);
#6669=ORIENTED_EDGE('',*,*,#6668,.T.);
#6670=CARTESIAN_POINT('',(5.686499364301,0.392077772650,0.370000000000));
#6671=VERTEX_POINT('',#6670);
#6672=CIRCLE('',#115,5.700000000000);
#6673=EDGE_CURVE('',#6666,#6671,#6672,.T.);
#6674=ORIENTED_EDGE('',*,*,#6673,.T.);
#6675=CARTESIAN_POINT('',(5.670965712845,0.574584966509,0.370000000000));
#6676=VERTEX_POINT('',#6675);
#6677=CIRCLE('',#115,5.700000000000);
#6678=EDGE_CURVE('',#6671,#6676,#6677,.T.);
#6679=ORIENTED_EDGE('',*,*,#6678,.T.);
#6680=CARTESIAN_POINT('',(5.659489434184,0.678365199843,0.370000000000));
#6681=VERTEX_POINT('',#6680);
#6682=CIRCLE('',#115,5.700000000000);
#6683=EDGE_CURVE('',#6676,#6681,#6682,.T.);
#6684=ORIENTED_EDGE('',*,*,#6683,.T.);
#6685=CARTESIAN_POINT('',(5.647807536250,0.769590822115,0.370000000000));
#6686=VERTEX_POINT('',#6685);
#6687=CIRCLE('',#115,5.700000000000);
#6688=EDGE_CURVE('',#6681,#6686,#6687,.T.);
#6689=ORIENTED_EDGE('',*,*,#6688,.T.);
#6690=CARTESIAN_POINT('',(5.632763167212,0.872914143601,0.370000000000));
#6691=VERTEX_POINT('',#6690);
#6692=CIRCLE('',#115,5.700000000000);
#6693=EDGE_CURVE('',#6686,#6691,#6692,.T.);
#6694=ORIENTED_EDGE('',*,*,#6693,.T.);
#6695=CARTESIAN_POINT('',(5.601807784615,1.053446507531,0.370000000000));
#6696=VERTEX_POINT('',#6695);
#6697=CIRCLE('',#115,5.700000000000);
#6698=EDGE_CURVE('',#6691,#6696,#6697,.T.);
#6699=ORIENTED_EDGE('',*,*,#6698,.T.);
#6700=CARTESIAN_POINT('',(5.581571670749,1.155879614963,0.370000000000));
#6701=VERTEX_POINT('',#6700);
#6702=CIRCLE('',#115,5.700000000000);
#6703=EDGE_CURVE('',#6696,#6701,#6702,.T.);
#6704=ORIENTED_EDGE('',*,*,#6703,.T.);
#6705=CARTESIAN_POINT('',(5.562195383753,1.245785901732,0.370000000000));
#6706=VERTEX_POINT('',#6705);
#6707=CIRCLE('',#115,5.700000000000);
#6708=EDGE_CURVE('',#6701,#6706,#6707,.T.);
#6709=ORIENTED_EDGE('',*,*,#6708,.T.);
#6710=CARTESIAN_POINT('',(5.538442782429,1.347461148144,0.370000000000));
#6711=VERTEX_POINT('',#6710);
#6712=CIRCLE('',#115,5.700000000000);
#6713=EDGE_CURVE('',#6706,#6711,#6712,.T.);
#6714=ORIENTED_EDGE('',*,*,#6713,.T.);
#6715=CARTESIAN_POINT('',(5.492288702932,1.524717942326,0.370000000000));
#6716=VERTEX_POINT('',#6715);
#6717=CIRCLE('',#115,5.700000000000);
#6718=EDGE_CURVE('',#6711,#6716,#6717,.T.);
#6719=ORIENTED_EDGE('',*,*,#6718,.T.);
#6720=CARTESIAN_POINT('',(5.463438555526,1.625065890971,0.370000000000));
#6721=VERTEX_POINT('',#6720);
#6722=CIRCLE('',#115,5.700000000000);
#6723=EDGE_CURVE('',#6716,#6721,#6722,.T.);
#6724=ORIENTED_EDGE('',*,*,#6723,.T.);
#6725=CARTESIAN_POINT('',(5.436507486060,1.713005065380,0.370000000000));
#6726=VERTEX_POINT('',#6725);
#6727=CIRCLE('',#115,5.700000000000);
#6728=EDGE_CURVE('',#6721,#6726,#6727,.T.);
#6729=ORIENTED_EDGE('',*,*,#6728,.T.);
#6730=CARTESIAN_POINT('',(5.404217790486,1.812299664238,0.370000000000));
#6731=VERTEX_POINT('',#6730);
#6732=CIRCLE('',#115,5.700000000000);
#6733=EDGE_CURVE('',#6726,#6731,#6732,.T.);
#6734=ORIENTED_EDGE('',*,*,#6733,.T.);
#6735=CARTESIAN_POINT('',(5.343197555288,1.985003749408,0.370000000000));
#6736=VERTEX_POINT('',#6735);
#6737=CIRCLE('',#115,5.700000000000);
#6738=EDGE_CURVE('',#6731,#6736,#6737,.T.);
#6739=ORIENTED_EDGE('',*,*,#6738,.T.);
#6740=CARTESIAN_POINT('',(5.305941240315,2.082543529996,0.370000000000));
#6741=VERTEX_POINT('',#6740);
#6742=CIRCLE('',#115,5.700000000000);
#6743=EDGE_CURVE('',#6736,#6741,#6742,.T.);
#6744=ORIENTED_EDGE('',*,*,#6743,.T.);
#6745=CARTESIAN_POINT('',(5.271649427352,2.167881988278,0.370000000000));
#6746=VERTEX_POINT('',#6745);
#6747=CIRCLE('',#115,5.700000000000);
#6748=EDGE_CURVE('',#6741,#6746,#6747,.T.);
#6749=ORIENTED_EDGE('',*,*,#6748,.T.);
#6750=CARTESIAN_POINT('',(5.231055285525,2.264080519722,0.370000000000));
#6751=VERTEX_POINT('',#6750);
#6752=CIRCLE('',#115,5.700000000000);
#6753=EDGE_CURVE('',#6746,#6751,#6752,.T.);
#6754=ORIENTED_EDGE('',*,*,#6753,.T.);
#6755=CARTESIAN_POINT('',(5.155608546820,2.430987558989,0.370000000000));
#6756=VERTEX_POINT('',#6755);
#6757=CIRCLE('',#115,5.700000000000);
#6758=EDGE_CURVE('',#6751,#6756,#6757,.T.);
#6759=ORIENTED_EDGE('',*,*,#6758,.T.);
#6760=CARTESIAN_POINT('',(5.110214496882,2.525016395166,0.370000000000));
#6761=VERTEX_POINT('',#6760);
#6762=CIRCLE('',#115,5.700000000000);
#6763=EDGE_CURVE('',#6756,#6761,#6762,.T.);
#6764=ORIENTED_EDGE('',*,*,#6763,.T.);
#6765=CARTESIAN_POINT('',(5.068809013720,2.607139271775,0.370000000000));
#6766=VERTEX_POINT('',#6765);
#6767=CIRCLE('',#115,5.700000000000);
#6768=EDGE_CURVE('',#6761,#6766,#6767,.T.);
#6769=ORIENTED_EDGE('',*,*,#6768,.T.);
#6770=CARTESIAN_POINT('',(5.020202907362,2.699548623181,0.370000000000));
#6771=VERTEX_POINT('',#6770);
#6772=CIRCLE('',#115,5.700000000000);
#6773=EDGE_CURVE('',#6766,#6771,#6772,.T.);
#6774=ORIENTED_EDGE('',*,*,#6773,.T.);
#6775=CARTESIAN_POINT('',(4.930873260631,2.859456047502,0.370000000000));
#6776=VERTEX_POINT('',#6775);
#6777=CIRCLE('',#115,5.700000000000);
#6778=EDGE_CURVE('',#6771,#6776,#6777,.T.);
#6779=ORIENTED_EDGE('',*,*,#6778,.T.);
#6780=CARTESIAN_POINT('',(4.877668540899,2.949296459348,0.370000000000));
#6781=VERTEX_POINT('',#6780);
#6782=CIRCLE('',#115,5.700000000000);
#6783=EDGE_CURVE('',#6776,#6781,#6782,.T.);
#6784=ORIENTED_EDGE('',*,*,#6783,.T.);
#6785=CARTESIAN_POINT('',(4.829447714993,3.027612057075,0.370000000000));
#6786=VERTEX_POINT('',#6785);
#6787=CIRCLE('',#115,5.700000000000);
#6788=EDGE_CURVE('',#6781,#6786,#6787,.T.);
#6789=ORIENTED_EDGE('',*,*,#6788,.T.);
#6790=CARTESIAN_POINT('',(4.773179852214,3.115566416949,0.370000000000));
#6791=VERTEX_POINT('',#6790);
#6792=CIRCLE('',#115,5.700000000000);
#6793=EDGE_CURVE('',#6786,#6791,#6792,.T.);
#6794=ORIENTED_EDGE('',*,*,#6793,.T.);
#6795=CARTESIAN_POINT('',(4.670610919609,3.267322089668,0.370000000000));
#6796=VERTEX_POINT('',#6795);
#6797=CIRCLE('',#115,5.700000000000);
#6798=EDGE_CURVE('',#6791,#6796,#6797,.T.);
#6799=ORIENTED_EDGE('',*,*,#6798,.T.);
#6800=CARTESIAN_POINT('',(4.609978871307,3.352326774958,0.370000000000));
#6801=VERTEX_POINT('',#6800);
#6802=CIRCLE('',#115,5.700000000000);
#6803=EDGE_CURVE('',#6796,#6801,#6802,.T.);
#6804=ORIENTED_EDGE('',*,*,#6803,.T.);
#6805=CARTESIAN_POINT('',(4.555290134813,3.426270828127,0.370000000000));
#6806=VERTEX_POINT('',#6805);
#6807=CIRCLE('',#115,5.700000000000);
#6808=EDGE_CURVE('',#6801,#6806,#6807,.T.);
#6809=ORIENTED_EDGE('',*,*,#6808,.T.);
#6810=CARTESIAN_POINT('',(4.491765926853,3.509136483290,0.370000000000));
#6811=VERTEX_POINT('',#6810);
#6812=CIRCLE('',#115,5.700000000000);
#6813=EDGE_CURVE('',#6806,#6811,#6812,.T.);
#6814=ORIENTED_EDGE('',*,*,#6813,.T.);
#6815=CARTESIAN_POINT('',(4.376696719884,3.651647001307,0.370000000000));
#6816=VERTEX_POINT('',#6815);
#6817=CIRCLE('',#115,5.700000000000);
#6818=EDGE_CURVE('',#6811,#6816,#6817,.T.);
#6819=ORIENTED_EDGE('',*,*,#6818,.T.);
#6820=CARTESIAN_POINT('',(4.309074198310,3.731203499336,0.370000000000));
#6821=VERTEX_POINT('',#6820);
#6822=CIRCLE('',#115,5.700000000000);
#6823=EDGE_CURVE('',#6816,#6821,#6822,.T.);
#6824=ORIENTED_EDGE('',*,*,#6823,.T.);
#6825=CARTESIAN_POINT('',(4.248311584828,3.800243239349,0.370000000000));
#6826=VERTEX_POINT('',#6825);
#6827=CIRCLE('',#115,5.700000000000);
#6828=EDGE_CURVE('',#6821,#6826,#6827,.T.);
#6829=ORIENTED_EDGE('',*,*,#6828,.T.);
#6830=CARTESIAN_POINT('',(4.177988725061,3.877423140858,0.370000000000));
#6831=VERTEX_POINT('',#6830);
#6832=CIRCLE('',#115,5.700000000000);
#6833=EDGE_CURVE('',#6826,#6831,#6832,.T.);
#6834=ORIENTED_EDGE('',*,*,#6833,.T.);
#6835=CARTESIAN_POINT('',(4.051248320001,4.009661712625,0.370000000000));
#6836=VERTEX_POINT('',#6835);
#6837=CIRCLE('',#115,5.700000000000);
#6838=EDGE_CURVE('',#6831,#6836,#6837,.T.);
#6839=ORIENTED_EDGE('',*,*,#6838,.T.);
#6840=CARTESIAN_POINT('',(3.977122546972,4.083196817001,0.370000000000));
#6841=VERTEX_POINT('',#6840);
#6842=CIRCLE('',#115,5.700000000000);
#6843=EDGE_CURVE('',#6836,#6841,#6842,.T.);
#6844=ORIENTED_EDGE('',*,*,#6843,.T.);
#6845=CARTESIAN_POINT('',(3.910723852524,4.146834810949,0.370000000000));
#6846=VERTEX_POINT('',#6845);
#6847=CIRCLE('',#115,5.700000000000);
#6848=EDGE_CURVE('',#6841,#6846,#6847,.T.);
#6849=ORIENTED_EDGE('',*,*,#6848,.T.);
#6850=CARTESIAN_POINT('',(3.834109018767,4.217772875844,0.370000000000));
#6851=VERTEX_POINT('',#6850);
#6852=CIRCLE('',#115,5.700000000000);
#6853=EDGE_CURVE('',#6846,#6851,#6852,.T.);
#6854=ORIENTED_EDGE('',*,*,#6853,.T.);
#6855=CARTESIAN_POINT('',(3.696610583138,4.338786719422,0.370000000000));
#6856=VERTEX_POINT('',#6855);
#6857=CIRCLE('',#115,5.700000000000);
#6858=EDGE_CURVE('',#6851,#6856,#6857,.T.);
#6859=ORIENTED_EDGE('',*,*,#6858,.T.);
#6860=CARTESIAN_POINT('',(3.616515636548,4.405770608033,0.370000000000));
#6861=VERTEX_POINT('',#6860);
#6862=CIRCLE('',#115,5.700000000000);
#6863=EDGE_CURVE('',#6856,#6861,#6862,.T.);
#6864=ORIENTED_EDGE('',*,*,#6863,.T.);
#6865=CARTESIAN_POINT('',(3.544959265248,4.463548342712,0.370000000000));
#6866=VERTEX_POINT('',#6865);
#6867=CIRCLE('',#115,5.700000000000);
#6868=EDGE_CURVE('',#6861,#6866,#6867,.T.);
#6869=ORIENTED_EDGE('',*,*,#6868,.T.);
#6870=CARTESIAN_POINT('',(3.462604469134,4.527733460611,0.370000000000));
#6871=VERTEX_POINT('',#6870);
#6872=CIRCLE('',#115,5.700000000000);
#6873=EDGE_CURVE('',#6866,#6871,#6872,.T.);
#6874=ORIENTED_EDGE('',*,*,#6873,.T.);
#6875=CARTESIAN_POINT('',(3.315338682315,4.636650668483,0.370000000000));
#6876=VERTEX_POINT('',#6875);
#6877=CIRCLE('',#115,5.700000000000);
#6878=EDGE_CURVE('',#6871,#6876,#6877,.T.);
#6879=ORIENTED_EDGE('',*,*,#6878,.T.);
#6880=CARTESIAN_POINT('',(3.229851648090,4.696600720876,0.370000000000));
#6881=VERTEX_POINT('',#6880);
#6882=CIRCLE('',#115,5.700000000000);
#6883=EDGE_CURVE('',#6876,#6881,#6882,.T.);
#6884=ORIENTED_EDGE('',*,*,#6883,.T.);
#6885=CARTESIAN_POINT('',(3.153653165234,4.748101906384,0.370000000000));
#6886=VERTEX_POINT('',#6885);
#6887=CIRCLE('',#115,5.700000000000);
#6888=EDGE_CURVE('',#6881,#6886,#6887,.T.);
#6889=ORIENTED_EDGE('',*,*,#6888,.T.);
#6890=CARTESIAN_POINT('',(3.066151774955,4.805071622040,0.370000000000));
#6891=VERTEX_POINT('',#6890);
#6892=CIRCLE('',#115,5.700000000000);
#6893=EDGE_CURVE('',#6886,#6891,#6892,.T.);
#6894=ORIENTED_EDGE('',*,*,#6893,.T.);
#6895=CARTESIAN_POINT('',(2.910179690316,4.901107443229,0.370000000000));
#6896=VERTEX_POINT('',#6895);
#6897=CIRCLE('',#115,5.700000000000);
#6898=EDGE_CURVE('',#6891,#6896,#6897,.T.);
#6899=ORIENTED_EDGE('',*,*,#6898,.T.);
#6900=CARTESIAN_POINT('',(2.819916504495,4.953591717903,0.370000000000));
#6901=VERTEX_POINT('',#6900);
#6902=CIRCLE('',#115,5.700000000000);
#6903=EDGE_CURVE('',#6896,#6901,#6902,.T.);
#6904=ORIENTED_EDGE('',*,*,#6903,.T.);
#6905=CARTESIAN_POINT('',(2.739624921898,4.998445287018,0.370000000000));
#6906=VERTEX_POINT('',#6905);
#6907=CIRCLE('',#115,5.700000000000);
#6908=EDGE_CURVE('',#6901,#6906,#6907,.T.);
#6909=ORIENTED_EDGE('',*,*,#6908,.T.);
#6910=CARTESIAN_POINT('',(2.647607386978,5.047789132325,0.370000000000));
#6911=VERTEX_POINT('',#6910);
#6912=CIRCLE('',#115,5.700000000000);
#6913=EDGE_CURVE('',#6906,#6911,#6912,.T.);
#6914=ORIENTED_EDGE('',*,*,#6913,.T.);
#6915=CARTESIAN_POINT('',(2.484052786962,5.130251626537,0.370000000000));
#6916=VERTEX_POINT('',#6915);
#6917=CIRCLE('',#115,5.700000000000);
#6918=EDGE_CURVE('',#6911,#6916,#6917,.T.);
#6919=ORIENTED_EDGE('',*,*,#6918,.T.);
#6920=CARTESIAN_POINT('',(2.389663797868,5.174891973091,0.370000000000));
#6921=VERTEX_POINT('',#6920);
#6922=CIRCLE('',#115,5.700000000000);
#6923=EDGE_CURVE('',#6916,#6921,#6922,.T.);
#6924=ORIENTED_EDGE('',*,*,#6923,.T.);
#6925=CARTESIAN_POINT('',(2.305857618222,5.212774754820,0.370000000000));
#6926=VERTEX_POINT('',#6925);
#6927=CIRCLE('',#115,5.700000000000);
#6928=EDGE_CURVE('',#6921,#6926,#6927,.T.);
#6929=ORIENTED_EDGE('',*,*,#6928,.T.);
#6930=CARTESIAN_POINT('',(2.209986927107,5.254137206242,0.370000000000));
#6931=VERTEX_POINT('',#6930);
#6932=CIRCLE('',#115,5.700000000000);
#6933=EDGE_CURVE('',#6926,#6931,#6932,.T.);
#6934=ORIENTED_EDGE('',*,*,#6933,.T.);
#6935=CARTESIAN_POINT('',(2.040028226355,5.322432229317,0.370000000000));
#6936=VERTEX_POINT('',#6935);
#6937=CIRCLE('',#115,5.700000000000);
#6938=EDGE_CURVE('',#6931,#6936,#6937,.T.);
#6939=ORIENTED_EDGE('',*,*,#6938,.T.);
#6940=CARTESIAN_POINT('',(1.942193508818,5.358907013030,0.370000000000));
#6941=VERTEX_POINT('',#6940);
#6942=CIRCLE('',#115,5.700000000000);
#6943=EDGE_CURVE('',#6936,#6941,#6942,.T.);
#6944=ORIENTED_EDGE('',*,*,#6943,.T.);
#6945=CARTESIAN_POINT('',(1.855476557568,5.389546061063,0.370000000000));
#6946=VERTEX_POINT('',#6945);
#6947=CIRCLE('',#115,5.700000000000);
#6948=EDGE_CURVE('',#6941,#6946,#6947,.T.);
#6949=ORIENTED_EDGE('',*,*,#6948,.T.);
#6950=CARTESIAN_POINT('',(1.756443460785,5.422629101189,0.370000000000));
#6951=VERTEX_POINT('',#6950);
#6952=CIRCLE('',#115,5.700000000000);
#6953=EDGE_CURVE('',#6946,#6951,#6952,.T.);
#6954=ORIENTED_EDGE('',*,*,#6953,.T.);
#6955=CARTESIAN_POINT('',(1.581305215631,5.476264585922,0.370000000000));
#6956=VERTEX_POINT('',#6955);
#6957=CIRCLE('',#115,5.700000000000);
#6958=EDGE_CURVE('',#6951,#6956,#6957,.T.);
#6959=ORIENTED_EDGE('',*,*,#6958,.T.);
#6960=CARTESIAN_POINT('',(1.480729671031,5.504311005142,0.370000000000));
#6961=VERTEX_POINT('',#6960);
#6962=CIRCLE('',#115,5.700000000000);
#6963=EDGE_CURVE('',#6956,#6961,#6962,.T.);
#6964=ORIENTED_EDGE('',*,*,#6963,.T.);
#6965=CARTESIAN_POINT('',(1.391726745799,5.527485564434,0.370000000000));
#6966=VERTEX_POINT('',#6965);
#6967=CIRCLE('',#115,5.700000000000);
#6968=EDGE_CURVE('',#6961,#6966,#6967,.T.);
#6969=ORIENTED_EDGE('',*,*,#6968,.T.);
#6970=CARTESIAN_POINT('',(1.290244779079,5.552050829204,0.370000000000));
#6971=VERTEX_POINT('',#6970);
#6972=CIRCLE('',#115,5.700000000000);
#6973=EDGE_CURVE('',#6966,#6971,#6972,.T.);
#6974=ORIENTED_EDGE('',*,*,#6973,.T.);
#6975=CARTESIAN_POINT('',(1.111188864592,5.590640330696,0.370000000000));
#6976=VERTEX_POINT('',#6975);
#6977=CIRCLE('',#115,5.700000000000);
#6978=EDGE_CURVE('',#6971,#6976,#6977,.T.);
#6979=ORIENTED_EDGE('',*,*,#6978,.T.);
#6980=CARTESIAN_POINT('',(1.008597142034,5.610056310331,0.370000000000));
#6981=VERTEX_POINT('',#6980);
#6982=CIRCLE('',#115,5.700000000000);
#6983=EDGE_CURVE('',#6976,#6981,#6982,.T.);
#6984=ORIENTED_EDGE('',*,*,#6983,.T.);
#6985=CARTESIAN_POINT('',(0.917949510935,5.625599407652,0.370000000000));
#6986=VERTEX_POINT('',#6985);
#6987=CIRCLE('',#115,5.700000000000);
#6988=EDGE_CURVE('',#6981,#6986,#6987,.T.);
#6989=ORIENTED_EDGE('',*,*,#6988,.T.);
#6990=CARTESIAN_POINT('',(0.814749854173,5.641469903768,0.370000000000));
#6991=VERTEX_POINT('',#6990);
#6992=CIRCLE('',#115,5.700000000000);
#6993=EDGE_CURVE('',#6986,#6991,#6992,.T.);
#6994=ORIENTED_EDGE('',*,*,#6993,.T.);
#6995=CARTESIAN_POINT('',(0.633066372321,5.664735383779,0.370000000000));
#6996=VERTEX_POINT('',#6995);
#6997=CIRCLE('',#115,5.700000000000);
#6998=EDGE_CURVE('',#6991,#6996,#6997,.T.);
#6999=ORIENTED_EDGE('',*,*,#6998,.T.);
#7000=CARTESIAN_POINT('',(0.529197647517,5.675381031249,0.370000000000));
#7001=VERTEX_POINT('',#7000);
#7002=CIRCLE('',#115,5.700000000000);
#7003=EDGE_CURVE('',#6996,#7001,#7002,.T.);
#7004=ORIENTED_EDGE('',*,*,#7003,.T.);
#7005=CARTESIAN_POINT('',(0.437558428809,5.683180678227,0.370000000000));
#7006=VERTEX_POINT('',#7005);
#7007=CIRCLE('',#115,5.700000000000);
#7008=EDGE_CURVE('',#7001,#7006,#7007,.T.);
#7009=ORIENTED_EDGE('',*,*,#7008,.T.);
#7010=CARTESIAN_POINT('',(0.333384637899,5.690242058403,0.370000000000));
#7011=VERTEX_POINT('',#7010);
#7012=CIRCLE('',#115,5.700000000000);
#7013=EDGE_CURVE('',#7006,#7011,#7012,.T.);
#7014=ORIENTED_EDGE('',*,*,#7013,.T.);
#7015=CARTESIAN_POINT('',(0.150382622331,5.698015888614,0.370000000000));
#7016=VERTEX_POINT('',#7015);
#7017=CIRCLE('',#115,5.700000000000);
#7018=EDGE_CURVE('',#7011,#7016,#7017,.T.);
#7019=ORIENTED_EDGE('',*,*,#7018,.T.);
#7020=CARTESIAN_POINT('',(0.045985271822,5.699814501786,0.370000000000));
#7021=VERTEX_POINT('',#7020);
#7022=CIRCLE('',#115,5.700000000000);
#7023=EDGE_CURVE('',#7016,#7021,#7022,.T.);
#7024=ORIENTED_EDGE('',*,*,#7023,.T.);
#7025=CIRCLE('',#115,5.700000000000);
#7026=EDGE_CURVE('',#7021,#5549,#7025,.T.);
#7027=ORIENTED_EDGE('',*,*,#7026,.T.);
#7028=EDGE_LOOP('',(#5554,#5559,#5564,#5569,#5574,#5579,#5584,#5589,#5594,#5599,#5604,#5609,#5614,#5619,#5624,#5629,#5634,#5639,#5644,#5649,#5654,#5659,#5664,#5669,#5674,#5679,#5684,#5689,#5694,#5699,#5704,#5709,#5714,#5719,#5724,#5729,#5734,#5739,#5744,#5749,#5754,#5759,#5764,#5769,#5774,#5779,#5784,#5789,#5794,#5799,#5804,#5809,#5814,#5819,#5824,#5829,#5834,#5839,#5844,#5849,#5854,#5859,#5864,#5869,#5874,#5879,#5884,#5889,#5894,#5899,#5904,#5909,#5914,#5919,#5924,#5929,#5934,#5939,#5944,#5949,#5954,#5959,#5964,#5969,#5974,#5979,#5984,#5989,#5994,#5999,#6004,#6009,#6014,#6019,#6024,#6029,#6034,#6039,#6044,#6049,#6054,#6059,#6064,#6069,#6074,#6079,#6084,#6089,#6094,#6099,#6104,#6109,#6114,#6119,#6124,#6129,#6134,#6139,#6144,#6149,#6154,#6159,#6164,#6169,#6174,#6179,#6184,#6189,#6194,#6199,#6204,#6209,#6214,#6219,#6224,#6229,#6234,#6239,#6244,#6249,#6254,#6259,#6264,#6269,#6274,#6279,#6284,#6289,#6294,#6299,#6304,#6309,#6314,#6319,#6324,#6329,#6334,#6339,#6344,#6349,#6354,#6359,#6364,#6369,#6374,#6379,#6384,#6389,#6394,#6399,#6404,#6409,#6414,#6419,#6424,#6429,#6434,#6439,#6444,#6449,#6454,#6459,#6464,#6469,#6474,#6479,#6484,#6489,#6494,#6499,#6504,#6509,#6514,#6519,#6524,#6529,#6534,#6539,#6544,#6549,#6554,#6559,#6564,#6569,#6574,#6579,#6584,#6589,#6594,#6599,#6604,#6609,#6614,#6619,#6624,#6629,#6634,#6639,#6644,#6649,#6654,#6659,#6664,#6669,#6674,#6679,#6684,#6689,#6694,#6699,#6704,#6709,#6714,#6719,#6724,#6729,#6734,#6739,#6744,#6749,#6754,#6759,#6764,#6769,#6774,#6779,#6784,#6789,#6794,#6799,#6804,#6809,#6814,#6819,#6824,#6829,#6834,#6839,#6844,#6849,#6854,#6859,#6864,#6869,#6874,#6879,#6884,#6889,#6894,#6899,#6904,#6909,#6914,#6919,#6924,#6929,#6934,#6939,#6944,#6949,#6954,#6959,#6964,#6969,#6974,#6979,#6984,#6989,#6994,#6999,#7004,#7009,#7014,#7019,#7024,#7027));
#7029=ORIENTED_EDGE('',*,*,#22,.F.);
#7030=ORIENTED_EDGE('',*,*,#1625,.F.);
#7031=CARTESIAN_POINT('',(0.596197068268,-5.817046768252,0.370000000000));
#7032=VERTEX_POINT('',#7031);
#7033=CARTESIAN_POINT('',(-1.761025336242,-0.832859659312,0.370000000000));
#7034=LINE('',#7033,#4425);
#7035=EDGE_CURVE('',#1619,#7032,#7034,.T.);
#7036=ORIENTED_EDGE('',*,*,#7035,.T.);
#7037=CARTESIAN_POINT('',(0.550976788939,-5.721431550587,0.370000000000));
#7038=VERTEX_POINT('',#7037);
#7039=LINE('',#7033,#4425);
#7040=EDGE_CURVE('',#7032,#7038,#7039,.T.);
#7041=ORIENTED_EDGE('',*,*,#7040,.T.);
#7042=CARTESIAN_POINT('',(0.423875136054,-5.732249495533,0.370000000000));
#7043=VERTEX_POINT('',#7042);
#7044=CIRCLE('',#115,5.747900000000);
#7045=EDGE_CURVE('',#7043,#7038,#7044,.T.);
#7046=ORIENTED_EDGE('',*,*,#7045,.F.);
#7047=CARTESIAN_POINT('',(0.395464359498,-5.834131639636,0.370000000000));
#7048=VERTEX_POINT('',#7047);
#7049=CARTESIAN_POINT('',(1.876448555562,-0.523265004872,0.370000000000));
#7050=LINE('',#7049,#4407);
#7051=EDGE_CURVE('',#7043,#7048,#7050,.T.);
#7052=ORIENTED_EDGE('',*,*,#7051,.T.);
#7053=LINE('',#7049,#4407);
#7054=EDGE_CURVE('',#7048,#1074,#7053,.T.);
#7055=ORIENTED_EDGE('',*,*,#7054,.T.);
#7056=ORIENTED_EDGE('',*,*,#1076,.F.);
#7057=CARTESIAN_POINT('',(0.100729232599,-5.846651834164,0.370000000000));
#7058=VERTEX_POINT('',#7057);
#7059=CARTESIAN_POINT('',(-1.825312655658,-0.680513891182,0.370000000000));
#7060=LINE('',#7059,#4395);
#7061=EDGE_CURVE('',#1068,#7058,#7060,.T.);
#7062=ORIENTED_EDGE('',*,*,#7061,.T.);
#7063=CARTESIAN_POINT('',(0.063780596773,-5.747546123823,0.370000000000));
#7064=VERTEX_POINT('',#7063);
#7065=LINE('',#7059,#4395);
#7066=EDGE_CURVE('',#7058,#7064,#7065,.T.);
#7067=ORIENTED_EDGE('',*,*,#7066,.T.);
#7068=CARTESIAN_POINT('',(-0.063780596773,-5.747546123823,0.370000000000));
#7069=VERTEX_POINT('',#7068);
#7070=CIRCLE('',#115,5.747900000000);
#7071=EDGE_CURVE('',#7069,#7064,#7070,.T.);
#7072=ORIENTED_EDGE('',*,*,#7071,.F.);
#7073=CARTESIAN_POINT('',(-0.100729232599,-5.846651834164,0.370000000000));
#7074=VERTEX_POINT('',#7073);
#7075=CARTESIAN_POINT('',(1.825312655658,-0.680513891182,0.370000000000));
#7076=LINE('',#7075,#4377);
#7077=EDGE_CURVE('',#7069,#7074,#7076,.T.);
#7078=ORIENTED_EDGE('',*,*,#7077,.T.);
#7079=LINE('',#7075,#4377);
#7080=EDGE_CURVE('',#7074,#522,#7079,.T.);
#7081=ORIENTED_EDGE('',*,*,#7080,.T.);
#7082=ORIENTED_EDGE('',*,*,#524,.F.);
#7083=CARTESIAN_POINT('',(-0.395464359498,-5.834131639636,0.370000000000));
#7084=VERTEX_POINT('',#7083);
#7085=CARTESIAN_POINT('',(-1.876448555562,-0.523265004872,0.370000000000));
#7086=LINE('',#7085,#4365);
#7087=EDGE_CURVE('',#516,#7084,#7086,.T.);
#7088=ORIENTED_EDGE('',*,*,#7087,.T.);
#7089=CARTESIAN_POINT('',(-0.423875136054,-5.732249495533,0.370000000000));
#7090=VERTEX_POINT('',#7089);
#7091=LINE('',#7085,#4365);
#7092=EDGE_CURVE('',#7084,#7090,#7091,.T.);
#7093=ORIENTED_EDGE('',*,*,#7092,.T.);
#7094=CARTESIAN_POINT('',(-0.550976788939,-5.721431550587,0.370000000000));
#7095=VERTEX_POINT('',#7094);
#7096=CIRCLE('',#115,5.747900000000);
#7097=EDGE_CURVE('',#7095,#7090,#7096,.T.);
#7098=ORIENTED_EDGE('',*,*,#7097,.F.);
#7099=CARTESIAN_POINT('',(-0.596197068268,-5.817046768252,0.370000000000));
#7100=VERTEX_POINT('',#7099);
#7101=CARTESIAN_POINT('',(1.761025336242,-0.832859659312,0.370000000000));
#7102=LINE('',#7101,#4347);
#7103=EDGE_CURVE('',#7095,#7100,#7102,.T.);
#7104=ORIENTED_EDGE('',*,*,#7103,.T.);
#7105=LINE('',#7101,#4347);
#7106=EDGE_CURVE('',#7100,#959,#7105,.T.);
#7107=ORIENTED_EDGE('',*,*,#7106,.T.);
#7108=ORIENTED_EDGE('',*,*,#961,.F.);
#7109=CARTESIAN_POINT('',(-0.888808621823,-5.779576392956,0.370000000000));
#7110=VERTEX_POINT('',#7109);
#7111=CARTESIAN_POINT('',(-1.914064600625,-0.362245982212,0.370000000000));
#7112=LINE('',#7111,#4335);
#7113=EDGE_CURVE('',#953,#7110,#7112,.T.);
#7114=ORIENTED_EDGE('',*,*,#7113,.T.);
#7115=CARTESIAN_POINT('',(-0.908476838812,-5.675651878273,0.370000000000));
#7116=VERTEX_POINT('',#7115);
#7117=LINE('',#7111,#4335);
#7118=EDGE_CURVE('',#7110,#7116,#7117,.T.);
#7119=ORIENTED_EDGE('',*,*,#7118,.T.);
#7120=CARTESIAN_POINT('',(-1.034203180715,-5.654093931922,0.370000000000));
#7121=VERTEX_POINT('',#7120);
#7122=CIRCLE('',#115,5.747900000000);
#7123=EDGE_CURVE('',#7121,#7116,#7122,.T.);
#7124=ORIENTED_EDGE('',*,*,#7123,.F.);
#7125=CARTESIAN_POINT('',(-1.087369290397,-5.745529747076,0.370000000000));
#7126=VERTEX_POINT('',#7125);
#7127=CARTESIAN_POINT('',(1.684049788925,-0.979204654512,0.370000000000));
#7128=LINE('',#7127,#4317);
#7129=EDGE_CURVE('',#7121,#7126,#7128,.T.);
#7130=ORIENTED_EDGE('',*,*,#7129,.T.);
#7131=LINE('',#7127,#4317);
#7132=EDGE_CURVE('',#7126,#545,#7131,.T.);
#7133=ORIENTED_EDGE('',*,*,#7132,.T.);
#7134=ORIENTED_EDGE('',*,*,#547,.F.);
#7135=CARTESIAN_POINT('',(-1.375748997661,-5.683379165925,0.370000000000));
#7136=VERTEX_POINT('',#7135);
#7137=CARTESIAN_POINT('',(-1.937889766380,-0.198616968948,0.370000000000));
#7138=LINE('',#7137,#4305);
#7139=EDGE_CURVE('',#539,#7136,#7138,.T.);
#7140=ORIENTED_EDGE('',*,*,#7139,.T.);
#7141=CARTESIAN_POINT('',(-1.386532945130,-5.578161059173,0.370000000000));
#7142=VERTEX_POINT('',#7141);
#7143=LINE('',#7137,#4305);
#7144=EDGE_CURVE('',#7136,#7142,#7143,.T.);
#7145=ORIENTED_EDGE('',*,*,#7144,.T.);
#7146=CARTESIAN_POINT('',(-1.509978114875,-5.546018436915,0.370000000000));
#7147=VERTEX_POINT('',#7146);
#7148=CIRCLE('',#115,5.747900000000);
#7149=EDGE_CURVE('',#7147,#7142,#7148,.T.);
#7150=ORIENTED_EDGE('',*,*,#7149,.F.);
#7151=CARTESIAN_POINT('',(-1.570706991872,-5.632616052415,0.370000000000));
#7152=VERTEX_POINT('',#7151);
#7153=CARTESIAN_POINT('',(1.594940624289,-1.118494457737,0.370000000000));
#7154=LINE('',#7153,#4287);
#7155=EDGE_CURVE('',#7147,#7152,#7154,.T.);
#7156=ORIENTED_EDGE('',*,*,#7155,.T.);
#7157=LINE('',#7153,#4287);
#7158=EDGE_CURVE('',#7152,#1212,#7157,.T.);
#7159=ORIENTED_EDGE('',*,*,#7158,.T.);
#7160=ORIENTED_EDGE('',*,*,#1214,.F.);
#7161=CARTESIAN_POINT('',(-1.852777070445,-5.546233061770,0.370000000000));
#7162=VERTEX_POINT('',#7161);
#7163=CARTESIAN_POINT('',(-1.947752391962,-0.033556915873,0.370000000000));
#7164=LINE('',#7163,#4275);
#7165=EDGE_CURVE('',#1206,#7162,#7164,.T.);
#7166=ORIENTED_EDGE('',*,*,#7165,.T.);
#7167=CARTESIAN_POINT('',(-1.854599049805,-5.440479461818,0.370000000000));
#7168=VERTEX_POINT('',#7167);
#7169=LINE('',#7163,#4275);
#7170=EDGE_CURVE('',#7162,#7168,#7169,.T.);
#7171=ORIENTED_EDGE('',*,*,#7170,.T.);
#7172=CARTESIAN_POINT('',(-1.974873622117,-5.397983751983,0.370000000000));
#7173=VERTEX_POINT('',#7172);
#7174=CIRCLE('',#115,5.747900000000);
#7175=EDGE_CURVE('',#7173,#7168,#7174,.T.);
#7176=ORIENTED_EDGE('',*,*,#7175,.F.);
#7177=CARTESIAN_POINT('',(-2.042727713478,-5.479119230025,0.370000000000));
#7178=VERTEX_POINT('',#7177);
#7179=CARTESIAN_POINT('',(1.494339875907,-1.249725482764,0.370000000000));
#7180=LINE('',#7179,#4257);
#7181=EDGE_CURVE('',#7173,#7178,#7180,.T.);
#7182=ORIENTED_EDGE('',*,*,#7181,.T.);
#7183=LINE('',#7179,#4257);
#7184=EDGE_CURVE('',#7178,#1534,#7183,.T.);
#7185=ORIENTED_EDGE('',*,*,#7184,.T.);
#7186=ORIENTED_EDGE('',*,*,#1536,.F.);
#7187=CARTESIAN_POINT('',(-2.316455841981,-5.369126221313,0.370000000000));
#7188=VERTEX_POINT('',#7187);
#7189=CARTESIAN_POINT('',(-1.943581416927,0.131744915551,0.370000000000));
#7190=LINE('',#7189,#4245);
#7191=EDGE_CURVE('',#1528,#7188,#7190,.T.);
#7192=ORIENTED_EDGE('',*,*,#7191,.T.);
#7193=CARTESIAN_POINT('',(-2.309302725829,-5.263599085272,0.370000000000));
#7194=VERTEX_POINT('',#7193);
#7195=LINE('',#7189,#4245);
#7196=EDGE_CURVE('',#7188,#7194,#7195,.T.);
#7197=ORIENTED_EDGE('',*,*,#7196,.T.);
#7198=CARTESIAN_POINT('',(-2.425540119657,-5.211056470423,0.370000000000));
#7199=VERTEX_POINT('',#7198);
#7200=CIRCLE('',#115,5.747900000000);
#7201=EDGE_CURVE('',#7199,#7194,#7200,.T.);
#7202=ORIENTED_EDGE('',*,*,#7201,.F.);
#7203=CARTESIAN_POINT('',(-2.500030535100,-5.286145228028,0.370000000000));
#7204=VERTEX_POINT('',#7203);
#7205=CARTESIAN_POINT('',(1.382972374476,-1.371952207051,0.370000000000));
#7206=LINE('',#7205,#4227);
#7207=EDGE_CURVE('',#7199,#7204,#7206,.T.);
#7208=ORIENTED_EDGE('',*,*,#7207,.T.);
#7209=LINE('',#7205,#4227);
#7210=EDGE_CURVE('',#7204,#315,#7209,.T.);
#7211=ORIENTED_EDGE('',*,*,#7210,.T.);
#7212=ORIENTED_EDGE('',*,*,#317,.F.);
#7213=CARTESIAN_POINT('',(-2.763444496094,-5.153334703398,0.370000000000));
#7214=VERTEX_POINT('',#7213);
#7215=CARTESIAN_POINT('',(-1.925406893245,0.296097521839,0.370000000000));
#7216=LINE('',#7215,#83);
#7217=EDGE_CURVE('',#309,#7214,#7216,.T.);
#7218=ORIENTED_EDGE('',*,*,#7217,.T.);
#7219=CARTESIAN_POINT('',(-2.747367822795,-5.048794356702,0.370000000000));
#7220=VERTEX_POINT('',#7219);
#7221=LINE('',#7215,#83);
#7222=EDGE_CURVE('',#7214,#7220,#7221,.T.);
#7223=ORIENTED_EDGE('',*,*,#7222,.T.);
#7224=CARTESIAN_POINT('',(-2.858730545053,-4.986583407583,0.370000000000));
#7225=VERTEX_POINT('',#7224);
#7226=CIRCLE('',#115,5.747900000000);
#7227=EDGE_CURVE('',#7225,#7220,#7226,.T.);
#7228=ORIENTED_EDGE('',*,*,#7227,.F.);
#7229=CARTESIAN_POINT('',(-2.939320579428,-5.055084428532,0.370000000000));
#7230=VERTEX_POINT('',#7229);
#7231=CARTESIAN_POINT('',(1.261640525396,-1.484293984247,0.370000000000));
#7232=LINE('',#7231,#4208);
#7233=EDGE_CURVE('',#7225,#7230,#7232,.T.);
#7234=ORIENTED_EDGE('',*,*,#7233,.T.);
#7235=LINE('',#7231,#4208);
#7236=EDGE_CURVE('',#7230,#384,#7235,.T.);
#7237=ORIENTED_EDGE('',*,*,#7236,.T.);
#7238=ORIENTED_EDGE('',*,*,#386,.F.);
#7239=CARTESIAN_POINT('',(-3.190522469288,-4.900413290857,0.370000000000));
#7240=VERTEX_POINT('',#7239);
#7241=CARTESIAN_POINT('',(-1.893359768778,0.458316738697,0.370000000000));
#7242=LINE('',#7241,#4196);
#7243=EDGE_CURVE('',#378,#7240,#7242,.T.);
#7244=ORIENTED_EDGE('',*,*,#7243,.T.);
#7245=CARTESIAN_POINT('',(-3.165638071643,-4.797612949099,0.370000000000));
#7246=VERTEX_POINT('',#7245);
#7247=LINE('',#7241,#4196);
#7248=EDGE_CURVE('',#7240,#7246,#7247,.T.);
#7249=ORIENTED_EDGE('',*,*,#7248,.T.);
#7250=CARTESIAN_POINT('',(-3.271323751365,-4.726181897024,0.370000000000));
#7251=VERTEX_POINT('',#7250);
#7252=CIRCLE('',#115,5.747900000000);
#7253=EDGE_CURVE('',#7251,#7246,#7252,.T.);
#7254=ORIENTED_EDGE('',*,*,#7253,.F.);
#7255=CARTESIAN_POINT('',(-3.357432751627,-4.787601629892,0.370000000000));
#7256=VERTEX_POINT('',#7255);
#7257=CARTESIAN_POINT('',(1.131218527421,-1.585941389275,0.370000000000));
#7258=LINE('',#7257,#4178);
#7259=EDGE_CURVE('',#7251,#7256,#7258,.T.);
#7260=ORIENTED_EDGE('',*,*,#7259,.T.);
#7261=LINE('',#7257,#4178);
#7262=EDGE_CURVE('',#7256,#1511,#7261,.T.);
#7263=ORIENTED_EDGE('',*,*,#7262,.T.);
#7264=ORIENTED_EDGE('',*,*,#1513,.F.);
#7265=CARTESIAN_POINT('',(-3.594612654980,-4.612184288263,0.370000000000));
#7266=VERTEX_POINT('',#7265);
#7267=CARTESIAN_POINT('',(-1.847670943790,0.617233772951,0.370000000000));
#7268=LINE('',#7267,#4166);
#7269=EDGE_CURVE('',#1505,#7266,#7268,.T.);
#7270=ORIENTED_EDGE('',*,*,#7269,.T.);
#7271=CARTESIAN_POINT('',(-3.561099825643,-4.511864630261,0.370000000000));
#7272=VERTEX_POINT('',#7271);
#7273=LINE('',#7267,#4166);
#7274=EDGE_CURVE('',#7266,#7272,#7273,.T.);
#7275=ORIENTED_EDGE('',*,*,#7274,.T.);
#7276=CARTESIAN_POINT('',(-3.660346995086,-4.431728137596,0.370000000000));
#7277=VERTEX_POINT('',#7276);
#7278=CIRCLE('',#115,5.747900000000);
#7279=EDGE_CURVE('',#7277,#7272,#7278,.T.);
#7280=ORIENTED_EDGE('',*,*,#7279,.F.);
#7281=CARTESIAN_POINT('',(-3.751354543915,-4.485624051800,0.370000000000));
#7282=VERTEX_POINT('',#7281);
#7283=CARTESIAN_POINT('',(0.992646074034,-1.676162050251,0.370000000000));
#7284=LINE('',#7283,#4148);
#7285=EDGE_CURVE('',#7277,#7282,#7284,.T.);
#7286=ORIENTED_EDGE('',*,*,#7285,.T.);
#7287=LINE('',#7283,#4148);
#7288=EDGE_CURVE('',#7282,#207,#7287,.T.);
#7289=ORIENTED_EDGE('',*,*,#7288,.T.);
#7290=ORIENTED_EDGE('',*,*,#209,.F.);
#7291=CARTESIAN_POINT('',(-3.972803574123,-4.290724392183,0.370000000000));
#7292=VERTEX_POINT('',#7291);
#7293=CARTESIAN_POINT('',(-1.788669607312,0.771703623727,0.370000000000));
#7294=LINE('',#7293,#4136);
#7295=EDGE_CURVE('',#201,#7292,#7294,.T.);
#7296=ORIENTED_EDGE('',*,*,#7295,.T.);
#7297=CARTESIAN_POINT('',(-3.930903773798,-4.193608223373,0.370000000000));
#7298=VERTEX_POINT('',#7297);
#7299=LINE('',#7293,#4136);
#7300=EDGE_CURVE('',#7292,#7298,#7299,.T.);
#7301=ORIENTED_EDGE('',*,*,#7300,.T.);
#7302=CARTESIAN_POINT('',(-4.022997354831,-4.105343675385,0.370000000000));
#7303=VERTEX_POINT('',#7302);
#7304=CIRCLE('',#115,5.747900000000);
#7305=EDGE_CURVE('',#7303,#7298,#7304,.T.);
#7306=ORIENTED_EDGE('',*,*,#7305,.F.);
#7307=CARTESIAN_POINT('',(-4.118247740752,-4.151327449628,0.370000000000));
#7308=VERTEX_POINT('',#7307);
#7309=CARTESIAN_POINT('',(0.846921582936,-1.754305925246,0.370000000000));
#7310=LINE('',#7309,#4118);
#7311=EDGE_CURVE('',#7303,#7308,#7310,.T.);
#7312=ORIENTED_EDGE('',*,*,#7311,.T.);
#7313=LINE('',#7309,#4118);
#7314=EDGE_CURVE('',#7308,#637,#7313,.T.);
#7315=ORIENTED_EDGE('',*,*,#7314,.T.);
#7316=ORIENTED_EDGE('',*,*,#639,.F.);
#7317=CARTESIAN_POINT('',(-4.322370352477,-3.938349728536,0.370000000000));
#7318=VERTEX_POINT('',#7317);
#7319=CARTESIAN_POINT('',(-1.716780865327,0.920613332210,0.370000000000));
#7320=LINE('',#7319,#4106);
#7321=EDGE_CURVE('',#631,#7318,#7320,.T.);
#7322=ORIENTED_EDGE('',*,*,#7321,.T.);
#7323=CARTESIAN_POINT('',(-4.272385470186,-3.845136773139,0.370000000000));
#7324=VERTEX_POINT('',#7323);
#7325=LINE('',#7319,#4106);
#7326=EDGE_CURVE('',#7318,#7324,#7325,.T.);
#7327=ORIENTED_EDGE('',*,*,#7326,.T.);
#7328=CARTESIAN_POINT('',(-4.356661926448,-3.749380117918,0.370000000000));
#7329=VERTEX_POINT('',#7328);
#7330=CIRCLE('',#115,5.747900000000);
#7331=EDGE_CURVE('',#7329,#7324,#7330,.T.);
#7332=ORIENTED_EDGE('',*,*,#7331,.F.);
#7333=CARTESIAN_POINT('',(-4.455468868247,-3.787120438053,0.370000000000));
#7334=VERTEX_POINT('',#7333);
#7335=CARTESIAN_POINT('',(0.695095002427,-1.819809985849,0.370000000000));
#7336=LINE('',#7335,#4088);
#7337=EDGE_CURVE('',#7329,#7334,#7336,.T.);
#7338=ORIENTED_EDGE('',*,*,#7337,.T.);
#7339=LINE('',#7335,#4088);
#7340=EDGE_CURVE('',#7334,#1350,#7339,.T.);
#7341=ORIENTED_EDGE('',*,*,#7340,.T.);
#7342=ORIENTED_EDGE('',*,*,#1352,.F.);
#7343=CARTESIAN_POINT('',(-4.640794353395,-3.557599164848,0.370000000000));
#7344=VERTEX_POINT('',#7343);
#7345=CARTESIAN_POINT('',(-1.632522677867,1.062890000538,0.370000000000));
#7346=LINE('',#7345,#4076);
#7347=EDGE_CURVE('',#1344,#7344,#7346,.T.);
#7348=ORIENTED_EDGE('',*,*,#7347,.T.);
#7349=CARTESIAN_POINT('',(-4.583084531360,-3.468961024343,0.370000000000));
#7350=VERTEX_POINT('',#7349);
#7351=LINE('',#7345,#4076);
#7352=EDGE_CURVE('',#7344,#7350,#7351,.T.);
#7353=ORIENTED_EDGE('',*,*,#7352,.T.);
#7354=CARTESIAN_POINT('',(-4.658936649051,-3.366402190786,0.370000000000));
#7355=VERTEX_POINT('',#7354);
#7356=CIRCLE('',#115,5.747900000000);
#7357=EDGE_CURVE('',#7355,#7350,#7356,.T.);
#7358=ORIENTED_EDGE('',*,*,#7357,.F.);
#7359=CARTESIAN_POINT('',(-4.760588240450,-3.395627136940,0.370000000000));
#7360=VERTEX_POINT('',#7359);
#7361=CARTESIAN_POINT('',(0.538260246497,-1.872202273804,0.370000000000));
#7362=LINE('',#7361,#4058);
#7363=EDGE_CURVE('',#7355,#7360,#7362,.T.);
#7364=ORIENTED_EDGE('',*,*,#7363,.T.);
#7365=LINE('',#7361,#4058);
#7366=EDGE_CURVE('',#7360,#683,#7365,.T.);
#7367=ORIENTED_EDGE('',*,*,#7366,.T.);
#7368=ORIENTED_EDGE('',*,*,#685,.F.);
#7369=CARTESIAN_POINT('',(-4.925781324654,-3.151216017656,0.370000000000));
#7370=VERTEX_POINT('',#7369);
#7371=CARTESIAN_POINT('',(-1.536502127104,1.197508522057,0.370000000000));
#7372=LINE('',#7371,#4046);
#7373=EDGE_CURVE('',#677,#7370,#7372,.T.);
#7374=ORIENTED_EDGE('',*,*,#7373,.T.);
#7375=CARTESIAN_POINT('',(-4.860762363464,-3.067791331876,0.370000000000));
#7376=VERTEX_POINT('',#7375);
#7377=LINE('',#7371,#4046);
#7378=EDGE_CURVE('',#7370,#7376,#7377,.T.);
#7379=ORIENTED_EDGE('',*,*,#7378,.T.);
#7380=CARTESIAN_POINT('',(-4.927643626340,-2.959169258727,0.370000000000));
#7381=VERTEX_POINT('',#7380);
#7382=CIRCLE('',#115,5.747900000000);
#7383=EDGE_CURVE('',#7381,#7376,#7382,.T.);
#7384=ORIENTED_EDGE('',*,*,#7383,.F.);
#7385=CARTESIAN_POINT('',(-5.031407465292,-2.979668264496,0.370000000000));
#7386=VERTEX_POINT('',#7385);
#7387=CARTESIAN_POINT('',(0.377547313157,-1.911105301475,0.370000000000));
#7388=LINE('',#7387,#4028);
#7389=EDGE_CURVE('',#7381,#7386,#7388,.T.);
#7390=ORIENTED_EDGE('',*,*,#7389,.T.);
#7391=LINE('',#7387,#4028);
#7392=EDGE_CURVE('',#7386,#113,#7391,.T.);
#7393=ORIENTED_EDGE('',*,*,#7392,.T.);
#7394=ORIENTED_EDGE('',*,*,#117,.F.);
#7395=CARTESIAN_POINT('',(-5.175277928594,-2.722128286845,0.370000000000));
#7396=VERTEX_POINT('',#7395);
#7397=CARTESIAN_POINT('',(-1.429411043307,1.323498967234,0.370000000000));
#7398=LINE('',#7397,#4016);
#7399=EDGE_CURVE('',#107,#7396,#7398,.T.);
#7400=ORIENTED_EDGE('',*,*,#7399,.T.);
#7401=CARTESIAN_POINT('',(-5.103418291355,-2.644518132565,0.370000000000));
#7402=VERTEX_POINT('',#7401);
#7403=LINE('',#7397,#4016);
#7404=EDGE_CURVE('',#7396,#7402,#7403,.T.);
#7405=ORIENTED_EDGE('',*,*,#7404,.T.);
#7406=CARTESIAN_POINT('',(-5.160846818383,-2.530615444350,0.370000000000));
#7407=VERTEX_POINT('',#7406);
#7408=CIRCLE('',#115,5.747900000000);
#7409=EDGE_CURVE('',#7407,#7402,#7408,.T.);
#7410=ORIENTED_EDGE('',*,*,#7409,.F.);
#7411=CARTESIAN_POINT('',(-5.265975284052,-2.542240813926,0.370000000000));
#7412=VERTEX_POINT('',#7411);
#7413=CARTESIAN_POINT('',(0.214114142774,-1.936238771655,0.370000000000));
#7414=LINE('',#7413,#3998);
#7415=EDGE_CURVE('',#7407,#7412,#7414,.T.);
#7416=ORIENTED_EDGE('',*,*,#7415,.T.);
#7417=LINE('',#7413,#3998);
#7418=EDGE_CURVE('',#7412,#184,#7417,.T.);
#7419=ORIENTED_EDGE('',*,*,#7418,.T.);
#7420=ORIENTED_EDGE('',*,*,#186,.F.);
#7421=CARTESIAN_POINT('',(-5.387486536468,-2.273427559351,0.370000000000));
#7422=VERTEX_POINT('',#7421);
#7423=CARTESIAN_POINT('',(-1.312021020187,1.439953572023,0.370000000000));
#7424=LINE('',#7423,#3986);
#7425=EDGE_CURVE('',#178,#7422,#7424,.T.);
#7426=ORIENTED_EDGE('',*,*,#7425,.T.);
#7427=CARTESIAN_POINT('',(-5.309303973513,-2.202191119509,0.370000000000));
#7428=VERTEX_POINT('',#7427);
#7429=LINE('',#7423,#3986);
#7430=EDGE_CURVE('',#7422,#7428,#7429,.T.);
#7431=ORIENTED_EDGE('',*,*,#7430,.T.);
#7432=CARTESIAN_POINT('',(-5.356865990840,-2.083828487708,0.370000000000));
#7433=VERTEX_POINT('',#7432);
#7434=CIRCLE('',#115,5.747900000000);
#7435=EDGE_CURVE('',#7433,#7428,#7434,.T.);
#7436=ORIENTED_EDGE('',*,*,#7435,.F.);
#7437=CARTESIAN_POINT('',(-5.462601630221,-2.086496460037,0.370000000000));
#7438=VERTEX_POINT('',#7437);
#7439=CARTESIAN_POINT('',(0.049138275086,-1.947421597117,0.370000000000));
#7440=LINE('',#7439,#3968);
#7441=EDGE_CURVE('',#7433,#7438,#7440,.T.);
#7442=ORIENTED_EDGE('',*,*,#7441,.T.);
#7443=LINE('',#7439,#3968);
#7444=EDGE_CURVE('',#7438,#1005,#7443,.T.);
#7445=ORIENTED_EDGE('',*,*,#7444,.T.);
#7446=ORIENTED_EDGE('',*,*,#1007,.F.);
#7447=CARTESIAN_POINT('',(-5.560878180392,-1.808346734197,0.370000000000));
#7448=VERTEX_POINT('',#7447);
#7449=CARTESIAN_POINT('',(-1.185177855552,1.546033278330,0.370000000000));
#7450=LINE('',#7449,#3956);
#7451=EDGE_CURVE('',#999,#7448,#7450,.T.);
#7452=ORIENTED_EDGE('',*,*,#7451,.T.);
#7453=CARTESIAN_POINT('',(-5.476935998878,-1.743997268974,0.370000000000));
#7454=VERTEX_POINT('',#7453);
#7455=LINE('',#7449,#3956);
#7456=EDGE_CURVE('',#7448,#7454,#7455,.T.);
#7457=ORIENTED_EDGE('',*,*,#7456,.T.);
#7458=CARTESIAN_POINT('',(-5.514288821080,-1.622027499061,0.370000000000));
#7459=VERTEX_POINT('',#7458);
#7460=CIRCLE('',#115,5.747900000000);
#7461=EDGE_CURVE('',#7459,#7454,#7460,.T.);
#7462=ORIENTED_EDGE('',*,*,#7461,.F.);
#7463=CARTESIAN_POINT('',(-5.619869806468,-1.615718851342,0.370000000000));
#7464=VERTEX_POINT('',#7463);
#7465=CARTESIAN_POINT('',(-0.116191635000,-1.944573205347,0.370000000000));
#7466=LINE('',#7465,#3938);
#7467=EDGE_CURVE('',#7459,#7464,#7466,.T.);
#7468=ORIENTED_EDGE('',*,*,#7467,.T.);
#7469=LINE('',#7465,#3938);
#7470=EDGE_CURVE('',#7464,#660,#7469,.T.);
#7471=ORIENTED_EDGE('',*,*,#7470,.T.);
#7472=ORIENTED_EDGE('',*,*,#662,.F.);
#7473=CARTESIAN_POINT('',(-5.694203569599,-1.330236729384,0.370000000000));
#7474=VERTEX_POINT('',#7473);
#7475=CARTESIAN_POINT('',(-1.049795457310,1.640973779439,0.370000000000));
#7476=LINE('',#7475,#3926);
#7477=EDGE_CURVE('',#654,#7474,#7476,.T.);
#7478=ORIENTED_EDGE('',*,*,#7477,.T.);
#7479=CARTESIAN_POINT('',(-5.605106574869,-1.273237878153,0.370000000000));
#7480=VERTEX_POINT('',#7479);
#7481=LINE('',#7475,#3926);
#7482=EDGE_CURVE('',#7474,#7480,#7481,.T.);
#7483=ORIENTED_EDGE('',*,*,#7482,.T.);
#7484=CARTESIAN_POINT('',(-5.631981074005,-1.148539765115,0.370000000000));
#7485=VERTEX_POINT('',#7484);
#7486=CIRCLE('',#115,5.747900000000);
#7487=EDGE_CURVE('',#7485,#7480,#7486,.T.);
#7488=ORIENTED_EDGE('',*,*,#7487,.F.);
#7489=CARTESIAN_POINT('',(-5.736646691982,-1.133299951298,0.370000000000));
#7490=VERTEX_POINT('',#7489);
#7491=CARTESIAN_POINT('',(-0.280684381694,-1.927714119072,0.370000000000));
#7492=LINE('',#7491,#3908);
#7493=EDGE_CURVE('',#7485,#7490,#7492,.T.);
#7494=ORIENTED_EDGE('',*,*,#7493,.T.);
#7495=LINE('',#7491,#3908);
#7496=EDGE_CURVE('',#7490,#1688,#7495,.T.);
#7497=ORIENTED_EDGE('',*,*,#7496,.T.);
#7498=ORIENTED_EDGE('',*,*,#1690,.F.);
#7499=CARTESIAN_POINT('',(-5.786502091605,-0.842542338453,0.370000000000));
#7500=VERTEX_POINT('',#7499);
#7501=CARTESIAN_POINT('',(-0.906849258741,1.724091026865,0.370000000000));
#7502=LINE('',#7501,#3896);
#7503=EDGE_CURVE('',#1682,#7500,#7502,.T.);
#7504=ORIENTED_EDGE('',*,*,#7503,.T.);
#7505=CARTESIAN_POINT('',(-5.692892229546,-0.793304779243,0.370000000000));
#7506=VERTEX_POINT('',#7505);
#7507=LINE('',#7501,#3896);
#7508=EDGE_CURVE('',#7500,#7506,#7507,.T.);
#7509=ORIENTED_EDGE('',*,*,#7508,.T.);
#7510=CARTESIAN_POINT('',(-5.709094774235,-0.666776775842,0.370000000000));
#7511=VERTEX_POINT('',#7510);
#7512=CIRCLE('',#115,5.747900000000);
#7513=EDGE_CURVE('',#7511,#7506,#7512,.T.);
#7514=ORIENTED_EDGE('',*,*,#7513,.F.);
#7515=CARTESIAN_POINT('',(-5.812090906624,-0.642715599136,0.370000000000));
#7516=VERTEX_POINT('',#7515);
#7517=CARTESIAN_POINT('',(-0.443154790985,-1.896965808396,0.370000000000));
#7518=LINE('',#7517,#3878);
#7519=EDGE_CURVE('',#7511,#7516,#7518,.T.);
#7520=ORIENTED_EDGE('',*,*,#7519,.T.);
#7521=LINE('',#7517,#3878);
#7522=EDGE_CURVE('',#7516,#913,#7521,.T.);
#7523=ORIENTED_EDGE('',*,*,#7522,.T.);
#7524=ORIENTED_EDGE('',*,*,#915,.F.);
#7525=CARTESIAN_POINT('',(-5.837108733444,-0.348777410668,0.370000000000));
#7526=VERTEX_POINT('',#7525);
#7527=CARTESIAN_POINT('',(-0.757369190483,1.794786158934,0.370000000000));
#7528=LINE('',#7527,#3866);
#7529=EDGE_CURVE('',#907,#7526,#7528,.T.);
#7530=ORIENTED_EDGE('',*,*,#7529,.T.);
#7531=CARTESIAN_POINT('',(-5.739660465258,-0.307655901221,0.370000000000));
#7532=VERTEX_POINT('',#7531);
#7533=LINE('',#7527,#3866);
#7534=EDGE_CURVE('',#7526,#7532,#7533,.T.);
#7535=ORIENTED_EDGE('',*,*,#7534,.T.);
#7536=CARTESIAN_POINT('',(-5.745074315793,-0.180209644620,0.370000000000));
#7537=VERTEX_POINT('',#7536);
#7538=CIRCLE('',#115,5.747900000000);
#7539=EDGE_CURVE('',#7537,#7532,#7538,.T.);
#7540=ORIENTED_EDGE('',*,*,#7539,.F.);
#7541=CARTESIAN_POINT('',(-5.845658873101,-0.147500466354,0.370000000000));
#7542=VERTEX_POINT('',#7541);
#7543=CARTESIAN_POINT('',(-0.602432259853,-1.852549815601,0.370000000000));
#7544=LINE('',#7543,#3848);
#7545=EDGE_CURVE('',#7537,#7542,#7544,.T.);
#7546=ORIENTED_EDGE('',*,*,#7545,.T.);
#7547=LINE('',#7543,#3848);
#7548=EDGE_CURVE('',#7542,#1327,#7547,.T.);
#7549=ORIENTED_EDGE('',*,*,#7548,.T.);
#7550=ORIENTED_EDGE('',*,*,#1329,.F.);
#7551=CARTESIAN_POINT('',(-5.845658873101,0.147500466354,0.370000000000));
#7552=VERTEX_POINT('',#7551);
#7553=CARTESIAN_POINT('',(-0.602432259853,1.852549815601,0.370000000000));
#7554=LINE('',#7553,#3836);
#7555=EDGE_CURVE('',#1321,#7552,#7554,.T.);
#7556=ORIENTED_EDGE('',*,*,#7555,.T.);
#7557=CARTESIAN_POINT('',(-5.745074315793,0.180209644620,0.370000000000));
#7558=VERTEX_POINT('',#7557);
#7559=LINE('',#7553,#3836);
#7560=EDGE_CURVE('',#7552,#7558,#7559,.T.);
#7561=ORIENTED_EDGE('',*,*,#7560,.T.);
#7562=CARTESIAN_POINT('',(-5.739660465258,0.307655901221,0.370000000000));
#7563=VERTEX_POINT('',#7562);
#7564=CIRCLE('',#115,5.747900000000);
#7565=EDGE_CURVE('',#7563,#7558,#7564,.T.);
#7566=ORIENTED_EDGE('',*,*,#7565,.F.);
#7567=CARTESIAN_POINT('',(-5.837108733444,0.348777410668,0.370000000000));
#7568=VERTEX_POINT('',#7567);
#7569=CARTESIAN_POINT('',(-0.757369190483,-1.794786158934,0.370000000000));
#7570=LINE('',#7569,#3818);
#7571=EDGE_CURVE('',#7563,#7568,#7570,.T.);
#7572=ORIENTED_EDGE('',*,*,#7571,.T.);
#7573=LINE('',#7569,#3818);
#7574=EDGE_CURVE('',#7568,#292,#7573,.T.);
#7575=ORIENTED_EDGE('',*,*,#7574,.T.);
#7576=ORIENTED_EDGE('',*,*,#294,.F.);
#7577=CARTESIAN_POINT('',(-5.812090906624,0.642715599136,0.370000000000));
#7578=VERTEX_POINT('',#7577);
#7579=CARTESIAN_POINT('',(-0.443154790985,1.896965808396,0.370000000000));
#7580=LINE('',#7579,#3806);
#7581=EDGE_CURVE('',#286,#7578,#7580,.T.);
#7582=ORIENTED_EDGE('',*,*,#7581,.T.);
#7583=CARTESIAN_POINT('',(-5.709094774235,0.666776775842,0.370000000000));
#7584=VERTEX_POINT('',#7583);
#7585=LINE('',#7579,#3806);
#7586=EDGE_CURVE('',#7578,#7584,#7585,.T.);
#7587=ORIENTED_EDGE('',*,*,#7586,.T.);
#7588=CARTESIAN_POINT('',(-5.692892229546,0.793304779243,0.370000000000));
#7589=VERTEX_POINT('',#7588);
#7590=CIRCLE('',#115,5.747900000000);
#7591=EDGE_CURVE('',#7589,#7584,#7590,.T.);
#7592=ORIENTED_EDGE('',*,*,#7591,.F.);
#7593=CARTESIAN_POINT('',(-5.786502091605,0.842542338453,0.370000000000));
#7594=VERTEX_POINT('',#7593);
#7595=CARTESIAN_POINT('',(-0.906849258741,-1.724091026865,0.370000000000));
#7596=LINE('',#7595,#3788);
#7597=EDGE_CURVE('',#7589,#7594,#7596,.T.);
#7598=ORIENTED_EDGE('',*,*,#7597,.T.);
#7599=LINE('',#7595,#3788);
#7600=EDGE_CURVE('',#7594,#1642,#7599,.T.);
#7601=ORIENTED_EDGE('',*,*,#7600,.T.);
#7602=ORIENTED_EDGE('',*,*,#1644,.F.);
#7603=CARTESIAN_POINT('',(-5.736646691982,1.133299951298,0.370000000000));
#7604=VERTEX_POINT('',#7603);
#7605=CARTESIAN_POINT('',(-0.280684381694,1.927714119072,0.370000000000));
#7606=LINE('',#7605,#3776);
#7607=EDGE_CURVE('',#1636,#7604,#7606,.T.);
#7608=ORIENTED_EDGE('',*,*,#7607,.T.);
#7609=CARTESIAN_POINT('',(-5.631981074005,1.148539765115,0.370000000000));
#7610=VERTEX_POINT('',#7609);
#7611=LINE('',#7605,#3776);
#7612=EDGE_CURVE('',#7604,#7610,#7611,.T.);
#7613=ORIENTED_EDGE('',*,*,#7612,.T.);
#7614=CARTESIAN_POINT('',(-5.605106574869,1.273237878153,0.370000000000));
#7615=VERTEX_POINT('',#7614);
#7616=CIRCLE('',#115,5.747900000000);
#7617=EDGE_CURVE('',#7615,#7610,#7616,.T.);
#7618=ORIENTED_EDGE('',*,*,#7617,.F.);
#7619=CARTESIAN_POINT('',(-5.694203569599,1.330236729384,0.370000000000));
#7620=VERTEX_POINT('',#7619);
#7621=CARTESIAN_POINT('',(-1.049795457310,-1.640973779439,0.370000000000));
#7622=LINE('',#7621,#3758);
#7623=EDGE_CURVE('',#7615,#7620,#7622,.T.);
#7624=ORIENTED_EDGE('',*,*,#7623,.T.);
#7625=LINE('',#7621,#3758);
#7626=EDGE_CURVE('',#7620,#476,#7625,.T.);
#7627=ORIENTED_EDGE('',*,*,#7626,.T.);
#7628=ORIENTED_EDGE('',*,*,#478,.F.);
#7629=CARTESIAN_POINT('',(-5.619869806468,1.615718851342,0.370000000000));
#7630=VERTEX_POINT('',#7629);
#7631=CARTESIAN_POINT('',(-0.116191635000,1.944573205347,0.370000000000));
#7632=LINE('',#7631,#3746);
#7633=EDGE_CURVE('',#470,#7630,#7632,.T.);
#7634=ORIENTED_EDGE('',*,*,#7633,.T.);
#7635=CARTESIAN_POINT('',(-5.514288821080,1.622027499061,0.370000000000));
#7636=VERTEX_POINT('',#7635);
#7637=LINE('',#7631,#3746);
#7638=EDGE_CURVE('',#7630,#7636,#7637,.T.);
#7639=ORIENTED_EDGE('',*,*,#7638,.T.);
#7640=CARTESIAN_POINT('',(-5.476935998878,1.743997268974,0.370000000000));
#7641=VERTEX_POINT('',#7640);
#7642=CIRCLE('',#115,5.747900000000);
#7643=EDGE_CURVE('',#7641,#7636,#7642,.T.);
#7644=ORIENTED_EDGE('',*,*,#7643,.F.);
#7645=CARTESIAN_POINT('',(-5.560878180392,1.808346734197,0.370000000000));
#7646=VERTEX_POINT('',#7645);
#7647=CARTESIAN_POINT('',(-1.185177855552,-1.546033278330,0.370000000000));
#7648=LINE('',#7647,#3728);
#7649=EDGE_CURVE('',#7641,#7646,#7648,.T.);
#7650=ORIENTED_EDGE('',*,*,#7649,.T.);
#7651=LINE('',#7647,#3728);
#7652=EDGE_CURVE('',#7646,#1189,#7651,.T.);
#7653=ORIENTED_EDGE('',*,*,#7652,.T.);
#7654=ORIENTED_EDGE('',*,*,#1191,.F.);
#7655=CARTESIAN_POINT('',(-5.462601630221,2.086496460037,0.370000000000));
#7656=VERTEX_POINT('',#7655);
#7657=CARTESIAN_POINT('',(0.049138275086,1.947421597117,0.370000000000));
#7658=LINE('',#7657,#3716);
#7659=EDGE_CURVE('',#1183,#7656,#7658,.T.);
#7660=ORIENTED_EDGE('',*,*,#7659,.T.);
#7661=CARTESIAN_POINT('',(-5.356865990840,2.083828487708,0.370000000000));
#7662=VERTEX_POINT('',#7661);
#7663=LINE('',#7657,#3716);
#7664=EDGE_CURVE('',#7656,#7662,#7663,.T.);
#7665=ORIENTED_EDGE('',*,*,#7664,.T.);
#7666=CARTESIAN_POINT('',(-5.309303973513,2.202191119509,0.370000000000));
#7667=VERTEX_POINT('',#7666);
#7668=CIRCLE('',#115,5.747900000000);
#7669=EDGE_CURVE('',#7667,#7662,#7668,.T.);
#7670=ORIENTED_EDGE('',*,*,#7669,.F.);
#7671=CARTESIAN_POINT('',(-5.387486536468,2.273427559351,0.370000000000));
#7672=VERTEX_POINT('',#7671);
#7673=CARTESIAN_POINT('',(-1.312021020187,-1.439953572023,0.370000000000));
#7674=LINE('',#7673,#3698);
#7675=EDGE_CURVE('',#7667,#7672,#7674,.T.);
#7676=ORIENTED_EDGE('',*,*,#7675,.T.);
#7677=LINE('',#7673,#3698);
#7678=EDGE_CURVE('',#7672,#1373,#7677,.T.);
#7679=ORIENTED_EDGE('',*,*,#7678,.T.);
#7680=ORIENTED_EDGE('',*,*,#1375,.F.);
#7681=CARTESIAN_POINT('',(-5.265975284052,2.542240813926,0.370000000000));
#7682=VERTEX_POINT('',#7681);
#7683=CARTESIAN_POINT('',(0.214114142774,1.936238771655,0.370000000000));
#7684=LINE('',#7683,#3686);
#7685=EDGE_CURVE('',#1367,#7682,#7684,.T.);
#7686=ORIENTED_EDGE('',*,*,#7685,.T.);
#7687=CARTESIAN_POINT('',(-5.160846818383,2.530615444350,0.370000000000));
#7688=VERTEX_POINT('',#7687);
#7689=LINE('',#7683,#3686);
#7690=EDGE_CURVE('',#7682,#7688,#7689,.T.);
#7691=ORIENTED_EDGE('',*,*,#7690,.T.);
#7692=CARTESIAN_POINT('',(-5.103418291355,2.644518132565,0.370000000000));
#7693=VERTEX_POINT('',#7692);
#7694=CIRCLE('',#115,5.747900000000);
#7695=EDGE_CURVE('',#7693,#7688,#7694,.T.);
#7696=ORIENTED_EDGE('',*,*,#7695,.F.);
#7697=CARTESIAN_POINT('',(-5.175277928594,2.722128286845,0.370000000000));
#7698=VERTEX_POINT('',#7697);
#7699=CARTESIAN_POINT('',(-1.429411043307,-1.323498967234,0.370000000000));
#7700=LINE('',#7699,#3668);
#7701=EDGE_CURVE('',#7693,#7698,#7700,.T.);
#7702=ORIENTED_EDGE('',*,*,#7701,.T.);
#7703=LINE('',#7699,#3668);
#7704=EDGE_CURVE('',#7698,#1097,#7703,.T.);
#7705=ORIENTED_EDGE('',*,*,#7704,.T.);
#7706=ORIENTED_EDGE('',*,*,#1099,.F.);
#7707=CARTESIAN_POINT('',(-5.031407465292,2.979668264496,0.370000000000));
#7708=VERTEX_POINT('',#7707);
#7709=CARTESIAN_POINT('',(0.377547313157,1.911105301475,0.370000000000));
#7710=LINE('',#7709,#3656);
#7711=EDGE_CURVE('',#1091,#7708,#7710,.T.);
#7712=ORIENTED_EDGE('',*,*,#7711,.T.);
#7713=CARTESIAN_POINT('',(-4.927643626340,2.959169258727,0.370000000000));
#7714=VERTEX_POINT('',#7713);
#7715=LINE('',#7709,#3656);
#7716=EDGE_CURVE('',#7708,#7714,#7715,.T.);
#7717=ORIENTED_EDGE('',*,*,#7716,.T.);
#7718=CARTESIAN_POINT('',(-4.860762363464,3.067791331876,0.370000000000));
#7719=VERTEX_POINT('',#7718);
#7720=CIRCLE('',#115,5.747900000000);
#7721=EDGE_CURVE('',#7719,#7714,#7720,.T.);
#7722=ORIENTED_EDGE('',*,*,#7721,.F.);
#7723=CARTESIAN_POINT('',(-4.925781324654,3.151216017656,0.370000000000));
#7724=VERTEX_POINT('',#7723);
#7725=CARTESIAN_POINT('',(-1.536502127104,-1.197508522057,0.370000000000));
#7726=LINE('',#7725,#3638);
#7727=EDGE_CURVE('',#7719,#7724,#7726,.T.);
#7728=ORIENTED_EDGE('',*,*,#7727,.T.);
#7729=LINE('',#7725,#3638);
#7730=EDGE_CURVE('',#7724,#1465,#7729,.T.);
#7731=ORIENTED_EDGE('',*,*,#7730,.T.);
#7732=ORIENTED_EDGE('',*,*,#1467,.F.);
#7733=CARTESIAN_POINT('',(-4.760588240450,3.395627136940,0.370000000000));
#7734=VERTEX_POINT('',#7733);
#7735=CARTESIAN_POINT('',(0.538260246497,1.872202273804,0.370000000000));
#7736=LINE('',#7735,#3626);
#7737=EDGE_CURVE('',#1459,#7734,#7736,.T.);
#7738=ORIENTED_EDGE('',*,*,#7737,.T.);
#7739=CARTESIAN_POINT('',(-4.658936649051,3.366402190786,0.370000000000));
#7740=VERTEX_POINT('',#7739);
#7741=LINE('',#7735,#3626);
#7742=EDGE_CURVE('',#7734,#7740,#7741,.T.);
#7743=ORIENTED_EDGE('',*,*,#7742,.T.);
#7744=CARTESIAN_POINT('',(-4.583084531360,3.468961024343,0.370000000000));
#7745=VERTEX_POINT('',#7744);
#7746=CIRCLE('',#115,5.747900000000);
#7747=EDGE_CURVE('',#7745,#7740,#7746,.T.);
#7748=ORIENTED_EDGE('',*,*,#7747,.F.);
#7749=CARTESIAN_POINT('',(-4.640794353395,3.557599164848,0.370000000000));
#7750=VERTEX_POINT('',#7749);
#7751=CARTESIAN_POINT('',(-1.632522677867,-1.062890000538,0.370000000000));
#7752=LINE('',#7751,#3608);
#7753=EDGE_CURVE('',#7745,#7750,#7752,.T.);
#7754=ORIENTED_EDGE('',*,*,#7753,.T.);
#7755=LINE('',#7751,#3608);
#7756=EDGE_CURVE('',#7750,#1258,#7755,.T.);
#7757=ORIENTED_EDGE('',*,*,#7756,.T.);
#7758=ORIENTED_EDGE('',*,*,#1260,.F.);
#7759=CARTESIAN_POINT('',(-4.455468868247,3.787120438053,0.370000000000));
#7760=VERTEX_POINT('',#7759);
#7761=CARTESIAN_POINT('',(0.695095002427,1.819809985849,0.370000000000));
#7762=LINE('',#7761,#3596);
#7763=EDGE_CURVE('',#1252,#7760,#7762,.T.);
#7764=ORIENTED_EDGE('',*,*,#7763,.T.);
#7765=CARTESIAN_POINT('',(-4.356661926448,3.749380117918,0.370000000000));
#7766=VERTEX_POINT('',#7765);
#7767=LINE('',#7761,#3596);
#7768=EDGE_CURVE('',#7760,#7766,#7767,.T.);
#7769=ORIENTED_EDGE('',*,*,#7768,.T.);
#7770=CARTESIAN_POINT('',(-4.272385470186,3.845136773139,0.370000000000));
#7771=VERTEX_POINT('',#7770);
#7772=CIRCLE('',#115,5.747900000000);
#7773=EDGE_CURVE('',#7771,#7766,#7772,.T.);
#7774=ORIENTED_EDGE('',*,*,#7773,.F.);
#7775=CARTESIAN_POINT('',(-4.322370352477,3.938349728536,0.370000000000));
#7776=VERTEX_POINT('',#7775);
#7777=CARTESIAN_POINT('',(-1.716780865327,-0.920613332210,0.370000000000));
#7778=LINE('',#7777,#3578);
#7779=EDGE_CURVE('',#7771,#7776,#7778,.T.);
#7780=ORIENTED_EDGE('',*,*,#7779,.T.);
#7781=LINE('',#7777,#3578);
#7782=EDGE_CURVE('',#7776,#1396,#7781,.T.);
#7783=ORIENTED_EDGE('',*,*,#7782,.T.);
#7784=ORIENTED_EDGE('',*,*,#1398,.F.);
#7785=CARTESIAN_POINT('',(-4.118247740752,4.151327449628,0.370000000000));
#7786=VERTEX_POINT('',#7785);
#7787=CARTESIAN_POINT('',(0.846921582936,1.754305925246,0.370000000000));
#7788=LINE('',#7787,#3566);
#7789=EDGE_CURVE('',#1390,#7786,#7788,.T.);
#7790=ORIENTED_EDGE('',*,*,#7789,.T.);
#7791=CARTESIAN_POINT('',(-4.022997354831,4.105343675385,0.370000000000));
#7792=VERTEX_POINT('',#7791);
#7793=LINE('',#7787,#3566);
#7794=EDGE_CURVE('',#7786,#7792,#7793,.T.);
#7795=ORIENTED_EDGE('',*,*,#7794,.T.);
#7796=CARTESIAN_POINT('',(-3.930903773798,4.193608223373,0.370000000000));
#7797=VERTEX_POINT('',#7796);
#7798=CIRCLE('',#115,5.747900000000);
#7799=EDGE_CURVE('',#7797,#7792,#7798,.T.);
#7800=ORIENTED_EDGE('',*,*,#7799,.F.);
#7801=CARTESIAN_POINT('',(-3.972803574123,4.290724392183,0.370000000000));
#7802=VERTEX_POINT('',#7801);
#7803=CARTESIAN_POINT('',(-1.788669607312,-0.771703623727,0.370000000000));
#7804=LINE('',#7803,#3548);
#7805=EDGE_CURVE('',#7797,#7802,#7804,.T.);
#7806=ORIENTED_EDGE('',*,*,#7805,.T.);
#7807=LINE('',#7803,#3548);
#7808=EDGE_CURVE('',#7802,#1603,#7807,.T.);
#7809=ORIENTED_EDGE('',*,*,#7808,.T.);
#7810=ORIENTED_EDGE('',*,*,#1605,.F.);
#7811=CARTESIAN_POINT('',(-3.751354543915,4.485624051800,0.370000000000));
#7812=VERTEX_POINT('',#7811);
#7813=CARTESIAN_POINT('',(0.992646074034,1.676162050251,0.370000000000));
#7814=LINE('',#7813,#3536);
#7815=EDGE_CURVE('',#1597,#7812,#7814,.T.);
#7816=ORIENTED_EDGE('',*,*,#7815,.T.);
#7817=CARTESIAN_POINT('',(-3.660346995086,4.431728137596,0.370000000000));
#7818=VERTEX_POINT('',#7817);
#7819=LINE('',#7813,#3536);
#7820=EDGE_CURVE('',#7812,#7818,#7819,.T.);
#7821=ORIENTED_EDGE('',*,*,#7820,.T.);
#7822=CARTESIAN_POINT('',(-3.561099825643,4.511864630261,0.370000000000));
#7823=VERTEX_POINT('',#7822);
#7824=CIRCLE('',#115,5.747900000000);
#7825=EDGE_CURVE('',#7823,#7818,#7824,.T.);
#7826=ORIENTED_EDGE('',*,*,#7825,.F.);
#7827=CARTESIAN_POINT('',(-3.594612654980,4.612184288263,0.370000000000));
#7828=VERTEX_POINT('',#7827);
#7829=CARTESIAN_POINT('',(-1.847670943790,-0.617233772951,0.370000000000));
#7830=LINE('',#7829,#3518);
#7831=EDGE_CURVE('',#7823,#7828,#7830,.T.);
#7832=ORIENTED_EDGE('',*,*,#7831,.T.);
#7833=LINE('',#7829,#3518);
#7834=EDGE_CURVE('',#7828,#1557,#7833,.T.);
#7835=ORIENTED_EDGE('',*,*,#7834,.T.);
#7836=ORIENTED_EDGE('',*,*,#1559,.F.);
#7837=CARTESIAN_POINT('',(-3.357432751627,4.787601629892,0.370000000000));
#7838=VERTEX_POINT('',#7837);
#7839=CARTESIAN_POINT('',(1.131218527421,1.585941389275,0.370000000000));
#7840=LINE('',#7839,#3506);
#7841=EDGE_CURVE('',#1551,#7838,#7840,.T.);
#7842=ORIENTED_EDGE('',*,*,#7841,.T.);
#7843=CARTESIAN_POINT('',(-3.271323751365,4.726181897024,0.370000000000));
#7844=VERTEX_POINT('',#7843);
#7845=LINE('',#7839,#3506);
#7846=EDGE_CURVE('',#7838,#7844,#7845,.T.);
#7847=ORIENTED_EDGE('',*,*,#7846,.T.);
#7848=CARTESIAN_POINT('',(-3.165638071643,4.797612949099,0.370000000000));
#7849=VERTEX_POINT('',#7848);
#7850=CIRCLE('',#115,5.747900000000);
#7851=EDGE_CURVE('',#7849,#7844,#7850,.T.);
#7852=ORIENTED_EDGE('',*,*,#7851,.F.);
#7853=CARTESIAN_POINT('',(-3.190522469288,4.900413290857,0.370000000000));
#7854=VERTEX_POINT('',#7853);
#7855=CARTESIAN_POINT('',(-1.893359768778,-0.458316738697,0.370000000000));
#7856=LINE('',#7855,#3488);
#7857=EDGE_CURVE('',#7849,#7854,#7856,.T.);
#7858=ORIENTED_EDGE('',*,*,#7857,.T.);
#7859=LINE('',#7855,#3488);
#7860=EDGE_CURVE('',#7854,#614,#7859,.T.);
#7861=ORIENTED_EDGE('',*,*,#7860,.T.);
#7862=ORIENTED_EDGE('',*,*,#616,.F.);
#7863=CARTESIAN_POINT('',(-2.939320579428,5.055084428532,0.370000000000));
#7864=VERTEX_POINT('',#7863);
#7865=CARTESIAN_POINT('',(1.261640525396,1.484293984247,0.370000000000));
#7866=LINE('',#7865,#3476);
#7867=EDGE_CURVE('',#608,#7864,#7866,.T.);
#7868=ORIENTED_EDGE('',*,*,#7867,.T.);
#7869=CARTESIAN_POINT('',(-2.858730545053,4.986583407583,0.370000000000));
#7870=VERTEX_POINT('',#7869);
#7871=LINE('',#7865,#3476);
#7872=EDGE_CURVE('',#7864,#7870,#7871,.T.);
#7873=ORIENTED_EDGE('',*,*,#7872,.T.);
#7874=CARTESIAN_POINT('',(-2.747367822795,5.048794356702,0.370000000000));
#7875=VERTEX_POINT('',#7874);
#7876=CIRCLE('',#115,5.747900000000);
#7877=EDGE_CURVE('',#7875,#7870,#7876,.T.);
#7878=ORIENTED_EDGE('',*,*,#7877,.F.);
#7879=CARTESIAN_POINT('',(-2.763444496094,5.153334703398,0.370000000000));
#7880=VERTEX_POINT('',#7879);
#7881=CARTESIAN_POINT('',(-1.925406893245,-0.296097521839,0.370000000000));
#7882=LINE('',#7881,#3458);
#7883=EDGE_CURVE('',#7875,#7880,#7882,.T.);
#7884=ORIENTED_EDGE('',*,*,#7883,.T.);
#7885=LINE('',#7881,#3458);
#7886=EDGE_CURVE('',#7880,#1757,#7885,.T.);
#7887=ORIENTED_EDGE('',*,*,#7886,.T.);
#7888=ORIENTED_EDGE('',*,*,#1759,.F.);
#7889=CARTESIAN_POINT('',(-2.500030535100,5.286145228028,0.370000000000));
#7890=VERTEX_POINT('',#7889);
#7891=CARTESIAN_POINT('',(1.382972374476,1.371952207051,0.370000000000));
#7892=LINE('',#7891,#3446);
#7893=EDGE_CURVE('',#1751,#7890,#7892,.T.);
#7894=ORIENTED_EDGE('',*,*,#7893,.T.);
#7895=CARTESIAN_POINT('',(-2.425540119657,5.211056470423,0.370000000000));
#7896=VERTEX_POINT('',#7895);
#7897=LINE('',#7891,#3446);
#7898=EDGE_CURVE('',#7890,#7896,#7897,.T.);
#7899=ORIENTED_EDGE('',*,*,#7898,.T.);
#7900=CARTESIAN_POINT('',(-2.309302725829,5.263599085272,0.370000000000));
#7901=VERTEX_POINT('',#7900);
#7902=CIRCLE('',#115,5.747900000000);
#7903=EDGE_CURVE('',#7901,#7896,#7902,.T.);
#7904=ORIENTED_EDGE('',*,*,#7903,.F.);
#7905=CARTESIAN_POINT('',(-2.316455841981,5.369126221313,0.370000000000));
#7906=VERTEX_POINT('',#7905);
#7907=CARTESIAN_POINT('',(-1.943581416927,-0.131744915551,0.370000000000));
#7908=LINE('',#7907,#3428);
#7909=EDGE_CURVE('',#7901,#7906,#7908,.T.);
#7910=ORIENTED_EDGE('',*,*,#7909,.T.);
#7911=LINE('',#7907,#3428);
#7912=EDGE_CURVE('',#7906,#821,#7911,.T.);
#7913=ORIENTED_EDGE('',*,*,#7912,.T.);
#7914=ORIENTED_EDGE('',*,*,#823,.F.);
#7915=CARTESIAN_POINT('',(-2.042727713478,5.479119230025,0.370000000000));
#7916=VERTEX_POINT('',#7915);
#7917=CARTESIAN_POINT('',(1.494339875907,1.249725482764,0.370000000000));
#7918=LINE('',#7917,#3416);
#7919=EDGE_CURVE('',#815,#7916,#7918,.T.);
#7920=ORIENTED_EDGE('',*,*,#7919,.T.);
#7921=CARTESIAN_POINT('',(-1.974873622117,5.397983751983,0.370000000000));
#7922=VERTEX_POINT('',#7921);
#7923=LINE('',#7917,#3416);
#7924=EDGE_CURVE('',#7916,#7922,#7923,.T.);
#7925=ORIENTED_EDGE('',*,*,#7924,.T.);
#7926=CARTESIAN_POINT('',(-1.854599049805,5.440479461818,0.370000000000));
#7927=VERTEX_POINT('',#7926);
#7928=CIRCLE('',#115,5.747900000000);
#7929=EDGE_CURVE('',#7927,#7922,#7928,.T.);
#7930=ORIENTED_EDGE('',*,*,#7929,.F.);
#7931=CARTESIAN_POINT('',(-1.852777070445,5.546233061770,0.370000000000));
#7932=VERTEX_POINT('',#7931);
#7933=CARTESIAN_POINT('',(-1.947752391962,0.033556915873,0.370000000000));
#7934=LINE('',#7933,#3398);
#7935=EDGE_CURVE('',#7927,#7932,#7934,.T.);
#7936=ORIENTED_EDGE('',*,*,#7935,.T.);
#7937=LINE('',#7933,#3398);
#7938=EDGE_CURVE('',#7932,#775,#7937,.T.);
#7939=ORIENTED_EDGE('',*,*,#7938,.T.);
#7940=ORIENTED_EDGE('',*,*,#777,.F.);
#7941=CARTESIAN_POINT('',(-1.570706991872,5.632616052415,0.370000000000));
#7942=VERTEX_POINT('',#7941);
#7943=CARTESIAN_POINT('',(1.594940624289,1.118494457737,0.370000000000));
#7944=LINE('',#7943,#3386);
#7945=EDGE_CURVE('',#769,#7942,#7944,.T.);
#7946=ORIENTED_EDGE('',*,*,#7945,.T.);
#7947=CARTESIAN_POINT('',(-1.509978114875,5.546018436915,0.370000000000));
#7948=VERTEX_POINT('',#7947);
#7949=LINE('',#7943,#3386);
#7950=EDGE_CURVE('',#7942,#7948,#7949,.T.);
#7951=ORIENTED_EDGE('',*,*,#7950,.T.);
#7952=CARTESIAN_POINT('',(-1.386532945130,5.578161059173,0.370000000000));
#7953=VERTEX_POINT('',#7952);
#7954=CIRCLE('',#115,5.747900000000);
#7955=EDGE_CURVE('',#7953,#7948,#7954,.T.);
#7956=ORIENTED_EDGE('',*,*,#7955,.F.);
#7957=CARTESIAN_POINT('',(-1.375748997661,5.683379165925,0.370000000000));
#7958=VERTEX_POINT('',#7957);
#7959=CARTESIAN_POINT('',(-1.937889766380,0.198616968948,0.370000000000));
#7960=LINE('',#7959,#3368);
#7961=EDGE_CURVE('',#7953,#7958,#7960,.T.);
#7962=ORIENTED_EDGE('',*,*,#7961,.T.);
#7963=LINE('',#7959,#3368);
#7964=EDGE_CURVE('',#7958,#752,#7963,.T.);
#7965=ORIENTED_EDGE('',*,*,#7964,.T.);
#7966=ORIENTED_EDGE('',*,*,#754,.F.);
#7967=CARTESIAN_POINT('',(-1.087369290397,5.745529747076,0.370000000000));
#7968=VERTEX_POINT('',#7967);
#7969=CARTESIAN_POINT('',(1.684049788925,0.979204654512,0.370000000000));
#7970=LINE('',#7969,#3356);
#7971=EDGE_CURVE('',#746,#7968,#7970,.T.);
#7972=ORIENTED_EDGE('',*,*,#7971,.T.);
#7973=CARTESIAN_POINT('',(-1.034203180715,5.654093931922,0.370000000000));
#7974=VERTEX_POINT('',#7973);
#7975=LINE('',#7969,#3356);
#7976=EDGE_CURVE('',#7968,#7974,#7975,.T.);
#7977=ORIENTED_EDGE('',*,*,#7976,.T.);
#7978=CARTESIAN_POINT('',(-0.908476838812,5.675651878273,0.370000000000));
#7979=VERTEX_POINT('',#7978);
#7980=CIRCLE('',#115,5.747900000000);
#7981=EDGE_CURVE('',#7979,#7974,#7980,.T.);
#7982=ORIENTED_EDGE('',*,*,#7981,.F.);
#7983=CARTESIAN_POINT('',(-0.888808621823,5.779576392956,0.370000000000));
#7984=VERTEX_POINT('',#7983);
#7985=CARTESIAN_POINT('',(-1.914064600625,0.362245982212,0.370000000000));
#7986=LINE('',#7985,#20);
#7987=EDGE_CURVE('',#7979,#7984,#7986,.T.);
#7988=ORIENTED_EDGE('',*,*,#7987,.T.);
#7989=LINE('',#7985,#20);
#7990=EDGE_CURVE('',#7984,#269,#7989,.T.);
#7991=ORIENTED_EDGE('',*,*,#7990,.T.);
#7992=ORIENTED_EDGE('',*,*,#271,.F.);
#7993=CARTESIAN_POINT('',(-0.596197068268,5.817046768252,0.370000000000));
#7994=VERTEX_POINT('',#7993);
#7995=CARTESIAN_POINT('',(1.761025336242,0.832859659312,0.370000000000));
#7996=LINE('',#7995,#5531);
#7997=EDGE_CURVE('',#263,#7994,#7996,.T.);
#7998=ORIENTED_EDGE('',*,*,#7997,.T.);
#7999=CARTESIAN_POINT('',(-0.550976788939,5.721431550587,0.370000000000));
#8000=VERTEX_POINT('',#7999);
#8001=LINE('',#7995,#5531);
#8002=EDGE_CURVE('',#7994,#8000,#8001,.T.);
#8003=ORIENTED_EDGE('',*,*,#8002,.T.);
#8004=CARTESIAN_POINT('',(-0.423875136054,5.732249495533,0.370000000000));
#8005=VERTEX_POINT('',#8004);
#8006=CIRCLE('',#115,5.747900000000);
#8007=EDGE_CURVE('',#8005,#8000,#8006,.T.);
#8008=ORIENTED_EDGE('',*,*,#8007,.F.);
#8009=CARTESIAN_POINT('',(-0.395464359498,5.834131639636,0.370000000000));
#8010=VERTEX_POINT('',#8009);
#8011=CARTESIAN_POINT('',(-1.876448555562,0.523265004872,0.370000000000));
#8012=LINE('',#8011,#5513);
#8013=EDGE_CURVE('',#8005,#8010,#8012,.T.);
#8014=ORIENTED_EDGE('',*,*,#8013,.T.);
#8015=LINE('',#8011,#5513);
#8016=EDGE_CURVE('',#8010,#1442,#8015,.T.);
#8017=ORIENTED_EDGE('',*,*,#8016,.T.);
#8018=ORIENTED_EDGE('',*,*,#1444,.F.);
#8019=CARTESIAN_POINT('',(-0.100729232599,5.846651834164,0.370000000000));
#8020=VERTEX_POINT('',#8019);
#8021=CARTESIAN_POINT('',(1.825312655658,0.680513891182,0.370000000000));
#8022=LINE('',#8021,#5501);
#8023=EDGE_CURVE('',#1436,#8020,#8022,.T.);
#8024=ORIENTED_EDGE('',*,*,#8023,.T.);
#8025=CARTESIAN_POINT('',(-0.063780596773,5.747546123823,0.370000000000));
#8026=VERTEX_POINT('',#8025);
#8027=LINE('',#8021,#5501);
#8028=EDGE_CURVE('',#8020,#8026,#8027,.T.);
#8029=ORIENTED_EDGE('',*,*,#8028,.T.);
#8030=CARTESIAN_POINT('',(0.063780596773,5.747546123823,0.370000000000));
#8031=VERTEX_POINT('',#8030);
#8032=CIRCLE('',#115,5.747900000000);
#8033=EDGE_CURVE('',#8031,#8026,#8032,.T.);
#8034=ORIENTED_EDGE('',*,*,#8033,.F.);
#8035=CARTESIAN_POINT('',(0.100729232599,5.846651834164,0.370000000000));
#8036=VERTEX_POINT('',#8035);
#8037=CARTESIAN_POINT('',(-1.825312655658,0.680513891182,0.370000000000));
#8038=LINE('',#8037,#5483);
#8039=EDGE_CURVE('',#8031,#8036,#8038,.T.);
#8040=ORIENTED_EDGE('',*,*,#8039,.T.);
#8041=LINE('',#8037,#5483);
#8042=EDGE_CURVE('',#8036,#890,#8041,.T.);
#8043=ORIENTED_EDGE('',*,*,#8042,.T.);
#8044=ORIENTED_EDGE('',*,*,#892,.F.);
#8045=CARTESIAN_POINT('',(0.395464359498,5.834131639636,0.370000000000));
#8046=VERTEX_POINT('',#8045);
#8047=CARTESIAN_POINT('',(1.876448555562,0.523265004872,0.370000000000));
#8048=LINE('',#8047,#5471);
#8049=EDGE_CURVE('',#884,#8046,#8048,.T.);
#8050=ORIENTED_EDGE('',*,*,#8049,.T.);
#8051=CARTESIAN_POINT('',(0.423875136054,5.732249495533,0.370000000000));
#8052=VERTEX_POINT('',#8051);
#8053=LINE('',#8047,#5471);
#8054=EDGE_CURVE('',#8046,#8052,#8053,.T.);
#8055=ORIENTED_EDGE('',*,*,#8054,.T.);
#8056=CARTESIAN_POINT('',(0.550976788939,5.721431550587,0.370000000000));
#8057=VERTEX_POINT('',#8056);
#8058=CIRCLE('',#115,5.747900000000);
#8059=EDGE_CURVE('',#8057,#8052,#8058,.T.);
#8060=ORIENTED_EDGE('',*,*,#8059,.F.);
#8061=CARTESIAN_POINT('',(0.596197068268,5.817046768252,0.370000000000));
#8062=VERTEX_POINT('',#8061);
#8063=CARTESIAN_POINT('',(-1.761025336242,0.832859659312,0.370000000000));
#8064=LINE('',#8063,#5453);
#8065=EDGE_CURVE('',#8057,#8062,#8064,.T.);
#8066=ORIENTED_EDGE('',*,*,#8065,.T.);
#8067=LINE('',#8063,#5453);
#8068=EDGE_CURVE('',#8062,#161,#8067,.T.);
#8069=ORIENTED_EDGE('',*,*,#8068,.T.);
#8070=ORIENTED_EDGE('',*,*,#163,.F.);
#8071=CARTESIAN_POINT('',(0.888808621823,5.779576392956,0.370000000000));
#8072=VERTEX_POINT('',#8071);
#8073=CARTESIAN_POINT('',(1.914064600625,0.362245982212,0.370000000000));
#8074=LINE('',#8073,#5441);
#8075=EDGE_CURVE('',#155,#8072,#8074,.T.);
#8076=ORIENTED_EDGE('',*,*,#8075,.T.);
#8077=CARTESIAN_POINT('',(0.908476838812,5.675651878273,0.370000000000));
#8078=VERTEX_POINT('',#8077);
#8079=LINE('',#8073,#5441);
#8080=EDGE_CURVE('',#8072,#8078,#8079,.T.);
#8081=ORIENTED_EDGE('',*,*,#8080,.T.);
#8082=CARTESIAN_POINT('',(1.034203180715,5.654093931922,0.370000000000));
#8083=VERTEX_POINT('',#8082);
#8084=CIRCLE('',#115,5.747900000000);
#8085=EDGE_CURVE('',#8083,#8078,#8084,.T.);
#8086=ORIENTED_EDGE('',*,*,#8085,.F.);
#8087=CARTESIAN_POINT('',(1.087369290397,5.745529747076,0.370000000000));
#8088=VERTEX_POINT('',#8087);
#8089=CARTESIAN_POINT('',(-1.684049788925,0.979204654512,0.370000000000));
#8090=LINE('',#8089,#5423);
#8091=EDGE_CURVE('',#8083,#8088,#8090,.T.);
#8092=ORIENTED_EDGE('',*,*,#8091,.T.);
#8093=LINE('',#8089,#5423);
#8094=EDGE_CURVE('',#8088,#1488,#8093,.T.);
#8095=ORIENTED_EDGE('',*,*,#8094,.T.);
#8096=ORIENTED_EDGE('',*,*,#1490,.F.);
#8097=CARTESIAN_POINT('',(1.375748997661,5.683379165925,0.370000000000));
#8098=VERTEX_POINT('',#8097);
#8099=CARTESIAN_POINT('',(1.937889766380,0.198616968948,0.370000000000));
#8100=LINE('',#8099,#5411);
#8101=EDGE_CURVE('',#1482,#8098,#8100,.T.);
#8102=ORIENTED_EDGE('',*,*,#8101,.T.);
#8103=CARTESIAN_POINT('',(1.386532945130,5.578161059173,0.370000000000));
#8104=VERTEX_POINT('',#8103);
#8105=LINE('',#8099,#5411);
#8106=EDGE_CURVE('',#8098,#8104,#8105,.T.);
#8107=ORIENTED_EDGE('',*,*,#8106,.T.);
#8108=CARTESIAN_POINT('',(1.509978114875,5.546018436915,0.370000000000));
#8109=VERTEX_POINT('',#8108);
#8110=CIRCLE('',#115,5.747900000000);
#8111=EDGE_CURVE('',#8109,#8104,#8110,.T.);
#8112=ORIENTED_EDGE('',*,*,#8111,.F.);
#8113=CARTESIAN_POINT('',(1.570706991872,5.632616052415,0.370000000000));
#8114=VERTEX_POINT('',#8113);
#8115=CARTESIAN_POINT('',(-1.594940624289,1.118494457737,0.370000000000));
#8116=LINE('',#8115,#5393);
#8117=EDGE_CURVE('',#8109,#8114,#8116,.T.);
#8118=ORIENTED_EDGE('',*,*,#8117,.T.);
#8119=LINE('',#8115,#5393);
#8120=EDGE_CURVE('',#8114,#430,#8119,.T.);
#8121=ORIENTED_EDGE('',*,*,#8120,.T.);
#8122=ORIENTED_EDGE('',*,*,#432,.F.);
#8123=CARTESIAN_POINT('',(1.852777070445,5.546233061770,0.370000000000));
#8124=VERTEX_POINT('',#8123);
#8125=CARTESIAN_POINT('',(1.947752391962,0.033556915873,0.370000000000));
#8126=LINE('',#8125,#5381);
#8127=EDGE_CURVE('',#424,#8124,#8126,.T.);
#8128=ORIENTED_EDGE('',*,*,#8127,.T.);
#8129=CARTESIAN_POINT('',(1.854599049805,5.440479461818,0.370000000000));
#8130=VERTEX_POINT('',#8129);
#8131=LINE('',#8125,#5381);
#8132=EDGE_CURVE('',#8124,#8130,#8131,.T.);
#8133=ORIENTED_EDGE('',*,*,#8132,.T.);
#8134=CARTESIAN_POINT('',(1.974873622117,5.397983751983,0.370000000000));
#8135=VERTEX_POINT('',#8134);
#8136=CIRCLE('',#115,5.747900000000);
#8137=EDGE_CURVE('',#8135,#8130,#8136,.T.);
#8138=ORIENTED_EDGE('',*,*,#8137,.F.);
#8139=CARTESIAN_POINT('',(2.042727713478,5.479119230025,0.370000000000));
#8140=VERTEX_POINT('',#8139);
#8141=CARTESIAN_POINT('',(-1.494339875907,1.249725482764,0.370000000000));
#8142=LINE('',#8141,#5363);
#8143=EDGE_CURVE('',#8135,#8140,#8142,.T.);
#8144=ORIENTED_EDGE('',*,*,#8143,.T.);
#8145=LINE('',#8141,#5363);
#8146=EDGE_CURVE('',#8140,#1711,#8145,.T.);
#8147=ORIENTED_EDGE('',*,*,#8146,.T.);
#8148=ORIENTED_EDGE('',*,*,#1713,.F.);
#8149=CARTESIAN_POINT('',(2.316455841981,5.369126221313,0.370000000000));
#8150=VERTEX_POINT('',#8149);
#8151=CARTESIAN_POINT('',(1.943581416927,-0.131744915551,0.370000000000));
#8152=LINE('',#8151,#5351);
#8153=EDGE_CURVE('',#1705,#8150,#8152,.T.);
#8154=ORIENTED_EDGE('',*,*,#8153,.T.);
#8155=CARTESIAN_POINT('',(2.309302725829,5.263599085272,0.370000000000));
#8156=VERTEX_POINT('',#8155);
#8157=LINE('',#8151,#5351);
#8158=EDGE_CURVE('',#8150,#8156,#8157,.T.);
#8159=ORIENTED_EDGE('',*,*,#8158,.T.);
#8160=CARTESIAN_POINT('',(2.425540119657,5.211056470423,0.370000000000));
#8161=VERTEX_POINT('',#8160);
#8162=CIRCLE('',#115,5.747900000000);
#8163=EDGE_CURVE('',#8161,#8156,#8162,.T.);
#8164=ORIENTED_EDGE('',*,*,#8163,.F.);
#8165=CARTESIAN_POINT('',(2.500030535100,5.286145228028,0.370000000000));
#8166=VERTEX_POINT('',#8165);
#8167=CARTESIAN_POINT('',(-1.382972374476,1.371952207051,0.370000000000));
#8168=LINE('',#8167,#5333);
#8169=EDGE_CURVE('',#8161,#8166,#8168,.T.);
#8170=ORIENTED_EDGE('',*,*,#8169,.T.);
#8171=LINE('',#8167,#5333);
#8172=EDGE_CURVE('',#8166,#218,#8171,.T.);
#8173=ORIENTED_EDGE('',*,*,#8172,.T.);
#8174=ORIENTED_EDGE('',*,*,#220,.F.);
#8175=ORIENTED_EDGE('',*,*,#88,.F.);
#8176=ORIENTED_EDGE('',*,*,#85,.F.);
#8177=CARTESIAN_POINT('',(2.858730545053,4.986583407583,0.370000000000));
#8178=VERTEX_POINT('',#8177);
#8179=CIRCLE('',#115,5.747900000000);
#8180=EDGE_CURVE('',#8178,#74,#8179,.T.);
#8181=ORIENTED_EDGE('',*,*,#8180,.F.);
#8182=CARTESIAN_POINT('',(2.939320579428,5.055084428532,0.370000000000));
#8183=VERTEX_POINT('',#8182);
#8184=CARTESIAN_POINT('',(-1.261640525396,1.484293984247,0.370000000000));
#8185=LINE('',#8184,#5305);
#8186=EDGE_CURVE('',#8178,#8183,#8185,.T.);
#8187=ORIENTED_EDGE('',*,*,#8186,.T.);
#8188=LINE('',#8184,#5305);
#8189=EDGE_CURVE('',#8183,#982,#8188,.T.);
#8190=ORIENTED_EDGE('',*,*,#8189,.T.);
#8191=ORIENTED_EDGE('',*,*,#984,.F.);
#8192=CARTESIAN_POINT('',(3.190522469288,4.900413290857,0.370000000000));
#8193=VERTEX_POINT('',#8192);
#8194=CARTESIAN_POINT('',(1.893359768778,-0.458316738697,0.370000000000));
#8195=LINE('',#8194,#5293);
#8196=EDGE_CURVE('',#976,#8193,#8195,.T.);
#8197=ORIENTED_EDGE('',*,*,#8196,.T.);
#8198=CARTESIAN_POINT('',(3.165638071643,4.797612949099,0.370000000000));
#8199=VERTEX_POINT('',#8198);
#8200=LINE('',#8194,#5293);
#8201=EDGE_CURVE('',#8193,#8199,#8200,.T.);
#8202=ORIENTED_EDGE('',*,*,#8201,.T.);
#8203=CARTESIAN_POINT('',(3.271323751365,4.726181897024,0.370000000000));
#8204=VERTEX_POINT('',#8203);
#8205=CIRCLE('',#115,5.747900000000);
#8206=EDGE_CURVE('',#8204,#8199,#8205,.T.);
#8207=ORIENTED_EDGE('',*,*,#8206,.F.);
#8208=CARTESIAN_POINT('',(3.357432751627,4.787601629892,0.370000000000));
#8209=VERTEX_POINT('',#8208);
#8210=CARTESIAN_POINT('',(-1.131218527421,1.585941389275,0.370000000000));
#8211=LINE('',#8210,#5275);
#8212=EDGE_CURVE('',#8204,#8209,#8211,.T.);
#8213=ORIENTED_EDGE('',*,*,#8212,.T.);
#8214=LINE('',#8210,#5275);
#8215=EDGE_CURVE('',#8209,#361,#8214,.T.);
#8216=ORIENTED_EDGE('',*,*,#8215,.T.);
#8217=ORIENTED_EDGE('',*,*,#363,.F.);
#8218=CARTESIAN_POINT('',(3.594612654980,4.612184288263,0.370000000000));
#8219=VERTEX_POINT('',#8218);
#8220=CARTESIAN_POINT('',(1.847670943790,-0.617233772951,0.370000000000));
#8221=LINE('',#8220,#5263);
#8222=EDGE_CURVE('',#355,#8219,#8221,.T.);
#8223=ORIENTED_EDGE('',*,*,#8222,.T.);
#8224=CARTESIAN_POINT('',(3.561099825643,4.511864630261,0.370000000000));
#8225=VERTEX_POINT('',#8224);
#8226=LINE('',#8220,#5263);
#8227=EDGE_CURVE('',#8219,#8225,#8226,.T.);
#8228=ORIENTED_EDGE('',*,*,#8227,.T.);
#8229=CARTESIAN_POINT('',(3.660346995086,4.431728137596,0.370000000000));
#8230=VERTEX_POINT('',#8229);
#8231=CIRCLE('',#115,5.747900000000);
#8232=EDGE_CURVE('',#8230,#8225,#8231,.T.);
#8233=ORIENTED_EDGE('',*,*,#8232,.F.);
#8234=CARTESIAN_POINT('',(3.751354543915,4.485624051800,0.370000000000));
#8235=VERTEX_POINT('',#8234);
#8236=CARTESIAN_POINT('',(-0.992646074034,1.676162050251,0.370000000000));
#8237=LINE('',#8236,#5245);
#8238=EDGE_CURVE('',#8230,#8235,#8237,.T.);
#8239=ORIENTED_EDGE('',*,*,#8238,.T.);
#8240=LINE('',#8236,#5245);
#8241=EDGE_CURVE('',#8235,#1580,#8240,.T.);
#8242=ORIENTED_EDGE('',*,*,#8241,.T.);
#8243=ORIENTED_EDGE('',*,*,#1582,.F.);
#8244=CARTESIAN_POINT('',(3.972803574123,4.290724392183,0.370000000000));
#8245=VERTEX_POINT('',#8244);
#8246=CARTESIAN_POINT('',(1.788669607312,-0.771703623727,0.370000000000));
#8247=LINE('',#8246,#5233);
#8248=EDGE_CURVE('',#1574,#8245,#8247,.T.);
#8249=ORIENTED_EDGE('',*,*,#8248,.T.);
#8250=CARTESIAN_POINT('',(3.930903773798,4.193608223373,0.370000000000));
#8251=VERTEX_POINT('',#8250);
#8252=LINE('',#8246,#5233);
#8253=EDGE_CURVE('',#8245,#8251,#8252,.T.);
#8254=ORIENTED_EDGE('',*,*,#8253,.T.);
#8255=CARTESIAN_POINT('',(4.022997354831,4.105343675385,0.370000000000));
#8256=VERTEX_POINT('',#8255);
#8257=CIRCLE('',#115,5.747900000000);
#8258=EDGE_CURVE('',#8256,#8251,#8257,.T.);
#8259=ORIENTED_EDGE('',*,*,#8258,.F.);
#8260=CARTESIAN_POINT('',(4.118247740752,4.151327449628,0.370000000000));
#8261=VERTEX_POINT('',#8260);
#8262=CARTESIAN_POINT('',(-0.846921582936,1.754305925246,0.370000000000));
#8263=LINE('',#8262,#5215);
#8264=EDGE_CURVE('',#8256,#8261,#8263,.T.);
#8265=ORIENTED_EDGE('',*,*,#8264,.T.);
#8266=LINE('',#8262,#5215);
#8267=EDGE_CURVE('',#8261,#1051,#8266,.T.);
#8268=ORIENTED_EDGE('',*,*,#8267,.T.);
#8269=ORIENTED_EDGE('',*,*,#1053,.F.);
#8270=CARTESIAN_POINT('',(4.322370352477,3.938349728536,0.370000000000));
#8271=VERTEX_POINT('',#8270);
#8272=CARTESIAN_POINT('',(1.716780865327,-0.920613332210,0.370000000000));
#8273=LINE('',#8272,#5203);
#8274=EDGE_CURVE('',#1045,#8271,#8273,.T.);
#8275=ORIENTED_EDGE('',*,*,#8274,.T.);
#8276=CARTESIAN_POINT('',(4.272385470186,3.845136773139,0.370000000000));
#8277=VERTEX_POINT('',#8276);
#8278=LINE('',#8272,#5203);
#8279=EDGE_CURVE('',#8271,#8277,#8278,.T.);
#8280=ORIENTED_EDGE('',*,*,#8279,.T.);
#8281=CARTESIAN_POINT('',(4.356661926448,3.749380117918,0.370000000000));
#8282=VERTEX_POINT('',#8281);
#8283=CIRCLE('',#115,5.747900000000);
#8284=EDGE_CURVE('',#8282,#8277,#8283,.T.);
#8285=ORIENTED_EDGE('',*,*,#8284,.F.);
#8286=CARTESIAN_POINT('',(4.455468868247,3.787120438053,0.370000000000));
#8287=VERTEX_POINT('',#8286);
#8288=CARTESIAN_POINT('',(-0.695095002427,1.819809985849,0.370000000000));
#8289=LINE('',#8288,#5185);
#8290=EDGE_CURVE('',#8282,#8287,#8289,.T.);
#8291=ORIENTED_EDGE('',*,*,#8290,.T.);
#8292=LINE('',#8288,#5185);
#8293=EDGE_CURVE('',#8287,#798,#8292,.T.);
#8294=ORIENTED_EDGE('',*,*,#8293,.T.);
#8295=ORIENTED_EDGE('',*,*,#800,.F.);
#8296=CARTESIAN_POINT('',(4.640794353395,3.557599164848,0.370000000000));
#8297=VERTEX_POINT('',#8296);
#8298=CARTESIAN_POINT('',(1.632522677867,-1.062890000538,0.370000000000));
#8299=LINE('',#8298,#5173);
#8300=EDGE_CURVE('',#792,#8297,#8299,.T.);
#8301=ORIENTED_EDGE('',*,*,#8300,.T.);
#8302=CARTESIAN_POINT('',(4.583084531360,3.468961024343,0.370000000000));
#8303=VERTEX_POINT('',#8302);
#8304=LINE('',#8298,#5173);
#8305=EDGE_CURVE('',#8297,#8303,#8304,.T.);
#8306=ORIENTED_EDGE('',*,*,#8305,.T.);
#8307=CARTESIAN_POINT('',(4.658936649051,3.366402190786,0.370000000000));
#8308=VERTEX_POINT('',#8307);
#8309=CIRCLE('',#115,5.747900000000);
#8310=EDGE_CURVE('',#8308,#8303,#8309,.T.);
#8311=ORIENTED_EDGE('',*,*,#8310,.F.);
#8312=CARTESIAN_POINT('',(4.760588240450,3.395627136940,0.370000000000));
#8313=VERTEX_POINT('',#8312);
#8314=CARTESIAN_POINT('',(-0.538260246497,1.872202273804,0.370000000000));
#8315=LINE('',#8314,#5155);
#8316=EDGE_CURVE('',#8308,#8313,#8315,.T.);
#8317=ORIENTED_EDGE('',*,*,#8316,.T.);
#8318=LINE('',#8314,#5155);
#8319=EDGE_CURVE('',#8313,#1143,#8318,.T.);
#8320=ORIENTED_EDGE('',*,*,#8319,.T.);
#8321=ORIENTED_EDGE('',*,*,#1145,.F.);
#8322=CARTESIAN_POINT('',(4.925781324654,3.151216017656,0.370000000000));
#8323=VERTEX_POINT('',#8322);
#8324=CARTESIAN_POINT('',(1.536502127104,-1.197508522057,0.370000000000));
#8325=LINE('',#8324,#5143);
#8326=EDGE_CURVE('',#1137,#8323,#8325,.T.);
#8327=ORIENTED_EDGE('',*,*,#8326,.T.);
#8328=CARTESIAN_POINT('',(4.860762363464,3.067791331876,0.370000000000));
#8329=VERTEX_POINT('',#8328);
#8330=LINE('',#8324,#5143);
#8331=EDGE_CURVE('',#8323,#8329,#8330,.T.);
#8332=ORIENTED_EDGE('',*,*,#8331,.T.);
#8333=CARTESIAN_POINT('',(4.927643626340,2.959169258727,0.370000000000));
#8334=VERTEX_POINT('',#8333);
#8335=CIRCLE('',#115,5.747900000000);
#8336=EDGE_CURVE('',#8334,#8329,#8335,.T.);
#8337=ORIENTED_EDGE('',*,*,#8336,.F.);
#8338=CARTESIAN_POINT('',(5.031407465292,2.979668264496,0.370000000000));
#8339=VERTEX_POINT('',#8338);
#8340=CARTESIAN_POINT('',(-0.377547313157,1.911105301475,0.370000000000));
#8341=LINE('',#8340,#5125);
#8342=EDGE_CURVE('',#8334,#8339,#8341,.T.);
#8343=ORIENTED_EDGE('',*,*,#8342,.T.);
#8344=LINE('',#8340,#5125);
#8345=EDGE_CURVE('',#8339,#1235,#8344,.T.);
#8346=ORIENTED_EDGE('',*,*,#8345,.T.);
#8347=ORIENTED_EDGE('',*,*,#1237,.F.);
#8348=CARTESIAN_POINT('',(5.175277928594,2.722128286845,0.370000000000));
#8349=VERTEX_POINT('',#8348);
#8350=CARTESIAN_POINT('',(1.429411043307,-1.323498967234,0.370000000000));
#8351=LINE('',#8350,#5113);
#8352=EDGE_CURVE('',#1229,#8349,#8351,.T.);
#8353=ORIENTED_EDGE('',*,*,#8352,.T.);
#8354=CARTESIAN_POINT('',(5.103418291355,2.644518132565,0.370000000000));
#8355=VERTEX_POINT('',#8354);
#8356=LINE('',#8350,#5113);
#8357=EDGE_CURVE('',#8349,#8355,#8356,.T.);
#8358=ORIENTED_EDGE('',*,*,#8357,.T.);
#8359=CARTESIAN_POINT('',(5.160846818383,2.530615444350,0.370000000000));
#8360=VERTEX_POINT('',#8359);
#8361=CIRCLE('',#115,5.747900000000);
#8362=EDGE_CURVE('',#8360,#8355,#8361,.T.);
#8363=ORIENTED_EDGE('',*,*,#8362,.F.);
#8364=CARTESIAN_POINT('',(5.265975284052,2.542240813926,0.370000000000));
#8365=VERTEX_POINT('',#8364);
#8366=CARTESIAN_POINT('',(-0.214114142774,1.936238771655,0.370000000000));
#8367=LINE('',#8366,#5095);
#8368=EDGE_CURVE('',#8360,#8365,#8367,.T.);
#8369=ORIENTED_EDGE('',*,*,#8368,.T.);
#8370=LINE('',#8366,#5095);
#8371=EDGE_CURVE('',#8365,#1419,#8370,.T.);
#8372=ORIENTED_EDGE('',*,*,#8371,.T.);
#8373=ORIENTED_EDGE('',*,*,#1421,.F.);
#8374=CARTESIAN_POINT('',(5.387486536468,2.273427559351,0.370000000000));
#8375=VERTEX_POINT('',#8374);
#8376=CARTESIAN_POINT('',(1.312021020187,-1.439953572023,0.370000000000));
#8377=LINE('',#8376,#5083);
#8378=EDGE_CURVE('',#1413,#8375,#8377,.T.);
#8379=ORIENTED_EDGE('',*,*,#8378,.T.);
#8380=CARTESIAN_POINT('',(5.309303973513,2.202191119509,0.370000000000));
#8381=VERTEX_POINT('',#8380);
#8382=LINE('',#8376,#5083);
#8383=EDGE_CURVE('',#8375,#8381,#8382,.T.);
#8384=ORIENTED_EDGE('',*,*,#8383,.T.);
#8385=CARTESIAN_POINT('',(5.356865990840,2.083828487708,0.370000000000));
#8386=VERTEX_POINT('',#8385);
#8387=CIRCLE('',#115,5.747900000000);
#8388=EDGE_CURVE('',#8386,#8381,#8387,.T.);
#8389=ORIENTED_EDGE('',*,*,#8388,.F.);
#8390=CARTESIAN_POINT('',(5.462601630221,2.086496460037,0.370000000000));
#8391=VERTEX_POINT('',#8390);
#8392=CARTESIAN_POINT('',(-0.049138275086,1.947421597117,0.370000000000));
#8393=LINE('',#8392,#5065);
#8394=EDGE_CURVE('',#8386,#8391,#8393,.T.);
#8395=ORIENTED_EDGE('',*,*,#8394,.T.);
#8396=LINE('',#8392,#5065);
#8397=EDGE_CURVE('',#8391,#591,#8396,.T.);
#8398=ORIENTED_EDGE('',*,*,#8397,.T.);
#8399=ORIENTED_EDGE('',*,*,#593,.F.);
#8400=CARTESIAN_POINT('',(5.560878180392,1.808346734197,0.370000000000));
#8401=VERTEX_POINT('',#8400);
#8402=CARTESIAN_POINT('',(1.185177855552,-1.546033278330,0.370000000000));
#8403=LINE('',#8402,#5053);
#8404=EDGE_CURVE('',#585,#8401,#8403,.T.);
#8405=ORIENTED_EDGE('',*,*,#8404,.T.);
#8406=CARTESIAN_POINT('',(5.476935998878,1.743997268974,0.370000000000));
#8407=VERTEX_POINT('',#8406);
#8408=LINE('',#8402,#5053);
#8409=EDGE_CURVE('',#8401,#8407,#8408,.T.);
#8410=ORIENTED_EDGE('',*,*,#8409,.T.);
#8411=CARTESIAN_POINT('',(5.514288821080,1.622027499061,0.370000000000));
#8412=VERTEX_POINT('',#8411);
#8413=CIRCLE('',#115,5.747900000000);
#8414=EDGE_CURVE('',#8412,#8407,#8413,.T.);
#8415=ORIENTED_EDGE('',*,*,#8414,.F.);
#8416=CARTESIAN_POINT('',(5.619869806468,1.615718851342,0.370000000000));
#8417=VERTEX_POINT('',#8416);
#8418=CARTESIAN_POINT('',(0.116191635000,1.944573205347,0.370000000000));
#8419=LINE('',#8418,#5035);
#8420=EDGE_CURVE('',#8412,#8417,#8419,.T.);
#8421=ORIENTED_EDGE('',*,*,#8420,.T.);
#8422=LINE('',#8418,#5035);
#8423=EDGE_CURVE('',#8417,#844,#8422,.T.);
#8424=ORIENTED_EDGE('',*,*,#8423,.T.);
#8425=ORIENTED_EDGE('',*,*,#846,.F.);
#8426=CARTESIAN_POINT('',(5.694203569599,1.330236729384,0.370000000000));
#8427=VERTEX_POINT('',#8426);
#8428=CARTESIAN_POINT('',(1.049795457310,-1.640973779439,0.370000000000));
#8429=LINE('',#8428,#5023);
#8430=EDGE_CURVE('',#838,#8427,#8429,.T.);
#8431=ORIENTED_EDGE('',*,*,#8430,.T.);
#8432=CARTESIAN_POINT('',(5.605106574869,1.273237878153,0.370000000000));
#8433=VERTEX_POINT('',#8432);
#8434=LINE('',#8428,#5023);
#8435=EDGE_CURVE('',#8427,#8433,#8434,.T.);
#8436=ORIENTED_EDGE('',*,*,#8435,.T.);
#8437=CARTESIAN_POINT('',(5.631981074005,1.148539765115,0.370000000000));
#8438=VERTEX_POINT('',#8437);
#8439=CIRCLE('',#115,5.747900000000);
#8440=EDGE_CURVE('',#8438,#8433,#8439,.T.);
#8441=ORIENTED_EDGE('',*,*,#8440,.F.);
#8442=CARTESIAN_POINT('',(5.736646691982,1.133299951298,0.370000000000));
#8443=VERTEX_POINT('',#8442);
#8444=CARTESIAN_POINT('',(0.280684381694,1.927714119072,0.370000000000));
#8445=LINE('',#8444,#5005);
#8446=EDGE_CURVE('',#8438,#8443,#8445,.T.);
#8447=ORIENTED_EDGE('',*,*,#8446,.T.);
#8448=LINE('',#8444,#5005);
#8449=EDGE_CURVE('',#8443,#138,#8448,.T.);
#8450=ORIENTED_EDGE('',*,*,#8449,.T.);
#8451=ORIENTED_EDGE('',*,*,#140,.F.);
#8452=CARTESIAN_POINT('',(5.786502091605,0.842542338453,0.370000000000));
#8453=VERTEX_POINT('',#8452);
#8454=CARTESIAN_POINT('',(0.906849258741,-1.724091026865,0.370000000000));
#8455=LINE('',#8454,#4993);
#8456=EDGE_CURVE('',#132,#8453,#8455,.T.);
#8457=ORIENTED_EDGE('',*,*,#8456,.T.);
#8458=CARTESIAN_POINT('',(5.692892229546,0.793304779243,0.370000000000));
#8459=VERTEX_POINT('',#8458);
#8460=LINE('',#8454,#4993);
#8461=EDGE_CURVE('',#8453,#8459,#8460,.T.);
#8462=ORIENTED_EDGE('',*,*,#8461,.T.);
#8463=CARTESIAN_POINT('',(5.709094774235,0.666776775842,0.370000000000));
#8464=VERTEX_POINT('',#8463);
#8465=CIRCLE('',#115,5.747900000000);
#8466=EDGE_CURVE('',#8464,#8459,#8465,.T.);
#8467=ORIENTED_EDGE('',*,*,#8466,.F.);
#8468=CARTESIAN_POINT('',(5.812090906624,0.642715599136,0.370000000000));
#8469=VERTEX_POINT('',#8468);
#8470=CARTESIAN_POINT('',(0.443154790985,1.896965808396,0.370000000000));
#8471=LINE('',#8470,#4975);
#8472=EDGE_CURVE('',#8464,#8469,#8471,.T.);
#8473=ORIENTED_EDGE('',*,*,#8472,.T.);
#8474=LINE('',#8470,#4975);
#8475=EDGE_CURVE('',#8469,#1665,#8474,.T.);
#8476=ORIENTED_EDGE('',*,*,#8475,.T.);
#8477=ORIENTED_EDGE('',*,*,#1667,.F.);
#8478=CARTESIAN_POINT('',(5.837108733444,0.348777410668,0.370000000000));
#8479=VERTEX_POINT('',#8478);
#8480=CARTESIAN_POINT('',(0.757369190483,-1.794786158934,0.370000000000));
#8481=LINE('',#8480,#4963);
#8482=EDGE_CURVE('',#1659,#8479,#8481,.T.);
#8483=ORIENTED_EDGE('',*,*,#8482,.T.);
#8484=CARTESIAN_POINT('',(5.739660465258,0.307655901221,0.370000000000));
#8485=VERTEX_POINT('',#8484);
#8486=LINE('',#8480,#4963);
#8487=EDGE_CURVE('',#8479,#8485,#8486,.T.);
#8488=ORIENTED_EDGE('',*,*,#8487,.T.);
#8489=CARTESIAN_POINT('',(5.745074315793,0.180209644620,0.370000000000));
#8490=VERTEX_POINT('',#8489);
#8491=CIRCLE('',#115,5.747900000000);
#8492=EDGE_CURVE('',#8490,#8485,#8491,.T.);
#8493=ORIENTED_EDGE('',*,*,#8492,.F.);
#8494=CARTESIAN_POINT('',(5.845658873101,0.147500466354,0.370000000000));
#8495=VERTEX_POINT('',#8494);
#8496=CARTESIAN_POINT('',(0.602432259853,1.852549815601,0.370000000000));
#8497=LINE('',#8496,#4945);
#8498=EDGE_CURVE('',#8490,#8495,#8497,.T.);
#8499=ORIENTED_EDGE('',*,*,#8498,.T.);
#8500=LINE('',#8496,#4945);
#8501=EDGE_CURVE('',#8495,#706,#8500,.T.);
#8502=ORIENTED_EDGE('',*,*,#8501,.T.);
#8503=ORIENTED_EDGE('',*,*,#708,.F.);
#8504=CARTESIAN_POINT('',(5.845658873101,-0.147500466354,0.370000000000));
#8505=VERTEX_POINT('',#8504);
#8506=CARTESIAN_POINT('',(0.602432259853,-1.852549815601,0.370000000000));
#8507=LINE('',#8506,#4933);
#8508=EDGE_CURVE('',#700,#8505,#8507,.T.);
#8509=ORIENTED_EDGE('',*,*,#8508,.T.);
#8510=CARTESIAN_POINT('',(5.745074315793,-0.180209644620,0.370000000000));
#8511=VERTEX_POINT('',#8510);
#8512=LINE('',#8506,#4933);
#8513=EDGE_CURVE('',#8505,#8511,#8512,.T.);
#8514=ORIENTED_EDGE('',*,*,#8513,.T.);
#8515=CARTESIAN_POINT('',(5.739660465258,-0.307655901221,0.370000000000));
#8516=VERTEX_POINT('',#8515);
#8517=CIRCLE('',#115,5.747900000000);
#8518=EDGE_CURVE('',#8516,#8511,#8517,.T.);
#8519=ORIENTED_EDGE('',*,*,#8518,.F.);
#8520=CARTESIAN_POINT('',(5.837108733444,-0.348777410668,0.370000000000));
#8521=VERTEX_POINT('',#8520);
#8522=CARTESIAN_POINT('',(0.757369190483,1.794786158934,0.370000000000));
#8523=LINE('',#8522,#4915);
#8524=EDGE_CURVE('',#8516,#8521,#8523,.T.);
#8525=ORIENTED_EDGE('',*,*,#8524,.T.);
#8526=LINE('',#8522,#4915);
#8527=EDGE_CURVE('',#8521,#453,#8526,.T.);
#8528=ORIENTED_EDGE('',*,*,#8527,.T.);
#8529=ORIENTED_EDGE('',*,*,#455,.F.);
#8530=CARTESIAN_POINT('',(5.812090906624,-0.642715599136,0.370000000000));
#8531=VERTEX_POINT('',#8530);
#8532=CARTESIAN_POINT('',(0.443154790985,-1.896965808396,0.370000000000));
#8533=LINE('',#8532,#4903);
#8534=EDGE_CURVE('',#447,#8531,#8533,.T.);
#8535=ORIENTED_EDGE('',*,*,#8534,.T.);
#8536=CARTESIAN_POINT('',(5.709094774235,-0.666776775842,0.370000000000));
#8537=VERTEX_POINT('',#8536);
#8538=LINE('',#8532,#4903);
#8539=EDGE_CURVE('',#8531,#8537,#8538,.T.);
#8540=ORIENTED_EDGE('',*,*,#8539,.T.);
#8541=CARTESIAN_POINT('',(5.692892229546,-0.793304779243,0.370000000000));
#8542=VERTEX_POINT('',#8541);
#8543=CIRCLE('',#115,5.747900000000);
#8544=EDGE_CURVE('',#8542,#8537,#8543,.T.);
#8545=ORIENTED_EDGE('',*,*,#8544,.F.);
#8546=CARTESIAN_POINT('',(5.786502091605,-0.842542338453,0.370000000000));
#8547=VERTEX_POINT('',#8546);
#8548=CARTESIAN_POINT('',(0.906849258741,1.724091026865,0.370000000000));
#8549=LINE('',#8548,#4885);
#8550=EDGE_CURVE('',#8542,#8547,#8549,.T.);
#8551=ORIENTED_EDGE('',*,*,#8550,.T.);
#8552=LINE('',#8548,#4885);
#8553=EDGE_CURVE('',#8547,#1304,#8552,.T.);
#8554=ORIENTED_EDGE('',*,*,#8553,.T.);
#8555=ORIENTED_EDGE('',*,*,#1306,.F.);
#8556=CARTESIAN_POINT('',(5.736646691982,-1.133299951298,0.370000000000));
#8557=VERTEX_POINT('',#8556);
#8558=CARTESIAN_POINT('',(0.280684381694,-1.927714119072,0.370000000000));
#8559=LINE('',#8558,#4873);
#8560=EDGE_CURVE('',#1298,#8557,#8559,.T.);
#8561=ORIENTED_EDGE('',*,*,#8560,.T.);
#8562=CARTESIAN_POINT('',(5.631981074005,-1.148539765115,0.370000000000));
#8563=VERTEX_POINT('',#8562);
#8564=LINE('',#8558,#4873);
#8565=EDGE_CURVE('',#8557,#8563,#8564,.T.);
#8566=ORIENTED_EDGE('',*,*,#8565,.T.);
#8567=CARTESIAN_POINT('',(5.605106574869,-1.273237878153,0.370000000000));
#8568=VERTEX_POINT('',#8567);
#8569=CIRCLE('',#115,5.747900000000);
#8570=EDGE_CURVE('',#8568,#8563,#8569,.T.);
#8571=ORIENTED_EDGE('',*,*,#8570,.F.);
#8572=CARTESIAN_POINT('',(5.694203569599,-1.330236729384,0.370000000000));
#8573=VERTEX_POINT('',#8572);
#8574=CARTESIAN_POINT('',(1.049795457310,1.640973779439,0.370000000000));
#8575=LINE('',#8574,#4855);
#8576=EDGE_CURVE('',#8568,#8573,#8575,.T.);
#8577=ORIENTED_EDGE('',*,*,#8576,.T.);
#8578=LINE('',#8574,#4855);
#8579=EDGE_CURVE('',#8573,#499,#8578,.T.);
#8580=ORIENTED_EDGE('',*,*,#8579,.T.);
#8581=ORIENTED_EDGE('',*,*,#501,.F.);
#8582=CARTESIAN_POINT('',(5.619869806468,-1.615718851342,0.370000000000));
#8583=VERTEX_POINT('',#8582);
#8584=CARTESIAN_POINT('',(0.116191635000,-1.944573205347,0.370000000000));
#8585=LINE('',#8584,#4843);
#8586=EDGE_CURVE('',#493,#8583,#8585,.T.);
#8587=ORIENTED_EDGE('',*,*,#8586,.T.);
#8588=CARTESIAN_POINT('',(5.514288821080,-1.622027499061,0.370000000000));
#8589=VERTEX_POINT('',#8588);
#8590=LINE('',#8584,#4843);
#8591=EDGE_CURVE('',#8583,#8589,#8590,.T.);
#8592=ORIENTED_EDGE('',*,*,#8591,.T.);
#8593=CARTESIAN_POINT('',(5.476935998878,-1.743997268974,0.370000000000));
#8594=VERTEX_POINT('',#8593);
#8595=CIRCLE('',#115,5.747900000000);
#8596=EDGE_CURVE('',#8594,#8589,#8595,.T.);
#8597=ORIENTED_EDGE('',*,*,#8596,.F.);
#8598=CARTESIAN_POINT('',(5.560878180392,-1.808346734197,0.370000000000));
#8599=VERTEX_POINT('',#8598);
#8600=CARTESIAN_POINT('',(1.185177855552,1.546033278330,0.370000000000));
#8601=LINE('',#8600,#4825);
#8602=EDGE_CURVE('',#8594,#8599,#8601,.T.);
#8603=ORIENTED_EDGE('',*,*,#8602,.T.);
#8604=LINE('',#8600,#4825);
#8605=EDGE_CURVE('',#8599,#1281,#8604,.T.);
#8606=ORIENTED_EDGE('',*,*,#8605,.T.);
#8607=ORIENTED_EDGE('',*,*,#1283,.F.);
#8608=CARTESIAN_POINT('',(5.462601630221,-2.086496460037,0.370000000000));
#8609=VERTEX_POINT('',#8608);
#8610=CARTESIAN_POINT('',(-0.049138275086,-1.947421597117,0.370000000000));
#8611=LINE('',#8610,#4813);
#8612=EDGE_CURVE('',#1275,#8609,#8611,.T.);
#8613=ORIENTED_EDGE('',*,*,#8612,.T.);
#8614=CARTESIAN_POINT('',(5.356865990840,-2.083828487708,0.370000000000));
#8615=VERTEX_POINT('',#8614);
#8616=LINE('',#8610,#4813);
#8617=EDGE_CURVE('',#8609,#8615,#8616,.T.);
#8618=ORIENTED_EDGE('',*,*,#8617,.T.);
#8619=CARTESIAN_POINT('',(5.309303973513,-2.202191119509,0.370000000000));
#8620=VERTEX_POINT('',#8619);
#8621=CIRCLE('',#115,5.747900000000);
#8622=EDGE_CURVE('',#8620,#8615,#8621,.T.);
#8623=ORIENTED_EDGE('',*,*,#8622,.F.);
#8624=CARTESIAN_POINT('',(5.387486536468,-2.273427559351,0.370000000000));
#8625=VERTEX_POINT('',#8624);
#8626=CARTESIAN_POINT('',(1.312021020187,1.439953572023,0.370000000000));
#8627=LINE('',#8626,#4795);
#8628=EDGE_CURVE('',#8620,#8625,#8627,.T.);
#8629=ORIENTED_EDGE('',*,*,#8628,.T.);
#8630=LINE('',#8626,#4795);
#8631=EDGE_CURVE('',#8625,#867,#8630,.T.);
#8632=ORIENTED_EDGE('',*,*,#8631,.T.);
#8633=ORIENTED_EDGE('',*,*,#869,.F.);
#8634=CARTESIAN_POINT('',(5.265975284052,-2.542240813926,0.370000000000));
#8635=VERTEX_POINT('',#8634);
#8636=CARTESIAN_POINT('',(-0.214114142774,-1.936238771655,0.370000000000));
#8637=LINE('',#8636,#4783);
#8638=EDGE_CURVE('',#861,#8635,#8637,.T.);
#8639=ORIENTED_EDGE('',*,*,#8638,.T.);
#8640=CARTESIAN_POINT('',(5.160846818383,-2.530615444350,0.370000000000));
#8641=VERTEX_POINT('',#8640);
#8642=LINE('',#8636,#4783);
#8643=EDGE_CURVE('',#8635,#8641,#8642,.T.);
#8644=ORIENTED_EDGE('',*,*,#8643,.T.);
#8645=CARTESIAN_POINT('',(5.103418291355,-2.644518132565,0.370000000000));
#8646=VERTEX_POINT('',#8645);
#8647=CIRCLE('',#115,5.747900000000);
#8648=EDGE_CURVE('',#8646,#8641,#8647,.T.);
#8649=ORIENTED_EDGE('',*,*,#8648,.F.);
#8650=CARTESIAN_POINT('',(5.175277928594,-2.722128286845,0.370000000000));
#8651=VERTEX_POINT('',#8650);
#8652=CARTESIAN_POINT('',(1.429411043307,1.323498967234,0.370000000000));
#8653=LINE('',#8652,#4765);
#8654=EDGE_CURVE('',#8646,#8651,#8653,.T.);
#8655=ORIENTED_EDGE('',*,*,#8654,.T.);
#8656=LINE('',#8652,#4765);
#8657=EDGE_CURVE('',#8651,#1734,#8656,.T.);
#8658=ORIENTED_EDGE('',*,*,#8657,.T.);
#8659=ORIENTED_EDGE('',*,*,#1736,.F.);
#8660=CARTESIAN_POINT('',(5.031407465292,-2.979668264496,0.370000000000));
#8661=VERTEX_POINT('',#8660);
#8662=CARTESIAN_POINT('',(-0.377547313157,-1.911105301475,0.370000000000));
#8663=LINE('',#8662,#4753);
#8664=EDGE_CURVE('',#1728,#8661,#8663,.T.);
#8665=ORIENTED_EDGE('',*,*,#8664,.T.);
#8666=CARTESIAN_POINT('',(4.927643626340,-2.959169258727,0.370000000000));
#8667=VERTEX_POINT('',#8666);
#8668=LINE('',#8662,#4753);
#8669=EDGE_CURVE('',#8661,#8667,#8668,.T.);
#8670=ORIENTED_EDGE('',*,*,#8669,.T.);
#8671=CARTESIAN_POINT('',(4.860762363464,-3.067791331876,0.370000000000));
#8672=VERTEX_POINT('',#8671);
#8673=CIRCLE('',#115,5.747900000000);
#8674=EDGE_CURVE('',#8672,#8667,#8673,.T.);
#8675=ORIENTED_EDGE('',*,*,#8674,.F.);
#8676=CARTESIAN_POINT('',(4.925781324654,-3.151216017656,0.370000000000));
#8677=VERTEX_POINT('',#8676);
#8678=CARTESIAN_POINT('',(1.536502127104,1.197508522057,0.370000000000));
#8679=LINE('',#8678,#4735);
#8680=EDGE_CURVE('',#8672,#8677,#8679,.T.);
#8681=ORIENTED_EDGE('',*,*,#8680,.T.);
#8682=LINE('',#8678,#4735);
#8683=EDGE_CURVE('',#8677,#1780,#8682,.T.);
#8684=ORIENTED_EDGE('',*,*,#8683,.T.);
#8685=ORIENTED_EDGE('',*,*,#1782,.F.);
#8686=CARTESIAN_POINT('',(4.760588240450,-3.395627136940,0.370000000000));
#8687=VERTEX_POINT('',#8686);
#8688=CARTESIAN_POINT('',(-0.538260246497,-1.872202273804,0.370000000000));
#8689=LINE('',#8688,#4723);
#8690=EDGE_CURVE('',#1774,#8687,#8689,.T.);
#8691=ORIENTED_EDGE('',*,*,#8690,.T.);
#8692=CARTESIAN_POINT('',(4.658936649051,-3.366402190786,0.370000000000));
#8693=VERTEX_POINT('',#8692);
#8694=LINE('',#8688,#4723);
#8695=EDGE_CURVE('',#8687,#8693,#8694,.T.);
#8696=ORIENTED_EDGE('',*,*,#8695,.T.);
#8697=CARTESIAN_POINT('',(4.583084531360,-3.468961024343,0.370000000000));
#8698=VERTEX_POINT('',#8697);
#8699=CIRCLE('',#115,5.747900000000);
#8700=EDGE_CURVE('',#8698,#8693,#8699,.T.);
#8701=ORIENTED_EDGE('',*,*,#8700,.F.);
#8702=CARTESIAN_POINT('',(4.640794353395,-3.557599164848,0.370000000000));
#8703=VERTEX_POINT('',#8702);
#8704=CARTESIAN_POINT('',(1.632522677867,1.062890000538,0.370000000000));
#8705=LINE('',#8704,#4705);
#8706=EDGE_CURVE('',#8698,#8703,#8705,.T.);
#8707=ORIENTED_EDGE('',*,*,#8706,.T.);
#8708=LINE('',#8704,#4705);
#8709=EDGE_CURVE('',#8703,#729,#8708,.T.);
#8710=ORIENTED_EDGE('',*,*,#8709,.T.);
#8711=ORIENTED_EDGE('',*,*,#731,.F.);
#8712=CARTESIAN_POINT('',(4.455468868247,-3.787120438053,0.370000000000));
#8713=VERTEX_POINT('',#8712);
#8714=CARTESIAN_POINT('',(-0.695095002427,-1.819809985849,0.370000000000));
#8715=LINE('',#8714,#4693);
#8716=EDGE_CURVE('',#723,#8713,#8715,.T.);
#8717=ORIENTED_EDGE('',*,*,#8716,.T.);
#8718=CARTESIAN_POINT('',(4.356661926448,-3.749380117918,0.370000000000));
#8719=VERTEX_POINT('',#8718);
#8720=LINE('',#8714,#4693);
#8721=EDGE_CURVE('',#8713,#8719,#8720,.T.);
#8722=ORIENTED_EDGE('',*,*,#8721,.T.);
#8723=CARTESIAN_POINT('',(4.272385470186,-3.845136773139,0.370000000000));
#8724=VERTEX_POINT('',#8723);
#8725=CIRCLE('',#115,5.747900000000);
#8726=EDGE_CURVE('',#8724,#8719,#8725,.T.);
#8727=ORIENTED_EDGE('',*,*,#8726,.F.);
#8728=CARTESIAN_POINT('',(4.322370352477,-3.938349728536,0.370000000000));
#8729=VERTEX_POINT('',#8728);
#8730=CARTESIAN_POINT('',(1.716780865327,0.920613332210,0.370000000000));
#8731=LINE('',#8730,#4675);
#8732=EDGE_CURVE('',#8724,#8729,#8731,.T.);
#8733=ORIENTED_EDGE('',*,*,#8732,.T.);
#8734=LINE('',#8730,#4675);
#8735=EDGE_CURVE('',#8729,#1166,#8734,.T.);
#8736=ORIENTED_EDGE('',*,*,#8735,.T.);
#8737=ORIENTED_EDGE('',*,*,#1168,.F.);
#8738=CARTESIAN_POINT('',(4.118247740752,-4.151327449628,0.370000000000));
#8739=VERTEX_POINT('',#8738);
#8740=CARTESIAN_POINT('',(-0.846921582936,-1.754305925246,0.370000000000));
#8741=LINE('',#8740,#4663);
#8742=EDGE_CURVE('',#1160,#8739,#8741,.T.);
#8743=ORIENTED_EDGE('',*,*,#8742,.T.);
#8744=CARTESIAN_POINT('',(4.022997354831,-4.105343675385,0.370000000000));
#8745=VERTEX_POINT('',#8744);
#8746=LINE('',#8740,#4663);
#8747=EDGE_CURVE('',#8739,#8745,#8746,.T.);
#8748=ORIENTED_EDGE('',*,*,#8747,.T.);
#8749=CARTESIAN_POINT('',(3.930903773798,-4.193608223373,0.370000000000));
#8750=VERTEX_POINT('',#8749);
#8751=CIRCLE('',#115,5.747900000000);
#8752=EDGE_CURVE('',#8750,#8745,#8751,.T.);
#8753=ORIENTED_EDGE('',*,*,#8752,.F.);
#8754=CARTESIAN_POINT('',(3.972803574123,-4.290724392183,0.370000000000));
#8755=VERTEX_POINT('',#8754);
#8756=CARTESIAN_POINT('',(1.788669607312,0.771703623727,0.370000000000));
#8757=LINE('',#8756,#4645);
#8758=EDGE_CURVE('',#8750,#8755,#8757,.T.);
#8759=ORIENTED_EDGE('',*,*,#8758,.T.);
#8760=LINE('',#8756,#4645);
#8761=EDGE_CURVE('',#8755,#568,#8760,.T.);
#8762=ORIENTED_EDGE('',*,*,#8761,.T.);
#8763=ORIENTED_EDGE('',*,*,#570,.F.);
#8764=CARTESIAN_POINT('',(3.751354543915,-4.485624051800,0.370000000000));
#8765=VERTEX_POINT('',#8764);
#8766=CARTESIAN_POINT('',(-0.992646074034,-1.676162050251,0.370000000000));
#8767=LINE('',#8766,#4633);
#8768=EDGE_CURVE('',#562,#8765,#8767,.T.);
#8769=ORIENTED_EDGE('',*,*,#8768,.T.);
#8770=CARTESIAN_POINT('',(3.660346995086,-4.431728137596,0.370000000000));
#8771=VERTEX_POINT('',#8770);
#8772=LINE('',#8766,#4633);
#8773=EDGE_CURVE('',#8765,#8771,#8772,.T.);
#8774=ORIENTED_EDGE('',*,*,#8773,.T.);
#8775=CARTESIAN_POINT('',(3.561099825643,-4.511864630261,0.370000000000));
#8776=VERTEX_POINT('',#8775);
#8777=CIRCLE('',#115,5.747900000000);
#8778=EDGE_CURVE('',#8776,#8771,#8777,.T.);
#8779=ORIENTED_EDGE('',*,*,#8778,.F.);
#8780=CARTESIAN_POINT('',(3.594612654980,-4.612184288263,0.370000000000));
#8781=VERTEX_POINT('',#8780);
#8782=CARTESIAN_POINT('',(1.847670943790,0.617233772951,0.370000000000));
#8783=LINE('',#8782,#4615);
#8784=EDGE_CURVE('',#8776,#8781,#8783,.T.);
#8785=ORIENTED_EDGE('',*,*,#8784,.T.);
#8786=LINE('',#8782,#4615);
#8787=EDGE_CURVE('',#8781,#936,#8786,.T.);
#8788=ORIENTED_EDGE('',*,*,#8787,.T.);
#8789=ORIENTED_EDGE('',*,*,#938,.F.);
#8790=CARTESIAN_POINT('',(3.357432751627,-4.787601629892,0.370000000000));
#8791=VERTEX_POINT('',#8790);
#8792=CARTESIAN_POINT('',(-1.131218527421,-1.585941389275,0.370000000000));
#8793=LINE('',#8792,#4603);
#8794=EDGE_CURVE('',#930,#8791,#8793,.T.);
#8795=ORIENTED_EDGE('',*,*,#8794,.T.);
#8796=CARTESIAN_POINT('',(3.271323751365,-4.726181897024,0.370000000000));
#8797=VERTEX_POINT('',#8796);
#8798=LINE('',#8792,#4603);
#8799=EDGE_CURVE('',#8791,#8797,#8798,.T.);
#8800=ORIENTED_EDGE('',*,*,#8799,.T.);
#8801=CARTESIAN_POINT('',(3.165638071643,-4.797612949099,0.370000000000));
#8802=VERTEX_POINT('',#8801);
#8803=CIRCLE('',#115,5.747900000000);
#8804=EDGE_CURVE('',#8802,#8797,#8803,.T.);
#8805=ORIENTED_EDGE('',*,*,#8804,.F.);
#8806=CARTESIAN_POINT('',(3.190522469288,-4.900413290857,0.370000000000));
#8807=VERTEX_POINT('',#8806);
#8808=CARTESIAN_POINT('',(1.893359768778,0.458316738697,0.370000000000));
#8809=LINE('',#8808,#4585);
#8810=EDGE_CURVE('',#8802,#8807,#8809,.T.);
#8811=ORIENTED_EDGE('',*,*,#8810,.T.);
#8812=LINE('',#8808,#4585);
#8813=EDGE_CURVE('',#8807,#1120,#8812,.T.);
#8814=ORIENTED_EDGE('',*,*,#8813,.T.);
#8815=ORIENTED_EDGE('',*,*,#1122,.F.);
#8816=CARTESIAN_POINT('',(2.939320579428,-5.055084428532,0.370000000000));
#8817=VERTEX_POINT('',#8816);
#8818=CARTESIAN_POINT('',(-1.261640525396,-1.484293984247,0.370000000000));
#8819=LINE('',#8818,#4573);
#8820=EDGE_CURVE('',#1114,#8817,#8819,.T.);
#8821=ORIENTED_EDGE('',*,*,#8820,.T.);
#8822=CARTESIAN_POINT('',(2.858730545053,-4.986583407583,0.370000000000));
#8823=VERTEX_POINT('',#8822);
#8824=LINE('',#8818,#4573);
#8825=EDGE_CURVE('',#8817,#8823,#8824,.T.);
#8826=ORIENTED_EDGE('',*,*,#8825,.T.);
#8827=CARTESIAN_POINT('',(2.747367822795,-5.048794356702,0.370000000000));
#8828=VERTEX_POINT('',#8827);
#8829=CIRCLE('',#115,5.747900000000);
#8830=EDGE_CURVE('',#8828,#8823,#8829,.T.);
#8831=ORIENTED_EDGE('',*,*,#8830,.F.);
#8832=CARTESIAN_POINT('',(2.763444496094,-5.153334703398,0.370000000000));
#8833=VERTEX_POINT('',#8832);
#8834=CARTESIAN_POINT('',(1.925406893245,0.296097521839,0.370000000000));
#8835=LINE('',#8834,#4555);
#8836=EDGE_CURVE('',#8828,#8833,#8835,.T.);
#8837=ORIENTED_EDGE('',*,*,#8836,.T.);
#8838=LINE('',#8834,#4555);
#8839=EDGE_CURVE('',#8833,#1028,#8838,.T.);
#8840=ORIENTED_EDGE('',*,*,#8839,.T.);
#8841=ORIENTED_EDGE('',*,*,#1030,.F.);
#8842=CARTESIAN_POINT('',(2.500030535100,-5.286145228028,0.370000000000));
#8843=VERTEX_POINT('',#8842);
#8844=CARTESIAN_POINT('',(-1.382972374476,-1.371952207051,0.370000000000));
#8845=LINE('',#8844,#4543);
#8846=EDGE_CURVE('',#1022,#8843,#8845,.T.);
#8847=ORIENTED_EDGE('',*,*,#8846,.T.);
#8848=CARTESIAN_POINT('',(2.425540119657,-5.211056470423,0.370000000000));
#8849=VERTEX_POINT('',#8848);
#8850=LINE('',#8844,#4543);
#8851=EDGE_CURVE('',#8843,#8849,#8850,.T.);
#8852=ORIENTED_EDGE('',*,*,#8851,.T.);
#8853=CARTESIAN_POINT('',(2.309302725829,-5.263599085272,0.370000000000));
#8854=VERTEX_POINT('',#8853);
#8855=CIRCLE('',#115,5.747900000000);
#8856=EDGE_CURVE('',#8854,#8849,#8855,.T.);
#8857=ORIENTED_EDGE('',*,*,#8856,.F.);
#8858=CARTESIAN_POINT('',(2.316455841981,-5.369126221313,0.370000000000));
#8859=VERTEX_POINT('',#8858);
#8860=CARTESIAN_POINT('',(1.943581416927,0.131744915551,0.370000000000));
#8861=LINE('',#8860,#4525);
#8862=EDGE_CURVE('',#8854,#8859,#8861,.T.);
#8863=ORIENTED_EDGE('',*,*,#8862,.T.);
#8864=LINE('',#8860,#4525);
#8865=EDGE_CURVE('',#8859,#338,#8864,.T.);
#8866=ORIENTED_EDGE('',*,*,#8865,.T.);
#8867=ORIENTED_EDGE('',*,*,#340,.F.);
#8868=CARTESIAN_POINT('',(2.042727713478,-5.479119230025,0.370000000000));
#8869=VERTEX_POINT('',#8868);
#8870=CARTESIAN_POINT('',(-1.494339875907,-1.249725482764,0.370000000000));
#8871=LINE('',#8870,#4513);
#8872=EDGE_CURVE('',#332,#8869,#8871,.T.);
#8873=ORIENTED_EDGE('',*,*,#8872,.T.);
#8874=CARTESIAN_POINT('',(1.974873622117,-5.397983751983,0.370000000000));
#8875=VERTEX_POINT('',#8874);
#8876=LINE('',#8870,#4513);
#8877=EDGE_CURVE('',#8869,#8875,#8876,.T.);
#8878=ORIENTED_EDGE('',*,*,#8877,.T.);
#8879=CARTESIAN_POINT('',(1.854599049805,-5.440479461818,0.370000000000));
#8880=VERTEX_POINT('',#8879);
#8881=CIRCLE('',#115,5.747900000000);
#8882=EDGE_CURVE('',#8880,#8875,#8881,.T.);
#8883=ORIENTED_EDGE('',*,*,#8882,.F.);
#8884=CARTESIAN_POINT('',(1.852777070445,-5.546233061770,0.370000000000));
#8885=VERTEX_POINT('',#8884);
#8886=CARTESIAN_POINT('',(1.947752391962,-0.033556915873,0.370000000000));
#8887=LINE('',#8886,#4495);
#8888=EDGE_CURVE('',#8880,#8885,#8887,.T.);
#8889=ORIENTED_EDGE('',*,*,#8888,.T.);
#8890=LINE('',#8886,#4495);
#8891=EDGE_CURVE('',#8885,#407,#8890,.T.);
#8892=ORIENTED_EDGE('',*,*,#8891,.T.);
#8893=ORIENTED_EDGE('',*,*,#409,.F.);
#8894=CARTESIAN_POINT('',(1.570706991872,-5.632616052415,0.370000000000));
#8895=VERTEX_POINT('',#8894);
#8896=CARTESIAN_POINT('',(-1.594940624289,-1.118494457737,0.370000000000));
#8897=LINE('',#8896,#4483);
#8898=EDGE_CURVE('',#401,#8895,#8897,.T.);
#8899=ORIENTED_EDGE('',*,*,#8898,.T.);
#8900=CARTESIAN_POINT('',(1.509978114875,-5.546018436915,0.370000000000));
#8901=VERTEX_POINT('',#8900);
#8902=LINE('',#8896,#4483);
#8903=EDGE_CURVE('',#8895,#8901,#8902,.T.);
#8904=ORIENTED_EDGE('',*,*,#8903,.T.);
#8905=CARTESIAN_POINT('',(1.386532945130,-5.578161059173,0.370000000000));
#8906=VERTEX_POINT('',#8905);
#8907=CIRCLE('',#115,5.747900000000);
#8908=EDGE_CURVE('',#8906,#8901,#8907,.T.);
#8909=ORIENTED_EDGE('',*,*,#8908,.F.);
#8910=CARTESIAN_POINT('',(1.375748997661,-5.683379165925,0.370000000000));
#8911=VERTEX_POINT('',#8910);
#8912=CARTESIAN_POINT('',(1.937889766380,-0.198616968948,0.370000000000));
#8913=LINE('',#8912,#4465);
#8914=EDGE_CURVE('',#8906,#8911,#8913,.T.);
#8915=ORIENTED_EDGE('',*,*,#8914,.T.);
#8916=LINE('',#8912,#4465);
#8917=EDGE_CURVE('',#8911,#246,#8916,.T.);
#8918=ORIENTED_EDGE('',*,*,#8917,.T.);
#8919=ORIENTED_EDGE('',*,*,#248,.F.);
#8920=CARTESIAN_POINT('',(1.087369290397,-5.745529747076,0.370000000000));
#8921=VERTEX_POINT('',#8920);
#8922=CARTESIAN_POINT('',(-1.684049788925,-0.979204654512,0.370000000000));
#8923=LINE('',#8922,#4453);
#8924=EDGE_CURVE('',#240,#8921,#8923,.T.);
#8925=ORIENTED_EDGE('',*,*,#8924,.T.);
#8926=CARTESIAN_POINT('',(1.034203180715,-5.654093931922,0.370000000000));
#8927=VERTEX_POINT('',#8926);
#8928=LINE('',#8922,#4453);
#8929=EDGE_CURVE('',#8921,#8927,#8928,.T.);
#8930=ORIENTED_EDGE('',*,*,#8929,.T.);
#8931=CIRCLE('',#115,5.747900000000);
#8932=EDGE_CURVE('',#25,#8927,#8931,.T.);
#8933=ORIENTED_EDGE('',*,*,#8932,.F.);
#8934=ORIENTED_EDGE('',*,*,#27,.F.);
#8935=EDGE_LOOP('',(#7029,#7030,#7036,#7041,#7046,#7052,#7055,#7056,#7062,#7067,#7072,#7078,#7081,#7082,#7088,#7093,#7098,#7104,#7107,#7108,#7114,#7119,#7124,#7130,#7133,#7134,#7140,#7145,#7150,#7156,#7159,#7160,#7166,#7171,#7176,#7182,#7185,#7186,#7192,#7197,#7202,#7208,#7211,#7212,#7218,#7223,#7228,#7234,#7237,#7238,#7244,#7249,#7254,#7260,#7263,#7264,#7270,#7275,#7280,#7286,#7289,#7290,#7296,#7301,#7306,#7312,#7315,#7316,#7322,#7327,#7332,#7338,#7341,#7342,#7348,#7353,#7358,#7364,#7367,#7368,#7374,#7379,#7384,#7390,#7393,#7394,#7400,#7405,#7410,#7416,#7419,#7420,#7426,#7431,#7436,#7442,#7445,#7446,#7452,#7457,#7462,#7468,#7471,#7472,#7478,#7483,#7488,#7494,#7497,#7498,#7504,#7509,#7514,#7520,#7523,#7524,#7530,#7535,#7540,#7546,#7549,#7550,#7556,#7561,#7566,#7572,#7575,#7576,#7582,#7587,#7592,#7598,#7601,#7602,#7608,#7613,#7618,#7624,#7627,#7628,#7634,#7639,#7644,#7650,#7653,#7654,#7660,#7665,#7670,#7676,#7679,#7680,#7686,#7691,#7696,#7702,#7705,#7706,#7712,#7717,#7722,#7728,#7731,#7732,#7738,#7743,#7748,#7754,#7757,#7758,#7764,#7769,#7774,#7780,#7783,#7784,#7790,#7795,#7800,#7806,#7809,#7810,#7816,#7821,#7826,#7832,#7835,#7836,#7842,#7847,#7852,#7858,#7861,#7862,#7868,#7873,#7878,#7884,#7887,#7888,#7894,#7899,#7904,#7910,#7913,#7914,#7920,#7925,#7930,#7936,#7939,#7940,#7946,#7951,#7956,#7962,#7965,#7966,#7972,#7977,#7982,#7988,#7991,#7992,#7998,#8003,#8008,#8014,#8017,#8018,#8024,#8029,#8034,#8040,#8043,#8044,#8050,#8055,#8060,#8066,#8069,#8070,#8076,#8081,#8086,#8092,#8095,#8096,#8102,#8107,#8112,#8118,#8121,#8122,#8128,#8133,#8138,#8144,#8147,#8148,#8154,#8159,#8164,#8170,#8173,#8174,#8175,#8176,#8181,#8187,#8190,#8191,#8197,#8202,#8207,#8213,#8216,#8217,#8223,#8228,#8233,#8239,#8242,#8243,#8249,#8254,#8259,#8265,#8268,#8269,#8275,#8280,#8285,#8291,#8294,#8295,#8301,#8306,#8311,#8317,#8320,#8321,#8327,#8332,#8337,#8343,#8346,#8347,#8353,#8358,#8363,#8369,#8372,#8373,#8379,#8384,#8389,#8395,#8398,#8399,#8405,#8410,#8415,#8421,#8424,#8425,#8431,#8436,#8441,#8447,#8450,#8451,#8457,#8462,#8467,#8473,#8476,#8477,#8483,#8488,#8493,#8499,#8502,#8503,#8509,#8514,#8519,#8525,#8528,#8529,#8535,#8540,#8545,#8551,#8554,#8555,#8561,#8566,#8571,#8577,#8580,#8581,#8587,#8592,#8597,#8603,#8606,#8607,#8613,#8618,#8623,#8629,#8632,#8633,#8639,#8644,#8649,#8655,#8658,#8659,#8665,#8670,#8675,#8681,#8684,#8685,#8691,#8696,#8701,#8707,#8710,#8711,#8717,#8722,#8727,#8733,#8736,#8737,#8743,#8748,#8753,#8759,#8762,#8763,#8769,#8774,#8779,#8785,#8788,#8789,#8795,#8800,#8805,#8811,#8814,#8815,#8821,#8826,#8831,#8837,#8840,#8841,#8847,#8852,#8857,#8863,#8866,#8867,#8873,#8878,#8883,#8889,#8892,#8893,#8899,#8904,#8909,#8915,#8918,#8919,#8925,#8930,#8933,#8934));
#8936=FACE_BOUND('',#7028,.T.);
#8937=FACE_OUTER_BOUND('',#8935,.T.);
#8938=ADVANCED_FACE('',(#8936,#8937),#5547,.T.);
#8939=CARTESIAN_POINT('',(-0.116191635000,1.944573205347,0.000000000000));
#8940=DIRECTION('',(-0.059645361074,0.998219630594,0.000000000000));
#8941=AXIS2_PLACEMENT_3D('',#8939,#8940,#3745);
#8942=PLANE('',#8941);
#8943=ORIENTED_EDGE('',*,*,#473,.T.);
#8944=ORIENTED_EDGE('',*,*,#4848,.F.);
#8945=ORIENTED_EDGE('',*,*,#4845,.F.);
#8946=CARTESIAN_POINT('',(-5.514288821080,1.622027499061,0.425000000000));
#8947=LINE('',#8946,#12);
#8948=EDGE_CURVE('',#7636,#4835,#8947,.T.);
#8949=ORIENTED_EDGE('',*,*,#8948,.F.);
#8950=ORIENTED_EDGE('',*,*,#7638,.F.);
#8951=ORIENTED_EDGE('',*,*,#7633,.F.);
#8952=EDGE_LOOP('',(#8943,#8944,#8945,#8949,#8950,#8951));
#8953=FACE_OUTER_BOUND('',#8952,.T.);
#8954=ADVANCED_FACE('',(#8953),#8942,.T.);
#8955=CARTESIAN_POINT('',(1.429411043307,1.323498967234,0.000000000000));
#8956=DIRECTION('',(0.733768294088,0.679399801731,0.000000000000));
#8957=AXIS2_PLACEMENT_3D('',#8955,#8956,#4764);
#8958=PLANE('',#8957);
#8959=ORIENTED_EDGE('',*,*,#1740,.F.);
#8960=ORIENTED_EDGE('',*,*,#8657,.F.);
#8961=ORIENTED_EDGE('',*,*,#8654,.F.);
#8962=CARTESIAN_POINT('',(5.103418291355,-2.644518132565,0.425000000000));
#8963=LINE('',#8962,#12);
#8964=EDGE_CURVE('',#8646,#3673,#8963,.T.);
#8965=ORIENTED_EDGE('',*,*,#8964,.T.);
#8966=ORIENTED_EDGE('',*,*,#3675,.F.);
#8967=ORIENTED_EDGE('',*,*,#3670,.F.);
#8968=EDGE_LOOP('',(#8959,#8960,#8961,#8965,#8966,#8967));
#8969=FACE_OUTER_BOUND('',#8968,.T.);
#8970=ADVANCED_FACE('',(#8969),#8958,.T.);
#8971=CARTESIAN_POINT('',(1.536502127104,1.197508522057,0.000000000000));
#8972=DIRECTION('',(0.788742013675,0.614724357630,0.000000000000));
#8973=AXIS2_PLACEMENT_3D('',#8971,#8972,#4734);
#8974=PLANE('',#8973);
#8975=ORIENTED_EDGE('',*,*,#1786,.F.);
#8976=ORIENTED_EDGE('',*,*,#8683,.F.);
#8977=ORIENTED_EDGE('',*,*,#8680,.F.);
#8978=CARTESIAN_POINT('',(4.860762363464,-3.067791331876,0.425000000000));
#8979=LINE('',#8978,#12);
#8980=EDGE_CURVE('',#8672,#3643,#8979,.T.);
#8981=ORIENTED_EDGE('',*,*,#8980,.T.);
#8982=ORIENTED_EDGE('',*,*,#3645,.F.);
#8983=ORIENTED_EDGE('',*,*,#3640,.F.);
#8984=EDGE_LOOP('',(#8975,#8976,#8977,#8981,#8982,#8983));
#8985=FACE_OUTER_BOUND('',#8984,.T.);
#8986=ADVANCED_FACE('',(#8985),#8974,.T.);
#8987=CARTESIAN_POINT('',(1.261640525396,1.484293984247,0.000000000000));
#8988=DIRECTION('',(0.647645630280,0.761941689094,0.000000000000));
#8989=AXIS2_PLACEMENT_3D('',#8987,#8988,#3475);
#8990=PLANE('',#8989);
#8991=ORIENTED_EDGE('',*,*,#611,.T.);
#8992=ORIENTED_EDGE('',*,*,#4578,.F.);
#8993=ORIENTED_EDGE('',*,*,#4575,.F.);
#8994=CARTESIAN_POINT('',(-2.858730545053,4.986583407583,0.425000000000));
#8995=LINE('',#8994,#12);
#8996=EDGE_CURVE('',#7870,#4565,#8995,.T.);
#8997=ORIENTED_EDGE('',*,*,#8996,.F.);
#8998=ORIENTED_EDGE('',*,*,#7872,.F.);
#8999=ORIENTED_EDGE('',*,*,#7867,.F.);
#9000=EDGE_LOOP('',(#8991,#8992,#8993,#8997,#8998,#8999));
#9001=FACE_OUTER_BOUND('',#9000,.T.);
#9002=ADVANCED_FACE('',(#9001),#8990,.T.);
#9003=CARTESIAN_POINT('',(1.049795457310,-1.640973779439,0.000000000000));
#9004=DIRECTION('',(0.538897908658,-0.842371084525,0.000000000000));
#9005=AXIS2_PLACEMENT_3D('',#9003,#9004,#5022);
#9006=PLANE('',#9005);
#9007=ORIENTED_EDGE('',*,*,#841,.T.);
#9008=ORIENTED_EDGE('',*,*,#3931,.F.);
#9009=ORIENTED_EDGE('',*,*,#3928,.F.);
#9010=CARTESIAN_POINT('',(5.605106574869,1.273237878153,0.425000000000));
#9011=LINE('',#9010,#12);
#9012=EDGE_CURVE('',#8433,#3918,#9011,.T.);
#9013=ORIENTED_EDGE('',*,*,#9012,.F.);
#9014=ORIENTED_EDGE('',*,*,#8435,.F.);
#9015=ORIENTED_EDGE('',*,*,#8430,.F.);
#9016=EDGE_LOOP('',(#9007,#9008,#9009,#9013,#9014,#9015));
#9017=FACE_OUTER_BOUND('',#9016,.T.);
#9018=ADVANCED_FACE('',(#9017),#9006,.T.);
#9019=CARTESIAN_POINT('',(-1.847670943790,-0.617233772951,0.000000000000));
#9020=DIRECTION('',(-0.948476201306,-0.316848379444,0.000000000000));
#9021=AXIS2_PLACEMENT_3D('',#9019,#9020,#3517);
#9022=PLANE('',#9021);
#9023=ORIENTED_EDGE('',*,*,#1563,.F.);
#9024=ORIENTED_EDGE('',*,*,#7834,.F.);
#9025=ORIENTED_EDGE('',*,*,#7831,.F.);
#9026=CARTESIAN_POINT('',(-3.561099825643,4.511864630261,0.425000000000));
#9027=LINE('',#9026,#12);
#9028=EDGE_CURVE('',#7823,#4620,#9027,.T.);
#9029=ORIENTED_EDGE('',*,*,#9028,.T.);
#9030=ORIENTED_EDGE('',*,*,#4622,.F.);
#9031=ORIENTED_EDGE('',*,*,#4617,.F.);
#9032=EDGE_LOOP('',(#9023,#9024,#9025,#9029,#9030,#9031));
#9033=FACE_OUTER_BOUND('',#9032,.T.);
#9034=ADVANCED_FACE('',(#9033),#9022,.T.);
#9035=CARTESIAN_POINT('',(-0.602432259853,-1.852549815601,0.000000000000));
#9036=DIRECTION('',(-0.309250228397,-0.950980702347,0.000000000000));
#9037=AXIS2_PLACEMENT_3D('',#9035,#9036,#3847);
#9038=PLANE('',#9037);
#9039=ORIENTED_EDGE('',*,*,#1333,.F.);
#9040=ORIENTED_EDGE('',*,*,#7548,.F.);
#9041=ORIENTED_EDGE('',*,*,#7545,.F.);
#9042=CARTESIAN_POINT('',(-5.745074315793,-0.180209644620,0.425000000000));
#9043=LINE('',#9042,#12);
#9044=EDGE_CURVE('',#7537,#4950,#9043,.T.);
#9045=ORIENTED_EDGE('',*,*,#9044,.T.);
#9046=ORIENTED_EDGE('',*,*,#4952,.F.);
#9047=ORIENTED_EDGE('',*,*,#4947,.F.);
#9048=EDGE_LOOP('',(#9039,#9040,#9041,#9045,#9046,#9047));
#9049=FACE_OUTER_BOUND('',#9048,.T.);
#9050=ADVANCED_FACE('',(#9049),#9038,.T.);
#9051=CARTESIAN_POINT('',(0.116191635000,1.944573205347,0.000000000000));
#9052=DIRECTION('',(0.059645361074,0.998219630594,0.000000000000));
#9053=AXIS2_PLACEMENT_3D('',#9051,#9052,#5034);
#9054=PLANE('',#9053);
#9055=ORIENTED_EDGE('',*,*,#850,.F.);
#9056=ORIENTED_EDGE('',*,*,#8423,.F.);
#9057=ORIENTED_EDGE('',*,*,#8420,.F.);
#9058=CARTESIAN_POINT('',(5.514288821080,1.622027499061,0.425000000000));
#9059=LINE('',#9058,#12);
#9060=EDGE_CURVE('',#8412,#3943,#9059,.T.);
#9061=ORIENTED_EDGE('',*,*,#9060,.T.);
#9062=ORIENTED_EDGE('',*,*,#3945,.F.);
#9063=ORIENTED_EDGE('',*,*,#3940,.F.);
#9064=EDGE_LOOP('',(#9055,#9056,#9057,#9061,#9062,#9063));
#9065=FACE_OUTER_BOUND('',#9064,.T.);
#9066=ADVANCED_FACE('',(#9065),#9054,.T.);
#9067=CARTESIAN_POINT('',(-0.906849258741,1.724091026865,0.000000000000));
#9068=DIRECTION('',(-0.465518464193,0.885038168383,0.000000000000));
#9069=AXIS2_PLACEMENT_3D('',#9067,#9068,#3895);
#9070=PLANE('',#9069);
#9071=ORIENTED_EDGE('',*,*,#1685,.T.);
#9072=ORIENTED_EDGE('',*,*,#4998,.F.);
#9073=ORIENTED_EDGE('',*,*,#4995,.F.);
#9074=CARTESIAN_POINT('',(-5.692892229546,-0.793304779243,0.425000000000));
#9075=LINE('',#9074,#12);
#9076=EDGE_CURVE('',#7506,#4985,#9075,.T.);
#9077=ORIENTED_EDGE('',*,*,#9076,.F.);
#9078=ORIENTED_EDGE('',*,*,#7508,.F.);
#9079=ORIENTED_EDGE('',*,*,#7503,.F.);
#9080=EDGE_LOOP('',(#9071,#9072,#9073,#9077,#9078,#9079));
#9081=FACE_OUTER_BOUND('',#9080,.T.);
#9082=ADVANCED_FACE('',(#9081),#9070,.T.);
#9083=CARTESIAN_POINT('',(1.943581416927,-0.131744915551,0.000000000000));
#9084=DIRECTION('',(0.997710509791,-0.067629421496,0.000000000000));
#9085=AXIS2_PLACEMENT_3D('',#9083,#9084,#5350);
#9086=PLANE('',#9085);
#9087=ORIENTED_EDGE('',*,*,#1708,.T.);
#9088=ORIENTED_EDGE('',*,*,#4250,.F.);
#9089=ORIENTED_EDGE('',*,*,#4247,.F.);
#9090=CARTESIAN_POINT('',(2.309302725829,5.263599085272,0.425000000000));
#9091=LINE('',#9090,#12);
#9092=EDGE_CURVE('',#8156,#4237,#9091,.T.);
#9093=ORIENTED_EDGE('',*,*,#9092,.F.);
#9094=ORIENTED_EDGE('',*,*,#8158,.F.);
#9095=ORIENTED_EDGE('',*,*,#8153,.F.);
#9096=EDGE_LOOP('',(#9087,#9088,#9089,#9093,#9094,#9095));
#9097=FACE_OUTER_BOUND('',#9096,.T.);
#9098=ADVANCED_FACE('',(#9097),#9086,.T.);
#9099=CARTESIAN_POINT('',(-0.695095002427,1.819809985849,0.000000000000));
#9100=DIRECTION('',(-0.356817359533,0.934174165740,0.000000000000));
#9101=AXIS2_PLACEMENT_3D('',#9099,#9100,#5184);
#9102=PLANE('',#9101);
#9103=ORIENTED_EDGE('',*,*,#804,.F.);
#9104=ORIENTED_EDGE('',*,*,#8293,.F.);
#9105=ORIENTED_EDGE('',*,*,#8290,.F.);
#9106=CARTESIAN_POINT('',(4.356661926448,3.749380117918,0.425000000000));
#9107=LINE('',#9106,#12);
#9108=EDGE_CURVE('',#8282,#4093,#9107,.T.);
#9109=ORIENTED_EDGE('',*,*,#9108,.T.);
#9110=ORIENTED_EDGE('',*,*,#4095,.F.);
#9111=ORIENTED_EDGE('',*,*,#4090,.F.);
#9112=EDGE_LOOP('',(#9103,#9104,#9105,#9109,#9110,#9111));
#9113=FACE_OUTER_BOUND('',#9112,.T.);
#9114=ADVANCED_FACE('',(#9113),#9102,.T.);
#9115=CARTESIAN_POINT('',(0.116191635000,-1.944573205347,0.000000000000));
#9116=DIRECTION('',(0.059645361074,-0.998219630594,0.000000000000));
#9117=AXIS2_PLACEMENT_3D('',#9115,#9116,#4842);
#9118=PLANE('',#9117);
#9119=ORIENTED_EDGE('',*,*,#496,.T.);
#9120=ORIENTED_EDGE('',*,*,#3751,.F.);
#9121=ORIENTED_EDGE('',*,*,#3748,.F.);
#9122=CARTESIAN_POINT('',(5.514288821080,-1.622027499061,0.425000000000));
#9123=LINE('',#9122,#12);
#9124=EDGE_CURVE('',#8589,#3738,#9123,.T.);
#9125=ORIENTED_EDGE('',*,*,#9124,.F.);
#9126=ORIENTED_EDGE('',*,*,#8591,.F.);
#9127=ORIENTED_EDGE('',*,*,#8586,.F.);
#9128=EDGE_LOOP('',(#9119,#9120,#9121,#9125,#9126,#9127));
#9129=FACE_OUTER_BOUND('',#9128,.T.);
#9130=ADVANCED_FACE('',(#9129),#9118,.T.);
#9131=CARTESIAN_POINT('',(-0.538260246497,1.872202273804,0.000000000000));
#9132=DIRECTION('',(-0.276308417160,0.961069018649,0.000000000000));
#9133=AXIS2_PLACEMENT_3D('',#9131,#9132,#5154);
#9134=PLANE('',#9133);
#9135=ORIENTED_EDGE('',*,*,#1149,.F.);
#9136=ORIENTED_EDGE('',*,*,#8319,.F.);
#9137=ORIENTED_EDGE('',*,*,#8316,.F.);
#9138=CARTESIAN_POINT('',(4.658936649051,3.366402190786,0.425000000000));
#9139=LINE('',#9138,#12);
#9140=EDGE_CURVE('',#8308,#4063,#9139,.T.);
#9141=ORIENTED_EDGE('',*,*,#9140,.T.);
#9142=ORIENTED_EDGE('',*,*,#4065,.F.);
#9143=ORIENTED_EDGE('',*,*,#4060,.F.);
#9144=EDGE_LOOP('',(#9135,#9136,#9137,#9141,#9142,#9143));
#9145=FACE_OUTER_BOUND('',#9144,.T.);
#9146=ADVANCED_FACE('',(#9145),#9134,.T.);
#9147=CARTESIAN_POINT('',(0.757369190483,-1.794786158934,0.000000000000));
#9148=DIRECTION('',(0.388784948527,-0.921328531958,0.000000000000));
#9149=AXIS2_PLACEMENT_3D('',#9147,#9148,#4962);
#9150=PLANE('',#9149);
#9151=ORIENTED_EDGE('',*,*,#1662,.T.);
#9152=ORIENTED_EDGE('',*,*,#3871,.F.);
#9153=ORIENTED_EDGE('',*,*,#3868,.F.);
#9154=CARTESIAN_POINT('',(5.739660465258,0.307655901221,0.425000000000));
#9155=LINE('',#9154,#12);
#9156=EDGE_CURVE('',#8485,#3858,#9155,.T.);
#9157=ORIENTED_EDGE('',*,*,#9156,.F.);
#9158=ORIENTED_EDGE('',*,*,#8487,.F.);
#9159=ORIENTED_EDGE('',*,*,#8482,.F.);
#9160=EDGE_LOOP('',(#9151,#9152,#9153,#9157,#9158,#9159));
#9161=FACE_OUTER_BOUND('',#9160,.T.);
#9162=ADVANCED_FACE('',(#9161),#9150,.T.);
#9163=CYLINDRICAL_SURFACE('',#95,0.450000000000);
#9164=CARTESIAN_POINT('',(0.000000000000,0.450000000000,0.625000000000));
#9165=VERTEX_POINT('',#9164);
#9166=CARTESIAN_POINT('',(0.000000000000,0.000000000000,0.625000000000));
#9167=AXIS2_PLACEMENT_3D('',#9166,#11,#94);
#9168=CIRCLE('',#9167,0.450000000000);
#9169=EDGE_CURVE('',#9165,#9165,#9168,.T.);
#9170=ORIENTED_EDGE('',*,*,#9169,.T.);
#9171=EDGE_LOOP('',(#9170));
#9172=CARTESIAN_POINT('',(0.000000000000,0.450000000000,-0.625000000000));
#9173=VERTEX_POINT('',#9172);
#9174=CARTESIAN_POINT('',(0.000000000000,0.000000000000,-0.625000000000));
#9175=AXIS2_PLACEMENT_3D('',#9174,#11,#94);
#9176=CIRCLE('',#9175,0.450000000000);
#9177=EDGE_CURVE('',#9173,#9173,#9176,.T.);
#9178=ORIENTED_EDGE('',*,*,#9177,.F.);
#9179=EDGE_LOOP('',(#9178));
#9180=FACE_BOUND('',#9171,.T.);
#9181=FACE_BOUND('',#9179,.T.);
#9182=ADVANCED_FACE('',(#9180,#9181),#9163,.F.);
#9183=CARTESIAN_POINT('',(-1.825312655658,0.680513891182,0.000000000000));
#9184=DIRECTION('',(-0.936998884814,0.349332348714,0.000000000000));
#9185=AXIS2_PLACEMENT_3D('',#9183,#9184,#5482);
#9186=PLANE('',#9185);
#9187=ORIENTED_EDGE('',*,*,#896,.F.);
#9188=ORIENTED_EDGE('',*,*,#8042,.F.);
#9189=ORIENTED_EDGE('',*,*,#8039,.F.);
#9190=CARTESIAN_POINT('',(0.063780596773,5.747546123823,0.425000000000));
#9191=LINE('',#9190,#12);
#9192=EDGE_CURVE('',#8031,#4382,#9191,.T.);
#9193=ORIENTED_EDGE('',*,*,#9192,.T.);
#9194=ORIENTED_EDGE('',*,*,#4384,.F.);
#9195=ORIENTED_EDGE('',*,*,#4379,.F.);
#9196=EDGE_LOOP('',(#9187,#9188,#9189,#9193,#9194,#9195));
#9197=FACE_OUTER_BOUND('',#9196,.T.);
#9198=ADVANCED_FACE('',(#9197),#9186,.T.);
#9199=CARTESIAN_POINT('',(-0.443154790985,-1.896965808396,0.000000000000));
#9200=DIRECTION('',(-0.227487353285,-0.973781034984,0.000000000000));
#9201=AXIS2_PLACEMENT_3D('',#9199,#9200,#3877);
#9202=PLANE('',#9201);
#9203=ORIENTED_EDGE('',*,*,#919,.F.);
#9204=ORIENTED_EDGE('',*,*,#7522,.F.);
#9205=ORIENTED_EDGE('',*,*,#7519,.F.);
#9206=CARTESIAN_POINT('',(-5.709094774235,-0.666776775842,0.425000000000));
#9207=LINE('',#9206,#12);
#9208=EDGE_CURVE('',#7511,#4980,#9207,.T.);
#9209=ORIENTED_EDGE('',*,*,#9208,.T.);
#9210=ORIENTED_EDGE('',*,*,#4982,.F.);
#9211=ORIENTED_EDGE('',*,*,#4977,.F.);
#9212=EDGE_LOOP('',(#9203,#9204,#9205,#9209,#9210,#9211));
#9213=FACE_OUTER_BOUND('',#9212,.T.);
#9214=ADVANCED_FACE('',(#9213),#9202,.T.);
#9215=CARTESIAN_POINT('',(-1.594940624289,-1.118494457737,0.000000000000));
#9216=DIRECTION('',(-0.818740604066,-0.574163585795,0.000000000000));
#9217=AXIS2_PLACEMENT_3D('',#9215,#9216,#4482);
#9218=PLANE('',#9217);
#9219=ORIENTED_EDGE('',*,*,#404,.T.);
#9220=ORIENTED_EDGE('',*,*,#3391,.F.);
#9221=ORIENTED_EDGE('',*,*,#3388,.F.);
#9222=CARTESIAN_POINT('',(1.509978114875,-5.546018436915,0.425000000000));
#9223=LINE('',#9222,#12);
#9224=EDGE_CURVE('',#8901,#3378,#9223,.T.);
#9225=ORIENTED_EDGE('',*,*,#9224,.F.);
#9226=ORIENTED_EDGE('',*,*,#8903,.F.);
#9227=ORIENTED_EDGE('',*,*,#8898,.F.);
#9228=EDGE_LOOP('',(#9219,#9220,#9221,#9225,#9226,#9227));
#9229=FACE_OUTER_BOUND('',#9228,.T.);
#9230=ADVANCED_FACE('',(#9229),#9218,.T.);
#9231=CARTESIAN_POINT('',(0.280684381694,-1.927714119072,0.000000000000));
#9232=DIRECTION('',(0.144085426580,-0.989565252951,0.000000000000));
#9233=AXIS2_PLACEMENT_3D('',#9231,#9232,#4872);
#9234=PLANE('',#9233);
#9235=ORIENTED_EDGE('',*,*,#1301,.T.);
#9236=ORIENTED_EDGE('',*,*,#3781,.F.);
#9237=ORIENTED_EDGE('',*,*,#3778,.F.);
#9238=CARTESIAN_POINT('',(5.631981074005,-1.148539765115,0.425000000000));
#9239=LINE('',#9238,#12);
#9240=EDGE_CURVE('',#8563,#3768,#9239,.T.);
#9241=ORIENTED_EDGE('',*,*,#9240,.F.);
#9242=ORIENTED_EDGE('',*,*,#8565,.F.);
#9243=ORIENTED_EDGE('',*,*,#8560,.F.);
#9244=EDGE_LOOP('',(#9235,#9236,#9237,#9241,#9242,#9243));
#9245=FACE_OUTER_BOUND('',#9244,.T.);
#9246=ADVANCED_FACE('',(#9245),#9234,.T.);
#9247=CARTESIAN_POINT('',(1.761025336242,-0.832859659312,0.000000000000));
#9248=DIRECTION('',(0.903997882814,-0.427536931584,0.000000000000));
#9249=AXIS2_PLACEMENT_3D('',#9247,#9248,#4346);
#9250=PLANE('',#9249);
#9251=ORIENTED_EDGE('',*,*,#965,.F.);
#9252=ORIENTED_EDGE('',*,*,#7106,.F.);
#9253=ORIENTED_EDGE('',*,*,#7103,.F.);
#9254=CARTESIAN_POINT('',(-0.550976788939,-5.721431550587,0.425000000000));
#9255=LINE('',#9254,#12);
#9256=EDGE_CURVE('',#7095,#5458,#9255,.T.);
#9257=ORIENTED_EDGE('',*,*,#9256,.T.);
#9258=ORIENTED_EDGE('',*,*,#5460,.F.);
#9259=ORIENTED_EDGE('',*,*,#5455,.F.);
#9260=EDGE_LOOP('',(#9251,#9252,#9253,#9257,#9258,#9259));
#9261=FACE_OUTER_BOUND('',#9260,.T.);
#9262=ADVANCED_FACE('',(#9261),#9250,.T.);
#9263=CARTESIAN_POINT('',(1.876448555562,-0.523265004872,0.000000000000));
#9264=DIRECTION('',(0.963248788377,-0.268610818266,0.000000000000));
#9265=AXIS2_PLACEMENT_3D('',#9263,#9264,#4406);
#9266=PLANE('',#9265);
#9267=ORIENTED_EDGE('',*,*,#1080,.F.);
#9268=ORIENTED_EDGE('',*,*,#7054,.F.);
#9269=ORIENTED_EDGE('',*,*,#7051,.F.);
#9270=CARTESIAN_POINT('',(0.423875136054,-5.732249495533,0.425000000000));
#9271=LINE('',#9270,#12);
#9272=EDGE_CURVE('',#7043,#5518,#9271,.T.);
#9273=ORIENTED_EDGE('',*,*,#9272,.T.);
#9274=ORIENTED_EDGE('',*,*,#5520,.F.);
#9275=ORIENTED_EDGE('',*,*,#5515,.F.);
#9276=EDGE_LOOP('',(#9267,#9268,#9269,#9273,#9274,#9275));
#9277=FACE_OUTER_BOUND('',#9276,.T.);
#9278=ADVANCED_FACE('',(#9277),#9266,.T.);
#9279=CARTESIAN_POINT('',(0.992646074034,1.676162050251,0.000000000000));
#9280=DIRECTION('',(0.509561066977,0.860434494323,0.000000000000));
#9281=AXIS2_PLACEMENT_3D('',#9279,#9280,#3535);
#9282=PLANE('',#9281);
#9283=ORIENTED_EDGE('',*,*,#1600,.T.);
#9284=ORIENTED_EDGE('',*,*,#4638,.F.);
#9285=ORIENTED_EDGE('',*,*,#4635,.F.);
#9286=CARTESIAN_POINT('',(-3.660346995086,4.431728137596,0.425000000000));
#9287=LINE('',#9286,#12);
#9288=EDGE_CURVE('',#7818,#4625,#9287,.T.);
#9289=ORIENTED_EDGE('',*,*,#9288,.F.);
#9290=ORIENTED_EDGE('',*,*,#7820,.F.);
#9291=ORIENTED_EDGE('',*,*,#7815,.F.);
#9292=EDGE_LOOP('',(#9283,#9284,#9285,#9289,#9290,#9291));
#9293=FACE_OUTER_BOUND('',#9292,.T.);
#9294=ADVANCED_FACE('',(#9293),#9282,.T.);
#9295=CARTESIAN_POINT('',(1.788669607312,0.771703623727,0.000000000000));
#9296=DIRECTION('',(0.918188685186,0.396143330622,0.000000000000));
#9297=AXIS2_PLACEMENT_3D('',#9295,#9296,#4644);
#9298=PLANE('',#9297);
#9299=ORIENTED_EDGE('',*,*,#574,.F.);
#9300=ORIENTED_EDGE('',*,*,#8761,.F.);
#9301=ORIENTED_EDGE('',*,*,#8758,.F.);
#9302=CARTESIAN_POINT('',(3.930903773798,-4.193608223373,0.425000000000));
#9303=LINE('',#9302,#12);
#9304=EDGE_CURVE('',#8750,#3553,#9303,.T.);
#9305=ORIENTED_EDGE('',*,*,#9304,.T.);
#9306=ORIENTED_EDGE('',*,*,#3555,.F.);
#9307=ORIENTED_EDGE('',*,*,#3550,.F.);
#9308=EDGE_LOOP('',(#9299,#9300,#9301,#9305,#9306,#9307));
#9309=FACE_OUTER_BOUND('',#9308,.T.);
#9310=ADVANCED_FACE('',(#9309),#9298,.T.);
#9311=CARTESIAN_POINT('',(-0.846921582936,1.754305925246,0.000000000000));
#9312=DIRECTION('',(-0.434755424654,0.900548566561,0.000000000000));
#9313=AXIS2_PLACEMENT_3D('',#9311,#9312,#5214);
#9314=PLANE('',#9313);
#9315=ORIENTED_EDGE('',*,*,#1057,.F.);
#9316=ORIENTED_EDGE('',*,*,#8267,.F.);
#9317=ORIENTED_EDGE('',*,*,#8264,.F.);
#9318=CARTESIAN_POINT('',(4.022997354831,4.105343675385,0.425000000000));
#9319=LINE('',#9318,#12);
#9320=EDGE_CURVE('',#8256,#4123,#9319,.T.);
#9321=ORIENTED_EDGE('',*,*,#9320,.T.);
#9322=ORIENTED_EDGE('',*,*,#4125,.F.);
#9323=ORIENTED_EDGE('',*,*,#4120,.F.);
#9324=EDGE_LOOP('',(#9315,#9316,#9317,#9321,#9322,#9323));
#9325=FACE_OUTER_BOUND('',#9324,.T.);
#9326=ADVANCED_FACE('',(#9325),#9314,.T.);
#9327=CARTESIAN_POINT('',(1.947752391962,0.033556915873,0.000000000000));
#9328=DIRECTION('',(0.999851621860,0.017225976412,0.000000000000));
#9329=AXIS2_PLACEMENT_3D('',#9327,#9328,#5380);
#9330=PLANE('',#9329);
#9331=ORIENTED_EDGE('',*,*,#427,.T.);
#9332=ORIENTED_EDGE('',*,*,#4280,.F.);
#9333=ORIENTED_EDGE('',*,*,#4277,.F.);
#9334=CARTESIAN_POINT('',(1.854599049805,5.440479461818,0.425000000000));
#9335=LINE('',#9334,#12);
#9336=EDGE_CURVE('',#8130,#4267,#9335,.T.);
#9337=ORIENTED_EDGE('',*,*,#9336,.F.);
#9338=ORIENTED_EDGE('',*,*,#8132,.F.);
#9339=ORIENTED_EDGE('',*,*,#8127,.F.);
#9340=EDGE_LOOP('',(#9331,#9332,#9333,#9337,#9338,#9339));
#9341=FACE_OUTER_BOUND('',#9340,.T.);
#9342=ADVANCED_FACE('',(#9341),#9330,.T.);
#9343=CARTESIAN_POINT('',(1.847670943790,-0.617233772951,0.000000000000));
#9344=DIRECTION('',(0.948476201306,-0.316848379444,0.000000000000));
#9345=AXIS2_PLACEMENT_3D('',#9343,#9344,#5262);
#9346=PLANE('',#9345);
#9347=ORIENTED_EDGE('',*,*,#358,.T.);
#9348=ORIENTED_EDGE('',*,*,#4171,.F.);
#9349=ORIENTED_EDGE('',*,*,#4168,.F.);
#9350=CARTESIAN_POINT('',(3.561099825643,4.511864630261,0.425000000000));
#9351=LINE('',#9350,#12);
#9352=EDGE_CURVE('',#8225,#4158,#9351,.T.);
#9353=ORIENTED_EDGE('',*,*,#9352,.F.);
#9354=ORIENTED_EDGE('',*,*,#8227,.F.);
#9355=ORIENTED_EDGE('',*,*,#8222,.F.);
#9356=EDGE_LOOP('',(#9347,#9348,#9349,#9353,#9354,#9355));
#9357=FACE_OUTER_BOUND('',#9356,.T.);
#9358=ADVANCED_FACE('',(#9357),#9346,.T.);
#9359=CARTESIAN_POINT('',(-1.312021020187,-1.439953572023,0.000000000000));
#9360=DIRECTION('',(-0.673507757127,-0.739180154692,0.000000000000));
#9361=AXIS2_PLACEMENT_3D('',#9359,#9360,#3697);
#9362=PLANE('',#9361);
#9363=ORIENTED_EDGE('',*,*,#1379,.F.);
#9364=ORIENTED_EDGE('',*,*,#7678,.F.);
#9365=ORIENTED_EDGE('',*,*,#7675,.F.);
#9366=CARTESIAN_POINT('',(-5.309303973513,2.202191119509,0.425000000000));
#9367=LINE('',#9366,#12);
#9368=EDGE_CURVE('',#7667,#4800,#9367,.T.);
#9369=ORIENTED_EDGE('',*,*,#9368,.T.);
#9370=ORIENTED_EDGE('',*,*,#4802,.F.);
#9371=ORIENTED_EDGE('',*,*,#4797,.F.);
#9372=EDGE_LOOP('',(#9363,#9364,#9365,#9369,#9370,#9371));
#9373=FACE_OUTER_BOUND('',#9372,.T.);
#9374=ADVANCED_FACE('',(#9373),#9362,.T.);
#9375=CYLINDRICAL_SURFACE('',#95,5.747900000000);
#9376=ORIENTED_EDGE('',*,*,#4389,.F.);
#9377=ORIENTED_EDGE('',*,*,#9192,.F.);
#9378=ORIENTED_EDGE('',*,*,#8033,.T.);
#9379=CARTESIAN_POINT('',(-0.063780596773,5.747546123823,0.425000000000));
#9380=LINE('',#9379,#12);
#9381=EDGE_CURVE('',#8026,#4387,#9380,.T.);
#9382=ORIENTED_EDGE('',*,*,#9381,.T.);
#9383=EDGE_LOOP('',(#9376,#9377,#9378,#9382));
#9384=ORIENTED_EDGE('',*,*,#3710,.F.);
#9385=CARTESIAN_POINT('',(5.309303973513,-2.202191119509,0.425000000000));
#9386=LINE('',#9385,#12);
#9387=EDGE_CURVE('',#8620,#3703,#9386,.T.);
#9388=ORIENTED_EDGE('',*,*,#9387,.F.);
#9389=ORIENTED_EDGE('',*,*,#8622,.T.);
#9390=CARTESIAN_POINT('',(5.356865990840,-2.083828487708,0.425000000000));
#9391=LINE('',#9390,#12);
#9392=EDGE_CURVE('',#8615,#3708,#9391,.T.);
#9393=ORIENTED_EDGE('',*,*,#9392,.T.);
#9394=EDGE_LOOP('',(#9384,#9388,#9389,#9393));
#9395=ORIENTED_EDGE('',*,*,#4130,.F.);
#9396=ORIENTED_EDGE('',*,*,#9320,.F.);
#9397=ORIENTED_EDGE('',*,*,#8258,.T.);
#9398=CARTESIAN_POINT('',(3.930903773798,4.193608223373,0.425000000000));
#9399=LINE('',#9398,#12);
#9400=EDGE_CURVE('',#8251,#4128,#9399,.T.);
#9401=ORIENTED_EDGE('',*,*,#9400,.T.);
#9402=EDGE_LOOP('',(#9395,#9396,#9397,#9401));
#9403=ORIENTED_EDGE('',*,*,#4597,.F.);
#9404=CARTESIAN_POINT('',(-3.165638071643,4.797612949099,0.425000000000));
#9405=LINE('',#9404,#12);
#9406=EDGE_CURVE('',#7849,#4590,#9405,.T.);
#9407=ORIENTED_EDGE('',*,*,#9406,.F.);
#9408=ORIENTED_EDGE('',*,*,#7851,.T.);
#9409=CARTESIAN_POINT('',(-3.271323751365,4.726181897024,0.425000000000));
#9410=LINE('',#9409,#12);
#9411=EDGE_CURVE('',#7844,#4595,#9410,.T.);
#9412=ORIENTED_EDGE('',*,*,#9411,.T.);
#9413=EDGE_LOOP('',(#9403,#9407,#9408,#9412));
#9414=ORIENTED_EDGE('',*,*,#5287,.F.);
#9415=CARTESIAN_POINT('',(-3.271323751365,-4.726181897024,0.425000000000));
#9416=LINE('',#9415,#12);
#9417=EDGE_CURVE('',#7251,#5280,#9416,.T.);
#9418=ORIENTED_EDGE('',*,*,#9417,.F.);
#9419=ORIENTED_EDGE('',*,*,#7253,.T.);
#9420=CARTESIAN_POINT('',(-3.165638071643,-4.797612949099,0.425000000000));
#9421=LINE('',#9420,#12);
#9422=EDGE_CURVE('',#7246,#5285,#9421,.T.);
#9423=ORIENTED_EDGE('',*,*,#9422,.T.);
#9424=EDGE_LOOP('',(#9414,#9418,#9419,#9423));
#9425=ORIENTED_EDGE('',*,*,#4927,.F.);
#9426=CARTESIAN_POINT('',(-5.739660465258,0.307655901221,0.425000000000));
#9427=LINE('',#9426,#12);
#9428=EDGE_CURVE('',#7563,#4920,#9427,.T.);
#9429=ORIENTED_EDGE('',*,*,#9428,.F.);
#9430=ORIENTED_EDGE('',*,*,#7565,.T.);
#9431=CARTESIAN_POINT('',(-5.745074315793,0.180209644620,0.425000000000));
#9432=LINE('',#9431,#12);
#9433=EDGE_CURVE('',#7558,#4925,#9432,.T.);
#9434=ORIENTED_EDGE('',*,*,#9433,.T.);
#9435=EDGE_LOOP('',(#9425,#9429,#9430,#9434));
#9436=ORIENTED_EDGE('',*,*,#5107,.F.);
#9437=CARTESIAN_POINT('',(-5.160846818383,-2.530615444350,0.425000000000));
#9438=LINE('',#9437,#12);
#9439=EDGE_CURVE('',#7407,#5100,#9438,.T.);
#9440=ORIENTED_EDGE('',*,*,#9439,.F.);
#9441=ORIENTED_EDGE('',*,*,#7409,.T.);
#9442=CARTESIAN_POINT('',(-5.103418291355,-2.644518132565,0.425000000000));
#9443=LINE('',#9442,#12);
#9444=EDGE_CURVE('',#7402,#5105,#9443,.T.);
#9445=ORIENTED_EDGE('',*,*,#9444,.T.);
#9446=EDGE_LOOP('',(#9436,#9440,#9441,#9445));
#9447=ORIENTED_EDGE('',*,*,#5257,.F.);
#9448=CARTESIAN_POINT('',(-3.660346995086,-4.431728137596,0.425000000000));
#9449=LINE('',#9448,#12);
#9450=EDGE_CURVE('',#7277,#5250,#9449,.T.);
#9451=ORIENTED_EDGE('',*,*,#9450,.F.);
#9452=ORIENTED_EDGE('',*,*,#7279,.T.);
#9453=CARTESIAN_POINT('',(-3.561099825643,-4.511864630261,0.425000000000));
#9454=LINE('',#9453,#12);
#9455=EDGE_CURVE('',#7272,#5255,#9454,.T.);
#9456=ORIENTED_EDGE('',*,*,#9455,.T.);
#9457=EDGE_LOOP('',(#9447,#9451,#9452,#9456));
#9458=ORIENTED_EDGE('',*,*,#4867,.F.);
#9459=CARTESIAN_POINT('',(-5.605106574869,1.273237878153,0.425000000000));
#9460=LINE('',#9459,#12);
#9461=EDGE_CURVE('',#7615,#4860,#9460,.T.);
#9462=ORIENTED_EDGE('',*,*,#9461,.F.);
#9463=ORIENTED_EDGE('',*,*,#7617,.T.);
#9464=CARTESIAN_POINT('',(-5.631981074005,1.148539765115,0.425000000000));
#9465=LINE('',#9464,#12);
#9466=EDGE_CURVE('',#7610,#4865,#9465,.T.);
#9467=ORIENTED_EDGE('',*,*,#9466,.T.);
#9468=EDGE_LOOP('',(#9458,#9462,#9463,#9467));
#9469=ORIENTED_EDGE('',*,*,#3650,.F.);
#9470=ORIENTED_EDGE('',*,*,#8980,.F.);
#9471=ORIENTED_EDGE('',*,*,#8674,.T.);
#9472=CARTESIAN_POINT('',(4.927643626340,-2.959169258727,0.425000000000));
#9473=LINE('',#9472,#12);
#9474=EDGE_CURVE('',#8667,#3648,#9473,.T.);
#9475=ORIENTED_EDGE('',*,*,#9474,.T.);
#9476=EDGE_LOOP('',(#9469,#9470,#9471,#9475));
#9477=ORIENTED_EDGE('',*,*,#3950,.F.);
#9478=ORIENTED_EDGE('',*,*,#9060,.F.);
#9479=ORIENTED_EDGE('',*,*,#8414,.T.);
#9480=CARTESIAN_POINT('',(5.476935998878,1.743997268974,0.425000000000));
#9481=LINE('',#9480,#12);
#9482=EDGE_CURVE('',#8407,#3948,#9481,.T.);
#9483=ORIENTED_EDGE('',*,*,#9482,.T.);
#9484=EDGE_LOOP('',(#9477,#9478,#9479,#9483));
#9485=ORIENTED_EDGE('',*,*,#4687,.F.);
#9486=CARTESIAN_POINT('',(-4.272385470186,3.845136773139,0.425000000000));
#9487=LINE('',#9486,#12);
#9488=EDGE_CURVE('',#7771,#4680,#9487,.T.);
#9489=ORIENTED_EDGE('',*,*,#9488,.F.);
#9490=ORIENTED_EDGE('',*,*,#7773,.T.);
#9491=CARTESIAN_POINT('',(-4.356661926448,3.749380117918,0.425000000000));
#9492=LINE('',#9491,#12);
#9493=EDGE_CURVE('',#7766,#4685,#9492,.T.);
#9494=ORIENTED_EDGE('',*,*,#9493,.T.);
#9495=EDGE_LOOP('',(#9485,#9489,#9490,#9494));
#9496=ORIENTED_EDGE('',*,*,#5077,.F.);
#9497=CARTESIAN_POINT('',(-5.356865990840,-2.083828487708,0.425000000000));
#9498=LINE('',#9497,#12);
#9499=EDGE_CURVE('',#7433,#5070,#9498,.T.);
#9500=ORIENTED_EDGE('',*,*,#9499,.F.);
#9501=ORIENTED_EDGE('',*,*,#7435,.T.);
#9502=CARTESIAN_POINT('',(-5.309303973513,-2.202191119509,0.425000000000));
#9503=LINE('',#9502,#12);
#9504=EDGE_CURVE('',#7428,#5075,#9503,.T.);
#9505=ORIENTED_EDGE('',*,*,#9504,.T.);
#9506=EDGE_LOOP('',(#9496,#9500,#9501,#9505));
#9507=ORIENTED_EDGE('',*,*,#3920,.F.);
#9508=CARTESIAN_POINT('',(5.631981074005,1.148539765115,0.425000000000));
#9509=LINE('',#9508,#12);
#9510=EDGE_CURVE('',#8438,#3913,#9509,.T.);
#9511=ORIENTED_EDGE('',*,*,#9510,.F.);
#9512=ORIENTED_EDGE('',*,*,#8440,.T.);
#9513=ORIENTED_EDGE('',*,*,#9012,.T.);
#9514=EDGE_LOOP('',(#9507,#9511,#9512,#9513));
#9515=ORIENTED_EDGE('',*,*,#4100,.F.);
#9516=ORIENTED_EDGE('',*,*,#9108,.F.);
#9517=ORIENTED_EDGE('',*,*,#8284,.T.);
#9518=CARTESIAN_POINT('',(4.272385470186,3.845136773139,0.425000000000));
#9519=LINE('',#9518,#12);
#9520=EDGE_CURVE('',#8277,#4098,#9519,.T.);
#9521=ORIENTED_EDGE('',*,*,#9520,.T.);
#9522=EDGE_LOOP('',(#9515,#9516,#9517,#9521));
#9523=ORIENTED_EDGE('',*,*,#3500,.F.);
#9524=CARTESIAN_POINT('',(3.165638071643,-4.797612949099,0.425000000000));
#9525=LINE('',#9524,#12);
#9526=EDGE_CURVE('',#8802,#3493,#9525,.T.);
#9527=ORIENTED_EDGE('',*,*,#9526,.F.);
#9528=ORIENTED_EDGE('',*,*,#8804,.T.);
#9529=CARTESIAN_POINT('',(3.271323751365,-4.726181897024,0.425000000000));
#9530=LINE('',#9529,#12);
#9531=EDGE_CURVE('',#8797,#3498,#9530,.T.);
#9532=ORIENTED_EDGE('',*,*,#9531,.T.);
#9533=EDGE_LOOP('',(#9523,#9527,#9528,#9532));
#9534=ORIENTED_EDGE('',*,*,#4239,.F.);
#9535=CARTESIAN_POINT('',(2.425540119657,5.211056470423,0.425000000000));
#9536=LINE('',#9535,#12);
#9537=EDGE_CURVE('',#8161,#4232,#9536,.T.);
#9538=ORIENTED_EDGE('',*,*,#9537,.F.);
#9539=ORIENTED_EDGE('',*,*,#8163,.T.);
#9540=ORIENTED_EDGE('',*,*,#9092,.T.);
#9541=EDGE_LOOP('',(#9534,#9538,#9539,#9540));
#9542=ORIENTED_EDGE('',*,*,#5137,.F.);
#9543=CARTESIAN_POINT('',(-4.927643626340,-2.959169258727,0.425000000000));
#9544=LINE('',#9543,#12);
#9545=EDGE_CURVE('',#7381,#5130,#9544,.T.);
#9546=ORIENTED_EDGE('',*,*,#9545,.F.);
#9547=ORIENTED_EDGE('',*,*,#7383,.T.);
#9548=CARTESIAN_POINT('',(-4.860762363464,-3.067791331876,0.425000000000));
#9549=LINE('',#9548,#12);
#9550=EDGE_CURVE('',#7376,#5135,#9549,.T.);
#9551=ORIENTED_EDGE('',*,*,#9550,.T.);
#9552=EDGE_LOOP('',(#9542,#9546,#9547,#9551));
#9553=ORIENTED_EDGE('',*,*,#5167,.F.);
#9554=CARTESIAN_POINT('',(-4.658936649051,-3.366402190786,0.425000000000));
#9555=LINE('',#9554,#12);
#9556=EDGE_CURVE('',#7355,#5160,#9555,.T.);
#9557=ORIENTED_EDGE('',*,*,#9556,.F.);
#9558=ORIENTED_EDGE('',*,*,#7357,.T.);
#9559=CARTESIAN_POINT('',(-4.583084531360,-3.468961024343,0.425000000000));
#9560=LINE('',#9559,#12);
#9561=EDGE_CURVE('',#7350,#5165,#9560,.T.);
#9562=ORIENTED_EDGE('',*,*,#9561,.T.);
#9563=EDGE_LOOP('',(#9553,#9557,#9558,#9562));
#9564=ORIENTED_EDGE('',*,*,#4070,.F.);
#9565=ORIENTED_EDGE('',*,*,#9140,.F.);
#9566=ORIENTED_EDGE('',*,*,#8310,.T.);
#9567=CARTESIAN_POINT('',(4.583084531360,3.468961024343,0.425000000000));
#9568=LINE('',#9567,#12);
#9569=EDGE_CURVE('',#8303,#4068,#9568,.T.);
#9570=ORIENTED_EDGE('',*,*,#9569,.T.);
#9571=EDGE_LOOP('',(#9564,#9565,#9566,#9570));
#9572=ORIENTED_EDGE('',*,*,#3860,.F.);
#9573=CARTESIAN_POINT('',(5.745074315793,0.180209644620,0.425000000000));
#9574=LINE('',#9573,#12);
#9575=EDGE_CURVE('',#8490,#3853,#9574,.T.);
#9576=ORIENTED_EDGE('',*,*,#9575,.F.);
#9577=ORIENTED_EDGE('',*,*,#8492,.T.);
#9578=ORIENTED_EDGE('',*,*,#9156,.T.);
#9579=EDGE_LOOP('',(#9572,#9576,#9577,#9578));
#9580=ORIENTED_EDGE('',*,*,#4747,.F.);
#9581=CARTESIAN_POINT('',(-4.860762363464,3.067791331876,0.425000000000));
#9582=LINE('',#9581,#12);
#9583=EDGE_CURVE('',#7719,#4740,#9582,.T.);
#9584=ORIENTED_EDGE('',*,*,#9583,.F.);
#9585=ORIENTED_EDGE('',*,*,#7721,.T.);
#9586=CARTESIAN_POINT('',(-4.927643626340,2.959169258727,0.425000000000));
#9587=LINE('',#9586,#12);
#9588=EDGE_CURVE('',#7714,#4745,#9587,.T.);
#9589=ORIENTED_EDGE('',*,*,#9588,.T.);
#9590=EDGE_LOOP('',(#9580,#9584,#9585,#9589));
#9591=ORIENTED_EDGE('',*,*,#5345,.F.);
#9592=CARTESIAN_POINT('',(-2.425540119657,-5.211056470423,0.425000000000));
#9593=LINE('',#9592,#12);
#9594=EDGE_CURVE('',#7199,#5338,#9593,.T.);
#9595=ORIENTED_EDGE('',*,*,#9594,.F.);
#9596=ORIENTED_EDGE('',*,*,#7201,.T.);
#9597=CARTESIAN_POINT('',(-2.309302725829,-5.263599085272,0.425000000000));
#9598=LINE('',#9597,#12);
#9599=EDGE_CURVE('',#7194,#5343,#9598,.T.);
#9600=ORIENTED_EDGE('',*,*,#9599,.T.);
#9601=EDGE_LOOP('',(#9591,#9595,#9596,#9600));
#9602=ORIENTED_EDGE('',*,*,#4359,.F.);
#9603=CARTESIAN_POINT('',(0.550976788939,5.721431550587,0.425000000000));
#9604=LINE('',#9603,#12);
#9605=EDGE_CURVE('',#8057,#4352,#9604,.T.);
#9606=ORIENTED_EDGE('',*,*,#9605,.F.);
#9607=ORIENTED_EDGE('',*,*,#8059,.T.);
#9608=CARTESIAN_POINT('',(0.423875136054,5.732249495533,0.425000000000));
#9609=LINE('',#9608,#12);
#9610=EDGE_CURVE('',#8052,#4357,#9609,.T.);
#9611=ORIENTED_EDGE('',*,*,#9610,.T.);
#9612=EDGE_LOOP('',(#9602,#9606,#9607,#9611));
#9613=ORIENTED_EDGE('',*,*,#4777,.F.);
#9614=CARTESIAN_POINT('',(-5.103418291355,2.644518132565,0.425000000000));
#9615=LINE('',#9614,#12);
#9616=EDGE_CURVE('',#7693,#4770,#9615,.T.);
#9617=ORIENTED_EDGE('',*,*,#9616,.F.);
#9618=ORIENTED_EDGE('',*,*,#7695,.T.);
#9619=CARTESIAN_POINT('',(-5.160846818383,2.530615444350,0.425000000000));
#9620=LINE('',#9619,#12);
#9621=EDGE_CURVE('',#7688,#4775,#9620,.T.);
#9622=ORIENTED_EDGE('',*,*,#9621,.T.);
#9623=EDGE_LOOP('',(#9613,#9617,#9618,#9622));
#9624=ORIENTED_EDGE('',*,*,#3470,.F.);
#9625=CARTESIAN_POINT('',(2.747367822795,-5.048794356702,0.425000000000));
#9626=LINE('',#9625,#12);
#9627=EDGE_CURVE('',#8828,#3463,#9626,.T.);
#9628=ORIENTED_EDGE('',*,*,#9627,.F.);
#9629=ORIENTED_EDGE('',*,*,#8830,.T.);
#9630=CARTESIAN_POINT('',(2.858730545053,-4.986583407583,0.425000000000));
#9631=LINE('',#9630,#12);
#9632=EDGE_CURVE('',#8823,#3468,#9631,.T.);
#9633=ORIENTED_EDGE('',*,*,#9632,.T.);
#9634=EDGE_LOOP('',(#9624,#9628,#9629,#9633));
#9635=ORIENTED_EDGE('',*,*,#4627,.F.);
#9636=ORIENTED_EDGE('',*,*,#9028,.F.);
#9637=ORIENTED_EDGE('',*,*,#7825,.T.);
#9638=ORIENTED_EDGE('',*,*,#9288,.T.);
#9639=EDGE_LOOP('',(#9635,#9636,#9637,#9638));
#9640=ORIENTED_EDGE('',*,*,#4477,.F.);
#9641=CARTESIAN_POINT('',(-1.386532945130,5.578161059173,0.425000000000));
#9642=LINE('',#9641,#12);
#9643=EDGE_CURVE('',#7953,#4470,#9642,.T.);
#9644=ORIENTED_EDGE('',*,*,#9643,.F.);
#9645=ORIENTED_EDGE('',*,*,#7955,.T.);
#9646=CARTESIAN_POINT('',(-1.509978114875,5.546018436915,0.425000000000));
#9647=LINE('',#9646,#12);
#9648=EDGE_CURVE('',#7948,#4475,#9647,.T.);
#9649=ORIENTED_EDGE('',*,*,#9648,.T.);
#9650=EDGE_LOOP('',(#9640,#9644,#9645,#9649));
#9651=ORIENTED_EDGE('',*,*,#33,.F.);
#9652=ORIENTED_EDGE('',*,*,#8932,.T.);
#9653=CARTESIAN_POINT('',(1.034203180715,-5.654093931922,0.425000000000));
#9654=LINE('',#9653,#12);
#9655=EDGE_CURVE('',#8927,#3348,#9654,.T.);
#9656=ORIENTED_EDGE('',*,*,#9655,.T.);
#9657=ORIENTED_EDGE('',*,*,#3350,.F.);
#9658=EDGE_LOOP('',(#9651,#9652,#9656,#9657));
#9659=ORIENTED_EDGE('',*,*,#4447,.F.);
#9660=CARTESIAN_POINT('',(-0.908476838812,5.675651878273,0.425000000000));
#9661=LINE('',#9660,#12);
#9662=EDGE_CURVE('',#7979,#4440,#9661,.T.);
#9663=ORIENTED_EDGE('',*,*,#9662,.F.);
#9664=ORIENTED_EDGE('',*,*,#7981,.T.);
#9665=CARTESIAN_POINT('',(-1.034203180715,5.654093931922,0.425000000000));
#9666=LINE('',#9665,#12);
#9667=EDGE_CURVE('',#7974,#4445,#9666,.T.);
#9668=ORIENTED_EDGE('',*,*,#9667,.T.);
#9669=EDGE_LOOP('',(#9659,#9663,#9664,#9668));
#9670=ORIENTED_EDGE('',*,*,#4897,.F.);
#9671=CARTESIAN_POINT('',(-5.692892229546,0.793304779243,0.425000000000));
#9672=LINE('',#9671,#12);
#9673=EDGE_CURVE('',#7589,#4890,#9672,.T.);
#9674=ORIENTED_EDGE('',*,*,#9673,.F.);
#9675=ORIENTED_EDGE('',*,*,#7591,.T.);
#9676=CARTESIAN_POINT('',(-5.709094774235,0.666776775842,0.425000000000));
#9677=LINE('',#9676,#12);
#9678=EDGE_CURVE('',#7584,#4895,#9677,.T.);
#9679=ORIENTED_EDGE('',*,*,#9678,.T.);
#9680=EDGE_LOOP('',(#9670,#9674,#9675,#9679));
#9681=ORIENTED_EDGE('',*,*,#3440,.F.);
#9682=CARTESIAN_POINT('',(2.309302725829,-5.263599085272,0.425000000000));
#9683=LINE('',#9682,#12);
#9684=EDGE_CURVE('',#8854,#3433,#9683,.T.);
#9685=ORIENTED_EDGE('',*,*,#9684,.F.);
#9686=ORIENTED_EDGE('',*,*,#8856,.T.);
#9687=CARTESIAN_POINT('',(2.425540119657,-5.211056470423,0.425000000000));
#9688=LINE('',#9687,#12);
#9689=EDGE_CURVE('',#8849,#3438,#9688,.T.);
#9690=ORIENTED_EDGE('',*,*,#9689,.T.);
#9691=EDGE_LOOP('',(#9681,#9685,#9686,#9690));
#9692=ORIENTED_EDGE('',*,*,#4987,.F.);
#9693=ORIENTED_EDGE('',*,*,#9208,.F.);
#9694=ORIENTED_EDGE('',*,*,#7513,.T.);
#9695=ORIENTED_EDGE('',*,*,#9076,.T.);
#9696=EDGE_LOOP('',(#9692,#9693,#9694,#9695));
#9697=ORIENTED_EDGE('',*,*,#5495,.F.);
#9698=CARTESIAN_POINT('',(-0.063780596773,-5.747546123823,0.425000000000));
#9699=LINE('',#9698,#12);
#9700=EDGE_CURVE('',#7069,#5488,#9699,.T.);
#9701=ORIENTED_EDGE('',*,*,#9700,.F.);
#9702=ORIENTED_EDGE('',*,*,#7071,.T.);
#9703=CARTESIAN_POINT('',(0.063780596773,-5.747546123823,0.425000000000));
#9704=LINE('',#9703,#12);
#9705=EDGE_CURVE('',#7064,#5493,#9704,.T.);
#9706=ORIENTED_EDGE('',*,*,#9705,.T.);
#9707=EDGE_LOOP('',(#9697,#9701,#9702,#9706));
#9708=ORIENTED_EDGE('',*,*,#5047,.F.);
#9709=CARTESIAN_POINT('',(-5.514288821080,-1.622027499061,0.425000000000));
#9710=LINE('',#9709,#12);
#9711=EDGE_CURVE('',#7459,#5040,#9710,.T.);
#9712=ORIENTED_EDGE('',*,*,#9711,.F.);
#9713=ORIENTED_EDGE('',*,*,#7461,.T.);
#9714=CARTESIAN_POINT('',(-5.476935998878,-1.743997268974,0.425000000000));
#9715=LINE('',#9714,#12);
#9716=EDGE_CURVE('',#7454,#5045,#9715,.T.);
#9717=ORIENTED_EDGE('',*,*,#9716,.T.);
#9718=EDGE_LOOP('',(#9708,#9712,#9713,#9717));
#9719=ORIENTED_EDGE('',*,*,#3800,.F.);
#9720=CARTESIAN_POINT('',(5.692892229546,-0.793304779243,0.425000000000));
#9721=LINE('',#9720,#12);
#9722=EDGE_CURVE('',#8542,#3793,#9721,.T.);
#9723=ORIENTED_EDGE('',*,*,#9722,.F.);
#9724=ORIENTED_EDGE('',*,*,#8544,.T.);
#9725=CARTESIAN_POINT('',(5.709094774235,-0.666776775842,0.425000000000));
#9726=LINE('',#9725,#12);
#9727=EDGE_CURVE('',#8537,#3798,#9726,.T.);
#9728=ORIENTED_EDGE('',*,*,#9727,.T.);
#9729=EDGE_LOOP('',(#9719,#9723,#9724,#9728));
#9730=ORIENTED_EDGE('',*,*,#4269,.F.);
#9731=CARTESIAN_POINT('',(1.974873622117,5.397983751983,0.425000000000));
#9732=LINE('',#9731,#12);
#9733=EDGE_CURVE('',#8135,#4262,#9732,.T.);
#9734=ORIENTED_EDGE('',*,*,#9733,.F.);
#9735=ORIENTED_EDGE('',*,*,#8137,.T.);
#9736=ORIENTED_EDGE('',*,*,#9336,.T.);
#9737=EDGE_LOOP('',(#9730,#9734,#9735,#9736));
#9738=ORIENTED_EDGE('',*,*,#3740,.F.);
#9739=CARTESIAN_POINT('',(5.476935998878,-1.743997268974,0.425000000000));
#9740=LINE('',#9739,#12);
#9741=EDGE_CURVE('',#8594,#3733,#9740,.T.);
#9742=ORIENTED_EDGE('',*,*,#9741,.F.);
#9743=ORIENTED_EDGE('',*,*,#8596,.T.);
#9744=ORIENTED_EDGE('',*,*,#9124,.T.);
#9745=EDGE_LOOP('',(#9738,#9742,#9743,#9744));
#9746=ORIENTED_EDGE('',*,*,#3890,.F.);
#9747=CARTESIAN_POINT('',(5.709094774235,0.666776775842,0.425000000000));
#9748=LINE('',#9747,#12);
#9749=EDGE_CURVE('',#8464,#3883,#9748,.T.);
#9750=ORIENTED_EDGE('',*,*,#9749,.F.);
#9751=ORIENTED_EDGE('',*,*,#8466,.T.);
#9752=CARTESIAN_POINT('',(5.692892229546,0.793304779243,0.425000000000));
#9753=LINE('',#9752,#12);
#9754=EDGE_CURVE('',#8459,#3888,#9753,.T.);
#9755=ORIENTED_EDGE('',*,*,#9754,.T.);
#9756=EDGE_LOOP('',(#9746,#9750,#9751,#9755));
#9757=ORIENTED_EDGE('',*,*,#5017,.F.);
#9758=CARTESIAN_POINT('',(-5.631981074005,-1.148539765115,0.425000000000));
#9759=LINE('',#9758,#12);
#9760=EDGE_CURVE('',#7485,#5010,#9759,.T.);
#9761=ORIENTED_EDGE('',*,*,#9760,.F.);
#9762=ORIENTED_EDGE('',*,*,#7487,.T.);
#9763=CARTESIAN_POINT('',(-5.605106574869,-1.273237878153,0.425000000000));
#9764=LINE('',#9763,#12);
#9765=EDGE_CURVE('',#7480,#5015,#9764,.T.);
#9766=ORIENTED_EDGE('',*,*,#9765,.T.);
#9767=EDGE_LOOP('',(#9757,#9761,#9762,#9766));
#9768=ORIENTED_EDGE('',*,*,#5435,.F.);
#9769=CARTESIAN_POINT('',(-1.034203180715,-5.654093931922,0.425000000000));
#9770=LINE('',#9769,#12);
#9771=EDGE_CURVE('',#7121,#5428,#9770,.T.);
#9772=ORIENTED_EDGE('',*,*,#9771,.F.);
#9773=ORIENTED_EDGE('',*,*,#7123,.T.);
#9774=CARTESIAN_POINT('',(-0.908476838812,-5.675651878273,0.425000000000));
#9775=LINE('',#9774,#12);
#9776=EDGE_CURVE('',#7116,#5433,#9775,.T.);
#9777=ORIENTED_EDGE('',*,*,#9776,.T.);
#9778=EDGE_LOOP('',(#9768,#9772,#9773,#9777));
#9779=ORIENTED_EDGE('',*,*,#4837,.F.);
#9780=CARTESIAN_POINT('',(-5.476935998878,1.743997268974,0.425000000000));
#9781=LINE('',#9780,#12);
#9782=EDGE_CURVE('',#7641,#4830,#9781,.T.);
#9783=ORIENTED_EDGE('',*,*,#9782,.F.);
#9784=ORIENTED_EDGE('',*,*,#7643,.T.);
#9785=ORIENTED_EDGE('',*,*,#8948,.T.);
#9786=EDGE_LOOP('',(#9779,#9783,#9784,#9785));
#9787=ORIENTED_EDGE('',*,*,#3530,.F.);
#9788=CARTESIAN_POINT('',(3.561099825643,-4.511864630261,0.425000000000));
#9789=LINE('',#9788,#12);
#9790=EDGE_CURVE('',#8776,#3523,#9789,.T.);
#9791=ORIENTED_EDGE('',*,*,#9790,.F.);
#9792=ORIENTED_EDGE('',*,*,#8778,.T.);
#9793=CARTESIAN_POINT('',(3.660346995086,-4.431728137596,0.425000000000));
#9794=LINE('',#9793,#12);
#9795=EDGE_CURVE('',#8771,#3528,#9794,.T.);
#9796=ORIENTED_EDGE('',*,*,#9795,.T.);
#9797=EDGE_LOOP('',(#9787,#9791,#9792,#9796));
#9798=ORIENTED_EDGE('',*,*,#4190,.F.);
#9799=CARTESIAN_POINT('',(3.271323751365,4.726181897024,0.425000000000));
#9800=LINE('',#9799,#12);
#9801=EDGE_CURVE('',#8204,#4183,#9800,.T.);
#9802=ORIENTED_EDGE('',*,*,#9801,.F.);
#9803=ORIENTED_EDGE('',*,*,#8206,.T.);
#9804=CARTESIAN_POINT('',(3.165638071643,4.797612949099,0.425000000000));
#9805=LINE('',#9804,#12);
#9806=EDGE_CURVE('',#8199,#4188,#9805,.T.);
#9807=ORIENTED_EDGE('',*,*,#9806,.T.);
#9808=EDGE_LOOP('',(#9798,#9802,#9803,#9807));
#9809=ORIENTED_EDGE('',*,*,#4957,.F.);
#9810=ORIENTED_EDGE('',*,*,#9044,.F.);
#9811=ORIENTED_EDGE('',*,*,#7539,.T.);
#9812=CARTESIAN_POINT('',(-5.739660465258,-0.307655901221,0.425000000000));
#9813=LINE('',#9812,#12);
#9814=EDGE_CURVE('',#7532,#4955,#9813,.T.);
#9815=ORIENTED_EDGE('',*,*,#9814,.T.);
#9816=EDGE_LOOP('',(#9809,#9810,#9811,#9815));
#9817=ORIENTED_EDGE('',*,*,#3560,.F.);
#9818=ORIENTED_EDGE('',*,*,#9304,.F.);
#9819=ORIENTED_EDGE('',*,*,#8752,.T.);
#9820=CARTESIAN_POINT('',(4.022997354831,-4.105343675385,0.425000000000));
#9821=LINE('',#9820,#12);
#9822=EDGE_CURVE('',#8745,#3558,#9821,.T.);
#9823=ORIENTED_EDGE('',*,*,#9822,.T.);
#9824=EDGE_LOOP('',(#9817,#9818,#9819,#9823));
#9825=ORIENTED_EDGE('',*,*,#5375,.F.);
#9826=CARTESIAN_POINT('',(-1.974873622117,-5.397983751983,0.425000000000));
#9827=LINE('',#9826,#12);
#9828=EDGE_CURVE('',#7173,#5368,#9827,.T.);
#9829=ORIENTED_EDGE('',*,*,#9828,.F.);
#9830=ORIENTED_EDGE('',*,*,#7175,.T.);
#9831=CARTESIAN_POINT('',(-1.854599049805,-5.440479461818,0.425000000000));
#9832=LINE('',#9831,#12);
#9833=EDGE_CURVE('',#7168,#5373,#9832,.T.);
#9834=ORIENTED_EDGE('',*,*,#9833,.T.);
#9835=EDGE_LOOP('',(#9825,#9829,#9830,#9834));
#9836=ORIENTED_EDGE('',*,*,#4717,.F.);
#9837=CARTESIAN_POINT('',(-4.583084531360,3.468961024343,0.425000000000));
#9838=LINE('',#9837,#12);
#9839=EDGE_CURVE('',#7745,#4710,#9838,.T.);
#9840=ORIENTED_EDGE('',*,*,#9839,.F.);
#9841=ORIENTED_EDGE('',*,*,#7747,.T.);
#9842=CARTESIAN_POINT('',(-4.658936649051,3.366402190786,0.425000000000));
#9843=LINE('',#9842,#12);
#9844=EDGE_CURVE('',#7740,#4715,#9843,.T.);
#9845=ORIENTED_EDGE('',*,*,#9844,.T.);
#9846=EDGE_LOOP('',(#9836,#9840,#9841,#9845));
#9847=ORIENTED_EDGE('',*,*,#5317,.F.);
#9848=CARTESIAN_POINT('',(-2.858730545053,-4.986583407583,0.425000000000));
#9849=LINE('',#9848,#12);
#9850=EDGE_CURVE('',#7225,#5310,#9849,.T.);
#9851=ORIENTED_EDGE('',*,*,#9850,.F.);
#9852=ORIENTED_EDGE('',*,*,#7227,.T.);
#9853=CARTESIAN_POINT('',(-2.747367822795,-5.048794356702,0.425000000000));
#9854=LINE('',#9853,#12);
#9855=EDGE_CURVE('',#7220,#5315,#9854,.T.);
#9856=ORIENTED_EDGE('',*,*,#9855,.T.);
#9857=EDGE_LOOP('',(#9847,#9851,#9852,#9856));
#9858=ORIENTED_EDGE('',*,*,#3380,.F.);
#9859=CARTESIAN_POINT('',(1.386532945130,-5.578161059173,0.425000000000));
#9860=LINE('',#9859,#12);
#9861=EDGE_CURVE('',#8906,#3373,#9860,.T.);
#9862=ORIENTED_EDGE('',*,*,#9861,.F.);
#9863=ORIENTED_EDGE('',*,*,#8908,.T.);
#9864=ORIENTED_EDGE('',*,*,#9224,.T.);
#9865=EDGE_LOOP('',(#9858,#9862,#9863,#9864));
#9866=ORIENTED_EDGE('',*,*,#3410,.F.);
#9867=CARTESIAN_POINT('',(1.854599049805,-5.440479461818,0.425000000000));
#9868=LINE('',#9867,#12);
#9869=EDGE_CURVE('',#8880,#3403,#9868,.T.);
#9870=ORIENTED_EDGE('',*,*,#9869,.F.);
#9871=ORIENTED_EDGE('',*,*,#8882,.T.);
#9872=CARTESIAN_POINT('',(1.974873622117,-5.397983751983,0.425000000000));
#9873=LINE('',#9872,#12);
#9874=EDGE_CURVE('',#8875,#3408,#9873,.T.);
#9875=ORIENTED_EDGE('',*,*,#9874,.T.);
#9876=EDGE_LOOP('',(#9866,#9870,#9871,#9875));
#9877=ORIENTED_EDGE('',*,*,#3830,.F.);
#9878=CARTESIAN_POINT('',(5.739660465258,-0.307655901221,0.425000000000));
#9879=LINE('',#9878,#12);
#9880=EDGE_CURVE('',#8516,#3823,#9879,.T.);
#9881=ORIENTED_EDGE('',*,*,#9880,.F.);
#9882=ORIENTED_EDGE('',*,*,#8518,.T.);
#9883=CARTESIAN_POINT('',(5.745074315793,-0.180209644620,0.425000000000));
#9884=LINE('',#9883,#12);
#9885=EDGE_CURVE('',#8511,#3828,#9884,.T.);
#9886=ORIENTED_EDGE('',*,*,#9885,.T.);
#9887=EDGE_LOOP('',(#9877,#9881,#9882,#9886));
#9888=ORIENTED_EDGE('',*,*,#4040,.F.);
#9889=CARTESIAN_POINT('',(4.927643626340,2.959169258727,0.425000000000));
#9890=LINE('',#9889,#12);
#9891=EDGE_CURVE('',#8334,#4033,#9890,.T.);
#9892=ORIENTED_EDGE('',*,*,#9891,.F.);
#9893=ORIENTED_EDGE('',*,*,#8336,.T.);
#9894=CARTESIAN_POINT('',(4.860762363464,3.067791331876,0.425000000000));
#9895=LINE('',#9894,#12);
#9896=EDGE_CURVE('',#8329,#4038,#9895,.T.);
#9897=ORIENTED_EDGE('',*,*,#9896,.T.);
#9898=EDGE_LOOP('',(#9888,#9892,#9893,#9897));
#9899=ORIENTED_EDGE('',*,*,#3980,.F.);
#9900=CARTESIAN_POINT('',(5.356865990840,2.083828487708,0.425000000000));
#9901=LINE('',#9900,#12);
#9902=EDGE_CURVE('',#8386,#3973,#9901,.T.);
#9903=ORIENTED_EDGE('',*,*,#9902,.F.);
#9904=ORIENTED_EDGE('',*,*,#8388,.T.);
#9905=CARTESIAN_POINT('',(5.309303973513,2.202191119509,0.425000000000));
#9906=LINE('',#9905,#12);
#9907=EDGE_CURVE('',#8381,#3978,#9906,.T.);
#9908=ORIENTED_EDGE('',*,*,#9907,.T.);
#9909=EDGE_LOOP('',(#9899,#9903,#9904,#9908));
#9910=ORIENTED_EDGE('',*,*,#4507,.F.);
#9911=CARTESIAN_POINT('',(-1.854599049805,5.440479461818,0.425000000000));
#9912=LINE('',#9911,#12);
#9913=EDGE_CURVE('',#7927,#4500,#9912,.T.);
#9914=ORIENTED_EDGE('',*,*,#9913,.F.);
#9915=ORIENTED_EDGE('',*,*,#7929,.T.);
#9916=CARTESIAN_POINT('',(-1.974873622117,5.397983751983,0.425000000000));
#9917=LINE('',#9916,#12);
#9918=EDGE_CURVE('',#7922,#4505,#9917,.T.);
#9919=ORIENTED_EDGE('',*,*,#9918,.T.);
#9920=EDGE_LOOP('',(#9910,#9914,#9915,#9919));
#9921=ORIENTED_EDGE('',*,*,#4537,.F.);
#9922=CARTESIAN_POINT('',(-2.309302725829,5.263599085272,0.425000000000));
#9923=LINE('',#9922,#12);
#9924=EDGE_CURVE('',#7901,#4530,#9923,.T.);
#9925=ORIENTED_EDGE('',*,*,#9924,.F.);
#9926=ORIENTED_EDGE('',*,*,#7903,.T.);
#9927=CARTESIAN_POINT('',(-2.425540119657,5.211056470423,0.425000000000));
#9928=LINE('',#9927,#12);
#9929=EDGE_CURVE('',#7896,#4535,#9928,.T.);
#9930=ORIENTED_EDGE('',*,*,#9929,.T.);
#9931=EDGE_LOOP('',(#9921,#9925,#9926,#9930));
#9932=ORIENTED_EDGE('',*,*,#5197,.F.);
#9933=CARTESIAN_POINT('',(-4.356661926448,-3.749380117918,0.425000000000));
#9934=LINE('',#9933,#12);
#9935=EDGE_CURVE('',#7329,#5190,#9934,.T.);
#9936=ORIENTED_EDGE('',*,*,#9935,.F.);
#9937=ORIENTED_EDGE('',*,*,#7331,.T.);
#9938=CARTESIAN_POINT('',(-4.272385470186,-3.845136773139,0.425000000000));
#9939=LINE('',#9938,#12);
#9940=EDGE_CURVE('',#7324,#5195,#9939,.T.);
#9941=ORIENTED_EDGE('',*,*,#9940,.T.);
#9942=EDGE_LOOP('',(#9932,#9936,#9937,#9941));
#9943=ORIENTED_EDGE('',*,*,#77,.T.);
#9944=ORIENTED_EDGE('',*,*,#4218,.F.);
#9945=CARTESIAN_POINT('',(2.858730545053,4.986583407583,0.425000000000));
#9946=LINE('',#9945,#12);
#9947=EDGE_CURVE('',#8178,#4213,#9946,.T.);
#9948=ORIENTED_EDGE('',*,*,#9947,.F.);
#9949=ORIENTED_EDGE('',*,*,#8180,.T.);
#9950=EDGE_LOOP('',(#9943,#9944,#9948,#9949));
#9951=ORIENTED_EDGE('',*,*,#4419,.F.);
#9952=CARTESIAN_POINT('',(-0.423875136054,5.732249495533,0.425000000000));
#9953=LINE('',#9952,#12);
#9954=EDGE_CURVE('',#8005,#4412,#9953,.T.);
#9955=ORIENTED_EDGE('',*,*,#9954,.F.);
#9956=ORIENTED_EDGE('',*,*,#8007,.T.);
#9957=CARTESIAN_POINT('',(-0.550976788939,5.721431550587,0.425000000000));
#9958=LINE('',#9957,#12);
#9959=EDGE_CURVE('',#8000,#4417,#9958,.T.);
#9960=ORIENTED_EDGE('',*,*,#9959,.T.);
#9961=EDGE_LOOP('',(#9951,#9955,#9956,#9960));
#9962=ORIENTED_EDGE('',*,*,#4010,.F.);
#9963=CARTESIAN_POINT('',(5.160846818383,2.530615444350,0.425000000000));
#9964=LINE('',#9963,#12);
#9965=EDGE_CURVE('',#8360,#4003,#9964,.T.);
#9966=ORIENTED_EDGE('',*,*,#9965,.F.);
#9967=ORIENTED_EDGE('',*,*,#8362,.T.);
#9968=CARTESIAN_POINT('',(5.103418291355,2.644518132565,0.425000000000));
#9969=LINE('',#9968,#12);
#9970=EDGE_CURVE('',#8355,#4008,#9969,.T.);
#9971=ORIENTED_EDGE('',*,*,#9970,.T.);
#9972=EDGE_LOOP('',(#9962,#9966,#9967,#9971));
#9973=ORIENTED_EDGE('',*,*,#5465,.F.);
#9974=ORIENTED_EDGE('',*,*,#9256,.F.);
#9975=ORIENTED_EDGE('',*,*,#7097,.T.);
#9976=CARTESIAN_POINT('',(-0.423875136054,-5.732249495533,0.425000000000));
#9977=LINE('',#9976,#12);
#9978=EDGE_CURVE('',#7090,#5463,#9977,.T.);
#9979=ORIENTED_EDGE('',*,*,#9978,.T.);
#9980=EDGE_LOOP('',(#9973,#9974,#9975,#9979));
#9981=ORIENTED_EDGE('',*,*,#5525,.F.);
#9982=ORIENTED_EDGE('',*,*,#9272,.F.);
#9983=ORIENTED_EDGE('',*,*,#7045,.T.);
#9984=CARTESIAN_POINT('',(0.550976788939,-5.721431550587,0.425000000000));
#9985=LINE('',#9984,#12);
#9986=EDGE_CURVE('',#7038,#5523,#9985,.T.);
#9987=ORIENTED_EDGE('',*,*,#9986,.T.);
#9988=EDGE_LOOP('',(#9981,#9982,#9983,#9987));
#9989=ORIENTED_EDGE('',*,*,#3620,.F.);
#9990=CARTESIAN_POINT('',(4.583084531360,-3.468961024343,0.425000000000));
#9991=LINE('',#9990,#12);
#9992=EDGE_CURVE('',#8698,#3613,#9991,.T.);
#9993=ORIENTED_EDGE('',*,*,#9992,.F.);
#9994=ORIENTED_EDGE('',*,*,#8700,.T.);
#9995=CARTESIAN_POINT('',(4.658936649051,-3.366402190786,0.425000000000));
#9996=LINE('',#9995,#12);
#9997=EDGE_CURVE('',#8693,#3618,#9996,.T.);
#9998=ORIENTED_EDGE('',*,*,#9997,.T.);
#9999=EDGE_LOOP('',(#9989,#9993,#9994,#9998));
#10000=ORIENTED_EDGE('',*,*,#4160,.F.);
#10001=CARTESIAN_POINT('',(3.660346995086,4.431728137596,0.425000000000));
#10002=LINE('',#10001,#12);
#10003=EDGE_CURVE('',#8230,#4153,#10002,.T.);
#10004=ORIENTED_EDGE('',*,*,#10003,.F.);
#10005=ORIENTED_EDGE('',*,*,#8232,.T.);
#10006=ORIENTED_EDGE('',*,*,#9352,.T.);
#10007=EDGE_LOOP('',(#10000,#10004,#10005,#10006));
#10008=ORIENTED_EDGE('',*,*,#3590,.F.);
#10009=CARTESIAN_POINT('',(4.272385470186,-3.845136773139,0.425000000000));
#10010=LINE('',#10009,#12);
#10011=EDGE_CURVE('',#8724,#3583,#10010,.T.);
#10012=ORIENTED_EDGE('',*,*,#10011,.F.);
#10013=ORIENTED_EDGE('',*,*,#8726,.T.);
#10014=CARTESIAN_POINT('',(4.356661926448,-3.749380117918,0.425000000000));
#10015=LINE('',#10014,#12);
#10016=EDGE_CURVE('',#8719,#3588,#10015,.T.);
#10017=ORIENTED_EDGE('',*,*,#10016,.T.);
#10018=EDGE_LOOP('',(#10008,#10012,#10013,#10017));
#10019=ORIENTED_EDGE('',*,*,#3770,.F.);
#10020=CARTESIAN_POINT('',(5.605106574869,-1.273237878153,0.425000000000));
#10021=LINE('',#10020,#12);
#10022=EDGE_CURVE('',#8568,#3763,#10021,.T.);
#10023=ORIENTED_EDGE('',*,*,#10022,.F.);
#10024=ORIENTED_EDGE('',*,*,#8570,.T.);
#10025=ORIENTED_EDGE('',*,*,#9240,.T.);
#10026=EDGE_LOOP('',(#10019,#10023,#10024,#10025));
#10027=ORIENTED_EDGE('',*,*,#5405,.F.);
#10028=CARTESIAN_POINT('',(-1.509978114875,-5.546018436915,0.425000000000));
#10029=LINE('',#10028,#12);
#10030=EDGE_CURVE('',#7147,#5398,#10029,.T.);
#10031=ORIENTED_EDGE('',*,*,#10030,.F.);
#10032=ORIENTED_EDGE('',*,*,#7149,.T.);
#10033=CARTESIAN_POINT('',(-1.386532945130,-5.578161059173,0.425000000000));
#10034=LINE('',#10033,#12);
#10035=EDGE_CURVE('',#7142,#5403,#10034,.T.);
#10036=ORIENTED_EDGE('',*,*,#10035,.T.);
#10037=EDGE_LOOP('',(#10027,#10031,#10032,#10036));
#10038=ORIENTED_EDGE('',*,*,#4657,.F.);
#10039=CARTESIAN_POINT('',(-3.930903773798,4.193608223373,0.425000000000));
#10040=LINE('',#10039,#12);
#10041=EDGE_CURVE('',#7797,#4650,#10040,.T.);
#10042=ORIENTED_EDGE('',*,*,#10041,.F.);
#10043=ORIENTED_EDGE('',*,*,#7799,.T.);
#10044=CARTESIAN_POINT('',(-4.022997354831,4.105343675385,0.425000000000));
#10045=LINE('',#10044,#12);
#10046=EDGE_CURVE('',#7792,#4655,#10045,.T.);
#10047=ORIENTED_EDGE('',*,*,#10046,.T.);
#10048=EDGE_LOOP('',(#10038,#10042,#10043,#10047));
#10049=ORIENTED_EDGE('',*,*,#4807,.F.);
#10050=ORIENTED_EDGE('',*,*,#9368,.F.);
#10051=ORIENTED_EDGE('',*,*,#7669,.T.);
#10052=CARTESIAN_POINT('',(-5.356865990840,2.083828487708,0.425000000000));
#10053=LINE('',#10052,#12);
#10054=EDGE_CURVE('',#7662,#4805,#10053,.T.);
#10055=ORIENTED_EDGE('',*,*,#10054,.T.);
#10056=EDGE_LOOP('',(#10049,#10050,#10051,#10055));
#10057=ORIENTED_EDGE('',*,*,#4567,.F.);
#10058=CARTESIAN_POINT('',(-2.747367822795,5.048794356702,0.425000000000));
#10059=LINE('',#10058,#12);
#10060=EDGE_CURVE('',#7875,#4560,#10059,.T.);
#10061=ORIENTED_EDGE('',*,*,#10060,.F.);
#10062=ORIENTED_EDGE('',*,*,#7877,.T.);
#10063=ORIENTED_EDGE('',*,*,#8996,.T.);
#10064=EDGE_LOOP('',(#10057,#10061,#10062,#10063));
#10065=ORIENTED_EDGE('',*,*,#5227,.F.);
#10066=CARTESIAN_POINT('',(-4.022997354831,-4.105343675385,0.425000000000));
#10067=LINE('',#10066,#12);
#10068=EDGE_CURVE('',#7303,#5220,#10067,.T.);
#10069=ORIENTED_EDGE('',*,*,#10068,.F.);
#10070=ORIENTED_EDGE('',*,*,#7305,.T.);
#10071=CARTESIAN_POINT('',(-3.930903773798,-4.193608223373,0.425000000000));
#10072=LINE('',#10071,#12);
#10073=EDGE_CURVE('',#7298,#5225,#10072,.T.);
#10074=ORIENTED_EDGE('',*,*,#10073,.T.);
#10075=EDGE_LOOP('',(#10065,#10069,#10070,#10074));
#10076=ORIENTED_EDGE('',*,*,#4329,.F.);
#10077=CARTESIAN_POINT('',(1.034203180715,5.654093931922,0.425000000000));
#10078=LINE('',#10077,#12);
#10079=EDGE_CURVE('',#8083,#4322,#10078,.T.);
#10080=ORIENTED_EDGE('',*,*,#10079,.F.);
#10081=ORIENTED_EDGE('',*,*,#8085,.T.);
#10082=CARTESIAN_POINT('',(0.908476838812,5.675651878273,0.425000000000));
#10083=LINE('',#10082,#12);
#10084=EDGE_CURVE('',#8078,#4327,#10083,.T.);
#10085=ORIENTED_EDGE('',*,*,#10084,.T.);
#10086=EDGE_LOOP('',(#10076,#10080,#10081,#10085));
#10087=ORIENTED_EDGE('',*,*,#4299,.F.);
#10088=CARTESIAN_POINT('',(1.509978114875,5.546018436915,0.425000000000));
#10089=LINE('',#10088,#12);
#10090=EDGE_CURVE('',#8109,#4292,#10089,.T.);
#10091=ORIENTED_EDGE('',*,*,#10090,.F.);
#10092=ORIENTED_EDGE('',*,*,#8111,.T.);
#10093=CARTESIAN_POINT('',(1.386532945130,5.578161059173,0.425000000000));
#10094=LINE('',#10093,#12);
#10095=EDGE_CURVE('',#8104,#4297,#10094,.T.);
#10096=ORIENTED_EDGE('',*,*,#10095,.T.);
#10097=EDGE_LOOP('',(#10087,#10091,#10092,#10096));
#10098=ORIENTED_EDGE('',*,*,#3680,.F.);
#10099=ORIENTED_EDGE('',*,*,#8964,.F.);
#10100=ORIENTED_EDGE('',*,*,#8648,.T.);
#10101=CARTESIAN_POINT('',(5.160846818383,-2.530615444350,0.425000000000));
#10102=LINE('',#10101,#12);
#10103=EDGE_CURVE('',#8641,#3678,#10102,.T.);
#10104=ORIENTED_EDGE('',*,*,#10103,.T.);
#10105=EDGE_LOOP('',(#10098,#10099,#10100,#10104));
#10106=FACE_BOUND('',#9383,.T.);
#10107=FACE_BOUND('',#9394,.T.);
#10108=FACE_BOUND('',#9402,.T.);
#10109=FACE_BOUND('',#9413,.T.);
#10110=FACE_BOUND('',#9424,.T.);
#10111=FACE_BOUND('',#9435,.T.);
#10112=FACE_BOUND('',#9446,.T.);
#10113=FACE_BOUND('',#9457,.T.);
#10114=FACE_BOUND('',#9468,.T.);
#10115=FACE_BOUND('',#9476,.T.);
#10116=FACE_BOUND('',#9484,.T.);
#10117=FACE_BOUND('',#9495,.T.);
#10118=FACE_BOUND('',#9506,.T.);
#10119=FACE_BOUND('',#9514,.T.);
#10120=FACE_BOUND('',#9522,.T.);
#10121=FACE_BOUND('',#9533,.T.);
#10122=FACE_BOUND('',#9541,.T.);
#10123=FACE_BOUND('',#9552,.T.);
#10124=FACE_BOUND('',#9563,.T.);
#10125=FACE_BOUND('',#9571,.T.);
#10126=FACE_BOUND('',#9579,.T.);
#10127=FACE_BOUND('',#9590,.T.);
#10128=FACE_BOUND('',#9601,.T.);
#10129=FACE_BOUND('',#9612,.T.);
#10130=FACE_BOUND('',#9623,.T.);
#10131=FACE_BOUND('',#9634,.T.);
#10132=FACE_BOUND('',#9639,.T.);
#10133=FACE_BOUND('',#9650,.T.);
#10134=FACE_BOUND('',#9658,.T.);
#10135=FACE_BOUND('',#9669,.T.);
#10136=FACE_BOUND('',#9680,.T.);
#10137=FACE_BOUND('',#9691,.T.);
#10138=FACE_BOUND('',#9696,.T.);
#10139=FACE_BOUND('',#9707,.T.);
#10140=FACE_BOUND('',#9718,.T.);
#10141=FACE_BOUND('',#9729,.T.);
#10142=FACE_BOUND('',#9737,.T.);
#10143=FACE_BOUND('',#9745,.T.);
#10144=FACE_BOUND('',#9756,.T.);
#10145=FACE_BOUND('',#9767,.T.);
#10146=FACE_BOUND('',#9778,.T.);
#10147=FACE_BOUND('',#9786,.T.);
#10148=FACE_BOUND('',#9797,.T.);
#10149=FACE_BOUND('',#9808,.T.);
#10150=FACE_BOUND('',#9816,.T.);
#10151=FACE_BOUND('',#9824,.T.);
#10152=FACE_BOUND('',#9835,.T.);
#10153=FACE_BOUND('',#9846,.T.);
#10154=FACE_BOUND('',#9857,.T.);
#10155=FACE_BOUND('',#9865,.T.);
#10156=FACE_BOUND('',#9876,.T.);
#10157=FACE_BOUND('',#9887,.T.);
#10158=FACE_BOUND('',#9898,.T.);
#10159=FACE_BOUND('',#9909,.T.);
#10160=FACE_BOUND('',#9920,.T.);
#10161=FACE_BOUND('',#9931,.T.);
#10162=FACE_BOUND('',#9942,.T.);
#10163=FACE_BOUND('',#9950,.T.);
#10164=FACE_BOUND('',#9961,.T.);
#10165=FACE_BOUND('',#9972,.T.);
#10166=FACE_BOUND('',#9980,.T.);
#10167=FACE_BOUND('',#9988,.T.);
#10168=FACE_BOUND('',#9999,.T.);
#10169=FACE_BOUND('',#10007,.T.);
#10170=FACE_BOUND('',#10018,.T.);
#10171=FACE_BOUND('',#10026,.T.);
#10172=FACE_BOUND('',#10037,.T.);
#10173=FACE_BOUND('',#10048,.T.);
#10174=FACE_BOUND('',#10056,.T.);
#10175=FACE_BOUND('',#10064,.T.);
#10176=FACE_BOUND('',#10075,.T.);
#10177=FACE_BOUND('',#10086,.T.);
#10178=FACE_BOUND('',#10097,.T.);
#10179=FACE_BOUND('',#10105,.T.);
#10180=ADVANCED_FACE('',(#10106,#10107,#10108,#10109,#10110,#10111,#10112,#10113,#10114,#10115,#10116,#10117,#10118,#10119,#10120,#10121,#10122,#10123,#10124,#10125,#10126,#10127,#10128,#10129,#10130,#10131,#10132,#10133,#10134,#10135,#10136,#10137,#10138,#10139,#10140,#10141,#10142,#10143,#10144,#10145,#10146,#10147,#10148,#10149,#10150,#10151,#10152,#10153,#10154,#10155,#10156,#10157,#10158,#10159,#10160,#10161,#10162,#10163,#10164,#10165,#10166,#10167,#10168,#10169,#10170,#10171,#10172,#10173,#10174,#10175,#10176,#10177,#10178,#10179),#9375,.T.);
#10181=CARTESIAN_POINT('',(-0.116191635000,-1.944573205347,0.000000000000));
#10182=DIRECTION('',(-0.059645361074,-0.998219630594,0.000000000000));
#10183=AXIS2_PLACEMENT_3D('',#10181,#10182,#3937);
#10184=PLANE('',#10183);
#10185=ORIENTED_EDGE('',*,*,#666,.F.);
#10186=ORIENTED_EDGE('',*,*,#7470,.F.);
#10187=ORIENTED_EDGE('',*,*,#7467,.F.);
#10188=ORIENTED_EDGE('',*,*,#9711,.T.);
#10189=ORIENTED_EDGE('',*,*,#5042,.F.);
#10190=ORIENTED_EDGE('',*,*,#5037,.F.);
#10191=EDGE_LOOP('',(#10185,#10186,#10187,#10188,#10189,#10190));
#10192=FACE_OUTER_BOUND('',#10191,.T.);
#10193=ADVANCED_FACE('',(#10192),#10184,.T.);
#10194=CARTESIAN_POINT('',(1.947752391962,-0.033556915873,0.000000000000));
#10195=DIRECTION('',(0.999851621860,-0.017225976412,0.000000000000));
#10196=AXIS2_PLACEMENT_3D('',#10194,#10195,#4494);
#10197=PLANE('',#10196);
#10198=ORIENTED_EDGE('',*,*,#413,.F.);
#10199=ORIENTED_EDGE('',*,*,#8891,.F.);
#10200=ORIENTED_EDGE('',*,*,#8888,.F.);
#10201=ORIENTED_EDGE('',*,*,#9869,.T.);
#10202=ORIENTED_EDGE('',*,*,#3405,.F.);
#10203=ORIENTED_EDGE('',*,*,#3400,.F.);
#10204=EDGE_LOOP('',(#10198,#10199,#10200,#10201,#10202,#10203));
#10205=FACE_OUTER_BOUND('',#10204,.T.);
#10206=ADVANCED_FACE('',(#10205),#10197,.T.);
#10207=CARTESIAN_POINT('',(-0.992646074034,-1.676162050251,0.000000000000));
#10208=DIRECTION('',(-0.509561066977,-0.860434494323,0.000000000000));
#10209=AXIS2_PLACEMENT_3D('',#10207,#10208,#4632);
#10210=PLANE('',#10209);
#10211=ORIENTED_EDGE('',*,*,#565,.T.);
#10212=ORIENTED_EDGE('',*,*,#3541,.F.);
#10213=ORIENTED_EDGE('',*,*,#3538,.F.);
#10214=ORIENTED_EDGE('',*,*,#9795,.F.);
#10215=ORIENTED_EDGE('',*,*,#8773,.F.);
#10216=ORIENTED_EDGE('',*,*,#8768,.F.);
#10217=EDGE_LOOP('',(#10211,#10212,#10213,#10214,#10215,#10216));
#10218=FACE_OUTER_BOUND('',#10217,.T.);
#10219=ADVANCED_FACE('',(#10218),#10210,.T.);
#10220=CARTESIAN_POINT('',(0.602432259853,-1.852549815601,0.000000000000));
#10221=DIRECTION('',(0.309250228397,-0.950980702347,0.000000000000));
#10222=AXIS2_PLACEMENT_3D('',#10220,#10221,#4932);
#10223=PLANE('',#10222);
#10224=ORIENTED_EDGE('',*,*,#703,.T.);
#10225=ORIENTED_EDGE('',*,*,#3841,.F.);
#10226=ORIENTED_EDGE('',*,*,#3838,.F.);
#10227=ORIENTED_EDGE('',*,*,#9885,.F.);
#10228=ORIENTED_EDGE('',*,*,#8513,.F.);
#10229=ORIENTED_EDGE('',*,*,#8508,.F.);
#10230=EDGE_LOOP('',(#10224,#10225,#10226,#10227,#10228,#10229));
#10231=FACE_OUTER_BOUND('',#10230,.T.);
#10232=ADVANCED_FACE('',(#10231),#10223,.T.);
#10233=CARTESIAN_POINT('',(-1.876448555562,-0.523265004872,0.000000000000));
#10234=DIRECTION('',(-0.963248788377,-0.268610818266,0.000000000000));
#10235=AXIS2_PLACEMENT_3D('',#10233,#10234,#4364);
#10236=PLANE('',#10235);
#10237=ORIENTED_EDGE('',*,*,#519,.T.);
#10238=ORIENTED_EDGE('',*,*,#5476,.F.);
#10239=ORIENTED_EDGE('',*,*,#5473,.F.);
#10240=ORIENTED_EDGE('',*,*,#9978,.F.);
#10241=ORIENTED_EDGE('',*,*,#7092,.F.);
#10242=ORIENTED_EDGE('',*,*,#7087,.F.);
#10243=EDGE_LOOP('',(#10237,#10238,#10239,#10240,#10241,#10242));
#10244=FACE_OUTER_BOUND('',#10243,.T.);
#10245=ADVANCED_FACE('',(#10244),#10236,.T.);
#10246=CARTESIAN_POINT('',(1.536502127104,-1.197508522057,0.000000000000));
#10247=DIRECTION('',(0.788742013675,-0.614724357630,0.000000000000));
#10248=AXIS2_PLACEMENT_3D('',#10246,#10247,#5142);
#10249=PLANE('',#10248);
#10250=ORIENTED_EDGE('',*,*,#1140,.T.);
#10251=ORIENTED_EDGE('',*,*,#4051,.F.);
#10252=ORIENTED_EDGE('',*,*,#4048,.F.);
#10253=ORIENTED_EDGE('',*,*,#9896,.F.);
#10254=ORIENTED_EDGE('',*,*,#8331,.F.);
#10255=ORIENTED_EDGE('',*,*,#8326,.F.);
#10256=EDGE_LOOP('',(#10250,#10251,#10252,#10253,#10254,#10255));
#10257=FACE_OUTER_BOUND('',#10256,.T.);
#10258=ADVANCED_FACE('',(#10257),#10249,.T.);
#10259=CARTESIAN_POINT('',(1.632522677867,1.062890000538,0.000000000000));
#10260=DIRECTION('',(0.838032828981,0.545619810446,0.000000000000));
#10261=AXIS2_PLACEMENT_3D('',#10259,#10260,#4704);
#10262=PLANE('',#10261);
#10263=ORIENTED_EDGE('',*,*,#735,.F.);
#10264=ORIENTED_EDGE('',*,*,#8709,.F.);
#10265=ORIENTED_EDGE('',*,*,#8706,.F.);
#10266=ORIENTED_EDGE('',*,*,#9992,.T.);
#10267=ORIENTED_EDGE('',*,*,#3615,.F.);
#10268=ORIENTED_EDGE('',*,*,#3610,.F.);
#10269=EDGE_LOOP('',(#10263,#10264,#10265,#10266,#10267,#10268));
#10270=FACE_OUTER_BOUND('',#10269,.T.);
#10271=ADVANCED_FACE('',(#10270),#10262,.T.);
#10272=CARTESIAN_POINT('',(-1.943581416927,0.131744915551,0.000000000000));
#10273=DIRECTION('',(-0.997710509791,0.067629421496,0.000000000000));
#10274=AXIS2_PLACEMENT_3D('',#10272,#10273,#4244);
#10275=PLANE('',#10274);
#10276=ORIENTED_EDGE('',*,*,#1531,.T.);
#10277=ORIENTED_EDGE('',*,*,#5356,.F.);
#10278=ORIENTED_EDGE('',*,*,#5353,.F.);
#10279=ORIENTED_EDGE('',*,*,#9599,.F.);
#10280=ORIENTED_EDGE('',*,*,#7196,.F.);
#10281=ORIENTED_EDGE('',*,*,#7191,.F.);
#10282=EDGE_LOOP('',(#10276,#10277,#10278,#10279,#10280,#10281));
#10283=FACE_OUTER_BOUND('',#10282,.T.);
#10284=ADVANCED_FACE('',(#10283),#10275,.T.);
#10285=CARTESIAN_POINT('',(-1.876448555562,0.523265004872,0.000000000000));
#10286=DIRECTION('',(-0.963248788377,0.268610818266,0.000000000000));
#10287=AXIS2_PLACEMENT_3D('',#10285,#10286,#5512);
#10288=PLANE('',#10287);
#10289=ORIENTED_EDGE('',*,*,#1448,.F.);
#10290=ORIENTED_EDGE('',*,*,#8016,.F.);
#10291=ORIENTED_EDGE('',*,*,#8013,.F.);
#10292=ORIENTED_EDGE('',*,*,#9954,.T.);
#10293=ORIENTED_EDGE('',*,*,#4414,.F.);
#10294=ORIENTED_EDGE('',*,*,#4409,.F.);
#10295=EDGE_LOOP('',(#10289,#10290,#10291,#10292,#10293,#10294));
#10296=FACE_OUTER_BOUND('',#10295,.T.);
#10297=ADVANCED_FACE('',(#10296),#10288,.T.);
#10298=CARTESIAN_POINT('',(-0.377547313157,-1.911105301475,0.000000000000));
#10299=DIRECTION('',(-0.193808666310,-0.981039347255,0.000000000000));
#10300=AXIS2_PLACEMENT_3D('',#10298,#10299,#4752);
#10301=PLANE('',#10300);
#10302=ORIENTED_EDGE('',*,*,#1731,.T.);
#10303=ORIENTED_EDGE('',*,*,#3661,.F.);
#10304=ORIENTED_EDGE('',*,*,#3658,.F.);
#10305=ORIENTED_EDGE('',*,*,#9474,.F.);
#10306=ORIENTED_EDGE('',*,*,#8669,.F.);
#10307=ORIENTED_EDGE('',*,*,#8664,.F.);
#10308=EDGE_LOOP('',(#10302,#10303,#10304,#10305,#10306,#10307));
#10309=FACE_OUTER_BOUND('',#10308,.T.);
#10310=ADVANCED_FACE('',(#10309),#10301,.T.);
#10311=CARTESIAN_POINT('',(0.695095002427,-1.819809985849,0.000000000000));
#10312=DIRECTION('',(0.356817359533,-0.934174165740,0.000000000000));
#10313=AXIS2_PLACEMENT_3D('',#10311,#10312,#4087);
#10314=PLANE('',#10313);
#10315=ORIENTED_EDGE('',*,*,#1356,.F.);
#10316=ORIENTED_EDGE('',*,*,#7340,.F.);
#10317=ORIENTED_EDGE('',*,*,#7337,.F.);
#10318=ORIENTED_EDGE('',*,*,#9935,.T.);
#10319=ORIENTED_EDGE('',*,*,#5192,.F.);
#10320=ORIENTED_EDGE('',*,*,#5187,.F.);
#10321=EDGE_LOOP('',(#10315,#10316,#10317,#10318,#10319,#10320));
#10322=FACE_OUTER_BOUND('',#10321,.T.);
#10323=ADVANCED_FACE('',(#10322),#10314,.T.);
#10324=CARTESIAN_POINT('',(-1.761025336242,0.832859659312,0.000000000000));
#10325=DIRECTION('',(-0.903997882814,0.427536931584,0.000000000000));
#10326=AXIS2_PLACEMENT_3D('',#10324,#10325,#5452);
#10327=PLANE('',#10326);
#10328=ORIENTED_EDGE('',*,*,#167,.F.);
#10329=ORIENTED_EDGE('',*,*,#8068,.F.);
#10330=ORIENTED_EDGE('',*,*,#8065,.F.);
#10331=ORIENTED_EDGE('',*,*,#9605,.T.);
#10332=ORIENTED_EDGE('',*,*,#4354,.F.);
#10333=ORIENTED_EDGE('',*,*,#4349,.F.);
#10334=EDGE_LOOP('',(#10328,#10329,#10330,#10331,#10332,#10333));
#10335=FACE_OUTER_BOUND('',#10334,.T.);
#10336=ADVANCED_FACE('',(#10335),#10327,.T.);
#10337=CARTESIAN_POINT('',(-0.280684381694,1.927714119072,0.000000000000));
#10338=DIRECTION('',(-0.144085426580,0.989565252951,0.000000000000));
#10339=AXIS2_PLACEMENT_3D('',#10337,#10338,#3775);
#10340=PLANE('',#10339);
#10341=ORIENTED_EDGE('',*,*,#1639,.T.);
#10342=ORIENTED_EDGE('',*,*,#4878,.F.);
#10343=ORIENTED_EDGE('',*,*,#4875,.F.);
#10344=ORIENTED_EDGE('',*,*,#9466,.F.);
#10345=ORIENTED_EDGE('',*,*,#7612,.F.);
#10346=ORIENTED_EDGE('',*,*,#7607,.F.);
#10347=EDGE_LOOP('',(#10341,#10342,#10343,#10344,#10345,#10346));
#10348=FACE_OUTER_BOUND('',#10347,.T.);
#10349=ADVANCED_FACE('',(#10348),#10340,.T.);
#10350=CARTESIAN_POINT('',(1.825312655658,0.680513891182,0.000000000000));
#10351=DIRECTION('',(0.936998884814,0.349332348714,0.000000000000));
#10352=AXIS2_PLACEMENT_3D('',#10350,#10351,#5500);
#10353=PLANE('',#10352);
#10354=ORIENTED_EDGE('',*,*,#1439,.T.);
#10355=ORIENTED_EDGE('',*,*,#4400,.F.);
#10356=ORIENTED_EDGE('',*,*,#4397,.F.);
#10357=ORIENTED_EDGE('',*,*,#9381,.F.);
#10358=ORIENTED_EDGE('',*,*,#8028,.F.);
#10359=ORIENTED_EDGE('',*,*,#8023,.F.);
#10360=EDGE_LOOP('',(#10354,#10355,#10356,#10357,#10358,#10359));
#10361=FACE_OUTER_BOUND('',#10360,.T.);
#10362=ADVANCED_FACE('',(#10361),#10353,.T.);
#10363=CARTESIAN_POINT('',(-1.684049788925,0.979204654512,0.000000000000));
#10364=DIRECTION('',(-0.864483555353,0.502661101066,0.000000000000));
#10365=AXIS2_PLACEMENT_3D('',#10363,#10364,#5422);
#10366=PLANE('',#10365);
#10367=ORIENTED_EDGE('',*,*,#1494,.F.);
#10368=ORIENTED_EDGE('',*,*,#8094,.F.);
#10369=ORIENTED_EDGE('',*,*,#8091,.F.);
#10370=ORIENTED_EDGE('',*,*,#10079,.T.);
#10371=ORIENTED_EDGE('',*,*,#4324,.F.);
#10372=ORIENTED_EDGE('',*,*,#4319,.F.);
#10373=EDGE_LOOP('',(#10367,#10368,#10369,#10370,#10371,#10372));
#10374=FACE_OUTER_BOUND('',#10373,.T.);
#10375=ADVANCED_FACE('',(#10374),#10366,.T.);
#10376=CARTESIAN_POINT('',(0.214114142774,1.936238771655,0.000000000000));
#10377=DIRECTION('',(0.109912519578,0.993941264884,0.000000000000));
#10378=AXIS2_PLACEMENT_3D('',#10376,#10377,#3685);
#10379=PLANE('',#10378);
#10380=ORIENTED_EDGE('',*,*,#1370,.T.);
#10381=ORIENTED_EDGE('',*,*,#4788,.F.);
#10382=ORIENTED_EDGE('',*,*,#4785,.F.);
#10383=ORIENTED_EDGE('',*,*,#9621,.F.);
#10384=ORIENTED_EDGE('',*,*,#7690,.F.);
#10385=ORIENTED_EDGE('',*,*,#7685,.F.);
#10386=EDGE_LOOP('',(#10380,#10381,#10382,#10383,#10384,#10385));
#10387=FACE_OUTER_BOUND('',#10386,.T.);
#10388=ADVANCED_FACE('',(#10387),#10379,.T.);
#10389=CARTESIAN_POINT('',(0.000000000000,0.000000000000,0.000000000000));
#10390=AXIS2_PLACEMENT_3D('',#10389,#11,#94);
#10391=CYLINDRICAL_SURFACE('',#10390,1.000000000000);
#10392=CARTESIAN_POINT('',(0.000000000000,1.000000000000,0.485000000000));
#10393=VERTEX_POINT('',#10392);
#10394=CARTESIAN_POINT('',(0.000000000000,0.000000000000,0.485000000000));
#10395=AXIS2_PLACEMENT_3D('',#10394,#11,#94);
#10396=CIRCLE('',#10395,1.000000000000);
#10397=EDGE_CURVE('',#10393,#10393,#10396,.T.);
#10398=ORIENTED_EDGE('',*,*,#10397,.T.);
#10399=EDGE_LOOP('',(#10398));
#10400=CARTESIAN_POINT('',(0.000000000000,1.000000000000,-0.485000000000));
#10401=VERTEX_POINT('',#10400);
#10402=CARTESIAN_POINT('',(0.000000000000,0.000000000000,-0.485000000000));
#10403=AXIS2_PLACEMENT_3D('',#10402,#11,#94);
#10404=CIRCLE('',#10403,1.000000000000);
#10405=EDGE_CURVE('',#10401,#10401,#10404,.T.);
#10406=ORIENTED_EDGE('',*,*,#10405,.F.);
#10407=EDGE_LOOP('',(#10406));
#10408=CARTESIAN_POINT('',(0.000000000000,1.000000000000,0.625000000000));
#10409=VERTEX_POINT('',#10408);
#10410=CIRCLE('',#9167,1.000000000000);
#10411=EDGE_CURVE('',#10409,#10409,#10410,.T.);
#10412=ORIENTED_EDGE('',*,*,#10411,.F.);
#10413=EDGE_LOOP('',(#10412));
#10414=CARTESIAN_POINT('',(0.000000000000,1.000000000000,-0.625000000000));
#10415=VERTEX_POINT('',#10414);
#10416=CIRCLE('',#9175,1.000000000000);
#10417=EDGE_CURVE('',#10415,#10415,#10416,.T.);
#10418=ORIENTED_EDGE('',*,*,#10417,.T.);
#10419=EDGE_LOOP('',(#10418));
#10420=FACE_BOUND('',#10407,.T.);
#10421=FACE_BOUND('',#10419,.T.);
#10422=ADVANCED_FACE('',(#10420,#10421),#10391,.T.);
#10423=FACE_BOUND('',#10399,.T.);
#10424=FACE_BOUND('',#10413,.T.);
#10425=ADVANCED_FACE('',(#10423,#10424),#10391,.T.);
#10426=PLANE('',#9167);
#10427=ORIENTED_EDGE('',*,*,#10411,.T.);
#10428=EDGE_LOOP('',(#10427));
#10429=ORIENTED_EDGE('',*,*,#9169,.F.);
#10430=EDGE_LOOP('',(#10429));
#10431=FACE_OUTER_BOUND('',#10428,.T.);
#10432=FACE_BOUND('',#10430,.T.);
#10433=ADVANCED_FACE('',(#10431,#10432),#10426,.T.);
#10434=AXIS2_PLACEMENT_3D('',#9174,#5544,#5545);
#10435=PLANE('',#10434);
#10436=ORIENTED_EDGE('',*,*,#10417,.F.);
#10437=EDGE_LOOP('',(#10436));
#10438=ORIENTED_EDGE('',*,*,#9177,.T.);
#10439=EDGE_LOOP('',(#10438));
#10440=FACE_OUTER_BOUND('',#10437,.T.);
#10441=FACE_BOUND('',#10439,.T.);
#10442=ADVANCED_FACE('',(#10440,#10441),#10435,.T.);
#10443=CARTESIAN_POINT('',(-1.925406893245,-0.296097521839,0.000000000000));
#10444=DIRECTION('',(-0.988380870637,-0.151997547872,0.000000000000));
#10445=AXIS2_PLACEMENT_3D('',#10443,#10444,#3457);
#10446=PLANE('',#10445);
#10447=ORIENTED_EDGE('',*,*,#1763,.F.);
#10448=ORIENTED_EDGE('',*,*,#7886,.F.);
#10449=ORIENTED_EDGE('',*,*,#7883,.F.);
#10450=ORIENTED_EDGE('',*,*,#10060,.T.);
#10451=ORIENTED_EDGE('',*,*,#4562,.F.);
#10452=ORIENTED_EDGE('',*,*,#4557,.F.);
#10453=EDGE_LOOP('',(#10447,#10448,#10449,#10450,#10451,#10452));
#10454=FACE_OUTER_BOUND('',#10453,.T.);
#10455=ADVANCED_FACE('',(#10454),#10446,.T.);
#10456=CARTESIAN_POINT('',(-0.049138275086,1.947421597117,0.000000000000));
#10457=DIRECTION('',(-0.025224450624,0.999681812924,0.000000000000));
#10458=AXIS2_PLACEMENT_3D('',#10456,#10457,#5064);
#10459=PLANE('',#10458);
#10460=ORIENTED_EDGE('',*,*,#597,.F.);
#10461=ORIENTED_EDGE('',*,*,#8397,.F.);
#10462=ORIENTED_EDGE('',*,*,#8394,.F.);
#10463=ORIENTED_EDGE('',*,*,#9902,.T.);
#10464=ORIENTED_EDGE('',*,*,#3975,.F.);
#10465=ORIENTED_EDGE('',*,*,#3970,.F.);
#10466=EDGE_LOOP('',(#10460,#10461,#10462,#10463,#10464,#10465));
#10467=FACE_OUTER_BOUND('',#10466,.T.);
#10468=ADVANCED_FACE('',(#10467),#10459,.T.);
#10469=CARTESIAN_POINT('',(1.914064600625,0.362245982212,0.000000000000));
#10470=DIRECTION('',(0.982558462348,0.185953940717,0.000000000000));
#10471=AXIS2_PLACEMENT_3D('',#10469,#10470,#5440);
#10472=PLANE('',#10471);
#10473=ORIENTED_EDGE('',*,*,#158,.T.);
#10474=ORIENTED_EDGE('',*,*,#4340,.F.);
#10475=ORIENTED_EDGE('',*,*,#4337,.F.);
#10476=ORIENTED_EDGE('',*,*,#10084,.F.);
#10477=ORIENTED_EDGE('',*,*,#8080,.F.);
#10478=ORIENTED_EDGE('',*,*,#8075,.F.);
#10479=EDGE_LOOP('',(#10473,#10474,#10475,#10476,#10477,#10478));
#10480=FACE_OUTER_BOUND('',#10479,.T.);
#10481=ADVANCED_FACE('',(#10480),#10472,.T.);
#10482=CARTESIAN_POINT('',(-1.893359768778,0.458316738697,0.000000000000));
#10483=DIRECTION('',(-0.971929924661,0.235270528432,0.000000000000));
#10484=AXIS2_PLACEMENT_3D('',#10482,#10483,#4195);
#10485=PLANE('',#10484);
#10486=ORIENTED_EDGE('',*,*,#381,.T.);
#10487=ORIENTED_EDGE('',*,*,#5298,.F.);
#10488=ORIENTED_EDGE('',*,*,#5295,.F.);
#10489=ORIENTED_EDGE('',*,*,#9422,.F.);
#10490=ORIENTED_EDGE('',*,*,#7248,.F.);
#10491=ORIENTED_EDGE('',*,*,#7243,.F.);
#10492=EDGE_LOOP('',(#10486,#10487,#10488,#10489,#10490,#10491));
#10493=FACE_OUTER_BOUND('',#10492,.T.);
#10494=ADVANCED_FACE('',(#10493),#10485,.T.);
#10495=CARTESIAN_POINT('',(0.443154790985,-1.896965808396,0.000000000000));
#10496=DIRECTION('',(0.227487353285,-0.973781034984,0.000000000000));
#10497=AXIS2_PLACEMENT_3D('',#10495,#10496,#4902);
#10498=PLANE('',#10497);
#10499=ORIENTED_EDGE('',*,*,#450,.T.);
#10500=ORIENTED_EDGE('',*,*,#3811,.F.);
#10501=ORIENTED_EDGE('',*,*,#3808,.F.);
#10502=ORIENTED_EDGE('',*,*,#9727,.F.);
#10503=ORIENTED_EDGE('',*,*,#8539,.F.);
#10504=ORIENTED_EDGE('',*,*,#8534,.F.);
#10505=EDGE_LOOP('',(#10499,#10500,#10501,#10502,#10503,#10504));
#10506=FACE_OUTER_BOUND('',#10505,.T.);
#10507=ADVANCED_FACE('',(#10506),#10498,.T.);
#10508=CARTESIAN_POINT('',(0.443154790985,1.896965808396,0.000000000000));
#10509=DIRECTION('',(0.227487353285,0.973781034984,0.000000000000));
#10510=AXIS2_PLACEMENT_3D('',#10508,#10509,#4974);
#10511=PLANE('',#10510);
#10512=ORIENTED_EDGE('',*,*,#1671,.F.);
#10513=ORIENTED_EDGE('',*,*,#8475,.F.);
#10514=ORIENTED_EDGE('',*,*,#8472,.F.);
#10515=ORIENTED_EDGE('',*,*,#9749,.T.);
#10516=ORIENTED_EDGE('',*,*,#3885,.F.);
#10517=ORIENTED_EDGE('',*,*,#3880,.F.);
#10518=EDGE_LOOP('',(#10512,#10513,#10514,#10515,#10516,#10517));
#10519=FACE_OUTER_BOUND('',#10518,.T.);
#10520=ADVANCED_FACE('',(#10519),#10511,.T.);
#10521=CARTESIAN_POINT('',(1.684049788925,-0.979204654512,0.000000000000));
#10522=DIRECTION('',(0.864483555353,-0.502661101066,0.000000000000));
#10523=AXIS2_PLACEMENT_3D('',#10521,#10522,#4316);
#10524=PLANE('',#10523);
#10525=ORIENTED_EDGE('',*,*,#551,.F.);
#10526=ORIENTED_EDGE('',*,*,#7132,.F.);
#10527=ORIENTED_EDGE('',*,*,#7129,.F.);
#10528=ORIENTED_EDGE('',*,*,#9771,.T.);
#10529=ORIENTED_EDGE('',*,*,#5430,.F.);
#10530=ORIENTED_EDGE('',*,*,#5425,.F.);
#10531=EDGE_LOOP('',(#10525,#10526,#10527,#10528,#10529,#10530));
#10532=FACE_OUTER_BOUND('',#10531,.T.);
#10533=ADVANCED_FACE('',(#10532),#10524,.T.);
#10534=CARTESIAN_POINT('',(-1.937889766380,0.198616968948,0.000000000000));
#10535=DIRECTION('',(-0.994788780082,0.101957260765,0.000000000000));
#10536=AXIS2_PLACEMENT_3D('',#10534,#10535,#3367);
#10537=PLANE('',#10536);
#10538=ORIENTED_EDGE('',*,*,#758,.F.);
#10539=ORIENTED_EDGE('',*,*,#7964,.F.);
#10540=ORIENTED_EDGE('',*,*,#7961,.F.);
#10541=ORIENTED_EDGE('',*,*,#9643,.T.);
#10542=ORIENTED_EDGE('',*,*,#4472,.F.);
#10543=ORIENTED_EDGE('',*,*,#4467,.F.);
#10544=EDGE_LOOP('',(#10538,#10539,#10540,#10541,#10542,#10543));
#10545=FACE_OUTER_BOUND('',#10544,.T.);
#10546=ADVANCED_FACE('',(#10545),#10537,.T.);
#10547=CARTESIAN_POINT('',(0.695095002427,1.819809985849,0.000000000000));
#10548=DIRECTION('',(0.356817359533,0.934174165740,0.000000000000));
#10549=AXIS2_PLACEMENT_3D('',#10547,#10548,#3595);
#10550=PLANE('',#10549);
#10551=ORIENTED_EDGE('',*,*,#1255,.T.);
#10552=ORIENTED_EDGE('',*,*,#4698,.F.);
#10553=ORIENTED_EDGE('',*,*,#4695,.F.);
#10554=ORIENTED_EDGE('',*,*,#9493,.F.);
#10555=ORIENTED_EDGE('',*,*,#7768,.F.);
#10556=ORIENTED_EDGE('',*,*,#7763,.F.);
#10557=EDGE_LOOP('',(#10551,#10552,#10553,#10554,#10555,#10556));
#10558=FACE_OUTER_BOUND('',#10557,.T.);
#10559=ADVANCED_FACE('',(#10558),#10550,.T.);
#10560=CARTESIAN_POINT('',(0.992646074034,-1.676162050251,0.000000000000));
#10561=DIRECTION('',(0.509561066977,-0.860434494323,0.000000000000));
#10562=AXIS2_PLACEMENT_3D('',#10560,#10561,#4147);
#10563=PLANE('',#10562);
#10564=ORIENTED_EDGE('',*,*,#213,.F.);
#10565=ORIENTED_EDGE('',*,*,#7288,.F.);
#10566=ORIENTED_EDGE('',*,*,#7285,.F.);
#10567=ORIENTED_EDGE('',*,*,#9450,.T.);
#10568=ORIENTED_EDGE('',*,*,#5252,.F.);
#10569=ORIENTED_EDGE('',*,*,#5247,.F.);
#10570=EDGE_LOOP('',(#10564,#10565,#10566,#10567,#10568,#10569));
#10571=FACE_OUTER_BOUND('',#10570,.T.);
#10572=ADVANCED_FACE('',(#10571),#10563,.T.);
#10573=CARTESIAN_POINT('',(-1.943581416927,-0.131744915551,0.000000000000));
#10574=DIRECTION('',(-0.997710509791,-0.067629421496,0.000000000000));
#10575=AXIS2_PLACEMENT_3D('',#10573,#10574,#3427);
#10576=PLANE('',#10575);
#10577=ORIENTED_EDGE('',*,*,#827,.F.);
#10578=ORIENTED_EDGE('',*,*,#7912,.F.);
#10579=ORIENTED_EDGE('',*,*,#7909,.F.);
#10580=ORIENTED_EDGE('',*,*,#9924,.T.);
#10581=ORIENTED_EDGE('',*,*,#4532,.F.);
#10582=ORIENTED_EDGE('',*,*,#4527,.F.);
#10583=EDGE_LOOP('',(#10577,#10578,#10579,#10580,#10581,#10582));
#10584=FACE_OUTER_BOUND('',#10583,.T.);
#10585=ADVANCED_FACE('',(#10584),#10576,.T.);
#10586=CARTESIAN_POINT('',(1.049795457310,1.640973779439,0.000000000000));
#10587=DIRECTION('',(0.538897908658,0.842371084525,0.000000000000));
#10588=AXIS2_PLACEMENT_3D('',#10586,#10587,#4854);
#10589=PLANE('',#10588);
#10590=ORIENTED_EDGE('',*,*,#505,.F.);
#10591=ORIENTED_EDGE('',*,*,#8579,.F.);
#10592=ORIENTED_EDGE('',*,*,#8576,.F.);
#10593=ORIENTED_EDGE('',*,*,#10022,.T.);
#10594=ORIENTED_EDGE('',*,*,#3765,.F.);
#10595=ORIENTED_EDGE('',*,*,#3760,.F.);
#10596=EDGE_LOOP('',(#10590,#10591,#10592,#10593,#10594,#10595));
#10597=FACE_OUTER_BOUND('',#10596,.T.);
#10598=ADVANCED_FACE('',(#10597),#10589,.T.);
#10599=CARTESIAN_POINT('',(1.594940624289,-1.118494457737,0.000000000000));
#10600=DIRECTION('',(0.818740604066,-0.574163585795,0.000000000000));
#10601=AXIS2_PLACEMENT_3D('',#10599,#10600,#4286);
#10602=PLANE('',#10601);
#10603=ORIENTED_EDGE('',*,*,#1218,.F.);
#10604=ORIENTED_EDGE('',*,*,#7158,.F.);
#10605=ORIENTED_EDGE('',*,*,#7155,.F.);
#10606=ORIENTED_EDGE('',*,*,#10030,.T.);
#10607=ORIENTED_EDGE('',*,*,#5400,.F.);
#10608=ORIENTED_EDGE('',*,*,#5395,.F.);
#10609=EDGE_LOOP('',(#10603,#10604,#10605,#10606,#10607,#10608));
#10610=FACE_OUTER_BOUND('',#10609,.T.);
#10611=ADVANCED_FACE('',(#10610),#10602,.T.);
#10612=CARTESIAN_POINT('',(-1.825312655658,-0.680513891182,0.000000000000));
#10613=DIRECTION('',(-0.936998884814,-0.349332348714,0.000000000000));
#10614=AXIS2_PLACEMENT_3D('',#10612,#10613,#4394);
#10615=PLANE('',#10614);
#10616=ORIENTED_EDGE('',*,*,#1071,.T.);
#10617=ORIENTED_EDGE('',*,*,#5506,.F.);
#10618=ORIENTED_EDGE('',*,*,#5503,.F.);
#10619=ORIENTED_EDGE('',*,*,#9705,.F.);
#10620=ORIENTED_EDGE('',*,*,#7066,.F.);
#10621=ORIENTED_EDGE('',*,*,#7061,.F.);
#10622=EDGE_LOOP('',(#10616,#10617,#10618,#10619,#10620,#10621));
#10623=FACE_OUTER_BOUND('',#10622,.T.);
#10624=ADVANCED_FACE('',(#10623),#10615,.T.);
#10625=CARTESIAN_POINT('',(0.538260246497,-1.872202273804,0.000000000000));
#10626=DIRECTION('',(0.276308417160,-0.961069018649,0.000000000000));
#10627=AXIS2_PLACEMENT_3D('',#10625,#10626,#4057);
#10628=PLANE('',#10627);
#10629=ORIENTED_EDGE('',*,*,#689,.F.);
#10630=ORIENTED_EDGE('',*,*,#7366,.F.);
#10631=ORIENTED_EDGE('',*,*,#7363,.F.);
#10632=ORIENTED_EDGE('',*,*,#9556,.T.);
#10633=ORIENTED_EDGE('',*,*,#5162,.F.);
#10634=ORIENTED_EDGE('',*,*,#5157,.F.);
#10635=EDGE_LOOP('',(#10629,#10630,#10631,#10632,#10633,#10634));
#10636=FACE_OUTER_BOUND('',#10635,.T.);
#10637=ADVANCED_FACE('',(#10636),#10628,.T.);
#10638=CARTESIAN_POINT('',(1.131218527421,-1.585941389275,0.000000000000));
#10639=DIRECTION('',(0.580695310137,-0.814120971837,0.000000000000));
#10640=AXIS2_PLACEMENT_3D('',#10638,#10639,#4177);
#10641=PLANE('',#10640);
#10642=ORIENTED_EDGE('',*,*,#1517,.F.);
#10643=ORIENTED_EDGE('',*,*,#7262,.F.);
#10644=ORIENTED_EDGE('',*,*,#7259,.F.);
#10645=ORIENTED_EDGE('',*,*,#9417,.T.);
#10646=ORIENTED_EDGE('',*,*,#5282,.F.);
#10647=ORIENTED_EDGE('',*,*,#5277,.F.);
#10648=EDGE_LOOP('',(#10642,#10643,#10644,#10645,#10646,#10647));
#10649=FACE_OUTER_BOUND('',#10648,.T.);
#10650=ADVANCED_FACE('',(#10649),#10641,.T.);
#10651=CARTESIAN_POINT('',(-1.788669607312,0.771703623727,0.000000000000));
#10652=DIRECTION('',(-0.918188685186,0.396143330622,0.000000000000));
#10653=AXIS2_PLACEMENT_3D('',#10651,#10652,#4135);
#10654=PLANE('',#10653);
#10655=ORIENTED_EDGE('',*,*,#204,.T.);
#10656=ORIENTED_EDGE('',*,*,#5238,.F.);
#10657=ORIENTED_EDGE('',*,*,#5235,.F.);
#10658=ORIENTED_EDGE('',*,*,#10073,.F.);
#10659=ORIENTED_EDGE('',*,*,#7300,.F.);
#10660=ORIENTED_EDGE('',*,*,#7295,.F.);
#10661=EDGE_LOOP('',(#10655,#10656,#10657,#10658,#10659,#10660));
#10662=FACE_OUTER_BOUND('',#10661,.T.);
#10663=ADVANCED_FACE('',(#10662),#10654,.T.);
#10664=CARTESIAN_POINT('',(0.377547313157,1.911105301475,0.000000000000));
#10665=DIRECTION('',(0.193808666310,0.981039347255,0.000000000000));
#10666=AXIS2_PLACEMENT_3D('',#10664,#10665,#3655);
#10667=PLANE('',#10666);
#10668=ORIENTED_EDGE('',*,*,#1094,.T.);
#10669=ORIENTED_EDGE('',*,*,#4758,.F.);
#10670=ORIENTED_EDGE('',*,*,#4755,.F.);
#10671=ORIENTED_EDGE('',*,*,#9588,.F.);
#10672=ORIENTED_EDGE('',*,*,#7716,.F.);
#10673=ORIENTED_EDGE('',*,*,#7711,.F.);
#10674=EDGE_LOOP('',(#10668,#10669,#10670,#10671,#10672,#10673));
#10675=FACE_OUTER_BOUND('',#10674,.T.);
#10676=ADVANCED_FACE('',(#10675),#10667,.T.);
#10677=CARTESIAN_POINT('',(-1.429411043307,1.323498967234,0.000000000000));
#10678=DIRECTION('',(-0.733768294088,0.679399801731,0.000000000000));
#10679=AXIS2_PLACEMENT_3D('',#10677,#10678,#4015);
#10680=PLANE('',#10679);
#10681=ORIENTED_EDGE('',*,*,#110,.T.);
#10682=ORIENTED_EDGE('',*,*,#5118,.F.);
#10683=ORIENTED_EDGE('',*,*,#5115,.F.);
#10684=ORIENTED_EDGE('',*,*,#9444,.F.);
#10685=ORIENTED_EDGE('',*,*,#7404,.F.);
#10686=ORIENTED_EDGE('',*,*,#7399,.F.);
#10687=EDGE_LOOP('',(#10681,#10682,#10683,#10684,#10685,#10686));
#10688=FACE_OUTER_BOUND('',#10687,.T.);
#10689=ADVANCED_FACE('',(#10688),#10680,.T.);
#10690=CARTESIAN_POINT('',(-1.937889766380,-0.198616968948,0.000000000000));
#10691=DIRECTION('',(-0.994788780082,-0.101957260765,0.000000000000));
#10692=AXIS2_PLACEMENT_3D('',#10690,#10691,#4304);
#10693=PLANE('',#10692);
#10694=ORIENTED_EDGE('',*,*,#542,.T.);
#10695=ORIENTED_EDGE('',*,*,#5416,.F.);
#10696=ORIENTED_EDGE('',*,*,#5413,.F.);
#10697=ORIENTED_EDGE('',*,*,#10035,.F.);
#10698=ORIENTED_EDGE('',*,*,#7144,.F.);
#10699=ORIENTED_EDGE('',*,*,#7139,.F.);
#10700=EDGE_LOOP('',(#10694,#10695,#10696,#10697,#10698,#10699));
#10701=FACE_OUTER_BOUND('',#10700,.T.);
#10702=ADVANCED_FACE('',(#10701),#10693,.T.);
#10703=CARTESIAN_POINT('',(-1.494339875907,1.249725482764,0.000000000000));
#10704=DIRECTION('',(-0.767098607966,0.641529208733,0.000000000000));
#10705=AXIS2_PLACEMENT_3D('',#10703,#10704,#5362);
#10706=PLANE('',#10705);
#10707=ORIENTED_EDGE('',*,*,#1717,.F.);
#10708=ORIENTED_EDGE('',*,*,#8146,.F.);
#10709=ORIENTED_EDGE('',*,*,#8143,.F.);
#10710=ORIENTED_EDGE('',*,*,#9733,.T.);
#10711=ORIENTED_EDGE('',*,*,#4264,.F.);
#10712=ORIENTED_EDGE('',*,*,#4259,.F.);
#10713=EDGE_LOOP('',(#10707,#10708,#10709,#10710,#10711,#10712));
#10714=FACE_OUTER_BOUND('',#10713,.T.);
#10715=ADVANCED_FACE('',(#10714),#10706,.T.);
#10716=CARTESIAN_POINT('',(1.261640525396,-1.484293984247,0.000000000000));
#10717=DIRECTION('',(0.647645630280,-0.761941689094,0.000000000000));
#10718=AXIS2_PLACEMENT_3D('',#10716,#10717,#4207);
#10719=PLANE('',#10718);
#10720=ORIENTED_EDGE('',*,*,#390,.F.);
#10721=ORIENTED_EDGE('',*,*,#7236,.F.);
#10722=ORIENTED_EDGE('',*,*,#7233,.F.);
#10723=ORIENTED_EDGE('',*,*,#9850,.T.);
#10724=ORIENTED_EDGE('',*,*,#5312,.F.);
#10725=ORIENTED_EDGE('',*,*,#5307,.F.);
#10726=EDGE_LOOP('',(#10720,#10721,#10722,#10723,#10724,#10725));
#10727=FACE_OUTER_BOUND('',#10726,.T.);
#10728=ADVANCED_FACE('',(#10727),#10719,.T.);
#10729=CARTESIAN_POINT('',(1.716780865327,0.920613332210,0.000000000000));
#10730=DIRECTION('',(0.881285598549,0.472584060025,0.000000000000));
#10731=AXIS2_PLACEMENT_3D('',#10729,#10730,#4674);
#10732=PLANE('',#10731);
#10733=ORIENTED_EDGE('',*,*,#1172,.F.);
#10734=ORIENTED_EDGE('',*,*,#8735,.F.);
#10735=ORIENTED_EDGE('',*,*,#8732,.F.);
#10736=ORIENTED_EDGE('',*,*,#10011,.T.);
#10737=ORIENTED_EDGE('',*,*,#3585,.F.);
#10738=ORIENTED_EDGE('',*,*,#3580,.F.);
#10739=EDGE_LOOP('',(#10733,#10734,#10735,#10736,#10737,#10738));
#10740=FACE_OUTER_BOUND('',#10739,.T.);
#10741=ADVANCED_FACE('',(#10740),#10732,.T.);
#10742=CARTESIAN_POINT('',(-1.847670943790,0.617233772951,0.000000000000));
#10743=DIRECTION('',(-0.948476201306,0.316848379444,0.000000000000));
#10744=AXIS2_PLACEMENT_3D('',#10742,#10743,#4165);
#10745=PLANE('',#10744);
#10746=ORIENTED_EDGE('',*,*,#1508,.T.);
#10747=ORIENTED_EDGE('',*,*,#5268,.F.);
#10748=ORIENTED_EDGE('',*,*,#5265,.F.);
#10749=ORIENTED_EDGE('',*,*,#9455,.F.);
#10750=ORIENTED_EDGE('',*,*,#7274,.F.);
#10751=ORIENTED_EDGE('',*,*,#7269,.F.);
#10752=EDGE_LOOP('',(#10746,#10747,#10748,#10749,#10750,#10751));
#10753=FACE_OUTER_BOUND('',#10752,.T.);
#10754=ADVANCED_FACE('',(#10753),#10745,.T.);
#10755=CARTESIAN_POINT('',(1.494339875907,-1.249725482764,0.000000000000));
#10756=DIRECTION('',(0.767098607966,-0.641529208733,0.000000000000));
#10757=AXIS2_PLACEMENT_3D('',#10755,#10756,#4256);
#10758=PLANE('',#10757);
#10759=ORIENTED_EDGE('',*,*,#1540,.F.);
#10760=ORIENTED_EDGE('',*,*,#7184,.F.);
#10761=ORIENTED_EDGE('',*,*,#7181,.F.);
#10762=ORIENTED_EDGE('',*,*,#9828,.T.);
#10763=ORIENTED_EDGE('',*,*,#5370,.F.);
#10764=ORIENTED_EDGE('',*,*,#5365,.F.);
#10765=EDGE_LOOP('',(#10759,#10760,#10761,#10762,#10763,#10764));
#10766=FACE_OUTER_BOUND('',#10765,.T.);
#10767=ADVANCED_FACE('',(#10766),#10758,.T.);
#10768=CARTESIAN_POINT('',(-1.131218527421,1.585941389275,0.000000000000));
#10769=DIRECTION('',(-0.580695310137,0.814120971837,0.000000000000));
#10770=AXIS2_PLACEMENT_3D('',#10768,#10769,#5274);
#10771=PLANE('',#10770);
#10772=ORIENTED_EDGE('',*,*,#367,.F.);
#10773=ORIENTED_EDGE('',*,*,#8215,.F.);
#10774=ORIENTED_EDGE('',*,*,#8212,.F.);
#10775=ORIENTED_EDGE('',*,*,#9801,.T.);
#10776=ORIENTED_EDGE('',*,*,#4185,.F.);
#10777=ORIENTED_EDGE('',*,*,#4180,.F.);
#10778=EDGE_LOOP('',(#10772,#10773,#10774,#10775,#10776,#10777));
#10779=FACE_OUTER_BOUND('',#10778,.T.);
#10780=ADVANCED_FACE('',(#10779),#10771,.T.);
#10781=CARTESIAN_POINT('',(1.131218527421,1.585941389275,0.000000000000));
#10782=DIRECTION('',(0.580695310137,0.814120971837,0.000000000000));
#10783=AXIS2_PLACEMENT_3D('',#10781,#10782,#3505);
#10784=PLANE('',#10783);
#10785=ORIENTED_EDGE('',*,*,#1554,.T.);
#10786=ORIENTED_EDGE('',*,*,#4608,.F.);
#10787=ORIENTED_EDGE('',*,*,#4605,.F.);
#10788=ORIENTED_EDGE('',*,*,#9411,.F.);
#10789=ORIENTED_EDGE('',*,*,#7846,.F.);
#10790=ORIENTED_EDGE('',*,*,#7841,.F.);
#10791=EDGE_LOOP('',(#10785,#10786,#10787,#10788,#10789,#10790));
#10792=FACE_OUTER_BOUND('',#10791,.T.);
#10793=ADVANCED_FACE('',(#10792),#10784,.T.);
#10794=CARTESIAN_POINT('',(-1.594940624289,1.118494457737,0.000000000000));
#10795=DIRECTION('',(-0.818740604066,0.574163585795,0.000000000000));
#10796=AXIS2_PLACEMENT_3D('',#10794,#10795,#5392);
#10797=PLANE('',#10796);
#10798=ORIENTED_EDGE('',*,*,#436,.F.);
#10799=ORIENTED_EDGE('',*,*,#8120,.F.);
#10800=ORIENTED_EDGE('',*,*,#8117,.F.);
#10801=ORIENTED_EDGE('',*,*,#10090,.T.);
#10802=ORIENTED_EDGE('',*,*,#4294,.F.);
#10803=ORIENTED_EDGE('',*,*,#4289,.F.);
#10804=EDGE_LOOP('',(#10798,#10799,#10800,#10801,#10802,#10803));
#10805=FACE_OUTER_BOUND('',#10804,.T.);
#10806=ADVANCED_FACE('',(#10805),#10797,.T.);
#10807=CARTESIAN_POINT('',(1.312021020187,-1.439953572023,0.000000000000));
#10808=DIRECTION('',(0.673507757127,-0.739180154692,0.000000000000));
#10809=AXIS2_PLACEMENT_3D('',#10807,#10808,#5082);
#10810=PLANE('',#10809);
#10811=ORIENTED_EDGE('',*,*,#1416,.T.);
#10812=ORIENTED_EDGE('',*,*,#3991,.F.);
#10813=ORIENTED_EDGE('',*,*,#3988,.F.);
#10814=ORIENTED_EDGE('',*,*,#9907,.F.);
#10815=ORIENTED_EDGE('',*,*,#8383,.F.);
#10816=ORIENTED_EDGE('',*,*,#8378,.F.);
#10817=EDGE_LOOP('',(#10811,#10812,#10813,#10814,#10815,#10816));
#10818=FACE_OUTER_BOUND('',#10817,.T.);
#10819=ADVANCED_FACE('',(#10818),#10810,.T.);
#10820=CARTESIAN_POINT('',(-0.757369190483,1.794786158934,0.000000000000));
#10821=DIRECTION('',(-0.388784948527,0.921328531958,0.000000000000));
#10822=AXIS2_PLACEMENT_3D('',#10820,#10821,#3865);
#10823=PLANE('',#10822);
#10824=ORIENTED_EDGE('',*,*,#910,.T.);
#10825=ORIENTED_EDGE('',*,*,#4968,.F.);
#10826=ORIENTED_EDGE('',*,*,#4965,.F.);
#10827=ORIENTED_EDGE('',*,*,#9814,.F.);
#10828=ORIENTED_EDGE('',*,*,#7534,.F.);
#10829=ORIENTED_EDGE('',*,*,#7529,.F.);
#10830=EDGE_LOOP('',(#10824,#10825,#10826,#10827,#10828,#10829));
#10831=FACE_OUTER_BOUND('',#10830,.T.);
#10832=ADVANCED_FACE('',(#10831),#10823,.T.);
#10833=CARTESIAN_POINT('',(1.893359768778,-0.458316738697,0.000000000000));
#10834=DIRECTION('',(0.971929924661,-0.235270528432,0.000000000000));
#10835=AXIS2_PLACEMENT_3D('',#10833,#10834,#5292);
#10836=PLANE('',#10835);
#10837=ORIENTED_EDGE('',*,*,#979,.T.);
#10838=ORIENTED_EDGE('',*,*,#4201,.F.);
#10839=ORIENTED_EDGE('',*,*,#4198,.F.);
#10840=ORIENTED_EDGE('',*,*,#9806,.F.);
#10841=ORIENTED_EDGE('',*,*,#8201,.F.);
#10842=ORIENTED_EDGE('',*,*,#8196,.F.);
#10843=EDGE_LOOP('',(#10837,#10838,#10839,#10840,#10841,#10842));
#10844=FACE_OUTER_BOUND('',#10843,.T.);
#10845=ADVANCED_FACE('',(#10844),#10836,.T.);
#10846=CARTESIAN_POINT('',(-1.049795457310,-1.640973779439,0.000000000000));
#10847=DIRECTION('',(-0.538897908658,-0.842371084525,0.000000000000));
#10848=AXIS2_PLACEMENT_3D('',#10846,#10847,#3757);
#10849=PLANE('',#10848);
#10850=ORIENTED_EDGE('',*,*,#482,.F.);
#10851=ORIENTED_EDGE('',*,*,#7626,.F.);
#10852=ORIENTED_EDGE('',*,*,#7623,.F.);
#10853=ORIENTED_EDGE('',*,*,#9461,.T.);
#10854=ORIENTED_EDGE('',*,*,#4862,.F.);
#10855=ORIENTED_EDGE('',*,*,#4857,.F.);
#10856=EDGE_LOOP('',(#10850,#10851,#10852,#10853,#10854,#10855));
#10857=FACE_OUTER_BOUND('',#10856,.T.);
#10858=ADVANCED_FACE('',(#10857),#10849,.T.);
#10859=CARTESIAN_POINT('',(-0.992646074034,1.676162050251,0.000000000000));
#10860=DIRECTION('',(-0.509561066977,0.860434494323,0.000000000000));
#10861=AXIS2_PLACEMENT_3D('',#10859,#10860,#5244);
#10862=PLANE('',#10861);
#10863=ORIENTED_EDGE('',*,*,#1586,.F.);
#10864=ORIENTED_EDGE('',*,*,#8241,.F.);
#10865=ORIENTED_EDGE('',*,*,#8238,.F.);
#10866=ORIENTED_EDGE('',*,*,#10003,.T.);
#10867=ORIENTED_EDGE('',*,*,#4155,.F.);
#10868=ORIENTED_EDGE('',*,*,#4150,.F.);
#10869=EDGE_LOOP('',(#10863,#10864,#10865,#10866,#10867,#10868));
#10870=FACE_OUTER_BOUND('',#10869,.T.);
#10871=ADVANCED_FACE('',(#10870),#10862,.T.);
#10872=CARTESIAN_POINT('',(-1.131218527421,-1.585941389275,0.000000000000));
#10873=DIRECTION('',(-0.580695310137,-0.814120971837,0.000000000000));
#10874=AXIS2_PLACEMENT_3D('',#10872,#10873,#4602);
#10875=PLANE('',#10874);
#10876=ORIENTED_EDGE('',*,*,#933,.T.);
#10877=ORIENTED_EDGE('',*,*,#3511,.F.);
#10878=ORIENTED_EDGE('',*,*,#3508,.F.);
#10879=ORIENTED_EDGE('',*,*,#9531,.F.);
#10880=ORIENTED_EDGE('',*,*,#8799,.F.);
#10881=ORIENTED_EDGE('',*,*,#8794,.F.);
#10882=EDGE_LOOP('',(#10876,#10877,#10878,#10879,#10880,#10881));
#10883=FACE_OUTER_BOUND('',#10882,.T.);
#10884=ADVANCED_FACE('',(#10883),#10875,.T.);
#10885=CARTESIAN_POINT('',(-1.382972374476,1.371952207051,0.000000000000));
#10886=DIRECTION('',(-0.709929648817,0.704272599020,0.000000000000));
#10887=AXIS2_PLACEMENT_3D('',#10885,#10886,#5332);
#10888=PLANE('',#10887);
#10889=ORIENTED_EDGE('',*,*,#226,.F.);
#10890=ORIENTED_EDGE('',*,*,#8172,.F.);
#10891=ORIENTED_EDGE('',*,*,#8169,.F.);
#10892=ORIENTED_EDGE('',*,*,#9537,.T.);
#10893=ORIENTED_EDGE('',*,*,#4234,.F.);
#10894=ORIENTED_EDGE('',*,*,#4229,.F.);
#10895=EDGE_LOOP('',(#10889,#10890,#10891,#10892,#10893,#10894));
#10896=FACE_OUTER_BOUND('',#10895,.T.);
#10897=ADVANCED_FACE('',(#10896),#10888,.T.);
#10898=CARTESIAN_POINT('',(0.049138275086,-1.947421597117,0.000000000000));
#10899=DIRECTION('',(0.025224450624,-0.999681812924,0.000000000000));
#10900=AXIS2_PLACEMENT_3D('',#10898,#10899,#3967);
#10901=PLANE('',#10900);
#10902=ORIENTED_EDGE('',*,*,#1011,.F.);
#10903=ORIENTED_EDGE('',*,*,#7444,.F.);
#10904=ORIENTED_EDGE('',*,*,#7441,.F.);
#10905=ORIENTED_EDGE('',*,*,#9499,.T.);
#10906=ORIENTED_EDGE('',*,*,#5072,.F.);
#10907=ORIENTED_EDGE('',*,*,#5067,.F.);
#10908=EDGE_LOOP('',(#10902,#10903,#10904,#10905,#10906,#10907));
#10909=FACE_OUTER_BOUND('',#10908,.T.);
#10910=ADVANCED_FACE('',(#10909),#10901,.T.);
#10911=CARTESIAN_POINT('',(0.538260246497,1.872202273804,0.000000000000));
#10912=DIRECTION('',(0.276308417160,0.961069018649,0.000000000000));
#10913=AXIS2_PLACEMENT_3D('',#10911,#10912,#3625);
#10914=PLANE('',#10913);
#10915=ORIENTED_EDGE('',*,*,#1462,.T.);
#10916=ORIENTED_EDGE('',*,*,#4728,.F.);
#10917=ORIENTED_EDGE('',*,*,#4725,.F.);
#10918=ORIENTED_EDGE('',*,*,#9844,.F.);
#10919=ORIENTED_EDGE('',*,*,#7742,.F.);
#10920=ORIENTED_EDGE('',*,*,#7737,.F.);
#10921=EDGE_LOOP('',(#10915,#10916,#10917,#10918,#10919,#10920));
#10922=FACE_OUTER_BOUND('',#10921,.T.);
#10923=ADVANCED_FACE('',(#10922),#10914,.T.);
#10924=CARTESIAN_POINT('',(1.185177855552,1.546033278330,0.000000000000));
#10925=DIRECTION('',(0.608394581343,0.793634697700,0.000000000000));
#10926=AXIS2_PLACEMENT_3D('',#10924,#10925,#4824);
#10927=PLANE('',#10926);
#10928=ORIENTED_EDGE('',*,*,#1287,.F.);
#10929=ORIENTED_EDGE('',*,*,#8605,.F.);
#10930=ORIENTED_EDGE('',*,*,#8602,.F.);
#10931=ORIENTED_EDGE('',*,*,#9741,.T.);
#10932=ORIENTED_EDGE('',*,*,#3735,.F.);
#10933=ORIENTED_EDGE('',*,*,#3730,.F.);
#10934=EDGE_LOOP('',(#10928,#10929,#10930,#10931,#10932,#10933));
#10935=FACE_OUTER_BOUND('',#10934,.T.);
#10936=ADVANCED_FACE('',(#10935),#10927,.T.);
#10937=CARTESIAN_POINT('',(1.937889766380,-0.198616968948,0.000000000000));
#10938=DIRECTION('',(0.994788780082,-0.101957260765,0.000000000000));
#10939=AXIS2_PLACEMENT_3D('',#10937,#10938,#4464);
#10940=PLANE('',#10939);
#10941=ORIENTED_EDGE('',*,*,#252,.F.);
#10942=ORIENTED_EDGE('',*,*,#8917,.F.);
#10943=ORIENTED_EDGE('',*,*,#8914,.F.);
#10944=ORIENTED_EDGE('',*,*,#9861,.T.);
#10945=ORIENTED_EDGE('',*,*,#3375,.F.);
#10946=ORIENTED_EDGE('',*,*,#3370,.F.);
#10947=EDGE_LOOP('',(#10941,#10942,#10943,#10944,#10945,#10946));
#10948=FACE_OUTER_BOUND('',#10947,.T.);
#10949=ADVANCED_FACE('',(#10948),#10940,.T.);
#10950=CARTESIAN_POINT('',(-1.429411043307,-1.323498967234,0.000000000000));
#10951=DIRECTION('',(-0.733768294088,-0.679399801731,0.000000000000));
#10952=AXIS2_PLACEMENT_3D('',#10950,#10951,#3667);
#10953=PLANE('',#10952);
#10954=ORIENTED_EDGE('',*,*,#1103,.F.);
#10955=ORIENTED_EDGE('',*,*,#7704,.F.);
#10956=ORIENTED_EDGE('',*,*,#7701,.F.);
#10957=ORIENTED_EDGE('',*,*,#9616,.T.);
#10958=ORIENTED_EDGE('',*,*,#4772,.F.);
#10959=ORIENTED_EDGE('',*,*,#4767,.F.);
#10960=EDGE_LOOP('',(#10954,#10955,#10956,#10957,#10958,#10959));
#10961=FACE_OUTER_BOUND('',#10960,.T.);
#10962=ADVANCED_FACE('',(#10961),#10953,.T.);
#10963=CARTESIAN_POINT('',(1.716780865327,-0.920613332210,0.000000000000));
#10964=DIRECTION('',(0.881285598549,-0.472584060025,0.000000000000));
#10965=AXIS2_PLACEMENT_3D('',#10963,#10964,#5202);
#10966=PLANE('',#10965);
#10967=ORIENTED_EDGE('',*,*,#1048,.T.);
#10968=ORIENTED_EDGE('',*,*,#4111,.F.);
#10969=ORIENTED_EDGE('',*,*,#4108,.F.);
#10970=ORIENTED_EDGE('',*,*,#9520,.F.);
#10971=ORIENTED_EDGE('',*,*,#8279,.F.);
#10972=ORIENTED_EDGE('',*,*,#8274,.F.);
#10973=EDGE_LOOP('',(#10967,#10968,#10969,#10970,#10971,#10972));
#10974=FACE_OUTER_BOUND('',#10973,.T.);
#10975=ADVANCED_FACE('',(#10974),#10966,.T.);
#10976=CARTESIAN_POINT('',(-1.947752391962,-0.033556915873,0.000000000000));
#10977=DIRECTION('',(-0.999851621860,-0.017225976412,0.000000000000));
#10978=AXIS2_PLACEMENT_3D('',#10976,#10977,#4274);
#10979=PLANE('',#10978);
#10980=ORIENTED_EDGE('',*,*,#1209,.T.);
#10981=ORIENTED_EDGE('',*,*,#5386,.F.);
#10982=ORIENTED_EDGE('',*,*,#5383,.F.);
#10983=ORIENTED_EDGE('',*,*,#9833,.F.);
#10984=ORIENTED_EDGE('',*,*,#7170,.F.);
#10985=ORIENTED_EDGE('',*,*,#7165,.F.);
#10986=EDGE_LOOP('',(#10980,#10981,#10982,#10983,#10984,#10985));
#10987=FACE_OUTER_BOUND('',#10986,.T.);
#10988=ADVANCED_FACE('',(#10987),#10979,.T.);
#10989=CARTESIAN_POINT('',(-0.280684381694,-1.927714119072,0.000000000000));
#10990=DIRECTION('',(-0.144085426580,-0.989565252951,0.000000000000));
#10991=AXIS2_PLACEMENT_3D('',#10989,#10990,#3907);
#10992=PLANE('',#10991);
#10993=ORIENTED_EDGE('',*,*,#1694,.F.);
#10994=ORIENTED_EDGE('',*,*,#7496,.F.);
#10995=ORIENTED_EDGE('',*,*,#7493,.F.);
#10996=ORIENTED_EDGE('',*,*,#9760,.T.);
#10997=ORIENTED_EDGE('',*,*,#5012,.F.);
#10998=ORIENTED_EDGE('',*,*,#5007,.F.);
#10999=EDGE_LOOP('',(#10993,#10994,#10995,#10996,#10997,#10998));
#11000=FACE_OUTER_BOUND('',#10999,.T.);
#11001=ADVANCED_FACE('',(#11000),#10992,.T.);
#11002=CARTESIAN_POINT('',(-1.049795457310,1.640973779439,0.000000000000));
#11003=DIRECTION('',(-0.538897908658,0.842371084525,0.000000000000));
#11004=AXIS2_PLACEMENT_3D('',#11002,#11003,#3925);
#11005=PLANE('',#11004);
#11006=ORIENTED_EDGE('',*,*,#657,.T.);
#11007=ORIENTED_EDGE('',*,*,#5028,.F.);
#11008=ORIENTED_EDGE('',*,*,#5025,.F.);
#11009=ORIENTED_EDGE('',*,*,#9765,.F.);
#11010=ORIENTED_EDGE('',*,*,#7482,.F.);
#11011=ORIENTED_EDGE('',*,*,#7477,.F.);
#11012=EDGE_LOOP('',(#11006,#11007,#11008,#11009,#11010,#11011));
#11013=FACE_OUTER_BOUND('',#11012,.T.);
#11014=ADVANCED_FACE('',(#11013),#11005,.T.);
#11015=CARTESIAN_POINT('',(-1.536502127104,1.197508522057,0.000000000000));
#11016=DIRECTION('',(-0.788742013675,0.614724357630,0.000000000000));
#11017=AXIS2_PLACEMENT_3D('',#11015,#11016,#4045);
#11018=PLANE('',#11017);
#11019=ORIENTED_EDGE('',*,*,#680,.T.);
#11020=ORIENTED_EDGE('',*,*,#5148,.F.);
#11021=ORIENTED_EDGE('',*,*,#5145,.F.);
#11022=ORIENTED_EDGE('',*,*,#9550,.F.);
#11023=ORIENTED_EDGE('',*,*,#7378,.F.);
#11024=ORIENTED_EDGE('',*,*,#7373,.F.);
#11025=EDGE_LOOP('',(#11019,#11020,#11021,#11022,#11023,#11024));
#11026=FACE_OUTER_BOUND('',#11025,.T.);
#11027=ADVANCED_FACE('',(#11026),#11018,.T.);
#11028=CARTESIAN_POINT('',(0.906849258741,-1.724091026865,0.000000000000));
#11029=DIRECTION('',(0.465518464193,-0.885038168383,0.000000000000));
#11030=AXIS2_PLACEMENT_3D('',#11028,#11029,#4992);
#11031=PLANE('',#11030);
#11032=ORIENTED_EDGE('',*,*,#135,.T.);
#11033=ORIENTED_EDGE('',*,*,#3901,.F.);
#11034=ORIENTED_EDGE('',*,*,#3898,.F.);
#11035=ORIENTED_EDGE('',*,*,#9754,.F.);
#11036=ORIENTED_EDGE('',*,*,#8461,.F.);
#11037=ORIENTED_EDGE('',*,*,#8456,.F.);
#11038=EDGE_LOOP('',(#11032,#11033,#11034,#11035,#11036,#11037));
#11039=FACE_OUTER_BOUND('',#11038,.T.);
#11040=ADVANCED_FACE('',(#11039),#11031,.T.);
#11041=CARTESIAN_POINT('',(1.632522677867,-1.062890000538,0.000000000000));
#11042=DIRECTION('',(0.838032828981,-0.545619810446,0.000000000000));
#11043=AXIS2_PLACEMENT_3D('',#11041,#11042,#5172);
#11044=PLANE('',#11043);
#11045=ORIENTED_EDGE('',*,*,#795,.T.);
#11046=ORIENTED_EDGE('',*,*,#4081,.F.);
#11047=ORIENTED_EDGE('',*,*,#4078,.F.);
#11048=ORIENTED_EDGE('',*,*,#9569,.F.);
#11049=ORIENTED_EDGE('',*,*,#8305,.F.);
#11050=ORIENTED_EDGE('',*,*,#8300,.F.);
#11051=EDGE_LOOP('',(#11045,#11046,#11047,#11048,#11049,#11050));
#11052=FACE_OUTER_BOUND('',#11051,.T.);
#11053=ADVANCED_FACE('',(#11052),#11044,.T.);
#11054=CARTESIAN_POINT('',(-1.925406893245,0.296097521839,0.000000000000));
#11055=DIRECTION('',(-0.988380870637,0.151997547872,0.000000000000));
#11056=AXIS2_PLACEMENT_3D('',#11054,#11055,#82);
#11057=PLANE('',#11056);
#11058=ORIENTED_EDGE('',*,*,#312,.T.);
#11059=ORIENTED_EDGE('',*,*,#5326,.F.);
#11060=ORIENTED_EDGE('',*,*,#5323,.F.);
#11061=ORIENTED_EDGE('',*,*,#9855,.F.);
#11062=ORIENTED_EDGE('',*,*,#7222,.F.);
#11063=ORIENTED_EDGE('',*,*,#7217,.F.);
#11064=EDGE_LOOP('',(#11058,#11059,#11060,#11061,#11062,#11063));
#11065=FACE_OUTER_BOUND('',#11064,.T.);
#11066=ADVANCED_FACE('',(#11065),#11057,.T.);
#11067=CARTESIAN_POINT('',(-1.312021020187,1.439953572023,0.000000000000));
#11068=DIRECTION('',(-0.673507757127,0.739180154692,0.000000000000));
#11069=AXIS2_PLACEMENT_3D('',#11067,#11068,#3985);
#11070=PLANE('',#11069);
#11071=ORIENTED_EDGE('',*,*,#181,.T.);
#11072=ORIENTED_EDGE('',*,*,#5088,.F.);
#11073=ORIENTED_EDGE('',*,*,#5085,.F.);
#11074=ORIENTED_EDGE('',*,*,#9504,.F.);
#11075=ORIENTED_EDGE('',*,*,#7430,.F.);
#11076=ORIENTED_EDGE('',*,*,#7425,.F.);
#11077=EDGE_LOOP('',(#11071,#11072,#11073,#11074,#11075,#11076));
#11078=FACE_OUTER_BOUND('',#11077,.T.);
#11079=ADVANCED_FACE('',(#11078),#11070,.T.);
#11080=CARTESIAN_POINT('',(-0.695095002427,-1.819809985849,0.000000000000));
#11081=DIRECTION('',(-0.356817359533,-0.934174165740,0.000000000000));
#11082=AXIS2_PLACEMENT_3D('',#11080,#11081,#4692);
#11083=PLANE('',#11082);
#11084=ORIENTED_EDGE('',*,*,#726,.T.);
#11085=ORIENTED_EDGE('',*,*,#3601,.F.);
#11086=ORIENTED_EDGE('',*,*,#3598,.F.);
#11087=ORIENTED_EDGE('',*,*,#10016,.F.);
#11088=ORIENTED_EDGE('',*,*,#8721,.F.);
#11089=ORIENTED_EDGE('',*,*,#8716,.F.);
#11090=EDGE_LOOP('',(#11084,#11085,#11086,#11087,#11088,#11089));
#11091=FACE_OUTER_BOUND('',#11090,.T.);
#11092=ADVANCED_FACE('',(#11091),#11083,.T.);
#11093=CARTESIAN_POINT('',(1.312021020187,1.439953572023,0.000000000000));
#11094=DIRECTION('',(0.673507757127,0.739180154692,0.000000000000));
#11095=AXIS2_PLACEMENT_3D('',#11093,#11094,#4794);
#11096=PLANE('',#11095);
#11097=ORIENTED_EDGE('',*,*,#873,.F.);
#11098=ORIENTED_EDGE('',*,*,#8631,.F.);
#11099=ORIENTED_EDGE('',*,*,#8628,.F.);
#11100=ORIENTED_EDGE('',*,*,#9387,.T.);
#11101=ORIENTED_EDGE('',*,*,#3705,.F.);
#11102=ORIENTED_EDGE('',*,*,#3700,.F.);
#11103=EDGE_LOOP('',(#11097,#11098,#11099,#11100,#11101,#11102));
#11104=FACE_OUTER_BOUND('',#11103,.T.);
#11105=ADVANCED_FACE('',(#11104),#11096,.T.);
#11106=CARTESIAN_POINT('',(-1.684049788925,-0.979204654512,0.000000000000));
#11107=DIRECTION('',(-0.864483555353,-0.502661101066,0.000000000000));
#11108=AXIS2_PLACEMENT_3D('',#11106,#11107,#4452);
#11109=PLANE('',#11108);
#11110=ORIENTED_EDGE('',*,*,#243,.T.);
#11111=ORIENTED_EDGE('',*,*,#3361,.F.);
#11112=ORIENTED_EDGE('',*,*,#3358,.F.);
#11113=ORIENTED_EDGE('',*,*,#9655,.F.);
#11114=ORIENTED_EDGE('',*,*,#8929,.F.);
#11115=ORIENTED_EDGE('',*,*,#8924,.F.);
#11116=EDGE_LOOP('',(#11110,#11111,#11112,#11113,#11114,#11115));
#11117=FACE_OUTER_BOUND('',#11116,.T.);
#11118=ADVANCED_FACE('',(#11117),#11109,.T.);
#11119=CARTESIAN_POINT('',(-1.632522677867,-1.062890000538,0.000000000000));
#11120=DIRECTION('',(-0.838032828981,-0.545619810446,0.000000000000));
#11121=AXIS2_PLACEMENT_3D('',#11119,#11120,#3607);
#11122=PLANE('',#11121);
#11123=ORIENTED_EDGE('',*,*,#1264,.F.);
#11124=ORIENTED_EDGE('',*,*,#7756,.F.);
#11125=ORIENTED_EDGE('',*,*,#7753,.F.);
#11126=ORIENTED_EDGE('',*,*,#9839,.T.);
#11127=ORIENTED_EDGE('',*,*,#4712,.F.);
#11128=ORIENTED_EDGE('',*,*,#4707,.F.);
#11129=EDGE_LOOP('',(#11123,#11124,#11125,#11126,#11127,#11128));
#11130=FACE_OUTER_BOUND('',#11129,.T.);
#11131=ADVANCED_FACE('',(#11130),#11122,.T.);
#11132=CARTESIAN_POINT('',(1.494339875907,1.249725482764,0.000000000000));
#11133=DIRECTION('',(0.767098607966,0.641529208733,0.000000000000));
#11134=AXIS2_PLACEMENT_3D('',#11132,#11133,#3415);
#11135=PLANE('',#11134);
#11136=ORIENTED_EDGE('',*,*,#818,.T.);
#11137=ORIENTED_EDGE('',*,*,#4518,.F.);
#11138=ORIENTED_EDGE('',*,*,#4515,.F.);
#11139=ORIENTED_EDGE('',*,*,#9918,.F.);
#11140=ORIENTED_EDGE('',*,*,#7924,.F.);
#11141=ORIENTED_EDGE('',*,*,#7919,.F.);
#11142=EDGE_LOOP('',(#11136,#11137,#11138,#11139,#11140,#11141));
#11143=FACE_OUTER_BOUND('',#11142,.T.);
#11144=ADVANCED_FACE('',(#11143),#11135,.T.);
#11145=CARTESIAN_POINT('',(-1.185177855552,-1.546033278330,0.000000000000));
#11146=DIRECTION('',(-0.608394581343,-0.793634697700,0.000000000000));
#11147=AXIS2_PLACEMENT_3D('',#11145,#11146,#3727);
#11148=PLANE('',#11147);
#11149=ORIENTED_EDGE('',*,*,#1195,.F.);
#11150=ORIENTED_EDGE('',*,*,#7652,.F.);
#11151=ORIENTED_EDGE('',*,*,#7649,.F.);
#11152=ORIENTED_EDGE('',*,*,#9782,.T.);
#11153=ORIENTED_EDGE('',*,*,#4832,.F.);
#11154=ORIENTED_EDGE('',*,*,#4827,.F.);
#11155=EDGE_LOOP('',(#11149,#11150,#11151,#11152,#11153,#11154));
#11156=FACE_OUTER_BOUND('',#11155,.T.);
#11157=ADVANCED_FACE('',(#11156),#11148,.T.);
#11158=CARTESIAN_POINT('',(1.594940624289,1.118494457737,0.000000000000));
#11159=DIRECTION('',(0.818740604066,0.574163585795,0.000000000000));
#11160=AXIS2_PLACEMENT_3D('',#11158,#11159,#3385);
#11161=PLANE('',#11160);
#11162=ORIENTED_EDGE('',*,*,#772,.T.);
#11163=ORIENTED_EDGE('',*,*,#4488,.F.);
#11164=ORIENTED_EDGE('',*,*,#4485,.F.);
#11165=ORIENTED_EDGE('',*,*,#9648,.F.);
#11166=ORIENTED_EDGE('',*,*,#7950,.F.);
#11167=ORIENTED_EDGE('',*,*,#7945,.F.);
#11168=EDGE_LOOP('',(#11162,#11163,#11164,#11165,#11166,#11167));
#11169=FACE_OUTER_BOUND('',#11168,.T.);
#11170=ADVANCED_FACE('',(#11169),#11161,.T.);
#11171=CARTESIAN_POINT('',(1.937889766380,0.198616968948,0.000000000000));
#11172=DIRECTION('',(0.994788780082,0.101957260765,0.000000000000));
#11173=AXIS2_PLACEMENT_3D('',#11171,#11172,#5410);
#11174=PLANE('',#11173);
#11175=ORIENTED_EDGE('',*,*,#1485,.T.);
#11176=ORIENTED_EDGE('',*,*,#4310,.F.);
#11177=ORIENTED_EDGE('',*,*,#4307,.F.);
#11178=ORIENTED_EDGE('',*,*,#10095,.F.);
#11179=ORIENTED_EDGE('',*,*,#8106,.F.);
#11180=ORIENTED_EDGE('',*,*,#8101,.F.);
#11181=EDGE_LOOP('',(#11175,#11176,#11177,#11178,#11179,#11180));
#11182=FACE_OUTER_BOUND('',#11181,.T.);
#11183=ADVANCED_FACE('',(#11182),#11174,.T.);
#11184=CARTESIAN_POINT('',(1.429411043307,-1.323498967234,0.000000000000));
#11185=DIRECTION('',(0.733768294088,-0.679399801731,0.000000000000));
#11186=AXIS2_PLACEMENT_3D('',#11184,#11185,#5112);
#11187=PLANE('',#11186);
#11188=ORIENTED_EDGE('',*,*,#1232,.T.);
#11189=ORIENTED_EDGE('',*,*,#4021,.F.);
#11190=ORIENTED_EDGE('',*,*,#4018,.F.);
#11191=ORIENTED_EDGE('',*,*,#9970,.F.);
#11192=ORIENTED_EDGE('',*,*,#8357,.F.);
#11193=ORIENTED_EDGE('',*,*,#8352,.F.);
#11194=EDGE_LOOP('',(#11188,#11189,#11190,#11191,#11192,#11193));
#11195=FACE_OUTER_BOUND('',#11194,.T.);
#11196=ADVANCED_FACE('',(#11195),#11187,.T.);
#11197=CARTESIAN_POINT('',(-0.846921582936,-1.754305925246,0.000000000000));
#11198=DIRECTION('',(-0.434755424654,-0.900548566561,0.000000000000));
#11199=AXIS2_PLACEMENT_3D('',#11197,#11198,#4662);
#11200=PLANE('',#11199);
#11201=ORIENTED_EDGE('',*,*,#1163,.T.);
#11202=ORIENTED_EDGE('',*,*,#3571,.F.);
#11203=ORIENTED_EDGE('',*,*,#3568,.F.);
#11204=ORIENTED_EDGE('',*,*,#9822,.F.);
#11205=ORIENTED_EDGE('',*,*,#8747,.F.);
#11206=ORIENTED_EDGE('',*,*,#8742,.F.);
#11207=EDGE_LOOP('',(#11201,#11202,#11203,#11204,#11205,#11206));
#11208=FACE_OUTER_BOUND('',#11207,.T.);
#11209=ADVANCED_FACE('',(#11208),#11200,.T.);
#11210=CARTESIAN_POINT('',(-1.788669607312,-0.771703623727,0.000000000000));
#11211=DIRECTION('',(-0.918188685186,-0.396143330622,0.000000000000));
#11212=AXIS2_PLACEMENT_3D('',#11210,#11211,#3547);
#11213=PLANE('',#11212);
#11214=ORIENTED_EDGE('',*,*,#1609,.F.);
#11215=ORIENTED_EDGE('',*,*,#7808,.F.);
#11216=ORIENTED_EDGE('',*,*,#7805,.F.);
#11217=ORIENTED_EDGE('',*,*,#10041,.T.);
#11218=ORIENTED_EDGE('',*,*,#4652,.F.);
#11219=ORIENTED_EDGE('',*,*,#4647,.F.);
#11220=EDGE_LOOP('',(#11214,#11215,#11216,#11217,#11218,#11219));
#11221=FACE_OUTER_BOUND('',#11220,.T.);
#11222=ADVANCED_FACE('',(#11221),#11213,.T.);
#11223=CARTESIAN_POINT('',(0.906849258741,1.724091026865,0.000000000000));
#11224=DIRECTION('',(0.465518464193,0.885038168383,0.000000000000));
#11225=AXIS2_PLACEMENT_3D('',#11223,#11224,#4884);
#11226=PLANE('',#11225);
#11227=ORIENTED_EDGE('',*,*,#1310,.F.);
#11228=ORIENTED_EDGE('',*,*,#8553,.F.);
#11229=ORIENTED_EDGE('',*,*,#8550,.F.);
#11230=ORIENTED_EDGE('',*,*,#9722,.T.);
#11231=ORIENTED_EDGE('',*,*,#3795,.F.);
#11232=ORIENTED_EDGE('',*,*,#3790,.F.);
#11233=EDGE_LOOP('',(#11227,#11228,#11229,#11230,#11231,#11232));
#11234=FACE_OUTER_BOUND('',#11233,.T.);
#11235=ADVANCED_FACE('',(#11234),#11226,.T.);
#11236=CARTESIAN_POINT('',(-0.214114142774,1.936238771655,0.000000000000));
#11237=DIRECTION('',(-0.109912519578,0.993941264884,0.000000000000));
#11238=AXIS2_PLACEMENT_3D('',#11236,#11237,#5094);
#11239=PLANE('',#11238);
#11240=ORIENTED_EDGE('',*,*,#1425,.F.);
#11241=ORIENTED_EDGE('',*,*,#8371,.F.);
#11242=ORIENTED_EDGE('',*,*,#8368,.F.);
#11243=ORIENTED_EDGE('',*,*,#9965,.T.);
#11244=ORIENTED_EDGE('',*,*,#4005,.F.);
#11245=ORIENTED_EDGE('',*,*,#4000,.F.);
#11246=EDGE_LOOP('',(#11240,#11241,#11242,#11243,#11244,#11245));
#11247=FACE_OUTER_BOUND('',#11246,.T.);
#11248=ADVANCED_FACE('',(#11247),#11239,.T.);
#11249=CARTESIAN_POINT('',(-0.214114142774,-1.936238771655,0.000000000000));
#11250=DIRECTION('',(-0.109912519578,-0.993941264884,0.000000000000));
#11251=AXIS2_PLACEMENT_3D('',#11249,#11250,#4782);
#11252=PLANE('',#11251);
#11253=ORIENTED_EDGE('',*,*,#864,.T.);
#11254=ORIENTED_EDGE('',*,*,#3691,.F.);
#11255=ORIENTED_EDGE('',*,*,#3688,.F.);
#11256=ORIENTED_EDGE('',*,*,#10103,.F.);
#11257=ORIENTED_EDGE('',*,*,#8643,.F.);
#11258=ORIENTED_EDGE('',*,*,#8638,.F.);
#11259=EDGE_LOOP('',(#11253,#11254,#11255,#11256,#11257,#11258));
#11260=FACE_OUTER_BOUND('',#11259,.T.);
#11261=ADVANCED_FACE('',(#11260),#11252,.T.);
#11262=CARTESIAN_POINT('',(1.925406893245,0.296097521839,0.000000000000));
#11263=DIRECTION('',(0.988380870637,0.151997547872,0.000000000000));
#11264=AXIS2_PLACEMENT_3D('',#11262,#11263,#4554);
#11265=PLANE('',#11264);
#11266=ORIENTED_EDGE('',*,*,#1034,.F.);
#11267=ORIENTED_EDGE('',*,*,#8839,.F.);
#11268=ORIENTED_EDGE('',*,*,#8836,.F.);
#11269=ORIENTED_EDGE('',*,*,#9627,.T.);
#11270=ORIENTED_EDGE('',*,*,#3465,.F.);
#11271=ORIENTED_EDGE('',*,*,#3460,.F.);
#11272=EDGE_LOOP('',(#11266,#11267,#11268,#11269,#11270,#11271));
#11273=FACE_OUTER_BOUND('',#11272,.T.);
#11274=ADVANCED_FACE('',(#11273),#11265,.T.);
#11275=CARTESIAN_POINT('',(1.788669607312,-0.771703623727,0.000000000000));
#11276=DIRECTION('',(0.918188685186,-0.396143330622,0.000000000000));
#11277=AXIS2_PLACEMENT_3D('',#11275,#11276,#5232);
#11278=PLANE('',#11277);
#11279=ORIENTED_EDGE('',*,*,#1577,.T.);
#11280=ORIENTED_EDGE('',*,*,#4141,.F.);
#11281=ORIENTED_EDGE('',*,*,#4138,.F.);
#11282=ORIENTED_EDGE('',*,*,#9400,.F.);
#11283=ORIENTED_EDGE('',*,*,#8253,.F.);
#11284=ORIENTED_EDGE('',*,*,#8248,.F.);
#11285=EDGE_LOOP('',(#11279,#11280,#11281,#11282,#11283,#11284));
#11286=FACE_OUTER_BOUND('',#11285,.T.);
#11287=ADVANCED_FACE('',(#11286),#11278,.T.);
#11288=CARTESIAN_POINT('',(-1.716780865327,-0.920613332210,0.000000000000));
#11289=DIRECTION('',(-0.881285598549,-0.472584060025,0.000000000000));
#11290=AXIS2_PLACEMENT_3D('',#11288,#11289,#3577);
#11291=PLANE('',#11290);
#11292=ORIENTED_EDGE('',*,*,#1402,.F.);
#11293=ORIENTED_EDGE('',*,*,#7782,.F.);
#11294=ORIENTED_EDGE('',*,*,#7779,.F.);
#11295=ORIENTED_EDGE('',*,*,#9488,.T.);
#11296=ORIENTED_EDGE('',*,*,#4682,.F.);
#11297=ORIENTED_EDGE('',*,*,#4677,.F.);
#11298=EDGE_LOOP('',(#11292,#11293,#11294,#11295,#11296,#11297));
#11299=FACE_OUTER_BOUND('',#11298,.T.);
#11300=ADVANCED_FACE('',(#11299),#11291,.T.);
#11301=CARTESIAN_POINT('',(-1.261640525396,1.484293984247,0.000000000000));
#11302=DIRECTION('',(-0.647645630280,0.761941689094,0.000000000000));
#11303=AXIS2_PLACEMENT_3D('',#11301,#11302,#5304);
#11304=PLANE('',#11303);
#11305=ORIENTED_EDGE('',*,*,#988,.F.);
#11306=ORIENTED_EDGE('',*,*,#8189,.F.);
#11307=ORIENTED_EDGE('',*,*,#8186,.F.);
#11308=ORIENTED_EDGE('',*,*,#9947,.T.);
#11309=ORIENTED_EDGE('',*,*,#4215,.F.);
#11310=ORIENTED_EDGE('',*,*,#4210,.F.);
#11311=EDGE_LOOP('',(#11305,#11306,#11307,#11308,#11309,#11310));
#11312=FACE_OUTER_BOUND('',#11311,.T.);
#11313=ADVANCED_FACE('',(#11312),#11304,.T.);
#11314=CARTESIAN_POINT('',(-1.893359768778,-0.458316738697,0.000000000000));
#11315=DIRECTION('',(-0.971929924661,-0.235270528432,0.000000000000));
#11316=AXIS2_PLACEMENT_3D('',#11314,#11315,#3487);
#11317=PLANE('',#11316);
#11318=ORIENTED_EDGE('',*,*,#620,.F.);
#11319=ORIENTED_EDGE('',*,*,#7860,.F.);
#11320=ORIENTED_EDGE('',*,*,#7857,.F.);
#11321=ORIENTED_EDGE('',*,*,#9406,.T.);
#11322=ORIENTED_EDGE('',*,*,#4592,.F.);
#11323=ORIENTED_EDGE('',*,*,#4587,.F.);
#11324=EDGE_LOOP('',(#11318,#11319,#11320,#11321,#11322,#11323));
#11325=FACE_OUTER_BOUND('',#11324,.T.);
#11326=ADVANCED_FACE('',(#11325),#11317,.T.);
#11327=CARTESIAN_POINT('',(1.876448555562,0.523265004872,0.000000000000));
#11328=DIRECTION('',(0.963248788377,0.268610818266,0.000000000000));
#11329=AXIS2_PLACEMENT_3D('',#11327,#11328,#5470);
#11330=PLANE('',#11329);
#11331=ORIENTED_EDGE('',*,*,#887,.T.);
#11332=ORIENTED_EDGE('',*,*,#4370,.F.);
#11333=ORIENTED_EDGE('',*,*,#4367,.F.);
#11334=ORIENTED_EDGE('',*,*,#9610,.F.);
#11335=ORIENTED_EDGE('',*,*,#8054,.F.);
#11336=ORIENTED_EDGE('',*,*,#8049,.F.);
#11337=EDGE_LOOP('',(#11331,#11332,#11333,#11334,#11335,#11336));
#11338=FACE_OUTER_BOUND('',#11337,.T.);
#11339=ADVANCED_FACE('',(#11338),#11330,.T.);
#11340=CARTESIAN_POINT('',(0.757369190483,1.794786158934,0.000000000000));
#11341=DIRECTION('',(0.388784948527,0.921328531958,0.000000000000));
#11342=AXIS2_PLACEMENT_3D('',#11340,#11341,#4914);
#11343=PLANE('',#11342);
#11344=ORIENTED_EDGE('',*,*,#459,.F.);
#11345=ORIENTED_EDGE('',*,*,#8527,.F.);
#11346=ORIENTED_EDGE('',*,*,#8524,.F.);
#11347=ORIENTED_EDGE('',*,*,#9880,.T.);
#11348=ORIENTED_EDGE('',*,*,#3825,.F.);
#11349=ORIENTED_EDGE('',*,*,#3820,.F.);
#11350=EDGE_LOOP('',(#11344,#11345,#11346,#11347,#11348,#11349));
#11351=FACE_OUTER_BOUND('',#11350,.T.);
#11352=ADVANCED_FACE('',(#11351),#11343,.T.);
#11353=CARTESIAN_POINT('',(0.214114142774,-1.936238771655,0.000000000000));
#11354=DIRECTION('',(0.109912519578,-0.993941264884,0.000000000000));
#11355=AXIS2_PLACEMENT_3D('',#11353,#11354,#3997);
#11356=PLANE('',#11355);
#11357=ORIENTED_EDGE('',*,*,#190,.F.);
#11358=ORIENTED_EDGE('',*,*,#7418,.F.);
#11359=ORIENTED_EDGE('',*,*,#7415,.F.);
#11360=ORIENTED_EDGE('',*,*,#9439,.T.);
#11361=ORIENTED_EDGE('',*,*,#5102,.F.);
#11362=ORIENTED_EDGE('',*,*,#5097,.F.);
#11363=EDGE_LOOP('',(#11357,#11358,#11359,#11360,#11361,#11362));
#11364=FACE_OUTER_BOUND('',#11363,.T.);
#11365=ADVANCED_FACE('',(#11364),#11356,.T.);
#11366=CARTESIAN_POINT('',(-0.538260246497,-1.872202273804,0.000000000000));
#11367=DIRECTION('',(-0.276308417160,-0.961069018649,0.000000000000));
#11368=AXIS2_PLACEMENT_3D('',#11366,#11367,#4722);
#11369=PLANE('',#11368);
#11370=ORIENTED_EDGE('',*,*,#1777,.T.);
#11371=ORIENTED_EDGE('',*,*,#3631,.F.);
#11372=ORIENTED_EDGE('',*,*,#3628,.F.);
#11373=ORIENTED_EDGE('',*,*,#9997,.F.);
#11374=ORIENTED_EDGE('',*,*,#8695,.F.);
#11375=ORIENTED_EDGE('',*,*,#8690,.F.);
#11376=EDGE_LOOP('',(#11370,#11371,#11372,#11373,#11374,#11375));
#11377=FACE_OUTER_BOUND('',#11376,.T.);
#11378=ADVANCED_FACE('',(#11377),#11369,.T.);
#11379=CARTESIAN_POINT('',(-1.632522677867,1.062890000538,0.000000000000));
#11380=DIRECTION('',(-0.838032828981,0.545619810446,0.000000000000));
#11381=AXIS2_PLACEMENT_3D('',#11379,#11380,#4075);
#11382=PLANE('',#11381);
#11383=ORIENTED_EDGE('',*,*,#1347,.T.);
#11384=ORIENTED_EDGE('',*,*,#5178,.F.);
#11385=ORIENTED_EDGE('',*,*,#5175,.F.);
#11386=ORIENTED_EDGE('',*,*,#9561,.F.);
#11387=ORIENTED_EDGE('',*,*,#7352,.F.);
#11388=ORIENTED_EDGE('',*,*,#7347,.F.);
#11389=EDGE_LOOP('',(#11383,#11384,#11385,#11386,#11387,#11388));
#11390=FACE_OUTER_BOUND('',#11389,.T.);
#11391=ADVANCED_FACE('',(#11390),#11382,.T.);
#11392=CARTESIAN_POINT('',(1.825312655658,-0.680513891182,0.000000000000));
#11393=DIRECTION('',(0.936998884814,-0.349332348714,0.000000000000));
#11394=AXIS2_PLACEMENT_3D('',#11392,#11393,#4376);
#11395=PLANE('',#11394);
#11396=ORIENTED_EDGE('',*,*,#528,.F.);
#11397=ORIENTED_EDGE('',*,*,#7080,.F.);
#11398=ORIENTED_EDGE('',*,*,#7077,.F.);
#11399=ORIENTED_EDGE('',*,*,#9700,.T.);
#11400=ORIENTED_EDGE('',*,*,#5490,.F.);
#11401=ORIENTED_EDGE('',*,*,#5485,.F.);
#11402=EDGE_LOOP('',(#11396,#11397,#11398,#11399,#11400,#11401));
#11403=FACE_OUTER_BOUND('',#11402,.T.);
#11404=ADVANCED_FACE('',(#11403),#11395,.T.);
#11405=CARTESIAN_POINT('',(1.847670943790,0.617233772951,0.000000000000));
#11406=DIRECTION('',(0.948476201306,0.316848379444,0.000000000000));
#11407=AXIS2_PLACEMENT_3D('',#11405,#11406,#4614);
#11408=PLANE('',#11407);
#11409=ORIENTED_EDGE('',*,*,#942,.F.);
#11410=ORIENTED_EDGE('',*,*,#8787,.F.);
#11411=ORIENTED_EDGE('',*,*,#8784,.F.);
#11412=ORIENTED_EDGE('',*,*,#9790,.T.);
#11413=ORIENTED_EDGE('',*,*,#3525,.F.);
#11414=ORIENTED_EDGE('',*,*,#3520,.F.);
#11415=EDGE_LOOP('',(#11409,#11410,#11411,#11412,#11413,#11414));
#11416=FACE_OUTER_BOUND('',#11415,.T.);
#11417=ADVANCED_FACE('',(#11416),#11408,.T.);
#11418=CARTESIAN_POINT('',(-0.443154790985,1.896965808396,0.000000000000));
#11419=DIRECTION('',(-0.227487353285,0.973781034984,0.000000000000));
#11420=AXIS2_PLACEMENT_3D('',#11418,#11419,#3805);
#11421=PLANE('',#11420);
#11422=ORIENTED_EDGE('',*,*,#289,.T.);
#11423=ORIENTED_EDGE('',*,*,#4908,.F.);
#11424=ORIENTED_EDGE('',*,*,#4905,.F.);
#11425=ORIENTED_EDGE('',*,*,#9678,.F.);
#11426=ORIENTED_EDGE('',*,*,#7586,.F.);
#11427=ORIENTED_EDGE('',*,*,#7581,.F.);
#11428=EDGE_LOOP('',(#11422,#11423,#11424,#11425,#11426,#11427));
#11429=FACE_OUTER_BOUND('',#11428,.T.);
#11430=ADVANCED_FACE('',(#11429),#11421,.T.);
#11431=CARTESIAN_POINT('',(-1.914064600625,-0.362245982212,0.000000000000));
#11432=DIRECTION('',(-0.982558462348,-0.185953940717,0.000000000000));
#11433=AXIS2_PLACEMENT_3D('',#11431,#11432,#4334);
#11434=PLANE('',#11433);
#11435=ORIENTED_EDGE('',*,*,#956,.T.);
#11436=ORIENTED_EDGE('',*,*,#5446,.F.);
#11437=ORIENTED_EDGE('',*,*,#5443,.F.);
#11438=ORIENTED_EDGE('',*,*,#9776,.F.);
#11439=ORIENTED_EDGE('',*,*,#7118,.F.);
#11440=ORIENTED_EDGE('',*,*,#7113,.F.);
#11441=EDGE_LOOP('',(#11435,#11436,#11437,#11438,#11439,#11440));
#11442=FACE_OUTER_BOUND('',#11441,.T.);
#11443=ADVANCED_FACE('',(#11442),#11434,.T.);
#11444=CARTESIAN_POINT('',(-1.261640525396,-1.484293984247,0.000000000000));
#11445=DIRECTION('',(-0.647645630280,-0.761941689094,0.000000000000));
#11446=AXIS2_PLACEMENT_3D('',#11444,#11445,#4572);
#11447=PLANE('',#11446);
#11448=ORIENTED_EDGE('',*,*,#1117,.T.);
#11449=ORIENTED_EDGE('',*,*,#3481,.F.);
#11450=ORIENTED_EDGE('',*,*,#3478,.F.);
#11451=ORIENTED_EDGE('',*,*,#9632,.F.);
#11452=ORIENTED_EDGE('',*,*,#8825,.F.);
#11453=ORIENTED_EDGE('',*,*,#8820,.F.);
#11454=EDGE_LOOP('',(#11448,#11449,#11450,#11451,#11452,#11453));
#11455=FACE_OUTER_BOUND('',#11454,.T.);
#11456=ADVANCED_FACE('',(#11455),#11447,.T.);
#11457=CARTESIAN_POINT('',(-1.382972374476,-1.371952207051,0.000000000000));
#11458=DIRECTION('',(-0.709929648817,-0.704272599020,0.000000000000));
#11459=AXIS2_PLACEMENT_3D('',#11457,#11458,#4542);
#11460=PLANE('',#11459);
#11461=ORIENTED_EDGE('',*,*,#1025,.T.);
#11462=ORIENTED_EDGE('',*,*,#3451,.F.);
#11463=ORIENTED_EDGE('',*,*,#3448,.F.);
#11464=ORIENTED_EDGE('',*,*,#9689,.F.);
#11465=ORIENTED_EDGE('',*,*,#8851,.F.);
#11466=ORIENTED_EDGE('',*,*,#8846,.F.);
#11467=EDGE_LOOP('',(#11461,#11462,#11463,#11464,#11465,#11466));
#11468=FACE_OUTER_BOUND('',#11467,.T.);
#11469=ADVANCED_FACE('',(#11468),#11460,.T.);
#11470=CARTESIAN_POINT('',(-0.049138275086,-1.947421597117,0.000000000000));
#11471=DIRECTION('',(-0.025224450624,-0.999681812924,0.000000000000));
#11472=AXIS2_PLACEMENT_3D('',#11470,#11471,#4812);
#11473=PLANE('',#11472);
#11474=ORIENTED_EDGE('',*,*,#1278,.T.);
#11475=ORIENTED_EDGE('',*,*,#3721,.F.);
#11476=ORIENTED_EDGE('',*,*,#3718,.F.);
#11477=ORIENTED_EDGE('',*,*,#9392,.F.);
#11478=ORIENTED_EDGE('',*,*,#8617,.F.);
#11479=ORIENTED_EDGE('',*,*,#8612,.F.);
#11480=EDGE_LOOP('',(#11474,#11475,#11476,#11477,#11478,#11479));
#11481=FACE_OUTER_BOUND('',#11480,.T.);
#11482=ADVANCED_FACE('',(#11481),#11473,.T.);
#11483=CARTESIAN_POINT('',(1.382972374476,-1.371952207051,0.000000000000));
#11484=DIRECTION('',(0.709929648817,-0.704272599020,0.000000000000));
#11485=AXIS2_PLACEMENT_3D('',#11483,#11484,#4226);
#11486=PLANE('',#11485);
#11487=ORIENTED_EDGE('',*,*,#321,.F.);
#11488=ORIENTED_EDGE('',*,*,#7210,.F.);
#11489=ORIENTED_EDGE('',*,*,#7207,.F.);
#11490=ORIENTED_EDGE('',*,*,#9594,.T.);
#11491=ORIENTED_EDGE('',*,*,#5340,.F.);
#11492=ORIENTED_EDGE('',*,*,#5335,.F.);
#11493=EDGE_LOOP('',(#11487,#11488,#11489,#11490,#11491,#11492));
#11494=FACE_OUTER_BOUND('',#11493,.T.);
#11495=ADVANCED_FACE('',(#11494),#11486,.T.);
#11496=CARTESIAN_POINT('',(-1.947752391962,0.033556915873,0.000000000000));
#11497=DIRECTION('',(-0.999851621860,0.017225976412,0.000000000000));
#11498=AXIS2_PLACEMENT_3D('',#11496,#11497,#3397);
#11499=PLANE('',#11498);
#11500=ORIENTED_EDGE('',*,*,#781,.F.);
#11501=ORIENTED_EDGE('',*,*,#7938,.F.);
#11502=ORIENTED_EDGE('',*,*,#7935,.F.);
#11503=ORIENTED_EDGE('',*,*,#9913,.T.);
#11504=ORIENTED_EDGE('',*,*,#4502,.F.);
#11505=ORIENTED_EDGE('',*,*,#4497,.F.);
#11506=EDGE_LOOP('',(#11500,#11501,#11502,#11503,#11504,#11505));
#11507=FACE_OUTER_BOUND('',#11506,.T.);
#11508=ADVANCED_FACE('',(#11507),#11499,.T.);
#11509=CARTESIAN_POINT('',(0.846921582936,-1.754305925246,0.000000000000));
#11510=DIRECTION('',(0.434755424654,-0.900548566561,0.000000000000));
#11511=AXIS2_PLACEMENT_3D('',#11509,#11510,#4117);
#11512=PLANE('',#11511);
#11513=ORIENTED_EDGE('',*,*,#643,.F.);
#11514=ORIENTED_EDGE('',*,*,#7314,.F.);
#11515=ORIENTED_EDGE('',*,*,#7311,.F.);
#11516=ORIENTED_EDGE('',*,*,#10068,.T.);
#11517=ORIENTED_EDGE('',*,*,#5222,.F.);
#11518=ORIENTED_EDGE('',*,*,#5217,.F.);
#11519=EDGE_LOOP('',(#11513,#11514,#11515,#11516,#11517,#11518));
#11520=FACE_OUTER_BOUND('',#11519,.T.);
#11521=ADVANCED_FACE('',(#11520),#11512,.T.);
#11522=CARTESIAN_POINT('',(-1.761025336242,-0.832859659312,0.000000000000));
#11523=DIRECTION('',(-0.903997882814,-0.427536931584,0.000000000000));
#11524=AXIS2_PLACEMENT_3D('',#11522,#11523,#4424);
#11525=PLANE('',#11524);
#11526=ORIENTED_EDGE('',*,*,#1622,.T.);
#11527=ORIENTED_EDGE('',*,*,#5536,.F.);
#11528=ORIENTED_EDGE('',*,*,#5533,.F.);
#11529=ORIENTED_EDGE('',*,*,#9986,.F.);
#11530=ORIENTED_EDGE('',*,*,#7040,.F.);
#11531=ORIENTED_EDGE('',*,*,#7035,.F.);
#11532=EDGE_LOOP('',(#11526,#11527,#11528,#11529,#11530,#11531));
#11533=FACE_OUTER_BOUND('',#11532,.T.);
#11534=ADVANCED_FACE('',(#11533),#11525,.T.);
#11535=CARTESIAN_POINT('',(1.684049788925,0.979204654512,0.000000000000));
#11536=DIRECTION('',(0.864483555353,0.502661101066,0.000000000000));
#11537=AXIS2_PLACEMENT_3D('',#11535,#11536,#3355);
#11538=PLANE('',#11537);
#11539=ORIENTED_EDGE('',*,*,#749,.T.);
#11540=ORIENTED_EDGE('',*,*,#4458,.F.);
#11541=ORIENTED_EDGE('',*,*,#4455,.F.);
#11542=ORIENTED_EDGE('',*,*,#9667,.F.);
#11543=ORIENTED_EDGE('',*,*,#7976,.F.);
#11544=ORIENTED_EDGE('',*,*,#7971,.F.);
#11545=EDGE_LOOP('',(#11539,#11540,#11541,#11542,#11543,#11544));
#11546=FACE_OUTER_BOUND('',#11545,.T.);
#11547=ADVANCED_FACE('',(#11546),#11538,.T.);
#11548=CYLINDRICAL_SURFACE('',#10390,5.700000000000);
#11549=CARTESIAN_POINT('',(-0.045985271822,5.699814501786,-0.485000000000));
#11550=VERTEX_POINT('',#11549);
#11551=CARTESIAN_POINT('',(-0.150382622331,5.698015888614,-0.485000000000));
#11552=VERTEX_POINT('',#11551);
#11553=CIRCLE('',#10403,5.700000000000);
#11554=EDGE_CURVE('',#11550,#11552,#11553,.T.);
#11555=ORIENTED_EDGE('',*,*,#11554,.T.);
#11556=CARTESIAN_POINT('',(-0.333384637899,5.690242058403,-0.485000000000));
#11557=VERTEX_POINT('',#11556);
#11558=CIRCLE('',#10403,5.700000000000);
#11559=EDGE_CURVE('',#11552,#11557,#11558,.T.);
#11560=ORIENTED_EDGE('',*,*,#11559,.T.);
#11561=CARTESIAN_POINT('',(-0.437558428809,5.683180678227,-0.485000000000));
#11562=VERTEX_POINT('',#11561);
#11563=CIRCLE('',#10403,5.700000000000);
#11564=EDGE_CURVE('',#11557,#11562,#11563,.T.);
#11565=ORIENTED_EDGE('',*,*,#11564,.T.);
#11566=CARTESIAN_POINT('',(-0.529197647517,5.675381031249,-0.485000000000));
#11567=VERTEX_POINT('',#11566);
#11568=CIRCLE('',#10403,5.700000000000);
#11569=EDGE_CURVE('',#11562,#11567,#11568,.T.);
#11570=ORIENTED_EDGE('',*,*,#11569,.T.);
#11571=CARTESIAN_POINT('',(-0.633066372321,5.664735383779,-0.485000000000));
#11572=VERTEX_POINT('',#11571);
#11573=CIRCLE('',#10403,5.700000000000);
#11574=EDGE_CURVE('',#11567,#11572,#11573,.T.);
#11575=ORIENTED_EDGE('',*,*,#11574,.T.);
#11576=CARTESIAN_POINT('',(-0.814749854173,5.641469903768,-0.485000000000));
#11577=VERTEX_POINT('',#11576);
#11578=CIRCLE('',#10403,5.700000000000);
#11579=EDGE_CURVE('',#11572,#11577,#11578,.T.);
#11580=ORIENTED_EDGE('',*,*,#11579,.T.);
#11581=CARTESIAN_POINT('',(-0.917949510935,5.625599407652,-0.485000000000));
#11582=VERTEX_POINT('',#11581);
#11583=CIRCLE('',#10403,5.700000000000);
#11584=EDGE_CURVE('',#11577,#11582,#11583,.T.);
#11585=ORIENTED_EDGE('',*,*,#11584,.T.);
#11586=CARTESIAN_POINT('',(-1.008597142034,5.610056310331,-0.485000000000));
#11587=VERTEX_POINT('',#11586);
#11588=CIRCLE('',#10403,5.700000000000);
#11589=EDGE_CURVE('',#11582,#11587,#11588,.T.);
#11590=ORIENTED_EDGE('',*,*,#11589,.T.);
#11591=CARTESIAN_POINT('',(-1.111188864592,5.590640330696,-0.485000000000));
#11592=VERTEX_POINT('',#11591);
#11593=CIRCLE('',#10403,5.700000000000);
#11594=EDGE_CURVE('',#11587,#11592,#11593,.T.);
#11595=ORIENTED_EDGE('',*,*,#11594,.T.);
#11596=CARTESIAN_POINT('',(-1.290244779079,5.552050829204,-0.485000000000));
#11597=VERTEX_POINT('',#11596);
#11598=CIRCLE('',#10403,5.700000000000);
#11599=EDGE_CURVE('',#11592,#11597,#11598,.T.);
#11600=ORIENTED_EDGE('',*,*,#11599,.T.);
#11601=CARTESIAN_POINT('',(-1.391726745799,5.527485564434,-0.485000000000));
#11602=VERTEX_POINT('',#11601);
#11603=CIRCLE('',#10403,5.700000000000);
#11604=EDGE_CURVE('',#11597,#11602,#11603,.T.);
#11605=ORIENTED_EDGE('',*,*,#11604,.T.);
#11606=CARTESIAN_POINT('',(-1.480729671031,5.504311005142,-0.485000000000));
#11607=VERTEX_POINT('',#11606);
#11608=CIRCLE('',#10403,5.700000000000);
#11609=EDGE_CURVE('',#11602,#11607,#11608,.T.);
#11610=ORIENTED_EDGE('',*,*,#11609,.T.);
#11611=CARTESIAN_POINT('',(-1.581305215631,5.476264585922,-0.485000000000));
#11612=VERTEX_POINT('',#11611);
#11613=CIRCLE('',#10403,5.700000000000);
#11614=EDGE_CURVE('',#11607,#11612,#11613,.T.);
#11615=ORIENTED_EDGE('',*,*,#11614,.T.);
#11616=CARTESIAN_POINT('',(-1.756443460785,5.422629101189,-0.485000000000));
#11617=VERTEX_POINT('',#11616);
#11618=CIRCLE('',#10403,5.700000000000);
#11619=EDGE_CURVE('',#11612,#11617,#11618,.T.);
#11620=ORIENTED_EDGE('',*,*,#11619,.T.);
#11621=CARTESIAN_POINT('',(-1.855476557568,5.389546061063,-0.485000000000));
#11622=VERTEX_POINT('',#11621);
#11623=CIRCLE('',#10403,5.700000000000);
#11624=EDGE_CURVE('',#11617,#11622,#11623,.T.);
#11625=ORIENTED_EDGE('',*,*,#11624,.T.);
#11626=CARTESIAN_POINT('',(-1.942193508818,5.358907013030,-0.485000000000));
#11627=VERTEX_POINT('',#11626);
#11628=CIRCLE('',#10403,5.700000000000);
#11629=EDGE_CURVE('',#11622,#11627,#11628,.T.);
#11630=ORIENTED_EDGE('',*,*,#11629,.T.);
#11631=CARTESIAN_POINT('',(-2.040028226355,5.322432229317,-0.485000000000));
#11632=VERTEX_POINT('',#11631);
#11633=CIRCLE('',#10403,5.700000000000);
#11634=EDGE_CURVE('',#11627,#11632,#11633,.T.);
#11635=ORIENTED_EDGE('',*,*,#11634,.T.);
#11636=CARTESIAN_POINT('',(-2.209986927107,5.254137206242,-0.485000000000));
#11637=VERTEX_POINT('',#11636);
#11638=CIRCLE('',#10403,5.700000000000);
#11639=EDGE_CURVE('',#11632,#11637,#11638,.T.);
#11640=ORIENTED_EDGE('',*,*,#11639,.T.);
#11641=CARTESIAN_POINT('',(-2.305857618222,5.212774754820,-0.485000000000));
#11642=VERTEX_POINT('',#11641);
#11643=CIRCLE('',#10403,5.700000000000);
#11644=EDGE_CURVE('',#11637,#11642,#11643,.T.);
#11645=ORIENTED_EDGE('',*,*,#11644,.T.);
#11646=CARTESIAN_POINT('',(-2.389663797868,5.174891973091,-0.485000000000));
#11647=VERTEX_POINT('',#11646);
#11648=CIRCLE('',#10403,5.700000000000);
#11649=EDGE_CURVE('',#11642,#11647,#11648,.T.);
#11650=ORIENTED_EDGE('',*,*,#11649,.T.);
#11651=CARTESIAN_POINT('',(-2.484052786962,5.130251626537,-0.485000000000));
#11652=VERTEX_POINT('',#11651);
#11653=CIRCLE('',#10403,5.700000000000);
#11654=EDGE_CURVE('',#11647,#11652,#11653,.T.);
#11655=ORIENTED_EDGE('',*,*,#11654,.T.);
#11656=CARTESIAN_POINT('',(-2.647607386978,5.047789132325,-0.485000000000));
#11657=VERTEX_POINT('',#11656);
#11658=CIRCLE('',#10403,5.700000000000);
#11659=EDGE_CURVE('',#11652,#11657,#11658,.T.);
#11660=ORIENTED_EDGE('',*,*,#11659,.T.);
#11661=CARTESIAN_POINT('',(-2.739624921898,4.998445287018,-0.485000000000));
#11662=VERTEX_POINT('',#11661);
#11663=CIRCLE('',#10403,5.700000000000);
#11664=EDGE_CURVE('',#11657,#11662,#11663,.T.);
#11665=ORIENTED_EDGE('',*,*,#11664,.T.);
#11666=CARTESIAN_POINT('',(-2.819916504495,4.953591717903,-0.485000000000));
#11667=VERTEX_POINT('',#11666);
#11668=CIRCLE('',#10403,5.700000000000);
#11669=EDGE_CURVE('',#11662,#11667,#11668,.T.);
#11670=ORIENTED_EDGE('',*,*,#11669,.T.);
#11671=CARTESIAN_POINT('',(-2.910179690316,4.901107443229,-0.485000000000));
#11672=VERTEX_POINT('',#11671);
#11673=CIRCLE('',#10403,5.700000000000);
#11674=EDGE_CURVE('',#11667,#11672,#11673,.T.);
#11675=ORIENTED_EDGE('',*,*,#11674,.T.);
#11676=CARTESIAN_POINT('',(-3.066151774955,4.805071622040,-0.485000000000));
#11677=VERTEX_POINT('',#11676);
#11678=CIRCLE('',#10403,5.700000000000);
#11679=EDGE_CURVE('',#11672,#11677,#11678,.T.);
#11680=ORIENTED_EDGE('',*,*,#11679,.T.);
#11681=CARTESIAN_POINT('',(-3.153653165234,4.748101906384,-0.485000000000));
#11682=VERTEX_POINT('',#11681);
#11683=CIRCLE('',#10403,5.700000000000);
#11684=EDGE_CURVE('',#11677,#11682,#11683,.T.);
#11685=ORIENTED_EDGE('',*,*,#11684,.T.);
#11686=CARTESIAN_POINT('',(-3.229851648090,4.696600720876,-0.485000000000));
#11687=VERTEX_POINT('',#11686);
#11688=CIRCLE('',#10403,5.700000000000);
#11689=EDGE_CURVE('',#11682,#11687,#11688,.T.);
#11690=ORIENTED_EDGE('',*,*,#11689,.T.);
#11691=CARTESIAN_POINT('',(-3.315338682315,4.636650668483,-0.485000000000));
#11692=VERTEX_POINT('',#11691);
#11693=CIRCLE('',#10403,5.700000000000);
#11694=EDGE_CURVE('',#11687,#11692,#11693,.T.);
#11695=ORIENTED_EDGE('',*,*,#11694,.T.);
#11696=CARTESIAN_POINT('',(-3.462604469134,4.527733460611,-0.485000000000));
#11697=VERTEX_POINT('',#11696);
#11698=CIRCLE('',#10403,5.700000000000);
#11699=EDGE_CURVE('',#11692,#11697,#11698,.T.);
#11700=ORIENTED_EDGE('',*,*,#11699,.T.);
#11701=CARTESIAN_POINT('',(-3.544959265248,4.463548342712,-0.485000000000));
#11702=VERTEX_POINT('',#11701);
#11703=CIRCLE('',#10403,5.700000000000);
#11704=EDGE_CURVE('',#11697,#11702,#11703,.T.);
#11705=ORIENTED_EDGE('',*,*,#11704,.T.);
#11706=CARTESIAN_POINT('',(-3.616515636548,4.405770608033,-0.485000000000));
#11707=VERTEX_POINT('',#11706);
#11708=CIRCLE('',#10403,5.700000000000);
#11709=EDGE_CURVE('',#11702,#11707,#11708,.T.);
#11710=ORIENTED_EDGE('',*,*,#11709,.T.);
#11711=CARTESIAN_POINT('',(-3.696610583138,4.338786719422,-0.485000000000));
#11712=VERTEX_POINT('',#11711);
#11713=CIRCLE('',#10403,5.700000000000);
#11714=EDGE_CURVE('',#11707,#11712,#11713,.T.);
#11715=ORIENTED_EDGE('',*,*,#11714,.T.);
#11716=CARTESIAN_POINT('',(-3.834109018767,4.217772875844,-0.485000000000));
#11717=VERTEX_POINT('',#11716);
#11718=CIRCLE('',#10403,5.700000000000);
#11719=EDGE_CURVE('',#11712,#11717,#11718,.T.);
#11720=ORIENTED_EDGE('',*,*,#11719,.T.);
#11721=CARTESIAN_POINT('',(-3.910723852524,4.146834810949,-0.485000000000));
#11722=VERTEX_POINT('',#11721);
#11723=CIRCLE('',#10403,5.700000000000);
#11724=EDGE_CURVE('',#11717,#11722,#11723,.T.);
#11725=ORIENTED_EDGE('',*,*,#11724,.T.);
#11726=CARTESIAN_POINT('',(-3.977122546972,4.083196817001,-0.485000000000));
#11727=VERTEX_POINT('',#11726);
#11728=CIRCLE('',#10403,5.700000000000);
#11729=EDGE_CURVE('',#11722,#11727,#11728,.T.);
#11730=ORIENTED_EDGE('',*,*,#11729,.T.);
#11731=CARTESIAN_POINT('',(-4.051248320001,4.009661712625,-0.485000000000));
#11732=VERTEX_POINT('',#11731);
#11733=CIRCLE('',#10403,5.700000000000);
#11734=EDGE_CURVE('',#11727,#11732,#11733,.T.);
#11735=ORIENTED_EDGE('',*,*,#11734,.T.);
#11736=CARTESIAN_POINT('',(-4.177988725061,3.877423140858,-0.485000000000));
#11737=VERTEX_POINT('',#11736);
#11738=CIRCLE('',#10403,5.700000000000);
#11739=EDGE_CURVE('',#11732,#11737,#11738,.T.);
#11740=ORIENTED_EDGE('',*,*,#11739,.T.);
#11741=CARTESIAN_POINT('',(-4.248311584828,3.800243239349,-0.485000000000));
#11742=VERTEX_POINT('',#11741);
#11743=CIRCLE('',#10403,5.700000000000);
#11744=EDGE_CURVE('',#11737,#11742,#11743,.T.);
#11745=ORIENTED_EDGE('',*,*,#11744,.T.);
#11746=CARTESIAN_POINT('',(-4.309074198310,3.731203499336,-0.485000000000));
#11747=VERTEX_POINT('',#11746);
#11748=CIRCLE('',#10403,5.700000000000);
#11749=EDGE_CURVE('',#11742,#11747,#11748,.T.);
#11750=ORIENTED_EDGE('',*,*,#11749,.T.);
#11751=CARTESIAN_POINT('',(-4.376696719884,3.651647001307,-0.485000000000));
#11752=VERTEX_POINT('',#11751);
#11753=CIRCLE('',#10403,5.700000000000);
#11754=EDGE_CURVE('',#11747,#11752,#11753,.T.);
#11755=ORIENTED_EDGE('',*,*,#11754,.T.);
#11756=CARTESIAN_POINT('',(-4.491765926853,3.509136483290,-0.485000000000));
#11757=VERTEX_POINT('',#11756);
#11758=CIRCLE('',#10403,5.700000000000);
#11759=EDGE_CURVE('',#11752,#11757,#11758,.T.);
#11760=ORIENTED_EDGE('',*,*,#11759,.T.);
#11761=CARTESIAN_POINT('',(-4.555290134813,3.426270828127,-0.485000000000));
#11762=VERTEX_POINT('',#11761);
#11763=CIRCLE('',#10403,5.700000000000);
#11764=EDGE_CURVE('',#11757,#11762,#11763,.T.);
#11765=ORIENTED_EDGE('',*,*,#11764,.T.);
#11766=CARTESIAN_POINT('',(-4.609978871307,3.352326774958,-0.485000000000));
#11767=VERTEX_POINT('',#11766);
#11768=CIRCLE('',#10403,5.700000000000);
#11769=EDGE_CURVE('',#11762,#11767,#11768,.T.);
#11770=ORIENTED_EDGE('',*,*,#11769,.T.);
#11771=CARTESIAN_POINT('',(-4.670610919609,3.267322089668,-0.485000000000));
#11772=VERTEX_POINT('',#11771);
#11773=CIRCLE('',#10403,5.700000000000);
#11774=EDGE_CURVE('',#11767,#11772,#11773,.T.);
#11775=ORIENTED_EDGE('',*,*,#11774,.T.);
#11776=CARTESIAN_POINT('',(-4.773179852214,3.115566416949,-0.485000000000));
#11777=VERTEX_POINT('',#11776);
#11778=CIRCLE('',#10403,5.700000000000);
#11779=EDGE_CURVE('',#11772,#11777,#11778,.T.);
#11780=ORIENTED_EDGE('',*,*,#11779,.T.);
#11781=CARTESIAN_POINT('',(-4.829447714993,3.027612057075,-0.485000000000));
#11782=VERTEX_POINT('',#11781);
#11783=CIRCLE('',#10403,5.700000000000);
#11784=EDGE_CURVE('',#11777,#11782,#11783,.T.);
#11785=ORIENTED_EDGE('',*,*,#11784,.T.);
#11786=CARTESIAN_POINT('',(-4.877668540899,2.949296459348,-0.485000000000));
#11787=VERTEX_POINT('',#11786);
#11788=CIRCLE('',#10403,5.700000000000);
#11789=EDGE_CURVE('',#11782,#11787,#11788,.T.);
#11790=ORIENTED_EDGE('',*,*,#11789,.T.);
#11791=CARTESIAN_POINT('',(-4.930873260631,2.859456047502,-0.485000000000));
#11792=VERTEX_POINT('',#11791);
#11793=CIRCLE('',#10403,5.700000000000);
#11794=EDGE_CURVE('',#11787,#11792,#11793,.T.);
#11795=ORIENTED_EDGE('',*,*,#11794,.T.);
#11796=CARTESIAN_POINT('',(-5.020202907362,2.699548623181,-0.485000000000));
#11797=VERTEX_POINT('',#11796);
#11798=CIRCLE('',#10403,5.700000000000);
#11799=EDGE_CURVE('',#11792,#11797,#11798,.T.);
#11800=ORIENTED_EDGE('',*,*,#11799,.T.);
#11801=CARTESIAN_POINT('',(-5.068809013720,2.607139271775,-0.485000000000));
#11802=VERTEX_POINT('',#11801);
#11803=CIRCLE('',#10403,5.700000000000);
#11804=EDGE_CURVE('',#11797,#11802,#11803,.T.);
#11805=ORIENTED_EDGE('',*,*,#11804,.T.);
#11806=CARTESIAN_POINT('',(-5.110214496882,2.525016395166,-0.485000000000));
#11807=VERTEX_POINT('',#11806);
#11808=CIRCLE('',#10403,5.700000000000);
#11809=EDGE_CURVE('',#11802,#11807,#11808,.T.);
#11810=ORIENTED_EDGE('',*,*,#11809,.T.);
#11811=CARTESIAN_POINT('',(-5.155608546820,2.430987558989,-0.485000000000));
#11812=VERTEX_POINT('',#11811);
#11813=CIRCLE('',#10403,5.700000000000);
#11814=EDGE_CURVE('',#11807,#11812,#11813,.T.);
#11815=ORIENTED_EDGE('',*,*,#11814,.T.);
#11816=CARTESIAN_POINT('',(-5.231055285525,2.264080519722,-0.485000000000));
#11817=VERTEX_POINT('',#11816);
#11818=CIRCLE('',#10403,5.700000000000);
#11819=EDGE_CURVE('',#11812,#11817,#11818,.T.);
#11820=ORIENTED_EDGE('',*,*,#11819,.T.);
#11821=CARTESIAN_POINT('',(-5.271649427352,2.167881988278,-0.485000000000));
#11822=VERTEX_POINT('',#11821);
#11823=CIRCLE('',#10403,5.700000000000);
#11824=EDGE_CURVE('',#11817,#11822,#11823,.T.);
#11825=ORIENTED_EDGE('',*,*,#11824,.T.);
#11826=CARTESIAN_POINT('',(-5.305941240315,2.082543529996,-0.485000000000));
#11827=VERTEX_POINT('',#11826);
#11828=CIRCLE('',#10403,5.700000000000);
#11829=EDGE_CURVE('',#11822,#11827,#11828,.T.);
#11830=ORIENTED_EDGE('',*,*,#11829,.T.);
#11831=CARTESIAN_POINT('',(-5.343197555288,1.985003749408,-0.485000000000));
#11832=VERTEX_POINT('',#11831);
#11833=CIRCLE('',#10403,5.700000000000);
#11834=EDGE_CURVE('',#11827,#11832,#11833,.T.);
#11835=ORIENTED_EDGE('',*,*,#11834,.T.);
#11836=CARTESIAN_POINT('',(-5.404217790486,1.812299664238,-0.485000000000));
#11837=VERTEX_POINT('',#11836);
#11838=CIRCLE('',#10403,5.700000000000);
#11839=EDGE_CURVE('',#11832,#11837,#11838,.T.);
#11840=ORIENTED_EDGE('',*,*,#11839,.T.);
#11841=CARTESIAN_POINT('',(-5.436507486060,1.713005065380,-0.485000000000));
#11842=VERTEX_POINT('',#11841);
#11843=CIRCLE('',#10403,5.700000000000);
#11844=EDGE_CURVE('',#11837,#11842,#11843,.T.);
#11845=ORIENTED_EDGE('',*,*,#11844,.T.);
#11846=CARTESIAN_POINT('',(-5.463438555526,1.625065890971,-0.485000000000));
#11847=VERTEX_POINT('',#11846);
#11848=CIRCLE('',#10403,5.700000000000);
#11849=EDGE_CURVE('',#11842,#11847,#11848,.T.);
#11850=ORIENTED_EDGE('',*,*,#11849,.T.);
#11851=CARTESIAN_POINT('',(-5.492288702932,1.524717942326,-0.485000000000));
#11852=VERTEX_POINT('',#11851);
#11853=CIRCLE('',#10403,5.700000000000);
#11854=EDGE_CURVE('',#11847,#11852,#11853,.T.);
#11855=ORIENTED_EDGE('',*,*,#11854,.T.);
#11856=CARTESIAN_POINT('',(-5.538442782429,1.347461148144,-0.485000000000));
#11857=VERTEX_POINT('',#11856);
#11858=CIRCLE('',#10403,5.700000000000);
#11859=EDGE_CURVE('',#11852,#11857,#11858,.T.);
#11860=ORIENTED_EDGE('',*,*,#11859,.T.);
#11861=CARTESIAN_POINT('',(-5.562195383753,1.245785901732,-0.485000000000));
#11862=VERTEX_POINT('',#11861);
#11863=CIRCLE('',#10403,5.700000000000);
#11864=EDGE_CURVE('',#11857,#11862,#11863,.T.);
#11865=ORIENTED_EDGE('',*,*,#11864,.T.);
#11866=CARTESIAN_POINT('',(-5.581571670749,1.155879614963,-0.485000000000));
#11867=VERTEX_POINT('',#11866);
#11868=CIRCLE('',#10403,5.700000000000);
#11869=EDGE_CURVE('',#11862,#11867,#11868,.T.);
#11870=ORIENTED_EDGE('',*,*,#11869,.T.);
#11871=CARTESIAN_POINT('',(-5.601807784615,1.053446507531,-0.485000000000));
#11872=VERTEX_POINT('',#11871);
#11873=CIRCLE('',#10403,5.700000000000);
#11874=EDGE_CURVE('',#11867,#11872,#11873,.T.);
#11875=ORIENTED_EDGE('',*,*,#11874,.T.);
#11876=CARTESIAN_POINT('',(-5.632763167212,0.872914143601,-0.485000000000));
#11877=VERTEX_POINT('',#11876);
#11878=CIRCLE('',#10403,5.700000000000);
#11879=EDGE_CURVE('',#11872,#11877,#11878,.T.);
#11880=ORIENTED_EDGE('',*,*,#11879,.T.);
#11881=CARTESIAN_POINT('',(-5.647807536250,0.769590822115,-0.485000000000));
#11882=VERTEX_POINT('',#11881);
#11883=CIRCLE('',#10403,5.700000000000);
#11884=EDGE_CURVE('',#11877,#11882,#11883,.T.);
#11885=ORIENTED_EDGE('',*,*,#11884,.T.);
#11886=CARTESIAN_POINT('',(-5.659489434184,0.678365199843,-0.485000000000));
#11887=VERTEX_POINT('',#11886);
#11888=CIRCLE('',#10403,5.700000000000);
#11889=EDGE_CURVE('',#11882,#11887,#11888,.T.);
#11890=ORIENTED_EDGE('',*,*,#11889,.T.);
#11891=CARTESIAN_POINT('',(-5.670965712845,0.574584966509,-0.485000000000));
#11892=VERTEX_POINT('',#11891);
#11893=CIRCLE('',#10403,5.700000000000);
#11894=EDGE_CURVE('',#11887,#11892,#11893,.T.);
#11895=ORIENTED_EDGE('',*,*,#11894,.T.);
#11896=CARTESIAN_POINT('',(-5.686499364301,0.392077772650,-0.485000000000));
#11897=VERTEX_POINT('',#11896);
#11898=CIRCLE('',#10403,5.700000000000);
#11899=EDGE_CURVE('',#11892,#11897,#11898,.T.);
#11900=ORIENTED_EDGE('',*,*,#11899,.T.);
#11901=CARTESIAN_POINT('',(-5.692727106028,0.287850822989,-0.485000000000));
#11902=VERTEX_POINT('',#11901);
#11903=CIRCLE('',#10403,5.700000000000);
#11904=EDGE_CURVE('',#11897,#11902,#11903,.T.);
#11905=ORIENTED_EDGE('',*,*,#11904,.T.);
#11906=CARTESIAN_POINT('',(-5.696630446559,0.195963147912,-0.485000000000));
#11907=VERTEX_POINT('',#11906);
#11908=CIRCLE('',#10403,5.700000000000);
#11909=EDGE_CURVE('',#11902,#11907,#11908,.T.);
#11910=ORIENTED_EDGE('',*,*,#11909,.T.);
#11911=CARTESIAN_POINT('',(-5.699264203164,0.091583527637,-0.485000000000));
#11912=VERTEX_POINT('',#11911);
#11913=CIRCLE('',#10403,5.700000000000);
#11914=EDGE_CURVE('',#11907,#11912,#11913,.T.);
#11915=ORIENTED_EDGE('',*,*,#11914,.T.);
#11916=CARTESIAN_POINT('',(-5.699264203164,-0.091583527637,-0.485000000000));
#11917=VERTEX_POINT('',#11916);
#11918=CIRCLE('',#10403,5.700000000000);
#11919=EDGE_CURVE('',#11912,#11917,#11918,.T.);
#11920=ORIENTED_EDGE('',*,*,#11919,.T.);
#11921=CARTESIAN_POINT('',(-5.696630446559,-0.195963147912,-0.485000000000));
#11922=VERTEX_POINT('',#11921);
#11923=CIRCLE('',#10403,5.700000000000);
#11924=EDGE_CURVE('',#11917,#11922,#11923,.T.);
#11925=ORIENTED_EDGE('',*,*,#11924,.T.);
#11926=CARTESIAN_POINT('',(-5.692727106028,-0.287850822989,-0.485000000000));
#11927=VERTEX_POINT('',#11926);
#11928=CIRCLE('',#10403,5.700000000000);
#11929=EDGE_CURVE('',#11922,#11927,#11928,.T.);
#11930=ORIENTED_EDGE('',*,*,#11929,.T.);
#11931=CARTESIAN_POINT('',(-5.686499364301,-0.392077772650,-0.485000000000));
#11932=VERTEX_POINT('',#11931);
#11933=CIRCLE('',#10403,5.700000000000);
#11934=EDGE_CURVE('',#11927,#11932,#11933,.T.);
#11935=ORIENTED_EDGE('',*,*,#11934,.T.);
#11936=CARTESIAN_POINT('',(-5.670965712845,-0.574584966509,-0.485000000000));
#11937=VERTEX_POINT('',#11936);
#11938=CIRCLE('',#10403,5.700000000000);
#11939=EDGE_CURVE('',#11932,#11937,#11938,.T.);
#11940=ORIENTED_EDGE('',*,*,#11939,.T.);
#11941=CARTESIAN_POINT('',(-5.659489434184,-0.678365199843,-0.485000000000));
#11942=VERTEX_POINT('',#11941);
#11943=CIRCLE('',#10403,5.700000000000);
#11944=EDGE_CURVE('',#11937,#11942,#11943,.T.);
#11945=ORIENTED_EDGE('',*,*,#11944,.T.);
#11946=CARTESIAN_POINT('',(-5.647807536250,-0.769590822115,-0.485000000000));
#11947=VERTEX_POINT('',#11946);
#11948=CIRCLE('',#10403,5.700000000000);
#11949=EDGE_CURVE('',#11942,#11947,#11948,.T.);
#11950=ORIENTED_EDGE('',*,*,#11949,.T.);
#11951=CARTESIAN_POINT('',(-5.632763167212,-0.872914143601,-0.485000000000));
#11952=VERTEX_POINT('',#11951);
#11953=CIRCLE('',#10403,5.700000000000);
#11954=EDGE_CURVE('',#11947,#11952,#11953,.T.);
#11955=ORIENTED_EDGE('',*,*,#11954,.T.);
#11956=CARTESIAN_POINT('',(-5.601807784615,-1.053446507531,-0.485000000000));
#11957=VERTEX_POINT('',#11956);
#11958=CIRCLE('',#10403,5.700000000000);
#11959=EDGE_CURVE('',#11952,#11957,#11958,.T.);
#11960=ORIENTED_EDGE('',*,*,#11959,.T.);
#11961=CARTESIAN_POINT('',(-5.581571670749,-1.155879614963,-0.485000000000));
#11962=VERTEX_POINT('',#11961);
#11963=CIRCLE('',#10403,5.700000000000);
#11964=EDGE_CURVE('',#11957,#11962,#11963,.T.);
#11965=ORIENTED_EDGE('',*,*,#11964,.T.);
#11966=CARTESIAN_POINT('',(-5.562195383753,-1.245785901732,-0.485000000000));
#11967=VERTEX_POINT('',#11966);
#11968=CIRCLE('',#10403,5.700000000000);
#11969=EDGE_CURVE('',#11962,#11967,#11968,.T.);
#11970=ORIENTED_EDGE('',*,*,#11969,.T.);
#11971=CARTESIAN_POINT('',(-5.538442782429,-1.347461148144,-0.485000000000));
#11972=VERTEX_POINT('',#11971);
#11973=CIRCLE('',#10403,5.700000000000);
#11974=EDGE_CURVE('',#11967,#11972,#11973,.T.);
#11975=ORIENTED_EDGE('',*,*,#11974,.T.);
#11976=CARTESIAN_POINT('',(-5.492288702932,-1.524717942326,-0.485000000000));
#11977=VERTEX_POINT('',#11976);
#11978=CIRCLE('',#10403,5.700000000000);
#11979=EDGE_CURVE('',#11972,#11977,#11978,.T.);
#11980=ORIENTED_EDGE('',*,*,#11979,.T.);
#11981=CARTESIAN_POINT('',(-5.463438555526,-1.625065890971,-0.485000000000));
#11982=VERTEX_POINT('',#11981);
#11983=CIRCLE('',#10403,5.700000000000);
#11984=EDGE_CURVE('',#11977,#11982,#11983,.T.);
#11985=ORIENTED_EDGE('',*,*,#11984,.T.);
#11986=CARTESIAN_POINT('',(-5.436507486060,-1.713005065380,-0.485000000000));
#11987=VERTEX_POINT('',#11986);
#11988=CIRCLE('',#10403,5.700000000000);
#11989=EDGE_CURVE('',#11982,#11987,#11988,.T.);
#11990=ORIENTED_EDGE('',*,*,#11989,.T.);
#11991=CARTESIAN_POINT('',(-5.404217790486,-1.812299664238,-0.485000000000));
#11992=VERTEX_POINT('',#11991);
#11993=CIRCLE('',#10403,5.700000000000);
#11994=EDGE_CURVE('',#11987,#11992,#11993,.T.);
#11995=ORIENTED_EDGE('',*,*,#11994,.T.);
#11996=CARTESIAN_POINT('',(-5.343197555288,-1.985003749408,-0.485000000000));
#11997=VERTEX_POINT('',#11996);
#11998=CIRCLE('',#10403,5.700000000000);
#11999=EDGE_CURVE('',#11992,#11997,#11998,.T.);
#12000=ORIENTED_EDGE('',*,*,#11999,.T.);
#12001=CARTESIAN_POINT('',(-5.305941240315,-2.082543529996,-0.485000000000));
#12002=VERTEX_POINT('',#12001);
#12003=CIRCLE('',#10403,5.700000000000);
#12004=EDGE_CURVE('',#11997,#12002,#12003,.T.);
#12005=ORIENTED_EDGE('',*,*,#12004,.T.);
#12006=CARTESIAN_POINT('',(-5.271649427352,-2.167881988278,-0.485000000000));
#12007=VERTEX_POINT('',#12006);
#12008=CIRCLE('',#10403,5.700000000000);
#12009=EDGE_CURVE('',#12002,#12007,#12008,.T.);
#12010=ORIENTED_EDGE('',*,*,#12009,.T.);
#12011=CARTESIAN_POINT('',(-5.231055285525,-2.264080519722,-0.485000000000));
#12012=VERTEX_POINT('',#12011);
#12013=CIRCLE('',#10403,5.700000000000);
#12014=EDGE_CURVE('',#12007,#12012,#12013,.T.);
#12015=ORIENTED_EDGE('',*,*,#12014,.T.);
#12016=CARTESIAN_POINT('',(-5.155608546820,-2.430987558989,-0.485000000000));
#12017=VERTEX_POINT('',#12016);
#12018=CIRCLE('',#10403,5.700000000000);
#12019=EDGE_CURVE('',#12012,#12017,#12018,.T.);
#12020=ORIENTED_EDGE('',*,*,#12019,.T.);
#12021=CARTESIAN_POINT('',(-5.110214496882,-2.525016395166,-0.485000000000));
#12022=VERTEX_POINT('',#12021);
#12023=CIRCLE('',#10403,5.700000000000);
#12024=EDGE_CURVE('',#12017,#12022,#12023,.T.);
#12025=ORIENTED_EDGE('',*,*,#12024,.T.);
#12026=CARTESIAN_POINT('',(-5.068809013720,-2.607139271775,-0.485000000000));
#12027=VERTEX_POINT('',#12026);
#12028=CIRCLE('',#10403,5.700000000000);
#12029=EDGE_CURVE('',#12022,#12027,#12028,.T.);
#12030=ORIENTED_EDGE('',*,*,#12029,.T.);
#12031=CARTESIAN_POINT('',(-5.020202907362,-2.699548623181,-0.485000000000));
#12032=VERTEX_POINT('',#12031);
#12033=CIRCLE('',#10403,5.700000000000);
#12034=EDGE_CURVE('',#12027,#12032,#12033,.T.);
#12035=ORIENTED_EDGE('',*,*,#12034,.T.);
#12036=CARTESIAN_POINT('',(-4.930873260631,-2.859456047502,-0.485000000000));
#12037=VERTEX_POINT('',#12036);
#12038=CIRCLE('',#10403,5.700000000000);
#12039=EDGE_CURVE('',#12032,#12037,#12038,.T.);
#12040=ORIENTED_EDGE('',*,*,#12039,.T.);
#12041=CARTESIAN_POINT('',(-4.877668540899,-2.949296459348,-0.485000000000));
#12042=VERTEX_POINT('',#12041);
#12043=CIRCLE('',#10403,5.700000000000);
#12044=EDGE_CURVE('',#12037,#12042,#12043,.T.);
#12045=ORIENTED_EDGE('',*,*,#12044,.T.);
#12046=CARTESIAN_POINT('',(-4.829447714993,-3.027612057075,-0.485000000000));
#12047=VERTEX_POINT('',#12046);
#12048=CIRCLE('',#10403,5.700000000000);
#12049=EDGE_CURVE('',#12042,#12047,#12048,.T.);
#12050=ORIENTED_EDGE('',*,*,#12049,.T.);
#12051=CARTESIAN_POINT('',(-4.773179852214,-3.115566416949,-0.485000000000));
#12052=VERTEX_POINT('',#12051);
#12053=CIRCLE('',#10403,5.700000000000);
#12054=EDGE_CURVE('',#12047,#12052,#12053,.T.);
#12055=ORIENTED_EDGE('',*,*,#12054,.T.);
#12056=CARTESIAN_POINT('',(-4.670610919609,-3.267322089668,-0.485000000000));
#12057=VERTEX_POINT('',#12056);
#12058=CIRCLE('',#10403,5.700000000000);
#12059=EDGE_CURVE('',#12052,#12057,#12058,.T.);
#12060=ORIENTED_EDGE('',*,*,#12059,.T.);
#12061=CARTESIAN_POINT('',(-4.609978871307,-3.352326774958,-0.485000000000));
#12062=VERTEX_POINT('',#12061);
#12063=CIRCLE('',#10403,5.700000000000);
#12064=EDGE_CURVE('',#12057,#12062,#12063,.T.);
#12065=ORIENTED_EDGE('',*,*,#12064,.T.);
#12066=CARTESIAN_POINT('',(-4.555290134813,-3.426270828127,-0.485000000000));
#12067=VERTEX_POINT('',#12066);
#12068=CIRCLE('',#10403,5.700000000000);
#12069=EDGE_CURVE('',#12062,#12067,#12068,.T.);
#12070=ORIENTED_EDGE('',*,*,#12069,.T.);
#12071=CARTESIAN_POINT('',(-4.491765926853,-3.509136483290,-0.485000000000));
#12072=VERTEX_POINT('',#12071);
#12073=CIRCLE('',#10403,5.700000000000);
#12074=EDGE_CURVE('',#12067,#12072,#12073,.T.);
#12075=ORIENTED_EDGE('',*,*,#12074,.T.);
#12076=CARTESIAN_POINT('',(-4.376696719884,-3.651647001307,-0.485000000000));
#12077=VERTEX_POINT('',#12076);
#12078=CIRCLE('',#10403,5.700000000000);
#12079=EDGE_CURVE('',#12072,#12077,#12078,.T.);
#12080=ORIENTED_EDGE('',*,*,#12079,.T.);
#12081=CARTESIAN_POINT('',(-4.309074198310,-3.731203499336,-0.485000000000));
#12082=VERTEX_POINT('',#12081);
#12083=CIRCLE('',#10403,5.700000000000);
#12084=EDGE_CURVE('',#12077,#12082,#12083,.T.);
#12085=ORIENTED_EDGE('',*,*,#12084,.T.);
#12086=CARTESIAN_POINT('',(-4.248311584828,-3.800243239349,-0.485000000000));
#12087=VERTEX_POINT('',#12086);
#12088=CIRCLE('',#10403,5.700000000000);
#12089=EDGE_CURVE('',#12082,#12087,#12088,.T.);
#12090=ORIENTED_EDGE('',*,*,#12089,.T.);
#12091=CARTESIAN_POINT('',(-4.177988725061,-3.877423140858,-0.485000000000));
#12092=VERTEX_POINT('',#12091);
#12093=CIRCLE('',#10403,5.700000000000);
#12094=EDGE_CURVE('',#12087,#12092,#12093,.T.);
#12095=ORIENTED_EDGE('',*,*,#12094,.T.);
#12096=CARTESIAN_POINT('',(-4.051248320001,-4.009661712625,-0.485000000000));
#12097=VERTEX_POINT('',#12096);
#12098=CIRCLE('',#10403,5.700000000000);
#12099=EDGE_CURVE('',#12092,#12097,#12098,.T.);
#12100=ORIENTED_EDGE('',*,*,#12099,.T.);
#12101=CARTESIAN_POINT('',(-3.977122546972,-4.083196817001,-0.485000000000));
#12102=VERTEX_POINT('',#12101);
#12103=CIRCLE('',#10403,5.700000000000);
#12104=EDGE_CURVE('',#12097,#12102,#12103,.T.);
#12105=ORIENTED_EDGE('',*,*,#12104,.T.);
#12106=CARTESIAN_POINT('',(-3.910723852524,-4.146834810949,-0.485000000000));
#12107=VERTEX_POINT('',#12106);
#12108=CIRCLE('',#10403,5.700000000000);
#12109=EDGE_CURVE('',#12102,#12107,#12108,.T.);
#12110=ORIENTED_EDGE('',*,*,#12109,.T.);
#12111=CARTESIAN_POINT('',(-3.834109018767,-4.217772875844,-0.485000000000));
#12112=VERTEX_POINT('',#12111);
#12113=CIRCLE('',#10403,5.700000000000);
#12114=EDGE_CURVE('',#12107,#12112,#12113,.T.);
#12115=ORIENTED_EDGE('',*,*,#12114,.T.);
#12116=CARTESIAN_POINT('',(-3.696610583138,-4.338786719422,-0.485000000000));
#12117=VERTEX_POINT('',#12116);
#12118=CIRCLE('',#10403,5.700000000000);
#12119=EDGE_CURVE('',#12112,#12117,#12118,.T.);
#12120=ORIENTED_EDGE('',*,*,#12119,.T.);
#12121=CARTESIAN_POINT('',(-3.616515636548,-4.405770608033,-0.485000000000));
#12122=VERTEX_POINT('',#12121);
#12123=CIRCLE('',#10403,5.700000000000);
#12124=EDGE_CURVE('',#12117,#12122,#12123,.T.);
#12125=ORIENTED_EDGE('',*,*,#12124,.T.);
#12126=CARTESIAN_POINT('',(-3.544959265248,-4.463548342712,-0.485000000000));
#12127=VERTEX_POINT('',#12126);
#12128=CIRCLE('',#10403,5.700000000000);
#12129=EDGE_CURVE('',#12122,#12127,#12128,.T.);
#12130=ORIENTED_EDGE('',*,*,#12129,.T.);
#12131=CARTESIAN_POINT('',(-3.462604469134,-4.527733460611,-0.485000000000));
#12132=VERTEX_POINT('',#12131);
#12133=CIRCLE('',#10403,5.700000000000);
#12134=EDGE_CURVE('',#12127,#12132,#12133,.T.);
#12135=ORIENTED_EDGE('',*,*,#12134,.T.);
#12136=CARTESIAN_POINT('',(-3.315338682315,-4.636650668483,-0.485000000000));
#12137=VERTEX_POINT('',#12136);
#12138=CIRCLE('',#10403,5.700000000000);
#12139=EDGE_CURVE('',#12132,#12137,#12138,.T.);
#12140=ORIENTED_EDGE('',*,*,#12139,.T.);
#12141=CARTESIAN_POINT('',(-3.229851648090,-4.696600720876,-0.485000000000));
#12142=VERTEX_POINT('',#12141);
#12143=CIRCLE('',#10403,5.700000000000);
#12144=EDGE_CURVE('',#12137,#12142,#12143,.T.);
#12145=ORIENTED_EDGE('',*,*,#12144,.T.);
#12146=CARTESIAN_POINT('',(-3.153653165234,-4.748101906384,-0.485000000000));
#12147=VERTEX_POINT('',#12146);
#12148=CIRCLE('',#10403,5.700000000000);
#12149=EDGE_CURVE('',#12142,#12147,#12148,.T.);
#12150=ORIENTED_EDGE('',*,*,#12149,.T.);
#12151=CARTESIAN_POINT('',(-3.066151774955,-4.805071622040,-0.485000000000));
#12152=VERTEX_POINT('',#12151);
#12153=CIRCLE('',#10403,5.700000000000);
#12154=EDGE_CURVE('',#12147,#12152,#12153,.T.);
#12155=ORIENTED_EDGE('',*,*,#12154,.T.);
#12156=CARTESIAN_POINT('',(-2.910179690316,-4.901107443229,-0.485000000000));
#12157=VERTEX_POINT('',#12156);
#12158=CIRCLE('',#10403,5.700000000000);
#12159=EDGE_CURVE('',#12152,#12157,#12158,.T.);
#12160=ORIENTED_EDGE('',*,*,#12159,.T.);
#12161=CARTESIAN_POINT('',(-2.819916504495,-4.953591717903,-0.485000000000));
#12162=VERTEX_POINT('',#12161);
#12163=CIRCLE('',#10403,5.700000000000);
#12164=EDGE_CURVE('',#12157,#12162,#12163,.T.);
#12165=ORIENTED_EDGE('',*,*,#12164,.T.);
#12166=CARTESIAN_POINT('',(-2.739624921898,-4.998445287018,-0.485000000000));
#12167=VERTEX_POINT('',#12166);
#12168=CIRCLE('',#10403,5.700000000000);
#12169=EDGE_CURVE('',#12162,#12167,#12168,.T.);
#12170=ORIENTED_EDGE('',*,*,#12169,.T.);
#12171=CARTESIAN_POINT('',(-2.647607386978,-5.047789132325,-0.485000000000));
#12172=VERTEX_POINT('',#12171);
#12173=CIRCLE('',#10403,5.700000000000);
#12174=EDGE_CURVE('',#12167,#12172,#12173,.T.);
#12175=ORIENTED_EDGE('',*,*,#12174,.T.);
#12176=CARTESIAN_POINT('',(-2.484052786962,-5.130251626537,-0.485000000000));
#12177=VERTEX_POINT('',#12176);
#12178=CIRCLE('',#10403,5.700000000000);
#12179=EDGE_CURVE('',#12172,#12177,#12178,.T.);
#12180=ORIENTED_EDGE('',*,*,#12179,.T.);
#12181=CARTESIAN_POINT('',(-2.389663797868,-5.174891973091,-0.485000000000));
#12182=VERTEX_POINT('',#12181);
#12183=CIRCLE('',#10403,5.700000000000);
#12184=EDGE_CURVE('',#12177,#12182,#12183,.T.);
#12185=ORIENTED_EDGE('',*,*,#12184,.T.);
#12186=CARTESIAN_POINT('',(-2.305857618222,-5.212774754820,-0.485000000000));
#12187=VERTEX_POINT('',#12186);
#12188=CIRCLE('',#10403,5.700000000000);
#12189=EDGE_CURVE('',#12182,#12187,#12188,.T.);
#12190=ORIENTED_EDGE('',*,*,#12189,.T.);
#12191=CARTESIAN_POINT('',(-2.209986927107,-5.254137206242,-0.485000000000));
#12192=VERTEX_POINT('',#12191);
#12193=CIRCLE('',#10403,5.700000000000);
#12194=EDGE_CURVE('',#12187,#12192,#12193,.T.);
#12195=ORIENTED_EDGE('',*,*,#12194,.T.);
#12196=CARTESIAN_POINT('',(-2.040028226355,-5.322432229317,-0.485000000000));
#12197=VERTEX_POINT('',#12196);
#12198=CIRCLE('',#10403,5.700000000000);
#12199=EDGE_CURVE('',#12192,#12197,#12198,.T.);
#12200=ORIENTED_EDGE('',*,*,#12199,.T.);
#12201=CARTESIAN_POINT('',(-1.942193508818,-5.358907013030,-0.485000000000));
#12202=VERTEX_POINT('',#12201);
#12203=CIRCLE('',#10403,5.700000000000);
#12204=EDGE_CURVE('',#12197,#12202,#12203,.T.);
#12205=ORIENTED_EDGE('',*,*,#12204,.T.);
#12206=CARTESIAN_POINT('',(-1.855476557568,-5.389546061063,-0.485000000000));
#12207=VERTEX_POINT('',#12206);
#12208=CIRCLE('',#10403,5.700000000000);
#12209=EDGE_CURVE('',#12202,#12207,#12208,.T.);
#12210=ORIENTED_EDGE('',*,*,#12209,.T.);
#12211=CARTESIAN_POINT('',(-1.756443460785,-5.422629101189,-0.485000000000));
#12212=VERTEX_POINT('',#12211);
#12213=CIRCLE('',#10403,5.700000000000);
#12214=EDGE_CURVE('',#12207,#12212,#12213,.T.);
#12215=ORIENTED_EDGE('',*,*,#12214,.T.);
#12216=CARTESIAN_POINT('',(-1.581305215631,-5.476264585922,-0.485000000000));
#12217=VERTEX_POINT('',#12216);
#12218=CIRCLE('',#10403,5.700000000000);
#12219=EDGE_CURVE('',#12212,#12217,#12218,.T.);
#12220=ORIENTED_EDGE('',*,*,#12219,.T.);
#12221=CARTESIAN_POINT('',(-1.480729671031,-5.504311005142,-0.485000000000));
#12222=VERTEX_POINT('',#12221);
#12223=CIRCLE('',#10403,5.700000000000);
#12224=EDGE_CURVE('',#12217,#12222,#12223,.T.);
#12225=ORIENTED_EDGE('',*,*,#12224,.T.);
#12226=CARTESIAN_POINT('',(-1.391726745799,-5.527485564434,-0.485000000000));
#12227=VERTEX_POINT('',#12226);
#12228=CIRCLE('',#10403,5.700000000000);
#12229=EDGE_CURVE('',#12222,#12227,#12228,.T.);
#12230=ORIENTED_EDGE('',*,*,#12229,.T.);
#12231=CARTESIAN_POINT('',(-1.290244779079,-5.552050829204,-0.485000000000));
#12232=VERTEX_POINT('',#12231);
#12233=CIRCLE('',#10403,5.700000000000);
#12234=EDGE_CURVE('',#12227,#12232,#12233,.T.);
#12235=ORIENTED_EDGE('',*,*,#12234,.T.);
#12236=CARTESIAN_POINT('',(-1.111188864592,-5.590640330696,-0.485000000000));
#12237=VERTEX_POINT('',#12236);
#12238=CIRCLE('',#10403,5.700000000000);
#12239=EDGE_CURVE('',#12232,#12237,#12238,.T.);
#12240=ORIENTED_EDGE('',*,*,#12239,.T.);
#12241=CARTESIAN_POINT('',(-1.008597142034,-5.610056310331,-0.485000000000));
#12242=VERTEX_POINT('',#12241);
#12243=CIRCLE('',#10403,5.700000000000);
#12244=EDGE_CURVE('',#12237,#12242,#12243,.T.);
#12245=ORIENTED_EDGE('',*,*,#12244,.T.);
#12246=CARTESIAN_POINT('',(-0.917949510935,-5.625599407652,-0.485000000000));
#12247=VERTEX_POINT('',#12246);
#12248=CIRCLE('',#10403,5.700000000000);
#12249=EDGE_CURVE('',#12242,#12247,#12248,.T.);
#12250=ORIENTED_EDGE('',*,*,#12249,.T.);
#12251=CARTESIAN_POINT('',(-0.814749854173,-5.641469903768,-0.485000000000));
#12252=VERTEX_POINT('',#12251);
#12253=CIRCLE('',#10403,5.700000000000);
#12254=EDGE_CURVE('',#12247,#12252,#12253,.T.);
#12255=ORIENTED_EDGE('',*,*,#12254,.T.);
#12256=CARTESIAN_POINT('',(-0.633066372321,-5.664735383779,-0.485000000000));
#12257=VERTEX_POINT('',#12256);
#12258=CIRCLE('',#10403,5.700000000000);
#12259=EDGE_CURVE('',#12252,#12257,#12258,.T.);
#12260=ORIENTED_EDGE('',*,*,#12259,.T.);
#12261=CARTESIAN_POINT('',(-0.529197647517,-5.675381031249,-0.485000000000));
#12262=VERTEX_POINT('',#12261);
#12263=CIRCLE('',#10403,5.700000000000);
#12264=EDGE_CURVE('',#12257,#12262,#12263,.T.);
#12265=ORIENTED_EDGE('',*,*,#12264,.T.);
#12266=CARTESIAN_POINT('',(-0.437558428809,-5.683180678227,-0.485000000000));
#12267=VERTEX_POINT('',#12266);
#12268=CIRCLE('',#10403,5.700000000000);
#12269=EDGE_CURVE('',#12262,#12267,#12268,.T.);
#12270=ORIENTED_EDGE('',*,*,#12269,.T.);
#12271=CARTESIAN_POINT('',(-0.333384637899,-5.690242058403,-0.485000000000));
#12272=VERTEX_POINT('',#12271);
#12273=CIRCLE('',#10403,5.700000000000);
#12274=EDGE_CURVE('',#12267,#12272,#12273,.T.);
#12275=ORIENTED_EDGE('',*,*,#12274,.T.);
#12276=CARTESIAN_POINT('',(-0.150382622331,-5.698015888614,-0.485000000000));
#12277=VERTEX_POINT('',#12276);
#12278=CIRCLE('',#10403,5.700000000000);
#12279=EDGE_CURVE('',#12272,#12277,#12278,.T.);
#12280=ORIENTED_EDGE('',*,*,#12279,.T.);
#12281=CARTESIAN_POINT('',(-0.045985271822,-5.699814501786,-0.485000000000));
#12282=VERTEX_POINT('',#12281);
#12283=CIRCLE('',#10403,5.700000000000);
#12284=EDGE_CURVE('',#12277,#12282,#12283,.T.);
#12285=ORIENTED_EDGE('',*,*,#12284,.T.);
#12286=CARTESIAN_POINT('',(0.045985271822,-5.699814501786,-0.485000000000));
#12287=VERTEX_POINT('',#12286);
#12288=CIRCLE('',#10403,5.700000000000);
#12289=EDGE_CURVE('',#12282,#12287,#12288,.T.);
#12290=ORIENTED_EDGE('',*,*,#12289,.T.);
#12291=CARTESIAN_POINT('',(0.150382622331,-5.698015888614,-0.485000000000));
#12292=VERTEX_POINT('',#12291);
#12293=CIRCLE('',#10403,5.700000000000);
#12294=EDGE_CURVE('',#12287,#12292,#12293,.T.);
#12295=ORIENTED_EDGE('',*,*,#12294,.T.);
#12296=CARTESIAN_POINT('',(0.333384637899,-5.690242058403,-0.485000000000));
#12297=VERTEX_POINT('',#12296);
#12298=CIRCLE('',#10403,5.700000000000);
#12299=EDGE_CURVE('',#12292,#12297,#12298,.T.);
#12300=ORIENTED_EDGE('',*,*,#12299,.T.);
#12301=CARTESIAN_POINT('',(0.437558428809,-5.683180678227,-0.485000000000));
#12302=VERTEX_POINT('',#12301);
#12303=CIRCLE('',#10403,5.700000000000);
#12304=EDGE_CURVE('',#12297,#12302,#12303,.T.);
#12305=ORIENTED_EDGE('',*,*,#12304,.T.);
#12306=CARTESIAN_POINT('',(0.529197647517,-5.675381031249,-0.485000000000));
#12307=VERTEX_POINT('',#12306);
#12308=CIRCLE('',#10403,5.700000000000);
#12309=EDGE_CURVE('',#12302,#12307,#12308,.T.);
#12310=ORIENTED_EDGE('',*,*,#12309,.T.);
#12311=CARTESIAN_POINT('',(0.633066372321,-5.664735383779,-0.485000000000));
#12312=VERTEX_POINT('',#12311);
#12313=CIRCLE('',#10403,5.700000000000);
#12314=EDGE_CURVE('',#12307,#12312,#12313,.T.);
#12315=ORIENTED_EDGE('',*,*,#12314,.T.);
#12316=CARTESIAN_POINT('',(0.814749854173,-5.641469903768,-0.485000000000));
#12317=VERTEX_POINT('',#12316);
#12318=CIRCLE('',#10403,5.700000000000);
#12319=EDGE_CURVE('',#12312,#12317,#12318,.T.);
#12320=ORIENTED_EDGE('',*,*,#12319,.T.);
#12321=CARTESIAN_POINT('',(0.917949510935,-5.625599407652,-0.485000000000));
#12322=VERTEX_POINT('',#12321);
#12323=CIRCLE('',#10403,5.700000000000);
#12324=EDGE_CURVE('',#12317,#12322,#12323,.T.);
#12325=ORIENTED_EDGE('',*,*,#12324,.T.);
#12326=CARTESIAN_POINT('',(1.008597142034,-5.610056310331,-0.485000000000));
#12327=VERTEX_POINT('',#12326);
#12328=CIRCLE('',#10403,5.700000000000);
#12329=EDGE_CURVE('',#12322,#12327,#12328,.T.);
#12330=ORIENTED_EDGE('',*,*,#12329,.T.);
#12331=CARTESIAN_POINT('',(1.111188864592,-5.590640330696,-0.485000000000));
#12332=VERTEX_POINT('',#12331);
#12333=CIRCLE('',#10403,5.700000000000);
#12334=EDGE_CURVE('',#12327,#12332,#12333,.T.);
#12335=ORIENTED_EDGE('',*,*,#12334,.T.);
#12336=CARTESIAN_POINT('',(1.290244779079,-5.552050829204,-0.485000000000));
#12337=VERTEX_POINT('',#12336);
#12338=CIRCLE('',#10403,5.700000000000);
#12339=EDGE_CURVE('',#12332,#12337,#12338,.T.);
#12340=ORIENTED_EDGE('',*,*,#12339,.T.);
#12341=CARTESIAN_POINT('',(1.391726745799,-5.527485564434,-0.485000000000));
#12342=VERTEX_POINT('',#12341);
#12343=CIRCLE('',#10403,5.700000000000);
#12344=EDGE_CURVE('',#12337,#12342,#12343,.T.);
#12345=ORIENTED_EDGE('',*,*,#12344,.T.);
#12346=CARTESIAN_POINT('',(1.480729671031,-5.504311005142,-0.485000000000));
#12347=VERTEX_POINT('',#12346);
#12348=CIRCLE('',#10403,5.700000000000);
#12349=EDGE_CURVE('',#12342,#12347,#12348,.T.);
#12350=ORIENTED_EDGE('',*,*,#12349,.T.);
#12351=CARTESIAN_POINT('',(1.581305215631,-5.476264585922,-0.485000000000));
#12352=VERTEX_POINT('',#12351);
#12353=CIRCLE('',#10403,5.700000000000);
#12354=EDGE_CURVE('',#12347,#12352,#12353,.T.);
#12355=ORIENTED_EDGE('',*,*,#12354,.T.);
#12356=CARTESIAN_POINT('',(1.756443460785,-5.422629101189,-0.485000000000));
#12357=VERTEX_POINT('',#12356);
#12358=CIRCLE('',#10403,5.700000000000);
#12359=EDGE_CURVE('',#12352,#12357,#12358,.T.);
#12360=ORIENTED_EDGE('',*,*,#12359,.T.);
#12361=CARTESIAN_POINT('',(1.855476557568,-5.389546061063,-0.485000000000));
#12362=VERTEX_POINT('',#12361);
#12363=CIRCLE('',#10403,5.700000000000);
#12364=EDGE_CURVE('',#12357,#12362,#12363,.T.);
#12365=ORIENTED_EDGE('',*,*,#12364,.T.);
#12366=CARTESIAN_POINT('',(1.942193508818,-5.358907013030,-0.485000000000));
#12367=VERTEX_POINT('',#12366);
#12368=CIRCLE('',#10403,5.700000000000);
#12369=EDGE_CURVE('',#12362,#12367,#12368,.T.);
#12370=ORIENTED_EDGE('',*,*,#12369,.T.);
#12371=CARTESIAN_POINT('',(2.040028226355,-5.322432229317,-0.485000000000));
#12372=VERTEX_POINT('',#12371);
#12373=CIRCLE('',#10403,5.700000000000);
#12374=EDGE_CURVE('',#12367,#12372,#12373,.T.);
#12375=ORIENTED_EDGE('',*,*,#12374,.T.);
#12376=CARTESIAN_POINT('',(2.209986927107,-5.254137206242,-0.485000000000));
#12377=VERTEX_POINT('',#12376);
#12378=CIRCLE('',#10403,5.700000000000);
#12379=EDGE_CURVE('',#12372,#12377,#12378,.T.);
#12380=ORIENTED_EDGE('',*,*,#12379,.T.);
#12381=CARTESIAN_POINT('',(2.305857618222,-5.212774754820,-0.485000000000));
#12382=VERTEX_POINT('',#12381);
#12383=CIRCLE('',#10403,5.700000000000);
#12384=EDGE_CURVE('',#12377,#12382,#12383,.T.);
#12385=ORIENTED_EDGE('',*,*,#12384,.T.);
#12386=CARTESIAN_POINT('',(2.389663797868,-5.174891973091,-0.485000000000));
#12387=VERTEX_POINT('',#12386);
#12388=CIRCLE('',#10403,5.700000000000);
#12389=EDGE_CURVE('',#12382,#12387,#12388,.T.);
#12390=ORIENTED_EDGE('',*,*,#12389,.T.);
#12391=CARTESIAN_POINT('',(2.484052786962,-5.130251626537,-0.485000000000));
#12392=VERTEX_POINT('',#12391);
#12393=CIRCLE('',#10403,5.700000000000);
#12394=EDGE_CURVE('',#12387,#12392,#12393,.T.);
#12395=ORIENTED_EDGE('',*,*,#12394,.T.);
#12396=CARTESIAN_POINT('',(2.647607386978,-5.047789132325,-0.485000000000));
#12397=VERTEX_POINT('',#12396);
#12398=CIRCLE('',#10403,5.700000000000);
#12399=EDGE_CURVE('',#12392,#12397,#12398,.T.);
#12400=ORIENTED_EDGE('',*,*,#12399,.T.);
#12401=CARTESIAN_POINT('',(2.739624921898,-4.998445287018,-0.485000000000));
#12402=VERTEX_POINT('',#12401);
#12403=CIRCLE('',#10403,5.700000000000);
#12404=EDGE_CURVE('',#12397,#12402,#12403,.T.);
#12405=ORIENTED_EDGE('',*,*,#12404,.T.);
#12406=CARTESIAN_POINT('',(2.819916504495,-4.953591717903,-0.485000000000));
#12407=VERTEX_POINT('',#12406);
#12408=CIRCLE('',#10403,5.700000000000);
#12409=EDGE_CURVE('',#12402,#12407,#12408,.T.);
#12410=ORIENTED_EDGE('',*,*,#12409,.T.);
#12411=CARTESIAN_POINT('',(2.910179690316,-4.901107443229,-0.485000000000));
#12412=VERTEX_POINT('',#12411);
#12413=CIRCLE('',#10403,5.700000000000);
#12414=EDGE_CURVE('',#12407,#12412,#12413,.T.);
#12415=ORIENTED_EDGE('',*,*,#12414,.T.);
#12416=CARTESIAN_POINT('',(3.066151774955,-4.805071622040,-0.485000000000));
#12417=VERTEX_POINT('',#12416);
#12418=CIRCLE('',#10403,5.700000000000);
#12419=EDGE_CURVE('',#12412,#12417,#12418,.T.);
#12420=ORIENTED_EDGE('',*,*,#12419,.T.);
#12421=CARTESIAN_POINT('',(3.153653165234,-4.748101906384,-0.485000000000));
#12422=VERTEX_POINT('',#12421);
#12423=CIRCLE('',#10403,5.700000000000);
#12424=EDGE_CURVE('',#12417,#12422,#12423,.T.);
#12425=ORIENTED_EDGE('',*,*,#12424,.T.);
#12426=CARTESIAN_POINT('',(3.229851648090,-4.696600720876,-0.485000000000));
#12427=VERTEX_POINT('',#12426);
#12428=CIRCLE('',#10403,5.700000000000);
#12429=EDGE_CURVE('',#12422,#12427,#12428,.T.);
#12430=ORIENTED_EDGE('',*,*,#12429,.T.);
#12431=CARTESIAN_POINT('',(3.315338682315,-4.636650668483,-0.485000000000));
#12432=VERTEX_POINT('',#12431);
#12433=CIRCLE('',#10403,5.700000000000);
#12434=EDGE_CURVE('',#12427,#12432,#12433,.T.);
#12435=ORIENTED_EDGE('',*,*,#12434,.T.);
#12436=CARTESIAN_POINT('',(3.462604469134,-4.527733460611,-0.485000000000));
#12437=VERTEX_POINT('',#12436);
#12438=CIRCLE('',#10403,5.700000000000);
#12439=EDGE_CURVE('',#12432,#12437,#12438,.T.);
#12440=ORIENTED_EDGE('',*,*,#12439,.T.);
#12441=CARTESIAN_POINT('',(3.544959265248,-4.463548342712,-0.485000000000));
#12442=VERTEX_POINT('',#12441);
#12443=CIRCLE('',#10403,5.700000000000);
#12444=EDGE_CURVE('',#12437,#12442,#12443,.T.);
#12445=ORIENTED_EDGE('',*,*,#12444,.T.);
#12446=CARTESIAN_POINT('',(3.616515636548,-4.405770608033,-0.485000000000));
#12447=VERTEX_POINT('',#12446);
#12448=CIRCLE('',#10403,5.700000000000);
#12449=EDGE_CURVE('',#12442,#12447,#12448,.T.);
#12450=ORIENTED_EDGE('',*,*,#12449,.T.);
#12451=CARTESIAN_POINT('',(3.696610583138,-4.338786719422,-0.485000000000));
#12452=VERTEX_POINT('',#12451);
#12453=CIRCLE('',#10403,5.700000000000);
#12454=EDGE_CURVE('',#12447,#12452,#12453,.T.);
#12455=ORIENTED_EDGE('',*,*,#12454,.T.);
#12456=CARTESIAN_POINT('',(3.834109018767,-4.217772875844,-0.485000000000));
#12457=VERTEX_POINT('',#12456);
#12458=CIRCLE('',#10403,5.700000000000);
#12459=EDGE_CURVE('',#12452,#12457,#12458,.T.);
#12460=ORIENTED_EDGE('',*,*,#12459,.T.);
#12461=CARTESIAN_POINT('',(3.910723852524,-4.146834810949,-0.485000000000));
#12462=VERTEX_POINT('',#12461);
#12463=CIRCLE('',#10403,5.700000000000);
#12464=EDGE_CURVE('',#12457,#12462,#12463,.T.);
#12465=ORIENTED_EDGE('',*,*,#12464,.T.);
#12466=CARTESIAN_POINT('',(3.977122546972,-4.083196817001,-0.485000000000));
#12467=VERTEX_POINT('',#12466);
#12468=CIRCLE('',#10403,5.700000000000);
#12469=EDGE_CURVE('',#12462,#12467,#12468,.T.);
#12470=ORIENTED_EDGE('',*,*,#12469,.T.);
#12471=CARTESIAN_POINT('',(4.051248320001,-4.009661712625,-0.485000000000));
#12472=VERTEX_POINT('',#12471);
#12473=CIRCLE('',#10403,5.700000000000);
#12474=EDGE_CURVE('',#12467,#12472,#12473,.T.);
#12475=ORIENTED_EDGE('',*,*,#12474,.T.);
#12476=CARTESIAN_POINT('',(4.177988725061,-3.877423140858,-0.485000000000));
#12477=VERTEX_POINT('',#12476);
#12478=CIRCLE('',#10403,5.700000000000);
#12479=EDGE_CURVE('',#12472,#12477,#12478,.T.);
#12480=ORIENTED_EDGE('',*,*,#12479,.T.);
#12481=CARTESIAN_POINT('',(4.248311584828,-3.800243239349,-0.485000000000));
#12482=VERTEX_POINT('',#12481);
#12483=CIRCLE('',#10403,5.700000000000);
#12484=EDGE_CURVE('',#12477,#12482,#12483,.T.);
#12485=ORIENTED_EDGE('',*,*,#12484,.T.);
#12486=CARTESIAN_POINT('',(4.309074198310,-3.731203499336,-0.485000000000));
#12487=VERTEX_POINT('',#12486);
#12488=CIRCLE('',#10403,5.700000000000);
#12489=EDGE_CURVE('',#12482,#12487,#12488,.T.);
#12490=ORIENTED_EDGE('',*,*,#12489,.T.);
#12491=CARTESIAN_POINT('',(4.376696719884,-3.651647001307,-0.485000000000));
#12492=VERTEX_POINT('',#12491);
#12493=CIRCLE('',#10403,5.700000000000);
#12494=EDGE_CURVE('',#12487,#12492,#12493,.T.);
#12495=ORIENTED_EDGE('',*,*,#12494,.T.);
#12496=CARTESIAN_POINT('',(4.491765926853,-3.509136483290,-0.485000000000));
#12497=VERTEX_POINT('',#12496);
#12498=CIRCLE('',#10403,5.700000000000);
#12499=EDGE_CURVE('',#12492,#12497,#12498,.T.);
#12500=ORIENTED_EDGE('',*,*,#12499,.T.);
#12501=CARTESIAN_POINT('',(4.555290134813,-3.426270828127,-0.485000000000));
#12502=VERTEX_POINT('',#12501);
#12503=CIRCLE('',#10403,5.700000000000);
#12504=EDGE_CURVE('',#12497,#12502,#12503,.T.);
#12505=ORIENTED_EDGE('',*,*,#12504,.T.);
#12506=CARTESIAN_POINT('',(4.609978871307,-3.352326774958,-0.485000000000));
#12507=VERTEX_POINT('',#12506);
#12508=CIRCLE('',#10403,5.700000000000);
#12509=EDGE_CURVE('',#12502,#12507,#12508,.T.);
#12510=ORIENTED_EDGE('',*,*,#12509,.T.);
#12511=CARTESIAN_POINT('',(4.670610919609,-3.267322089668,-0.485000000000));
#12512=VERTEX_POINT('',#12511);
#12513=CIRCLE('',#10403,5.700000000000);
#12514=EDGE_CURVE('',#12507,#12512,#12513,.T.);
#12515=ORIENTED_EDGE('',*,*,#12514,.T.);
#12516=CARTESIAN_POINT('',(4.773179852214,-3.115566416949,-0.485000000000));
#12517=VERTEX_POINT('',#12516);
#12518=CIRCLE('',#10403,5.700000000000);
#12519=EDGE_CURVE('',#12512,#12517,#12518,.T.);
#12520=ORIENTED_EDGE('',*,*,#12519,.T.);
#12521=CARTESIAN_POINT('',(4.829447714993,-3.027612057075,-0.485000000000));
#12522=VERTEX_POINT('',#12521);
#12523=CIRCLE('',#10403,5.700000000000);
#12524=EDGE_CURVE('',#12517,#12522,#12523,.T.);
#12525=ORIENTED_EDGE('',*,*,#12524,.T.);
#12526=CARTESIAN_POINT('',(4.877668540899,-2.949296459348,-0.485000000000));
#12527=VERTEX_POINT('',#12526);
#12528=CIRCLE('',#10403,5.700000000000);
#12529=EDGE_CURVE('',#12522,#12527,#12528,.T.);
#12530=ORIENTED_EDGE('',*,*,#12529,.T.);
#12531=CARTESIAN_POINT('',(4.930873260631,-2.859456047502,-0.485000000000));
#12532=VERTEX_POINT('',#12531);
#12533=CIRCLE('',#10403,5.700000000000);
#12534=EDGE_CURVE('',#12527,#12532,#12533,.T.);
#12535=ORIENTED_EDGE('',*,*,#12534,.T.);
#12536=CARTESIAN_POINT('',(5.020202907362,-2.699548623181,-0.485000000000));
#12537=VERTEX_POINT('',#12536);
#12538=CIRCLE('',#10403,5.700000000000);
#12539=EDGE_CURVE('',#12532,#12537,#12538,.T.);
#12540=ORIENTED_EDGE('',*,*,#12539,.T.);
#12541=CARTESIAN_POINT('',(5.068809013720,-2.607139271775,-0.485000000000));
#12542=VERTEX_POINT('',#12541);
#12543=CIRCLE('',#10403,5.700000000000);
#12544=EDGE_CURVE('',#12537,#12542,#12543,.T.);
#12545=ORIENTED_EDGE('',*,*,#12544,.T.);
#12546=CARTESIAN_POINT('',(5.110214496882,-2.525016395166,-0.485000000000));
#12547=VERTEX_POINT('',#12546);
#12548=CIRCLE('',#10403,5.700000000000);
#12549=EDGE_CURVE('',#12542,#12547,#12548,.T.);
#12550=ORIENTED_EDGE('',*,*,#12549,.T.);
#12551=CARTESIAN_POINT('',(5.155608546820,-2.430987558989,-0.485000000000));
#12552=VERTEX_POINT('',#12551);
#12553=CIRCLE('',#10403,5.700000000000);
#12554=EDGE_CURVE('',#12547,#12552,#12553,.T.);
#12555=ORIENTED_EDGE('',*,*,#12554,.T.);
#12556=CARTESIAN_POINT('',(5.231055285525,-2.264080519722,-0.485000000000));
#12557=VERTEX_POINT('',#12556);
#12558=CIRCLE('',#10403,5.700000000000);
#12559=EDGE_CURVE('',#12552,#12557,#12558,.T.);
#12560=ORIENTED_EDGE('',*,*,#12559,.T.);
#12561=CARTESIAN_POINT('',(5.271649427352,-2.167881988278,-0.485000000000));
#12562=VERTEX_POINT('',#12561);
#12563=CIRCLE('',#10403,5.700000000000);
#12564=EDGE_CURVE('',#12557,#12562,#12563,.T.);
#12565=ORIENTED_EDGE('',*,*,#12564,.T.);
#12566=CARTESIAN_POINT('',(5.305941240315,-2.082543529996,-0.485000000000));
#12567=VERTEX_POINT('',#12566);
#12568=CIRCLE('',#10403,5.700000000000);
#12569=EDGE_CURVE('',#12562,#12567,#12568,.T.);
#12570=ORIENTED_EDGE('',*,*,#12569,.T.);
#12571=CARTESIAN_POINT('',(5.343197555288,-1.985003749408,-0.485000000000));
#12572=VERTEX_POINT('',#12571);
#12573=CIRCLE('',#10403,5.700000000000);
#12574=EDGE_CURVE('',#12567,#12572,#12573,.T.);
#12575=ORIENTED_EDGE('',*,*,#12574,.T.);
#12576=CARTESIAN_POINT('',(5.404217790486,-1.812299664238,-0.485000000000));
#12577=VERTEX_POINT('',#12576);
#12578=CIRCLE('',#10403,5.700000000000);
#12579=EDGE_CURVE('',#12572,#12577,#12578,.T.);
#12580=ORIENTED_EDGE('',*,*,#12579,.T.);
#12581=CARTESIAN_POINT('',(5.436507486060,-1.713005065380,-0.485000000000));
#12582=VERTEX_POINT('',#12581);
#12583=CIRCLE('',#10403,5.700000000000);
#12584=EDGE_CURVE('',#12577,#12582,#12583,.T.);
#12585=ORIENTED_EDGE('',*,*,#12584,.T.);
#12586=CARTESIAN_POINT('',(5.463438555526,-1.625065890971,-0.485000000000));
#12587=VERTEX_POINT('',#12586);
#12588=CIRCLE('',#10403,5.700000000000);
#12589=EDGE_CURVE('',#12582,#12587,#12588,.T.);
#12590=ORIENTED_EDGE('',*,*,#12589,.T.);
#12591=CARTESIAN_POINT('',(5.492288702932,-1.524717942326,-0.485000000000));
#12592=VERTEX_POINT('',#12591);
#12593=CIRCLE('',#10403,5.700000000000);
#12594=EDGE_CURVE('',#12587,#12592,#12593,.T.);
#12595=ORIENTED_EDGE('',*,*,#12594,.T.);
#12596=CARTESIAN_POINT('',(5.538442782429,-1.347461148144,-0.485000000000));
#12597=VERTEX_POINT('',#12596);
#12598=CIRCLE('',#10403,5.700000000000);
#12599=EDGE_CURVE('',#12592,#12597,#12598,.T.);
#12600=ORIENTED_EDGE('',*,*,#12599,.T.);
#12601=CARTESIAN_POINT('',(5.562195383753,-1.245785901732,-0.485000000000));
#12602=VERTEX_POINT('',#12601);
#12603=CIRCLE('',#10403,5.700000000000);
#12604=EDGE_CURVE('',#12597,#12602,#12603,.T.);
#12605=ORIENTED_EDGE('',*,*,#12604,.T.);
#12606=CARTESIAN_POINT('',(5.581571670749,-1.155879614963,-0.485000000000));
#12607=VERTEX_POINT('',#12606);
#12608=CIRCLE('',#10403,5.700000000000);
#12609=EDGE_CURVE('',#12602,#12607,#12608,.T.);
#12610=ORIENTED_EDGE('',*,*,#12609,.T.);
#12611=CARTESIAN_POINT('',(5.601807784615,-1.053446507531,-0.485000000000));
#12612=VERTEX_POINT('',#12611);
#12613=CIRCLE('',#10403,5.700000000000);
#12614=EDGE_CURVE('',#12607,#12612,#12613,.T.);
#12615=ORIENTED_EDGE('',*,*,#12614,.T.);
#12616=CARTESIAN_POINT('',(5.632763167212,-0.872914143601,-0.485000000000));
#12617=VERTEX_POINT('',#12616);
#12618=CIRCLE('',#10403,5.700000000000);
#12619=EDGE_CURVE('',#12612,#12617,#12618,.T.);
#12620=ORIENTED_EDGE('',*,*,#12619,.T.);
#12621=CARTESIAN_POINT('',(5.647807536250,-0.769590822115,-0.485000000000));
#12622=VERTEX_POINT('',#12621);
#12623=CIRCLE('',#10403,5.700000000000);
#12624=EDGE_CURVE('',#12617,#12622,#12623,.T.);
#12625=ORIENTED_EDGE('',*,*,#12624,.T.);
#12626=CARTESIAN_POINT('',(5.659489434184,-0.678365199843,-0.485000000000));
#12627=VERTEX_POINT('',#12626);
#12628=CIRCLE('',#10403,5.700000000000);
#12629=EDGE_CURVE('',#12622,#12627,#12628,.T.);
#12630=ORIENTED_EDGE('',*,*,#12629,.T.);
#12631=CARTESIAN_POINT('',(5.670965712845,-0.574584966509,-0.485000000000));
#12632=VERTEX_POINT('',#12631);
#12633=CIRCLE('',#10403,5.700000000000);
#12634=EDGE_CURVE('',#12627,#12632,#12633,.T.);
#12635=ORIENTED_EDGE('',*,*,#12634,.T.);
#12636=CARTESIAN_POINT('',(5.686499364301,-0.392077772650,-0.485000000000));
#12637=VERTEX_POINT('',#12636);
#12638=CIRCLE('',#10403,5.700000000000);
#12639=EDGE_CURVE('',#12632,#12637,#12638,.T.);
#12640=ORIENTED_EDGE('',*,*,#12639,.T.);
#12641=CARTESIAN_POINT('',(5.692727106028,-0.287850822989,-0.485000000000));
#12642=VERTEX_POINT('',#12641);
#12643=CIRCLE('',#10403,5.700000000000);
#12644=EDGE_CURVE('',#12637,#12642,#12643,.T.);
#12645=ORIENTED_EDGE('',*,*,#12644,.T.);
#12646=CARTESIAN_POINT('',(5.696630446559,-0.195963147912,-0.485000000000));
#12647=VERTEX_POINT('',#12646);
#12648=CIRCLE('',#10403,5.700000000000);
#12649=EDGE_CURVE('',#12642,#12647,#12648,.T.);
#12650=ORIENTED_EDGE('',*,*,#12649,.T.);
#12651=CARTESIAN_POINT('',(5.699264203164,-0.091583527637,-0.485000000000));
#12652=VERTEX_POINT('',#12651);
#12653=CIRCLE('',#10403,5.700000000000);
#12654=EDGE_CURVE('',#12647,#12652,#12653,.T.);
#12655=ORIENTED_EDGE('',*,*,#12654,.T.);
#12656=CARTESIAN_POINT('',(5.699264203164,0.091583527637,-0.485000000000));
#12657=VERTEX_POINT('',#12656);
#12658=CIRCLE('',#10403,5.700000000000);
#12659=EDGE_CURVE('',#12652,#12657,#12658,.T.);
#12660=ORIENTED_EDGE('',*,*,#12659,.T.);
#12661=CARTESIAN_POINT('',(5.696630446559,0.195963147912,-0.485000000000));
#12662=VERTEX_POINT('',#12661);
#12663=CIRCLE('',#10403,5.700000000000);
#12664=EDGE_CURVE('',#12657,#12662,#12663,.T.);
#12665=ORIENTED_EDGE('',*,*,#12664,.T.);
#12666=CARTESIAN_POINT('',(5.692727106028,0.287850822989,-0.485000000000));
#12667=VERTEX_POINT('',#12666);
#12668=CIRCLE('',#10403,5.700000000000);
#12669=EDGE_CURVE('',#12662,#12667,#12668,.T.);
#12670=ORIENTED_EDGE('',*,*,#12669,.T.);
#12671=CARTESIAN_POINT('',(5.686499364301,0.392077772650,-0.485000000000));
#12672=VERTEX_POINT('',#12671);
#12673=CIRCLE('',#10403,5.700000000000);
#12674=EDGE_CURVE('',#12667,#12672,#12673,.T.);
#12675=ORIENTED_EDGE('',*,*,#12674,.T.);
#12676=CARTESIAN_POINT('',(5.670965712845,0.574584966509,-0.485000000000));
#12677=VERTEX_POINT('',#12676);
#12678=CIRCLE('',#10403,5.700000000000);
#12679=EDGE_CURVE('',#12672,#12677,#12678,.T.);
#12680=ORIENTED_EDGE('',*,*,#12679,.T.);
#12681=CARTESIAN_POINT('',(5.659489434184,0.678365199843,-0.485000000000));
#12682=VERTEX_POINT('',#12681);
#12683=CIRCLE('',#10403,5.700000000000);
#12684=EDGE_CURVE('',#12677,#12682,#12683,.T.);
#12685=ORIENTED_EDGE('',*,*,#12684,.T.);
#12686=CARTESIAN_POINT('',(5.647807536250,0.769590822115,-0.485000000000));
#12687=VERTEX_POINT('',#12686);
#12688=CIRCLE('',#10403,5.700000000000);
#12689=EDGE_CURVE('',#12682,#12687,#12688,.T.);
#12690=ORIENTED_EDGE('',*,*,#12689,.T.);
#12691=CARTESIAN_POINT('',(5.632763167212,0.872914143601,-0.485000000000));
#12692=VERTEX_POINT('',#12691);
#12693=CIRCLE('',#10403,5.700000000000);
#12694=EDGE_CURVE('',#12687,#12692,#12693,.T.);
#12695=ORIENTED_EDGE('',*,*,#12694,.T.);
#12696=CARTESIAN_POINT('',(5.601807784615,1.053446507531,-0.485000000000));
#12697=VERTEX_POINT('',#12696);
#12698=CIRCLE('',#10403,5.700000000000);
#12699=EDGE_CURVE('',#12692,#12697,#12698,.T.);
#12700=ORIENTED_EDGE('',*,*,#12699,.T.);
#12701=CARTESIAN_POINT('',(5.581571670749,1.155879614963,-0.485000000000));
#12702=VERTEX_POINT('',#12701);
#12703=CIRCLE('',#10403,5.700000000000);
#12704=EDGE_CURVE('',#12697,#12702,#12703,.T.);
#12705=ORIENTED_EDGE('',*,*,#12704,.T.);
#12706=CARTESIAN_POINT('',(5.562195383753,1.245785901732,-0.485000000000));
#12707=VERTEX_POINT('',#12706);
#12708=CIRCLE('',#10403,5.700000000000);
#12709=EDGE_CURVE('',#12702,#12707,#12708,.T.);
#12710=ORIENTED_EDGE('',*,*,#12709,.T.);
#12711=CARTESIAN_POINT('',(5.538442782429,1.347461148144,-0.485000000000));
#12712=VERTEX_POINT('',#12711);
#12713=CIRCLE('',#10403,5.700000000000);
#12714=EDGE_CURVE('',#12707,#12712,#12713,.T.);
#12715=ORIENTED_EDGE('',*,*,#12714,.T.);
#12716=CARTESIAN_POINT('',(5.492288702932,1.524717942326,-0.485000000000));
#12717=VERTEX_POINT('',#12716);
#12718=CIRCLE('',#10403,5.700000000000);
#12719=EDGE_CURVE('',#12712,#12717,#12718,.T.);
#12720=ORIENTED_EDGE('',*,*,#12719,.T.);
#12721=CARTESIAN_POINT('',(5.463438555526,1.625065890971,-0.485000000000));
#12722=VERTEX_POINT('',#12721);
#12723=CIRCLE('',#10403,5.700000000000);
#12724=EDGE_CURVE('',#12717,#12722,#12723,.T.);
#12725=ORIENTED_EDGE('',*,*,#12724,.T.);
#12726=CARTESIAN_POINT('',(5.436507486060,1.713005065380,-0.485000000000));
#12727=VERTEX_POINT('',#12726);
#12728=CIRCLE('',#10403,5.700000000000);
#12729=EDGE_CURVE('',#12722,#12727,#12728,.T.);
#12730=ORIENTED_EDGE('',*,*,#12729,.T.);
#12731=CARTESIAN_POINT('',(5.404217790486,1.812299664238,-0.485000000000));
#12732=VERTEX_POINT('',#12731);
#12733=CIRCLE('',#10403,5.700000000000);
#12734=EDGE_CURVE('',#12727,#12732,#12733,.T.);
#12735=ORIENTED_EDGE('',*,*,#12734,.T.);
#12736=CARTESIAN_POINT('',(5.343197555288,1.985003749408,-0.485000000000));
#12737=VERTEX_POINT('',#12736);
#12738=CIRCLE('',#10403,5.700000000000);
#12739=EDGE_CURVE('',#12732,#12737,#12738,.T.);
#12740=ORIENTED_EDGE('',*,*,#12739,.T.);
#12741=CARTESIAN_POINT('',(5.305941240315,2.082543529996,-0.485000000000));
#12742=VERTEX_POINT('',#12741);
#12743=CIRCLE('',#10403,5.700000000000);
#12744=EDGE_CURVE('',#12737,#12742,#12743,.T.);
#12745=ORIENTED_EDGE('',*,*,#12744,.T.);
#12746=CARTESIAN_POINT('',(5.271649427352,2.167881988278,-0.485000000000));
#12747=VERTEX_POINT('',#12746);
#12748=CIRCLE('',#10403,5.700000000000);
#12749=EDGE_CURVE('',#12742,#12747,#12748,.T.);
#12750=ORIENTED_EDGE('',*,*,#12749,.T.);
#12751=CARTESIAN_POINT('',(5.231055285525,2.264080519722,-0.485000000000));
#12752=VERTEX_POINT('',#12751);
#12753=CIRCLE('',#10403,5.700000000000);
#12754=EDGE_CURVE('',#12747,#12752,#12753,.T.);
#12755=ORIENTED_EDGE('',*,*,#12754,.T.);
#12756=CARTESIAN_POINT('',(5.155608546820,2.430987558989,-0.485000000000));
#12757=VERTEX_POINT('',#12756);
#12758=CIRCLE('',#10403,5.700000000000);
#12759=EDGE_CURVE('',#12752,#12757,#12758,.T.);
#12760=ORIENTED_EDGE('',*,*,#12759,.T.);
#12761=CARTESIAN_POINT('',(5.110214496882,2.525016395166,-0.485000000000));
#12762=VERTEX_POINT('',#12761);
#12763=CIRCLE('',#10403,5.700000000000);
#12764=EDGE_CURVE('',#12757,#12762,#12763,.T.);
#12765=ORIENTED_EDGE('',*,*,#12764,.T.);
#12766=CARTESIAN_POINT('',(5.068809013720,2.607139271775,-0.485000000000));
#12767=VERTEX_POINT('',#12766);
#12768=CIRCLE('',#10403,5.700000000000);
#12769=EDGE_CURVE('',#12762,#12767,#12768,.T.);
#12770=ORIENTED_EDGE('',*,*,#12769,.T.);
#12771=CARTESIAN_POINT('',(5.020202907362,2.699548623181,-0.485000000000));
#12772=VERTEX_POINT('',#12771);
#12773=CIRCLE('',#10403,5.700000000000);
#12774=EDGE_CURVE('',#12767,#12772,#12773,.T.);
#12775=ORIENTED_EDGE('',*,*,#12774,.T.);
#12776=CARTESIAN_POINT('',(4.930873260631,2.859456047502,-0.485000000000));
#12777=VERTEX_POINT('',#12776);
#12778=CIRCLE('',#10403,5.700000000000);
#12779=EDGE_CURVE('',#12772,#12777,#12778,.T.);
#12780=ORIENTED_EDGE('',*,*,#12779,.T.);
#12781=CARTESIAN_POINT('',(4.877668540899,2.949296459348,-0.485000000000));
#12782=VERTEX_POINT('',#12781);
#12783=CIRCLE('',#10403,5.700000000000);
#12784=EDGE_CURVE('',#12777,#12782,#12783,.T.);
#12785=ORIENTED_EDGE('',*,*,#12784,.T.);
#12786=CARTESIAN_POINT('',(4.829447714993,3.027612057075,-0.485000000000));
#12787=VERTEX_POINT('',#12786);
#12788=CIRCLE('',#10403,5.700000000000);
#12789=EDGE_CURVE('',#12782,#12787,#12788,.T.);
#12790=ORIENTED_EDGE('',*,*,#12789,.T.);
#12791=CARTESIAN_POINT('',(4.773179852214,3.115566416949,-0.485000000000));
#12792=VERTEX_POINT('',#12791);
#12793=CIRCLE('',#10403,5.700000000000);
#12794=EDGE_CURVE('',#12787,#12792,#12793,.T.);
#12795=ORIENTED_EDGE('',*,*,#12794,.T.);
#12796=CARTESIAN_POINT('',(4.670610919609,3.267322089668,-0.485000000000));
#12797=VERTEX_POINT('',#12796);
#12798=CIRCLE('',#10403,5.700000000000);
#12799=EDGE_CURVE('',#12792,#12797,#12798,.T.);
#12800=ORIENTED_EDGE('',*,*,#12799,.T.);
#12801=CARTESIAN_POINT('',(4.609978871307,3.352326774958,-0.485000000000));
#12802=VERTEX_POINT('',#12801);
#12803=CIRCLE('',#10403,5.700000000000);
#12804=EDGE_CURVE('',#12797,#12802,#12803,.T.);
#12805=ORIENTED_EDGE('',*,*,#12804,.T.);
#12806=CARTESIAN_POINT('',(4.555290134813,3.426270828127,-0.485000000000));
#12807=VERTEX_POINT('',#12806);
#12808=CIRCLE('',#10403,5.700000000000);
#12809=EDGE_CURVE('',#12802,#12807,#12808,.T.);
#12810=ORIENTED_EDGE('',*,*,#12809,.T.);
#12811=CARTESIAN_POINT('',(4.491765926853,3.509136483290,-0.485000000000));
#12812=VERTEX_POINT('',#12811);
#12813=CIRCLE('',#10403,5.700000000000);
#12814=EDGE_CURVE('',#12807,#12812,#12813,.T.);
#12815=ORIENTED_EDGE('',*,*,#12814,.T.);
#12816=CARTESIAN_POINT('',(4.376696719884,3.651647001307,-0.485000000000));
#12817=VERTEX_POINT('',#12816);
#12818=CIRCLE('',#10403,5.700000000000);
#12819=EDGE_CURVE('',#12812,#12817,#12818,.T.);
#12820=ORIENTED_EDGE('',*,*,#12819,.T.);
#12821=CARTESIAN_POINT('',(4.309074198310,3.731203499336,-0.485000000000));
#12822=VERTEX_POINT('',#12821);
#12823=CIRCLE('',#10403,5.700000000000);
#12824=EDGE_CURVE('',#12817,#12822,#12823,.T.);
#12825=ORIENTED_EDGE('',*,*,#12824,.T.);
#12826=CARTESIAN_POINT('',(4.248311584828,3.800243239349,-0.485000000000));
#12827=VERTEX_POINT('',#12826);
#12828=CIRCLE('',#10403,5.700000000000);
#12829=EDGE_CURVE('',#12822,#12827,#12828,.T.);
#12830=ORIENTED_EDGE('',*,*,#12829,.T.);
#12831=CARTESIAN_POINT('',(4.177988725061,3.877423140858,-0.485000000000));
#12832=VERTEX_POINT('',#12831);
#12833=CIRCLE('',#10403,5.700000000000);
#12834=EDGE_CURVE('',#12827,#12832,#12833,.T.);
#12835=ORIENTED_EDGE('',*,*,#12834,.T.);
#12836=CARTESIAN_POINT('',(4.051248320001,4.009661712625,-0.485000000000));
#12837=VERTEX_POINT('',#12836);
#12838=CIRCLE('',#10403,5.700000000000);
#12839=EDGE_CURVE('',#12832,#12837,#12838,.T.);
#12840=ORIENTED_EDGE('',*,*,#12839,.T.);
#12841=CARTESIAN_POINT('',(3.977122546972,4.083196817001,-0.485000000000));
#12842=VERTEX_POINT('',#12841);
#12843=CIRCLE('',#10403,5.700000000000);
#12844=EDGE_CURVE('',#12837,#12842,#12843,.T.);
#12845=ORIENTED_EDGE('',*,*,#12844,.T.);
#12846=CARTESIAN_POINT('',(3.910723852524,4.146834810949,-0.485000000000));
#12847=VERTEX_POINT('',#12846);
#12848=CIRCLE('',#10403,5.700000000000);
#12849=EDGE_CURVE('',#12842,#12847,#12848,.T.);
#12850=ORIENTED_EDGE('',*,*,#12849,.T.);
#12851=CARTESIAN_POINT('',(3.834109018767,4.217772875844,-0.485000000000));
#12852=VERTEX_POINT('',#12851);
#12853=CIRCLE('',#10403,5.700000000000);
#12854=EDGE_CURVE('',#12847,#12852,#12853,.T.);
#12855=ORIENTED_EDGE('',*,*,#12854,.T.);
#12856=CARTESIAN_POINT('',(3.696610583138,4.338786719422,-0.485000000000));
#12857=VERTEX_POINT('',#12856);
#12858=CIRCLE('',#10403,5.700000000000);
#12859=EDGE_CURVE('',#12852,#12857,#12858,.T.);
#12860=ORIENTED_EDGE('',*,*,#12859,.T.);
#12861=CARTESIAN_POINT('',(3.616515636548,4.405770608033,-0.485000000000));
#12862=VERTEX_POINT('',#12861);
#12863=CIRCLE('',#10403,5.700000000000);
#12864=EDGE_CURVE('',#12857,#12862,#12863,.T.);
#12865=ORIENTED_EDGE('',*,*,#12864,.T.);
#12866=CARTESIAN_POINT('',(3.544959265248,4.463548342712,-0.485000000000));
#12867=VERTEX_POINT('',#12866);
#12868=CIRCLE('',#10403,5.700000000000);
#12869=EDGE_CURVE('',#12862,#12867,#12868,.T.);
#12870=ORIENTED_EDGE('',*,*,#12869,.T.);
#12871=CARTESIAN_POINT('',(3.462604469134,4.527733460611,-0.485000000000));
#12872=VERTEX_POINT('',#12871);
#12873=CIRCLE('',#10403,5.700000000000);
#12874=EDGE_CURVE('',#12867,#12872,#12873,.T.);
#12875=ORIENTED_EDGE('',*,*,#12874,.T.);
#12876=CARTESIAN_POINT('',(3.315338682315,4.636650668483,-0.485000000000));
#12877=VERTEX_POINT('',#12876);
#12878=CIRCLE('',#10403,5.700000000000);
#12879=EDGE_CURVE('',#12872,#12877,#12878,.T.);
#12880=ORIENTED_EDGE('',*,*,#12879,.T.);
#12881=CARTESIAN_POINT('',(3.229851648090,4.696600720876,-0.485000000000));
#12882=VERTEX_POINT('',#12881);
#12883=CIRCLE('',#10403,5.700000000000);
#12884=EDGE_CURVE('',#12877,#12882,#12883,.T.);
#12885=ORIENTED_EDGE('',*,*,#12884,.T.);
#12886=CARTESIAN_POINT('',(3.153653165234,4.748101906384,-0.485000000000));
#12887=VERTEX_POINT('',#12886);
#12888=CIRCLE('',#10403,5.700000000000);
#12889=EDGE_CURVE('',#12882,#12887,#12888,.T.);
#12890=ORIENTED_EDGE('',*,*,#12889,.T.);
#12891=CARTESIAN_POINT('',(3.066151774955,4.805071622040,-0.485000000000));
#12892=VERTEX_POINT('',#12891);
#12893=CIRCLE('',#10403,5.700000000000);
#12894=EDGE_CURVE('',#12887,#12892,#12893,.T.);
#12895=ORIENTED_EDGE('',*,*,#12894,.T.);
#12896=CARTESIAN_POINT('',(2.910179690316,4.901107443229,-0.485000000000));
#12897=VERTEX_POINT('',#12896);
#12898=CIRCLE('',#10403,5.700000000000);
#12899=EDGE_CURVE('',#12892,#12897,#12898,.T.);
#12900=ORIENTED_EDGE('',*,*,#12899,.T.);
#12901=CARTESIAN_POINT('',(2.819916504495,4.953591717903,-0.485000000000));
#12902=VERTEX_POINT('',#12901);
#12903=CIRCLE('',#10403,5.700000000000);
#12904=EDGE_CURVE('',#12897,#12902,#12903,.T.);
#12905=ORIENTED_EDGE('',*,*,#12904,.T.);
#12906=CARTESIAN_POINT('',(2.739624921898,4.998445287018,-0.485000000000));
#12907=VERTEX_POINT('',#12906);
#12908=CIRCLE('',#10403,5.700000000000);
#12909=EDGE_CURVE('',#12902,#12907,#12908,.T.);
#12910=ORIENTED_EDGE('',*,*,#12909,.T.);
#12911=CARTESIAN_POINT('',(2.647607386978,5.047789132325,-0.485000000000));
#12912=VERTEX_POINT('',#12911);
#12913=CIRCLE('',#10403,5.700000000000);
#12914=EDGE_CURVE('',#12907,#12912,#12913,.T.);
#12915=ORIENTED_EDGE('',*,*,#12914,.T.);
#12916=CARTESIAN_POINT('',(2.484052786962,5.130251626537,-0.485000000000));
#12917=VERTEX_POINT('',#12916);
#12918=CIRCLE('',#10403,5.700000000000);
#12919=EDGE_CURVE('',#12912,#12917,#12918,.T.);
#12920=ORIENTED_EDGE('',*,*,#12919,.T.);
#12921=CARTESIAN_POINT('',(2.389663797868,5.174891973091,-0.485000000000));
#12922=VERTEX_POINT('',#12921);
#12923=CIRCLE('',#10403,5.700000000000);
#12924=EDGE_CURVE('',#12917,#12922,#12923,.T.);
#12925=ORIENTED_EDGE('',*,*,#12924,.T.);
#12926=CARTESIAN_POINT('',(2.305857618222,5.212774754820,-0.485000000000));
#12927=VERTEX_POINT('',#12926);
#12928=CIRCLE('',#10403,5.700000000000);
#12929=EDGE_CURVE('',#12922,#12927,#12928,.T.);
#12930=ORIENTED_EDGE('',*,*,#12929,.T.);
#12931=CARTESIAN_POINT('',(2.209986927107,5.254137206242,-0.485000000000));
#12932=VERTEX_POINT('',#12931);
#12933=CIRCLE('',#10403,5.700000000000);
#12934=EDGE_CURVE('',#12927,#12932,#12933,.T.);
#12935=ORIENTED_EDGE('',*,*,#12934,.T.);
#12936=CARTESIAN_POINT('',(2.040028226355,5.322432229317,-0.485000000000));
#12937=VERTEX_POINT('',#12936);
#12938=CIRCLE('',#10403,5.700000000000);
#12939=EDGE_CURVE('',#12932,#12937,#12938,.T.);
#12940=ORIENTED_EDGE('',*,*,#12939,.T.);
#12941=CARTESIAN_POINT('',(1.942193508818,5.358907013030,-0.485000000000));
#12942=VERTEX_POINT('',#12941);
#12943=CIRCLE('',#10403,5.700000000000);
#12944=EDGE_CURVE('',#12937,#12942,#12943,.T.);
#12945=ORIENTED_EDGE('',*,*,#12944,.T.);
#12946=CARTESIAN_POINT('',(1.855476557568,5.389546061063,-0.485000000000));
#12947=VERTEX_POINT('',#12946);
#12948=CIRCLE('',#10403,5.700000000000);
#12949=EDGE_CURVE('',#12942,#12947,#12948,.T.);
#12950=ORIENTED_EDGE('',*,*,#12949,.T.);
#12951=CARTESIAN_POINT('',(1.756443460785,5.422629101189,-0.485000000000));
#12952=VERTEX_POINT('',#12951);
#12953=CIRCLE('',#10403,5.700000000000);
#12954=EDGE_CURVE('',#12947,#12952,#12953,.T.);
#12955=ORIENTED_EDGE('',*,*,#12954,.T.);
#12956=CARTESIAN_POINT('',(1.581305215631,5.476264585922,-0.485000000000));
#12957=VERTEX_POINT('',#12956);
#12958=CIRCLE('',#10403,5.700000000000);
#12959=EDGE_CURVE('',#12952,#12957,#12958,.T.);
#12960=ORIENTED_EDGE('',*,*,#12959,.T.);
#12961=CARTESIAN_POINT('',(1.480729671031,5.504311005142,-0.485000000000));
#12962=VERTEX_POINT('',#12961);
#12963=CIRCLE('',#10403,5.700000000000);
#12964=EDGE_CURVE('',#12957,#12962,#12963,.T.);
#12965=ORIENTED_EDGE('',*,*,#12964,.T.);
#12966=CARTESIAN_POINT('',(1.391726745799,5.527485564434,-0.485000000000));
#12967=VERTEX_POINT('',#12966);
#12968=CIRCLE('',#10403,5.700000000000);
#12969=EDGE_CURVE('',#12962,#12967,#12968,.T.);
#12970=ORIENTED_EDGE('',*,*,#12969,.T.);
#12971=CARTESIAN_POINT('',(1.290244779079,5.552050829204,-0.485000000000));
#12972=VERTEX_POINT('',#12971);
#12973=CIRCLE('',#10403,5.700000000000);
#12974=EDGE_CURVE('',#12967,#12972,#12973,.T.);
#12975=ORIENTED_EDGE('',*,*,#12974,.T.);
#12976=CARTESIAN_POINT('',(1.111188864592,5.590640330696,-0.485000000000));
#12977=VERTEX_POINT('',#12976);
#12978=CIRCLE('',#10403,5.700000000000);
#12979=EDGE_CURVE('',#12972,#12977,#12978,.T.);
#12980=ORIENTED_EDGE('',*,*,#12979,.T.);
#12981=CARTESIAN_POINT('',(1.008597142034,5.610056310331,-0.485000000000));
#12982=VERTEX_POINT('',#12981);
#12983=CIRCLE('',#10403,5.700000000000);
#12984=EDGE_CURVE('',#12977,#12982,#12983,.T.);
#12985=ORIENTED_EDGE('',*,*,#12984,.T.);
#12986=CARTESIAN_POINT('',(0.917949510935,5.625599407652,-0.485000000000));
#12987=VERTEX_POINT('',#12986);
#12988=CIRCLE('',#10403,5.700000000000);
#12989=EDGE_CURVE('',#12982,#12987,#12988,.T.);
#12990=ORIENTED_EDGE('',*,*,#12989,.T.);
#12991=CARTESIAN_POINT('',(0.814749854173,5.641469903768,-0.485000000000));
#12992=VERTEX_POINT('',#12991);
#12993=CIRCLE('',#10403,5.700000000000);
#12994=EDGE_CURVE('',#12987,#12992,#12993,.T.);
#12995=ORIENTED_EDGE('',*,*,#12994,.T.);
#12996=CARTESIAN_POINT('',(0.633066372321,5.664735383779,-0.485000000000));
#12997=VERTEX_POINT('',#12996);
#12998=CIRCLE('',#10403,5.700000000000);
#12999=EDGE_CURVE('',#12992,#12997,#12998,.T.);
#13000=ORIENTED_EDGE('',*,*,#12999,.T.);
#13001=CARTESIAN_POINT('',(0.529197647517,5.675381031249,-0.485000000000));
#13002=VERTEX_POINT('',#13001);
#13003=CIRCLE('',#10403,5.700000000000);
#13004=EDGE_CURVE('',#12997,#13002,#13003,.T.);
#13005=ORIENTED_EDGE('',*,*,#13004,.T.);
#13006=CARTESIAN_POINT('',(0.437558428809,5.683180678227,-0.485000000000));
#13007=VERTEX_POINT('',#13006);
#13008=CIRCLE('',#10403,5.700000000000);
#13009=EDGE_CURVE('',#13002,#13007,#13008,.T.);
#13010=ORIENTED_EDGE('',*,*,#13009,.T.);
#13011=CARTESIAN_POINT('',(0.333384637899,5.690242058403,-0.485000000000));
#13012=VERTEX_POINT('',#13011);
#13013=CIRCLE('',#10403,5.700000000000);
#13014=EDGE_CURVE('',#13007,#13012,#13013,.T.);
#13015=ORIENTED_EDGE('',*,*,#13014,.T.);
#13016=CARTESIAN_POINT('',(0.150382622331,5.698015888614,-0.485000000000));
#13017=VERTEX_POINT('',#13016);
#13018=CIRCLE('',#10403,5.700000000000);
#13019=EDGE_CURVE('',#13012,#13017,#13018,.T.);
#13020=ORIENTED_EDGE('',*,*,#13019,.T.);
#13021=CARTESIAN_POINT('',(0.045985271822,5.699814501786,-0.485000000000));
#13022=VERTEX_POINT('',#13021);
#13023=CIRCLE('',#10403,5.700000000000);
#13024=EDGE_CURVE('',#13017,#13022,#13023,.T.);
#13025=ORIENTED_EDGE('',*,*,#13024,.T.);
#13026=CIRCLE('',#10403,5.700000000000);
#13027=EDGE_CURVE('',#13022,#11550,#13026,.T.);
#13028=ORIENTED_EDGE('',*,*,#13027,.T.);
#13029=EDGE_LOOP('',(#11555,#11560,#11565,#11570,#11575,#11580,#11585,#11590,#11595,#11600,#11605,#11610,#11615,#11620,#11625,#11630,#11635,#11640,#11645,#11650,#11655,#11660,#11665,#11670,#11675,#11680,#11685,#11690,#11695,#11700,#11705,#11710,#11715,#11720,#11725,#11730,#11735,#11740,#11745,#11750,#11755,#11760,#11765,#11770,#11775,#11780,#11785,#11790,#11795,#11800,#11805,#11810,#11815,#11820,#11825,#11830,#11835,#11840,#11845,#11850,#11855,#11860,#11865,#11870,#11875,#11880,#11885,#11890,#11895,#11900,#11905,#11910,#11915,#11920,#11925,#11930,#11935,#11940,#11945,#11950,#11955,#11960,#11965,#11970,#11975,#11980,#11985,#11990,#11995,#12000,#12005,#12010,#12015,#12020,#12025,#12030,#12035,#12040,#12045,#12050,#12055,#12060,#12065,#12070,#12075,#12080,#12085,#12090,#12095,#12100,#12105,#12110,#12115,#12120,#12125,#12130,#12135,#12140,#12145,#12150,#12155,#12160,#12165,#12170,#12175,#12180,#12185,#12190,#12195,#12200,#12205,#12210,#12215,#12220,#12225,#12230,#12235,#12240,#12245,#12250,#12255,#12260,#12265,#12270,#12275,#12280,#12285,#12290,#12295,#12300,#12305,#12310,#12315,#12320,#12325,#12330,#12335,#12340,#12345,#12350,#12355,#12360,#12365,#12370,#12375,#12380,#12385,#12390,#12395,#12400,#12405,#12410,#12415,#12420,#12425,#12430,#12435,#12440,#12445,#12450,#12455,#12460,#12465,#12470,#12475,#12480,#12485,#12490,#12495,#12500,#12505,#12510,#12515,#12520,#12525,#12530,#12535,#12540,#12545,#12550,#12555,#12560,#12565,#12570,#12575,#12580,#12585,#12590,#12595,#12600,#12605,#12610,#12615,#12620,#12625,#12630,#12635,#12640,#12645,#12650,#12655,#12660,#12665,#12670,#12675,#12680,#12685,#12690,#12695,#12700,#12705,#12710,#12715,#12720,#12725,#12730,#12735,#12740,#12745,#12750,#12755,#12760,#12765,#12770,#12775,#12780,#12785,#12790,#12795,#12800,#12805,#12810,#12815,#12820,#12825,#12830,#12835,#12840,#12845,#12850,#12855,#12860,#12865,#12870,#12875,#12880,#12885,#12890,#12895,#12900,#12905,#12910,#12915,#12920,#12925,#12930,#12935,#12940,#12945,#12950,#12955,#12960,#12965,#12970,#12975,#12980,#12985,#12990,#12995,#13000,#13005,#13010,#13015,#13020,#13025,#13028));
#13030=ORIENTED_EDGE('',*,*,#1870,.T.);
#13031=ORIENTED_EDGE('',*,*,#3343,.T.);
#13032=ORIENTED_EDGE('',*,*,#3340,.T.);
#13033=ORIENTED_EDGE('',*,*,#3335,.T.);
#13034=ORIENTED_EDGE('',*,*,#3330,.T.);
#13035=ORIENTED_EDGE('',*,*,#3325,.T.);
#13036=ORIENTED_EDGE('',*,*,#3320,.T.);
#13037=ORIENTED_EDGE('',*,*,#3315,.T.);
#13038=ORIENTED_EDGE('',*,*,#3310,.T.);
#13039=ORIENTED_EDGE('',*,*,#3305,.T.);
#13040=ORIENTED_EDGE('',*,*,#3300,.T.);
#13041=ORIENTED_EDGE('',*,*,#3295,.T.);
#13042=ORIENTED_EDGE('',*,*,#3290,.T.);
#13043=ORIENTED_EDGE('',*,*,#3285,.T.);
#13044=ORIENTED_EDGE('',*,*,#3280,.T.);
#13045=ORIENTED_EDGE('',*,*,#3275,.T.);
#13046=ORIENTED_EDGE('',*,*,#3270,.T.);
#13047=ORIENTED_EDGE('',*,*,#3265,.T.);
#13048=ORIENTED_EDGE('',*,*,#3260,.T.);
#13049=ORIENTED_EDGE('',*,*,#3255,.T.);
#13050=ORIENTED_EDGE('',*,*,#3250,.T.);
#13051=ORIENTED_EDGE('',*,*,#3245,.T.);
#13052=ORIENTED_EDGE('',*,*,#3240,.T.);
#13053=ORIENTED_EDGE('',*,*,#3235,.T.);
#13054=ORIENTED_EDGE('',*,*,#3230,.T.);
#13055=ORIENTED_EDGE('',*,*,#3225,.T.);
#13056=ORIENTED_EDGE('',*,*,#3220,.T.);
#13057=ORIENTED_EDGE('',*,*,#3215,.T.);
#13058=ORIENTED_EDGE('',*,*,#3210,.T.);
#13059=ORIENTED_EDGE('',*,*,#3205,.T.);
#13060=ORIENTED_EDGE('',*,*,#3200,.T.);
#13061=ORIENTED_EDGE('',*,*,#3195,.T.);
#13062=ORIENTED_EDGE('',*,*,#3190,.T.);
#13063=ORIENTED_EDGE('',*,*,#3185,.T.);
#13064=ORIENTED_EDGE('',*,*,#3180,.T.);
#13065=ORIENTED_EDGE('',*,*,#3175,.T.);
#13066=ORIENTED_EDGE('',*,*,#3170,.T.);
#13067=ORIENTED_EDGE('',*,*,#3165,.T.);
#13068=ORIENTED_EDGE('',*,*,#3160,.T.);
#13069=ORIENTED_EDGE('',*,*,#3155,.T.);
#13070=ORIENTED_EDGE('',*,*,#3150,.T.);
#13071=ORIENTED_EDGE('',*,*,#3145,.T.);
#13072=ORIENTED_EDGE('',*,*,#3140,.T.);
#13073=ORIENTED_EDGE('',*,*,#3135,.T.);
#13074=ORIENTED_EDGE('',*,*,#3130,.T.);
#13075=ORIENTED_EDGE('',*,*,#3125,.T.);
#13076=ORIENTED_EDGE('',*,*,#3120,.T.);
#13077=ORIENTED_EDGE('',*,*,#3115,.T.);
#13078=ORIENTED_EDGE('',*,*,#3110,.T.);
#13079=ORIENTED_EDGE('',*,*,#3105,.T.);
#13080=ORIENTED_EDGE('',*,*,#3100,.T.);
#13081=ORIENTED_EDGE('',*,*,#3095,.T.);
#13082=ORIENTED_EDGE('',*,*,#3090,.T.);
#13083=ORIENTED_EDGE('',*,*,#3085,.T.);
#13084=ORIENTED_EDGE('',*,*,#3080,.T.);
#13085=ORIENTED_EDGE('',*,*,#3075,.T.);
#13086=ORIENTED_EDGE('',*,*,#3070,.T.);
#13087=ORIENTED_EDGE('',*,*,#3065,.T.);
#13088=ORIENTED_EDGE('',*,*,#3060,.T.);
#13089=ORIENTED_EDGE('',*,*,#3055,.T.);
#13090=ORIENTED_EDGE('',*,*,#3050,.T.);
#13091=ORIENTED_EDGE('',*,*,#3045,.T.);
#13092=ORIENTED_EDGE('',*,*,#3040,.T.);
#13093=ORIENTED_EDGE('',*,*,#3035,.T.);
#13094=ORIENTED_EDGE('',*,*,#3030,.T.);
#13095=ORIENTED_EDGE('',*,*,#3025,.T.);
#13096=ORIENTED_EDGE('',*,*,#3020,.T.);
#13097=ORIENTED_EDGE('',*,*,#3015,.T.);
#13098=ORIENTED_EDGE('',*,*,#3010,.T.);
#13099=ORIENTED_EDGE('',*,*,#3005,.T.);
#13100=ORIENTED_EDGE('',*,*,#3000,.T.);
#13101=ORIENTED_EDGE('',*,*,#2995,.T.);
#13102=ORIENTED_EDGE('',*,*,#2990,.T.);
#13103=ORIENTED_EDGE('',*,*,#2985,.T.);
#13104=ORIENTED_EDGE('',*,*,#2980,.T.);
#13105=ORIENTED_EDGE('',*,*,#2975,.T.);
#13106=ORIENTED_EDGE('',*,*,#2970,.T.);
#13107=ORIENTED_EDGE('',*,*,#2965,.T.);
#13108=ORIENTED_EDGE('',*,*,#2960,.T.);
#13109=ORIENTED_EDGE('',*,*,#2955,.T.);
#13110=ORIENTED_EDGE('',*,*,#2950,.T.);
#13111=ORIENTED_EDGE('',*,*,#2945,.T.);
#13112=ORIENTED_EDGE('',*,*,#2940,.T.);
#13113=ORIENTED_EDGE('',*,*,#2935,.T.);
#13114=ORIENTED_EDGE('',*,*,#2930,.T.);
#13115=ORIENTED_EDGE('',*,*,#2925,.T.);
#13116=ORIENTED_EDGE('',*,*,#2920,.T.);
#13117=ORIENTED_EDGE('',*,*,#2915,.T.);
#13118=ORIENTED_EDGE('',*,*,#2910,.T.);
#13119=ORIENTED_EDGE('',*,*,#2905,.T.);
#13120=ORIENTED_EDGE('',*,*,#2900,.T.);
#13121=ORIENTED_EDGE('',*,*,#2895,.T.);
#13122=ORIENTED_EDGE('',*,*,#2890,.T.);
#13123=ORIENTED_EDGE('',*,*,#2885,.T.);
#13124=ORIENTED_EDGE('',*,*,#2880,.T.);
#13125=ORIENTED_EDGE('',*,*,#2875,.T.);
#13126=ORIENTED_EDGE('',*,*,#2870,.T.);
#13127=ORIENTED_EDGE('',*,*,#2865,.T.);
#13128=ORIENTED_EDGE('',*,*,#2860,.T.);
#13129=ORIENTED_EDGE('',*,*,#2855,.T.);
#13130=ORIENTED_EDGE('',*,*,#2850,.T.);
#13131=ORIENTED_EDGE('',*,*,#2845,.T.);
#13132=ORIENTED_EDGE('',*,*,#2840,.T.);
#13133=ORIENTED_EDGE('',*,*,#2835,.T.);
#13134=ORIENTED_EDGE('',*,*,#2830,.T.);
#13135=ORIENTED_EDGE('',*,*,#2825,.T.);
#13136=ORIENTED_EDGE('',*,*,#2820,.T.);
#13137=ORIENTED_EDGE('',*,*,#2815,.T.);
#13138=ORIENTED_EDGE('',*,*,#2810,.T.);
#13139=ORIENTED_EDGE('',*,*,#2805,.T.);
#13140=ORIENTED_EDGE('',*,*,#2800,.T.);
#13141=ORIENTED_EDGE('',*,*,#2795,.T.);
#13142=ORIENTED_EDGE('',*,*,#2790,.T.);
#13143=ORIENTED_EDGE('',*,*,#2785,.T.);
#13144=ORIENTED_EDGE('',*,*,#2780,.T.);
#13145=ORIENTED_EDGE('',*,*,#2775,.T.);
#13146=ORIENTED_EDGE('',*,*,#2770,.T.);
#13147=ORIENTED_EDGE('',*,*,#2765,.T.);
#13148=ORIENTED_EDGE('',*,*,#2760,.T.);
#13149=ORIENTED_EDGE('',*,*,#2755,.T.);
#13150=ORIENTED_EDGE('',*,*,#2750,.T.);
#13151=ORIENTED_EDGE('',*,*,#2745,.T.);
#13152=ORIENTED_EDGE('',*,*,#2740,.T.);
#13153=ORIENTED_EDGE('',*,*,#2735,.T.);
#13154=ORIENTED_EDGE('',*,*,#2730,.T.);
#13155=ORIENTED_EDGE('',*,*,#2725,.T.);
#13156=ORIENTED_EDGE('',*,*,#2720,.T.);
#13157=ORIENTED_EDGE('',*,*,#2715,.T.);
#13158=ORIENTED_EDGE('',*,*,#2710,.T.);
#13159=ORIENTED_EDGE('',*,*,#2705,.T.);
#13160=ORIENTED_EDGE('',*,*,#2700,.T.);
#13161=ORIENTED_EDGE('',*,*,#2695,.T.);
#13162=ORIENTED_EDGE('',*,*,#2690,.T.);
#13163=ORIENTED_EDGE('',*,*,#2685,.T.);
#13164=ORIENTED_EDGE('',*,*,#2680,.T.);
#13165=ORIENTED_EDGE('',*,*,#2675,.T.);
#13166=ORIENTED_EDGE('',*,*,#2670,.T.);
#13167=ORIENTED_EDGE('',*,*,#2665,.T.);
#13168=ORIENTED_EDGE('',*,*,#2660,.T.);
#13169=ORIENTED_EDGE('',*,*,#2655,.T.);
#13170=ORIENTED_EDGE('',*,*,#2650,.T.);
#13171=ORIENTED_EDGE('',*,*,#2645,.T.);
#13172=ORIENTED_EDGE('',*,*,#2640,.T.);
#13173=ORIENTED_EDGE('',*,*,#2635,.T.);
#13174=ORIENTED_EDGE('',*,*,#2630,.T.);
#13175=ORIENTED_EDGE('',*,*,#2625,.T.);
#13176=ORIENTED_EDGE('',*,*,#2620,.T.);
#13177=ORIENTED_EDGE('',*,*,#2615,.T.);
#13178=ORIENTED_EDGE('',*,*,#2610,.T.);
#13179=ORIENTED_EDGE('',*,*,#2605,.T.);
#13180=ORIENTED_EDGE('',*,*,#2600,.T.);
#13181=ORIENTED_EDGE('',*,*,#2595,.T.);
#13182=ORIENTED_EDGE('',*,*,#2590,.T.);
#13183=ORIENTED_EDGE('',*,*,#2585,.T.);
#13184=ORIENTED_EDGE('',*,*,#2580,.T.);
#13185=ORIENTED_EDGE('',*,*,#2575,.T.);
#13186=ORIENTED_EDGE('',*,*,#2570,.T.);
#13187=ORIENTED_EDGE('',*,*,#2565,.T.);
#13188=ORIENTED_EDGE('',*,*,#2560,.T.);
#13189=ORIENTED_EDGE('',*,*,#2555,.T.);
#13190=ORIENTED_EDGE('',*,*,#2550,.T.);
#13191=ORIENTED_EDGE('',*,*,#2545,.T.);
#13192=ORIENTED_EDGE('',*,*,#2540,.T.);
#13193=ORIENTED_EDGE('',*,*,#2535,.T.);
#13194=ORIENTED_EDGE('',*,*,#2530,.T.);
#13195=ORIENTED_EDGE('',*,*,#2525,.T.);
#13196=ORIENTED_EDGE('',*,*,#2520,.T.);
#13197=ORIENTED_EDGE('',*,*,#2515,.T.);
#13198=ORIENTED_EDGE('',*,*,#2510,.T.);
#13199=ORIENTED_EDGE('',*,*,#2505,.T.);
#13200=ORIENTED_EDGE('',*,*,#2500,.T.);
#13201=ORIENTED_EDGE('',*,*,#2495,.T.);
#13202=ORIENTED_EDGE('',*,*,#2490,.T.);
#13203=ORIENTED_EDGE('',*,*,#2485,.T.);
#13204=ORIENTED_EDGE('',*,*,#2480,.T.);
#13205=ORIENTED_EDGE('',*,*,#2475,.T.);
#13206=ORIENTED_EDGE('',*,*,#2470,.T.);
#13207=ORIENTED_EDGE('',*,*,#2465,.T.);
#13208=ORIENTED_EDGE('',*,*,#2460,.T.);
#13209=ORIENTED_EDGE('',*,*,#2455,.T.);
#13210=ORIENTED_EDGE('',*,*,#2450,.T.);
#13211=ORIENTED_EDGE('',*,*,#2445,.T.);
#13212=ORIENTED_EDGE('',*,*,#2440,.T.);
#13213=ORIENTED_EDGE('',*,*,#2435,.T.);
#13214=ORIENTED_EDGE('',*,*,#2430,.T.);
#13215=ORIENTED_EDGE('',*,*,#2425,.T.);
#13216=ORIENTED_EDGE('',*,*,#2420,.T.);
#13217=ORIENTED_EDGE('',*,*,#2415,.T.);
#13218=ORIENTED_EDGE('',*,*,#2410,.T.);
#13219=ORIENTED_EDGE('',*,*,#2405,.T.);
#13220=ORIENTED_EDGE('',*,*,#2400,.T.);
#13221=ORIENTED_EDGE('',*,*,#2395,.T.);
#13222=ORIENTED_EDGE('',*,*,#2390,.T.);
#13223=ORIENTED_EDGE('',*,*,#2385,.T.);
#13224=ORIENTED_EDGE('',*,*,#2380,.T.);
#13225=ORIENTED_EDGE('',*,*,#2375,.T.);
#13226=ORIENTED_EDGE('',*,*,#2370,.T.);
#13227=ORIENTED_EDGE('',*,*,#2365,.T.);
#13228=ORIENTED_EDGE('',*,*,#2360,.T.);
#13229=ORIENTED_EDGE('',*,*,#2355,.T.);
#13230=ORIENTED_EDGE('',*,*,#2350,.T.);
#13231=ORIENTED_EDGE('',*,*,#2345,.T.);
#13232=ORIENTED_EDGE('',*,*,#2340,.T.);
#13233=ORIENTED_EDGE('',*,*,#2335,.T.);
#13234=ORIENTED_EDGE('',*,*,#2330,.T.);
#13235=ORIENTED_EDGE('',*,*,#2325,.T.);
#13236=ORIENTED_EDGE('',*,*,#2320,.T.);
#13237=ORIENTED_EDGE('',*,*,#2315,.T.);
#13238=ORIENTED_EDGE('',*,*,#2310,.T.);
#13239=ORIENTED_EDGE('',*,*,#2305,.T.);
#13240=ORIENTED_EDGE('',*,*,#2300,.T.);
#13241=ORIENTED_EDGE('',*,*,#2295,.T.);
#13242=ORIENTED_EDGE('',*,*,#2290,.T.);
#13243=ORIENTED_EDGE('',*,*,#2285,.T.);
#13244=ORIENTED_EDGE('',*,*,#2280,.T.);
#13245=ORIENTED_EDGE('',*,*,#2275,.T.);
#13246=ORIENTED_EDGE('',*,*,#2270,.T.);
#13247=ORIENTED_EDGE('',*,*,#2265,.T.);
#13248=ORIENTED_EDGE('',*,*,#2260,.T.);
#13249=ORIENTED_EDGE('',*,*,#2255,.T.);
#13250=ORIENTED_EDGE('',*,*,#2250,.T.);
#13251=ORIENTED_EDGE('',*,*,#2245,.T.);
#13252=ORIENTED_EDGE('',*,*,#2240,.T.);
#13253=ORIENTED_EDGE('',*,*,#2235,.T.);
#13254=ORIENTED_EDGE('',*,*,#2230,.T.);
#13255=ORIENTED_EDGE('',*,*,#2225,.T.);
#13256=ORIENTED_EDGE('',*,*,#2220,.T.);
#13257=ORIENTED_EDGE('',*,*,#2215,.T.);
#13258=ORIENTED_EDGE('',*,*,#2210,.T.);
#13259=ORIENTED_EDGE('',*,*,#2205,.T.);
#13260=ORIENTED_EDGE('',*,*,#2200,.T.);
#13261=ORIENTED_EDGE('',*,*,#2195,.T.);
#13262=ORIENTED_EDGE('',*,*,#2190,.T.);
#13263=ORIENTED_EDGE('',*,*,#2185,.T.);
#13264=ORIENTED_EDGE('',*,*,#2180,.T.);
#13265=ORIENTED_EDGE('',*,*,#2175,.T.);
#13266=ORIENTED_EDGE('',*,*,#2170,.T.);
#13267=ORIENTED_EDGE('',*,*,#2165,.T.);
#13268=ORIENTED_EDGE('',*,*,#2160,.T.);
#13269=ORIENTED_EDGE('',*,*,#2155,.T.);
#13270=ORIENTED_EDGE('',*,*,#2150,.T.);
#13271=ORIENTED_EDGE('',*,*,#2145,.T.);
#13272=ORIENTED_EDGE('',*,*,#2140,.T.);
#13273=ORIENTED_EDGE('',*,*,#2135,.T.);
#13274=ORIENTED_EDGE('',*,*,#2130,.T.);
#13275=ORIENTED_EDGE('',*,*,#2125,.T.);
#13276=ORIENTED_EDGE('',*,*,#2120,.T.);
#13277=ORIENTED_EDGE('',*,*,#2115,.T.);
#13278=ORIENTED_EDGE('',*,*,#2110,.T.);
#13279=ORIENTED_EDGE('',*,*,#2105,.T.);
#13280=ORIENTED_EDGE('',*,*,#2100,.T.);
#13281=ORIENTED_EDGE('',*,*,#2095,.T.);
#13282=ORIENTED_EDGE('',*,*,#2090,.T.);
#13283=ORIENTED_EDGE('',*,*,#2085,.T.);
#13284=ORIENTED_EDGE('',*,*,#2080,.T.);
#13285=ORIENTED_EDGE('',*,*,#2075,.T.);
#13286=ORIENTED_EDGE('',*,*,#2070,.T.);
#13287=ORIENTED_EDGE('',*,*,#2065,.T.);
#13288=ORIENTED_EDGE('',*,*,#2060,.T.);
#13289=ORIENTED_EDGE('',*,*,#2055,.T.);
#13290=ORIENTED_EDGE('',*,*,#2050,.T.);
#13291=ORIENTED_EDGE('',*,*,#2045,.T.);
#13292=ORIENTED_EDGE('',*,*,#2040,.T.);
#13293=ORIENTED_EDGE('',*,*,#2035,.T.);
#13294=ORIENTED_EDGE('',*,*,#2030,.T.);
#13295=ORIENTED_EDGE('',*,*,#2025,.T.);
#13296=ORIENTED_EDGE('',*,*,#2020,.T.);
#13297=ORIENTED_EDGE('',*,*,#2015,.T.);
#13298=ORIENTED_EDGE('',*,*,#2010,.T.);
#13299=ORIENTED_EDGE('',*,*,#2005,.T.);
#13300=ORIENTED_EDGE('',*,*,#2000,.T.);
#13301=ORIENTED_EDGE('',*,*,#1995,.T.);
#13302=ORIENTED_EDGE('',*,*,#1990,.T.);
#13303=ORIENTED_EDGE('',*,*,#1985,.T.);
#13304=ORIENTED_EDGE('',*,*,#1980,.T.);
#13305=ORIENTED_EDGE('',*,*,#1975,.T.);
#13306=ORIENTED_EDGE('',*,*,#1970,.T.);
#13307=ORIENTED_EDGE('',*,*,#1965,.T.);
#13308=ORIENTED_EDGE('',*,*,#1960,.T.);
#13309=ORIENTED_EDGE('',*,*,#1955,.T.);
#13310=ORIENTED_EDGE('',*,*,#1950,.T.);
#13311=ORIENTED_EDGE('',*,*,#1945,.T.);
#13312=ORIENTED_EDGE('',*,*,#1940,.T.);
#13313=ORIENTED_EDGE('',*,*,#1935,.T.);
#13314=ORIENTED_EDGE('',*,*,#1930,.T.);
#13315=ORIENTED_EDGE('',*,*,#1925,.T.);
#13316=ORIENTED_EDGE('',*,*,#1920,.T.);
#13317=ORIENTED_EDGE('',*,*,#1915,.T.);
#13318=ORIENTED_EDGE('',*,*,#1910,.T.);
#13319=ORIENTED_EDGE('',*,*,#1905,.T.);
#13320=ORIENTED_EDGE('',*,*,#1900,.T.);
#13321=ORIENTED_EDGE('',*,*,#1895,.T.);
#13322=ORIENTED_EDGE('',*,*,#1890,.T.);
#13323=ORIENTED_EDGE('',*,*,#1885,.T.);
#13324=ORIENTED_EDGE('',*,*,#1880,.T.);
#13325=ORIENTED_EDGE('',*,*,#1875,.T.);
#13326=EDGE_LOOP('',(#13030,#13031,#13032,#13033,#13034,#13035,#13036,#13037,#13038,#13039,#13040,#13041,#13042,#13043,#13044,#13045,#13046,#13047,#13048,#13049,#13050,#13051,#13052,#13053,#13054,#13055,#13056,#13057,#13058,#13059,#13060,#13061,#13062,#13063,#13064,#13065,#13066,#13067,#13068,#13069,#13070,#13071,#13072,#13073,#13074,#13075,#13076,#13077,#13078,#13079,#13080,#13081,#13082,#13083,#13084,#13085,#13086,#13087,#13088,#13089,#13090,#13091,#13092,#13093,#13094,#13095,#13096,#13097,#13098,#13099,#13100,#13101,#13102,#13103,#13104,#13105,#13106,#13107,#13108,#13109,#13110,#13111,#13112,#13113,#13114,#13115,#13116,#13117,#13118,#13119,#13120,#13121,#13122,#13123,#13124,#13125,#13126,#13127,#13128,#13129,#13130,#13131,#13132,#13133,#13134,#13135,#13136,#13137,#13138,#13139,#13140,#13141,#13142,#13143,#13144,#13145,#13146,#13147,#13148,#13149,#13150,#13151,#13152,#13153,#13154,#13155,#13156,#13157,#13158,#13159,#13160,#13161,#13162,#13163,#13164,#13165,#13166,#13167,#13168,#13169,#13170,#13171,#13172,#13173,#13174,#13175,#13176,#13177,#13178,#13179,#13180,#13181,#13182,#13183,#13184,#13185,#13186,#13187,#13188,#13189,#13190,#13191,#13192,#13193,#13194,#13195,#13196,#13197,#13198,#13199,#13200,#13201,#13202,#13203,#13204,#13205,#13206,#13207,#13208,#13209,#13210,#13211,#13212,#13213,#13214,#13215,#13216,#13217,#13218,#13219,#13220,#13221,#13222,#13223,#13224,#13225,#13226,#13227,#13228,#13229,#13230,#13231,#13232,#13233,#13234,#13235,#13236,#13237,#13238,#13239,#13240,#13241,#13242,#13243,#13244,#13245,#13246,#13247,#13248,#13249,#13250,#13251,#13252,#13253,#13254,#13255,#13256,#13257,#13258,#13259,#13260,#13261,#13262,#13263,#13264,#13265,#13266,#13267,#13268,#13269,#13270,#13271,#13272,#13273,#13274,#13275,#13276,#13277,#13278,#13279,#13280,#13281,#13282,#13283,#13284,#13285,#13286,#13287,#13288,#13289,#13290,#13291,#13292,#13293,#13294,#13295,#13296,#13297,#13298,#13299,#13300,#13301,#13302,#13303,#13304,#13305,#13306,#13307,#13308,#13309,#13310,#13311,#13312,#13313,#13314,#13315,#13316,#13317,#13318,#13319,#13320,#13321,#13322,#13323,#13324,#13325));
#13327=ORIENTED_EDGE('',*,*,#5553,.F.);
#13328=ORIENTED_EDGE('',*,*,#7026,.F.);
#13329=ORIENTED_EDGE('',*,*,#7023,.F.);
#13330=ORIENTED_EDGE('',*,*,#7018,.F.);
#13331=ORIENTED_EDGE('',*,*,#7013,.F.);
#13332=ORIENTED_EDGE('',*,*,#7008,.F.);
#13333=ORIENTED_EDGE('',*,*,#7003,.F.);
#13334=ORIENTED_EDGE('',*,*,#6998,.F.);
#13335=ORIENTED_EDGE('',*,*,#6993,.F.);
#13336=ORIENTED_EDGE('',*,*,#6988,.F.);
#13337=ORIENTED_EDGE('',*,*,#6983,.F.);
#13338=ORIENTED_EDGE('',*,*,#6978,.F.);
#13339=ORIENTED_EDGE('',*,*,#6973,.F.);
#13340=ORIENTED_EDGE('',*,*,#6968,.F.);
#13341=ORIENTED_EDGE('',*,*,#6963,.F.);
#13342=ORIENTED_EDGE('',*,*,#6958,.F.);
#13343=ORIENTED_EDGE('',*,*,#6953,.F.);
#13344=ORIENTED_EDGE('',*,*,#6948,.F.);
#13345=ORIENTED_EDGE('',*,*,#6943,.F.);
#13346=ORIENTED_EDGE('',*,*,#6938,.F.);
#13347=ORIENTED_EDGE('',*,*,#6933,.F.);
#13348=ORIENTED_EDGE('',*,*,#6928,.F.);
#13349=ORIENTED_EDGE('',*,*,#6923,.F.);
#13350=ORIENTED_EDGE('',*,*,#6918,.F.);
#13351=ORIENTED_EDGE('',*,*,#6913,.F.);
#13352=ORIENTED_EDGE('',*,*,#6908,.F.);
#13353=ORIENTED_EDGE('',*,*,#6903,.F.);
#13354=ORIENTED_EDGE('',*,*,#6898,.F.);
#13355=ORIENTED_EDGE('',*,*,#6893,.F.);
#13356=ORIENTED_EDGE('',*,*,#6888,.F.);
#13357=ORIENTED_EDGE('',*,*,#6883,.F.);
#13358=ORIENTED_EDGE('',*,*,#6878,.F.);
#13359=ORIENTED_EDGE('',*,*,#6873,.F.);
#13360=ORIENTED_EDGE('',*,*,#6868,.F.);
#13361=ORIENTED_EDGE('',*,*,#6863,.F.);
#13362=ORIENTED_EDGE('',*,*,#6858,.F.);
#13363=ORIENTED_EDGE('',*,*,#6853,.F.);
#13364=ORIENTED_EDGE('',*,*,#6848,.F.);
#13365=ORIENTED_EDGE('',*,*,#6843,.F.);
#13366=ORIENTED_EDGE('',*,*,#6838,.F.);
#13367=ORIENTED_EDGE('',*,*,#6833,.F.);
#13368=ORIENTED_EDGE('',*,*,#6828,.F.);
#13369=ORIENTED_EDGE('',*,*,#6823,.F.);
#13370=ORIENTED_EDGE('',*,*,#6818,.F.);
#13371=ORIENTED_EDGE('',*,*,#6813,.F.);
#13372=ORIENTED_EDGE('',*,*,#6808,.F.);
#13373=ORIENTED_EDGE('',*,*,#6803,.F.);
#13374=ORIENTED_EDGE('',*,*,#6798,.F.);
#13375=ORIENTED_EDGE('',*,*,#6793,.F.);
#13376=ORIENTED_EDGE('',*,*,#6788,.F.);
#13377=ORIENTED_EDGE('',*,*,#6783,.F.);
#13378=ORIENTED_EDGE('',*,*,#6778,.F.);
#13379=ORIENTED_EDGE('',*,*,#6773,.F.);
#13380=ORIENTED_EDGE('',*,*,#6768,.F.);
#13381=ORIENTED_EDGE('',*,*,#6763,.F.);
#13382=ORIENTED_EDGE('',*,*,#6758,.F.);
#13383=ORIENTED_EDGE('',*,*,#6753,.F.);
#13384=ORIENTED_EDGE('',*,*,#6748,.F.);
#13385=ORIENTED_EDGE('',*,*,#6743,.F.);
#13386=ORIENTED_EDGE('',*,*,#6738,.F.);
#13387=ORIENTED_EDGE('',*,*,#6733,.F.);
#13388=ORIENTED_EDGE('',*,*,#6728,.F.);
#13389=ORIENTED_EDGE('',*,*,#6723,.F.);
#13390=ORIENTED_EDGE('',*,*,#6718,.F.);
#13391=ORIENTED_EDGE('',*,*,#6713,.F.);
#13392=ORIENTED_EDGE('',*,*,#6708,.F.);
#13393=ORIENTED_EDGE('',*,*,#6703,.F.);
#13394=ORIENTED_EDGE('',*,*,#6698,.F.);
#13395=ORIENTED_EDGE('',*,*,#6693,.F.);
#13396=ORIENTED_EDGE('',*,*,#6688,.F.);
#13397=ORIENTED_EDGE('',*,*,#6683,.F.);
#13398=ORIENTED_EDGE('',*,*,#6678,.F.);
#13399=ORIENTED_EDGE('',*,*,#6673,.F.);
#13400=ORIENTED_EDGE('',*,*,#6668,.F.);
#13401=ORIENTED_EDGE('',*,*,#6663,.F.);
#13402=ORIENTED_EDGE('',*,*,#6658,.F.);
#13403=ORIENTED_EDGE('',*,*,#6653,.F.);
#13404=ORIENTED_EDGE('',*,*,#6648,.F.);
#13405=ORIENTED_EDGE('',*,*,#6643,.F.);
#13406=ORIENTED_EDGE('',*,*,#6638,.F.);
#13407=ORIENTED_EDGE('',*,*,#6633,.F.);
#13408=ORIENTED_EDGE('',*,*,#6628,.F.);
#13409=ORIENTED_EDGE('',*,*,#6623,.F.);
#13410=ORIENTED_EDGE('',*,*,#6618,.F.);
#13411=ORIENTED_EDGE('',*,*,#6613,.F.);
#13412=ORIENTED_EDGE('',*,*,#6608,.F.);
#13413=ORIENTED_EDGE('',*,*,#6603,.F.);
#13414=ORIENTED_EDGE('',*,*,#6598,.F.);
#13415=ORIENTED_EDGE('',*,*,#6593,.F.);
#13416=ORIENTED_EDGE('',*,*,#6588,.F.);
#13417=ORIENTED_EDGE('',*,*,#6583,.F.);
#13418=ORIENTED_EDGE('',*,*,#6578,.F.);
#13419=ORIENTED_EDGE('',*,*,#6573,.F.);
#13420=ORIENTED_EDGE('',*,*,#6568,.F.);
#13421=ORIENTED_EDGE('',*,*,#6563,.F.);
#13422=ORIENTED_EDGE('',*,*,#6558,.F.);
#13423=ORIENTED_EDGE('',*,*,#6553,.F.);
#13424=ORIENTED_EDGE('',*,*,#6548,.F.);
#13425=ORIENTED_EDGE('',*,*,#6543,.F.);
#13426=ORIENTED_EDGE('',*,*,#6538,.F.);
#13427=ORIENTED_EDGE('',*,*,#6533,.F.);
#13428=ORIENTED_EDGE('',*,*,#6528,.F.);
#13429=ORIENTED_EDGE('',*,*,#6523,.F.);
#13430=ORIENTED_EDGE('',*,*,#6518,.F.);
#13431=ORIENTED_EDGE('',*,*,#6513,.F.);
#13432=ORIENTED_EDGE('',*,*,#6508,.F.);
#13433=ORIENTED_EDGE('',*,*,#6503,.F.);
#13434=ORIENTED_EDGE('',*,*,#6498,.F.);
#13435=ORIENTED_EDGE('',*,*,#6493,.F.);
#13436=ORIENTED_EDGE('',*,*,#6488,.F.);
#13437=ORIENTED_EDGE('',*,*,#6483,.F.);
#13438=ORIENTED_EDGE('',*,*,#6478,.F.);
#13439=ORIENTED_EDGE('',*,*,#6473,.F.);
#13440=ORIENTED_EDGE('',*,*,#6468,.F.);
#13441=ORIENTED_EDGE('',*,*,#6463,.F.);
#13442=ORIENTED_EDGE('',*,*,#6458,.F.);
#13443=ORIENTED_EDGE('',*,*,#6453,.F.);
#13444=ORIENTED_EDGE('',*,*,#6448,.F.);
#13445=ORIENTED_EDGE('',*,*,#6443,.F.);
#13446=ORIENTED_EDGE('',*,*,#6438,.F.);
#13447=ORIENTED_EDGE('',*,*,#6433,.F.);
#13448=ORIENTED_EDGE('',*,*,#6428,.F.);
#13449=ORIENTED_EDGE('',*,*,#6423,.F.);
#13450=ORIENTED_EDGE('',*,*,#6418,.F.);
#13451=ORIENTED_EDGE('',*,*,#6413,.F.);
#13452=ORIENTED_EDGE('',*,*,#6408,.F.);
#13453=ORIENTED_EDGE('',*,*,#6403,.F.);
#13454=ORIENTED_EDGE('',*,*,#6398,.F.);
#13455=ORIENTED_EDGE('',*,*,#6393,.F.);
#13456=ORIENTED_EDGE('',*,*,#6388,.F.);
#13457=ORIENTED_EDGE('',*,*,#6383,.F.);
#13458=ORIENTED_EDGE('',*,*,#6378,.F.);
#13459=ORIENTED_EDGE('',*,*,#6373,.F.);
#13460=ORIENTED_EDGE('',*,*,#6368,.F.);
#13461=ORIENTED_EDGE('',*,*,#6363,.F.);
#13462=ORIENTED_EDGE('',*,*,#6358,.F.);
#13463=ORIENTED_EDGE('',*,*,#6353,.F.);
#13464=ORIENTED_EDGE('',*,*,#6348,.F.);
#13465=ORIENTED_EDGE('',*,*,#6343,.F.);
#13466=ORIENTED_EDGE('',*,*,#6338,.F.);
#13467=ORIENTED_EDGE('',*,*,#6333,.F.);
#13468=ORIENTED_EDGE('',*,*,#6328,.F.);
#13469=ORIENTED_EDGE('',*,*,#6323,.F.);
#13470=ORIENTED_EDGE('',*,*,#6318,.F.);
#13471=ORIENTED_EDGE('',*,*,#6313,.F.);
#13472=ORIENTED_EDGE('',*,*,#6308,.F.);
#13473=ORIENTED_EDGE('',*,*,#6303,.F.);
#13474=ORIENTED_EDGE('',*,*,#6298,.F.);
#13475=ORIENTED_EDGE('',*,*,#6293,.F.);
#13476=ORIENTED_EDGE('',*,*,#6288,.F.);
#13477=ORIENTED_EDGE('',*,*,#6283,.F.);
#13478=ORIENTED_EDGE('',*,*,#6278,.F.);
#13479=ORIENTED_EDGE('',*,*,#6273,.F.);
#13480=ORIENTED_EDGE('',*,*,#6268,.F.);
#13481=ORIENTED_EDGE('',*,*,#6263,.F.);
#13482=ORIENTED_EDGE('',*,*,#6258,.F.);
#13483=ORIENTED_EDGE('',*,*,#6253,.F.);
#13484=ORIENTED_EDGE('',*,*,#6248,.F.);
#13485=ORIENTED_EDGE('',*,*,#6243,.F.);
#13486=ORIENTED_EDGE('',*,*,#6238,.F.);
#13487=ORIENTED_EDGE('',*,*,#6233,.F.);
#13488=ORIENTED_EDGE('',*,*,#6228,.F.);
#13489=ORIENTED_EDGE('',*,*,#6223,.F.);
#13490=ORIENTED_EDGE('',*,*,#6218,.F.);
#13491=ORIENTED_EDGE('',*,*,#6213,.F.);
#13492=ORIENTED_EDGE('',*,*,#6208,.F.);
#13493=ORIENTED_EDGE('',*,*,#6203,.F.);
#13494=ORIENTED_EDGE('',*,*,#6198,.F.);
#13495=ORIENTED_EDGE('',*,*,#6193,.F.);
#13496=ORIENTED_EDGE('',*,*,#6188,.F.);
#13497=ORIENTED_EDGE('',*,*,#6183,.F.);
#13498=ORIENTED_EDGE('',*,*,#6178,.F.);
#13499=ORIENTED_EDGE('',*,*,#6173,.F.);
#13500=ORIENTED_EDGE('',*,*,#6168,.F.);
#13501=ORIENTED_EDGE('',*,*,#6163,.F.);
#13502=ORIENTED_EDGE('',*,*,#6158,.F.);
#13503=ORIENTED_EDGE('',*,*,#6153,.F.);
#13504=ORIENTED_EDGE('',*,*,#6148,.F.);
#13505=ORIENTED_EDGE('',*,*,#6143,.F.);
#13506=ORIENTED_EDGE('',*,*,#6138,.F.);
#13507=ORIENTED_EDGE('',*,*,#6133,.F.);
#13508=ORIENTED_EDGE('',*,*,#6128,.F.);
#13509=ORIENTED_EDGE('',*,*,#6123,.F.);
#13510=ORIENTED_EDGE('',*,*,#6118,.F.);
#13511=ORIENTED_EDGE('',*,*,#6113,.F.);
#13512=ORIENTED_EDGE('',*,*,#6108,.F.);
#13513=ORIENTED_EDGE('',*,*,#6103,.F.);
#13514=ORIENTED_EDGE('',*,*,#6098,.F.);
#13515=ORIENTED_EDGE('',*,*,#6093,.F.);
#13516=ORIENTED_EDGE('',*,*,#6088,.F.);
#13517=ORIENTED_EDGE('',*,*,#6083,.F.);
#13518=ORIENTED_EDGE('',*,*,#6078,.F.);
#13519=ORIENTED_EDGE('',*,*,#6073,.F.);
#13520=ORIENTED_EDGE('',*,*,#6068,.F.);
#13521=ORIENTED_EDGE('',*,*,#6063,.F.);
#13522=ORIENTED_EDGE('',*,*,#6058,.F.);
#13523=ORIENTED_EDGE('',*,*,#6053,.F.);
#13524=ORIENTED_EDGE('',*,*,#6048,.F.);
#13525=ORIENTED_EDGE('',*,*,#6043,.F.);
#13526=ORIENTED_EDGE('',*,*,#6038,.F.);
#13527=ORIENTED_EDGE('',*,*,#6033,.F.);
#13528=ORIENTED_EDGE('',*,*,#6028,.F.);
#13529=ORIENTED_EDGE('',*,*,#6023,.F.);
#13530=ORIENTED_EDGE('',*,*,#6018,.F.);
#13531=ORIENTED_EDGE('',*,*,#6013,.F.);
#13532=ORIENTED_EDGE('',*,*,#6008,.F.);
#13533=ORIENTED_EDGE('',*,*,#6003,.F.);
#13534=ORIENTED_EDGE('',*,*,#5998,.F.);
#13535=ORIENTED_EDGE('',*,*,#5993,.F.);
#13536=ORIENTED_EDGE('',*,*,#5988,.F.);
#13537=ORIENTED_EDGE('',*,*,#5983,.F.);
#13538=ORIENTED_EDGE('',*,*,#5978,.F.);
#13539=ORIENTED_EDGE('',*,*,#5973,.F.);
#13540=ORIENTED_EDGE('',*,*,#5968,.F.);
#13541=ORIENTED_EDGE('',*,*,#5963,.F.);
#13542=ORIENTED_EDGE('',*,*,#5958,.F.);
#13543=ORIENTED_EDGE('',*,*,#5953,.F.);
#13544=ORIENTED_EDGE('',*,*,#5948,.F.);
#13545=ORIENTED_EDGE('',*,*,#5943,.F.);
#13546=ORIENTED_EDGE('',*,*,#5938,.F.);
#13547=ORIENTED_EDGE('',*,*,#5933,.F.);
#13548=ORIENTED_EDGE('',*,*,#5928,.F.);
#13549=ORIENTED_EDGE('',*,*,#5923,.F.);
#13550=ORIENTED_EDGE('',*,*,#5918,.F.);
#13551=ORIENTED_EDGE('',*,*,#5913,.F.);
#13552=ORIENTED_EDGE('',*,*,#5908,.F.);
#13553=ORIENTED_EDGE('',*,*,#5903,.F.);
#13554=ORIENTED_EDGE('',*,*,#5898,.F.);
#13555=ORIENTED_EDGE('',*,*,#5893,.F.);
#13556=ORIENTED_EDGE('',*,*,#5888,.F.);
#13557=ORIENTED_EDGE('',*,*,#5883,.F.);
#13558=ORIENTED_EDGE('',*,*,#5878,.F.);
#13559=ORIENTED_EDGE('',*,*,#5873,.F.);
#13560=ORIENTED_EDGE('',*,*,#5868,.F.);
#13561=ORIENTED_EDGE('',*,*,#5863,.F.);
#13562=ORIENTED_EDGE('',*,*,#5858,.F.);
#13563=ORIENTED_EDGE('',*,*,#5853,.F.);
#13564=ORIENTED_EDGE('',*,*,#5848,.F.);
#13565=ORIENTED_EDGE('',*,*,#5843,.F.);
#13566=ORIENTED_EDGE('',*,*,#5838,.F.);
#13567=ORIENTED_EDGE('',*,*,#5833,.F.);
#13568=ORIENTED_EDGE('',*,*,#5828,.F.);
#13569=ORIENTED_EDGE('',*,*,#5823,.F.);
#13570=ORIENTED_EDGE('',*,*,#5818,.F.);
#13571=ORIENTED_EDGE('',*,*,#5813,.F.);
#13572=ORIENTED_EDGE('',*,*,#5808,.F.);
#13573=ORIENTED_EDGE('',*,*,#5803,.F.);
#13574=ORIENTED_EDGE('',*,*,#5798,.F.);
#13575=ORIENTED_EDGE('',*,*,#5793,.F.);
#13576=ORIENTED_EDGE('',*,*,#5788,.F.);
#13577=ORIENTED_EDGE('',*,*,#5783,.F.);
#13578=ORIENTED_EDGE('',*,*,#5778,.F.);
#13579=ORIENTED_EDGE('',*,*,#5773,.F.);
#13580=ORIENTED_EDGE('',*,*,#5768,.F.);
#13581=ORIENTED_EDGE('',*,*,#5763,.F.);
#13582=ORIENTED_EDGE('',*,*,#5758,.F.);
#13583=ORIENTED_EDGE('',*,*,#5753,.F.);
#13584=ORIENTED_EDGE('',*,*,#5748,.F.);
#13585=ORIENTED_EDGE('',*,*,#5743,.F.);
#13586=ORIENTED_EDGE('',*,*,#5738,.F.);
#13587=ORIENTED_EDGE('',*,*,#5733,.F.);
#13588=ORIENTED_EDGE('',*,*,#5728,.F.);
#13589=ORIENTED_EDGE('',*,*,#5723,.F.);
#13590=ORIENTED_EDGE('',*,*,#5718,.F.);
#13591=ORIENTED_EDGE('',*,*,#5713,.F.);
#13592=ORIENTED_EDGE('',*,*,#5708,.F.);
#13593=ORIENTED_EDGE('',*,*,#5703,.F.);
#13594=ORIENTED_EDGE('',*,*,#5698,.F.);
#13595=ORIENTED_EDGE('',*,*,#5693,.F.);
#13596=ORIENTED_EDGE('',*,*,#5688,.F.);
#13597=ORIENTED_EDGE('',*,*,#5683,.F.);
#13598=ORIENTED_EDGE('',*,*,#5678,.F.);
#13599=ORIENTED_EDGE('',*,*,#5673,.F.);
#13600=ORIENTED_EDGE('',*,*,#5668,.F.);
#13601=ORIENTED_EDGE('',*,*,#5663,.F.);
#13602=ORIENTED_EDGE('',*,*,#5658,.F.);
#13603=ORIENTED_EDGE('',*,*,#5653,.F.);
#13604=ORIENTED_EDGE('',*,*,#5648,.F.);
#13605=ORIENTED_EDGE('',*,*,#5643,.F.);
#13606=ORIENTED_EDGE('',*,*,#5638,.F.);
#13607=ORIENTED_EDGE('',*,*,#5633,.F.);
#13608=ORIENTED_EDGE('',*,*,#5628,.F.);
#13609=ORIENTED_EDGE('',*,*,#5623,.F.);
#13610=ORIENTED_EDGE('',*,*,#5618,.F.);
#13611=ORIENTED_EDGE('',*,*,#5613,.F.);
#13612=ORIENTED_EDGE('',*,*,#5608,.F.);
#13613=ORIENTED_EDGE('',*,*,#5603,.F.);
#13614=ORIENTED_EDGE('',*,*,#5598,.F.);
#13615=ORIENTED_EDGE('',*,*,#5593,.F.);
#13616=ORIENTED_EDGE('',*,*,#5588,.F.);
#13617=ORIENTED_EDGE('',*,*,#5583,.F.);
#13618=ORIENTED_EDGE('',*,*,#5578,.F.);
#13619=ORIENTED_EDGE('',*,*,#5573,.F.);
#13620=ORIENTED_EDGE('',*,*,#5568,.F.);
#13621=ORIENTED_EDGE('',*,*,#5563,.F.);
#13622=ORIENTED_EDGE('',*,*,#5558,.F.);
#13623=EDGE_LOOP('',(#13327,#13328,#13329,#13330,#13331,#13332,#13333,#13334,#13335,#13336,#13337,#13338,#13339,#13340,#13341,#13342,#13343,#13344,#13345,#13346,#13347,#13348,#13349,#13350,#13351,#13352,#13353,#13354,#13355,#13356,#13357,#13358,#13359,#13360,#13361,#13362,#13363,#13364,#13365,#13366,#13367,#13368,#13369,#13370,#13371,#13372,#13373,#13374,#13375,#13376,#13377,#13378,#13379,#13380,#13381,#13382,#13383,#13384,#13385,#13386,#13387,#13388,#13389,#13390,#13391,#13392,#13393,#13394,#13395,#13396,#13397,#13398,#13399,#13400,#13401,#13402,#13403,#13404,#13405,#13406,#13407,#13408,#13409,#13410,#13411,#13412,#13413,#13414,#13415,#13416,#13417,#13418,#13419,#13420,#13421,#13422,#13423,#13424,#13425,#13426,#13427,#13428,#13429,#13430,#13431,#13432,#13433,#13434,#13435,#13436,#13437,#13438,#13439,#13440,#13441,#13442,#13443,#13444,#13445,#13446,#13447,#13448,#13449,#13450,#13451,#13452,#13453,#13454,#13455,#13456,#13457,#13458,#13459,#13460,#13461,#13462,#13463,#13464,#13465,#13466,#13467,#13468,#13469,#13470,#13471,#13472,#13473,#13474,#13475,#13476,#13477,#13478,#13479,#13480,#13481,#13482,#13483,#13484,#13485,#13486,#13487,#13488,#13489,#13490,#13491,#13492,#13493,#13494,#13495,#13496,#13497,#13498,#13499,#13500,#13501,#13502,#13503,#13504,#13505,#13506,#13507,#13508,#13509,#13510,#13511,#13512,#13513,#13514,#13515,#13516,#13517,#13518,#13519,#13520,#13521,#13522,#13523,#13524,#13525,#13526,#13527,#13528,#13529,#13530,#13531,#13532,#13533,#13534,#13535,#13536,#13537,#13538,#13539,#13540,#13541,#13542,#13543,#13544,#13545,#13546,#13547,#13548,#13549,#13550,#13551,#13552,#13553,#13554,#13555,#13556,#13557,#13558,#13559,#13560,#13561,#13562,#13563,#13564,#13565,#13566,#13567,#13568,#13569,#13570,#13571,#13572,#13573,#13574,#13575,#13576,#13577,#13578,#13579,#13580,#13581,#13582,#13583,#13584,#13585,#13586,#13587,#13588,#13589,#13590,#13591,#13592,#13593,#13594,#13595,#13596,#13597,#13598,#13599,#13600,#13601,#13602,#13603,#13604,#13605,#13606,#13607,#13608,#13609,#13610,#13611,#13612,#13613,#13614,#13615,#13616,#13617,#13618,#13619,#13620,#13621,#13622));
#13624=CARTESIAN_POINT('',(-0.045985271822,5.699814501786,0.485000000000));
#13625=VERTEX_POINT('',#13624);
#13626=CARTESIAN_POINT('',(-0.150382622331,5.698015888614,0.485000000000));
#13627=VERTEX_POINT('',#13626);
#13628=CIRCLE('',#10395,5.700000000000);
#13629=EDGE_CURVE('',#13625,#13627,#13628,.T.);
#13630=ORIENTED_EDGE('',*,*,#13629,.F.);
#13631=CARTESIAN_POINT('',(0.045985271822,5.699814501786,0.485000000000));
#13632=VERTEX_POINT('',#13631);
#13633=CIRCLE('',#10395,5.700000000000);
#13634=EDGE_CURVE('',#13632,#13625,#13633,.T.);
#13635=ORIENTED_EDGE('',*,*,#13634,.F.);
#13636=CARTESIAN_POINT('',(0.150382622331,5.698015888614,0.485000000000));
#13637=VERTEX_POINT('',#13636);
#13638=CIRCLE('',#10395,5.700000000000);
#13639=EDGE_CURVE('',#13637,#13632,#13638,.T.);
#13640=ORIENTED_EDGE('',*,*,#13639,.F.);
#13641=CARTESIAN_POINT('',(0.333384637899,5.690242058403,0.485000000000));
#13642=VERTEX_POINT('',#13641);
#13643=CIRCLE('',#10395,5.700000000000);
#13644=EDGE_CURVE('',#13642,#13637,#13643,.T.);
#13645=ORIENTED_EDGE('',*,*,#13644,.F.);
#13646=CARTESIAN_POINT('',(0.437558428809,5.683180678227,0.485000000000));
#13647=VERTEX_POINT('',#13646);
#13648=CIRCLE('',#10395,5.700000000000);
#13649=EDGE_CURVE('',#13647,#13642,#13648,.T.);
#13650=ORIENTED_EDGE('',*,*,#13649,.F.);
#13651=CARTESIAN_POINT('',(0.529197647517,5.675381031249,0.485000000000));
#13652=VERTEX_POINT('',#13651);
#13653=CIRCLE('',#10395,5.700000000000);
#13654=EDGE_CURVE('',#13652,#13647,#13653,.T.);
#13655=ORIENTED_EDGE('',*,*,#13654,.F.);
#13656=CARTESIAN_POINT('',(0.633066372321,5.664735383779,0.485000000000));
#13657=VERTEX_POINT('',#13656);
#13658=CIRCLE('',#10395,5.700000000000);
#13659=EDGE_CURVE('',#13657,#13652,#13658,.T.);
#13660=ORIENTED_EDGE('',*,*,#13659,.F.);
#13661=CARTESIAN_POINT('',(0.814749854173,5.641469903768,0.485000000000));
#13662=VERTEX_POINT('',#13661);
#13663=CIRCLE('',#10395,5.700000000000);
#13664=EDGE_CURVE('',#13662,#13657,#13663,.T.);
#13665=ORIENTED_EDGE('',*,*,#13664,.F.);
#13666=CARTESIAN_POINT('',(0.917949510935,5.625599407652,0.485000000000));
#13667=VERTEX_POINT('',#13666);
#13668=CIRCLE('',#10395,5.700000000000);
#13669=EDGE_CURVE('',#13667,#13662,#13668,.T.);
#13670=ORIENTED_EDGE('',*,*,#13669,.F.);
#13671=CARTESIAN_POINT('',(1.008597142034,5.610056310331,0.485000000000));
#13672=VERTEX_POINT('',#13671);
#13673=CIRCLE('',#10395,5.700000000000);
#13674=EDGE_CURVE('',#13672,#13667,#13673,.T.);
#13675=ORIENTED_EDGE('',*,*,#13674,.F.);
#13676=CARTESIAN_POINT('',(1.111188864592,5.590640330696,0.485000000000));
#13677=VERTEX_POINT('',#13676);
#13678=CIRCLE('',#10395,5.700000000000);
#13679=EDGE_CURVE('',#13677,#13672,#13678,.T.);
#13680=ORIENTED_EDGE('',*,*,#13679,.F.);
#13681=CARTESIAN_POINT('',(1.290244779079,5.552050829204,0.485000000000));
#13682=VERTEX_POINT('',#13681);
#13683=CIRCLE('',#10395,5.700000000000);
#13684=EDGE_CURVE('',#13682,#13677,#13683,.T.);
#13685=ORIENTED_EDGE('',*,*,#13684,.F.);
#13686=CARTESIAN_POINT('',(1.391726745799,5.527485564434,0.485000000000));
#13687=VERTEX_POINT('',#13686);
#13688=CIRCLE('',#10395,5.700000000000);
#13689=EDGE_CURVE('',#13687,#13682,#13688,.T.);
#13690=ORIENTED_EDGE('',*,*,#13689,.F.);
#13691=CARTESIAN_POINT('',(1.480729671031,5.504311005142,0.485000000000));
#13692=VERTEX_POINT('',#13691);
#13693=CIRCLE('',#10395,5.700000000000);
#13694=EDGE_CURVE('',#13692,#13687,#13693,.T.);
#13695=ORIENTED_EDGE('',*,*,#13694,.F.);
#13696=CARTESIAN_POINT('',(1.581305215631,5.476264585922,0.485000000000));
#13697=VERTEX_POINT('',#13696);
#13698=CIRCLE('',#10395,5.700000000000);
#13699=EDGE_CURVE('',#13697,#13692,#13698,.T.);
#13700=ORIENTED_EDGE('',*,*,#13699,.F.);
#13701=CARTESIAN_POINT('',(1.756443460785,5.422629101189,0.485000000000));
#13702=VERTEX_POINT('',#13701);
#13703=CIRCLE('',#10395,5.700000000000);
#13704=EDGE_CURVE('',#13702,#13697,#13703,.T.);
#13705=ORIENTED_EDGE('',*,*,#13704,.F.);
#13706=CARTESIAN_POINT('',(1.855476557568,5.389546061063,0.485000000000));
#13707=VERTEX_POINT('',#13706);
#13708=CIRCLE('',#10395,5.700000000000);
#13709=EDGE_CURVE('',#13707,#13702,#13708,.T.);
#13710=ORIENTED_EDGE('',*,*,#13709,.F.);
#13711=CARTESIAN_POINT('',(1.942193508818,5.358907013030,0.485000000000));
#13712=VERTEX_POINT('',#13711);
#13713=CIRCLE('',#10395,5.700000000000);
#13714=EDGE_CURVE('',#13712,#13707,#13713,.T.);
#13715=ORIENTED_EDGE('',*,*,#13714,.F.);
#13716=CARTESIAN_POINT('',(2.040028226355,5.322432229317,0.485000000000));
#13717=VERTEX_POINT('',#13716);
#13718=CIRCLE('',#10395,5.700000000000);
#13719=EDGE_CURVE('',#13717,#13712,#13718,.T.);
#13720=ORIENTED_EDGE('',*,*,#13719,.F.);
#13721=CARTESIAN_POINT('',(2.209986927107,5.254137206242,0.485000000000));
#13722=VERTEX_POINT('',#13721);
#13723=CIRCLE('',#10395,5.700000000000);
#13724=EDGE_CURVE('',#13722,#13717,#13723,.T.);
#13725=ORIENTED_EDGE('',*,*,#13724,.F.);
#13726=CARTESIAN_POINT('',(2.305857618222,5.212774754820,0.485000000000));
#13727=VERTEX_POINT('',#13726);
#13728=CIRCLE('',#10395,5.700000000000);
#13729=EDGE_CURVE('',#13727,#13722,#13728,.T.);
#13730=ORIENTED_EDGE('',*,*,#13729,.F.);
#13731=CARTESIAN_POINT('',(2.389663797868,5.174891973091,0.485000000000));
#13732=VERTEX_POINT('',#13731);
#13733=CIRCLE('',#10395,5.700000000000);
#13734=EDGE_CURVE('',#13732,#13727,#13733,.T.);
#13735=ORIENTED_EDGE('',*,*,#13734,.F.);
#13736=CARTESIAN_POINT('',(2.484052786962,5.130251626537,0.485000000000));
#13737=VERTEX_POINT('',#13736);
#13738=CIRCLE('',#10395,5.700000000000);
#13739=EDGE_CURVE('',#13737,#13732,#13738,.T.);
#13740=ORIENTED_EDGE('',*,*,#13739,.F.);
#13741=CARTESIAN_POINT('',(2.647607386978,5.047789132325,0.485000000000));
#13742=VERTEX_POINT('',#13741);
#13743=CIRCLE('',#10395,5.700000000000);
#13744=EDGE_CURVE('',#13742,#13737,#13743,.T.);
#13745=ORIENTED_EDGE('',*,*,#13744,.F.);
#13746=CARTESIAN_POINT('',(2.739624921898,4.998445287018,0.485000000000));
#13747=VERTEX_POINT('',#13746);
#13748=CIRCLE('',#10395,5.700000000000);
#13749=EDGE_CURVE('',#13747,#13742,#13748,.T.);
#13750=ORIENTED_EDGE('',*,*,#13749,.F.);
#13751=CARTESIAN_POINT('',(2.819916504495,4.953591717903,0.485000000000));
#13752=VERTEX_POINT('',#13751);
#13753=CIRCLE('',#10395,5.700000000000);
#13754=EDGE_CURVE('',#13752,#13747,#13753,.T.);
#13755=ORIENTED_EDGE('',*,*,#13754,.F.);
#13756=CARTESIAN_POINT('',(2.910179690316,4.901107443229,0.485000000000));
#13757=VERTEX_POINT('',#13756);
#13758=CIRCLE('',#10395,5.700000000000);
#13759=EDGE_CURVE('',#13757,#13752,#13758,.T.);
#13760=ORIENTED_EDGE('',*,*,#13759,.F.);
#13761=CARTESIAN_POINT('',(3.066151774955,4.805071622040,0.485000000000));
#13762=VERTEX_POINT('',#13761);
#13763=CIRCLE('',#10395,5.700000000000);
#13764=EDGE_CURVE('',#13762,#13757,#13763,.T.);
#13765=ORIENTED_EDGE('',*,*,#13764,.F.);
#13766=CARTESIAN_POINT('',(3.153653165234,4.748101906384,0.485000000000));
#13767=VERTEX_POINT('',#13766);
#13768=CIRCLE('',#10395,5.700000000000);
#13769=EDGE_CURVE('',#13767,#13762,#13768,.T.);
#13770=ORIENTED_EDGE('',*,*,#13769,.F.);
#13771=CARTESIAN_POINT('',(3.229851648090,4.696600720876,0.485000000000));
#13772=VERTEX_POINT('',#13771);
#13773=CIRCLE('',#10395,5.700000000000);
#13774=EDGE_CURVE('',#13772,#13767,#13773,.T.);
#13775=ORIENTED_EDGE('',*,*,#13774,.F.);
#13776=CARTESIAN_POINT('',(3.315338682315,4.636650668483,0.485000000000));
#13777=VERTEX_POINT('',#13776);
#13778=CIRCLE('',#10395,5.700000000000);
#13779=EDGE_CURVE('',#13777,#13772,#13778,.T.);
#13780=ORIENTED_EDGE('',*,*,#13779,.F.);
#13781=CARTESIAN_POINT('',(3.462604469134,4.527733460611,0.485000000000));
#13782=VERTEX_POINT('',#13781);
#13783=CIRCLE('',#10395,5.700000000000);
#13784=EDGE_CURVE('',#13782,#13777,#13783,.T.);
#13785=ORIENTED_EDGE('',*,*,#13784,.F.);
#13786=CARTESIAN_POINT('',(3.544959265248,4.463548342712,0.485000000000));
#13787=VERTEX_POINT('',#13786);
#13788=CIRCLE('',#10395,5.700000000000);
#13789=EDGE_CURVE('',#13787,#13782,#13788,.T.);
#13790=ORIENTED_EDGE('',*,*,#13789,.F.);
#13791=CARTESIAN_POINT('',(3.616515636548,4.405770608033,0.485000000000));
#13792=VERTEX_POINT('',#13791);
#13793=CIRCLE('',#10395,5.700000000000);
#13794=EDGE_CURVE('',#13792,#13787,#13793,.T.);
#13795=ORIENTED_EDGE('',*,*,#13794,.F.);
#13796=CARTESIAN_POINT('',(3.696610583138,4.338786719422,0.485000000000));
#13797=VERTEX_POINT('',#13796);
#13798=CIRCLE('',#10395,5.700000000000);
#13799=EDGE_CURVE('',#13797,#13792,#13798,.T.);
#13800=ORIENTED_EDGE('',*,*,#13799,.F.);
#13801=CARTESIAN_POINT('',(3.834109018767,4.217772875844,0.485000000000));
#13802=VERTEX_POINT('',#13801);
#13803=CIRCLE('',#10395,5.700000000000);
#13804=EDGE_CURVE('',#13802,#13797,#13803,.T.);
#13805=ORIENTED_EDGE('',*,*,#13804,.F.);
#13806=CARTESIAN_POINT('',(3.910723852524,4.146834810949,0.485000000000));
#13807=VERTEX_POINT('',#13806);
#13808=CIRCLE('',#10395,5.700000000000);
#13809=EDGE_CURVE('',#13807,#13802,#13808,.T.);
#13810=ORIENTED_EDGE('',*,*,#13809,.F.);
#13811=CARTESIAN_POINT('',(3.977122546972,4.083196817001,0.485000000000));
#13812=VERTEX_POINT('',#13811);
#13813=CIRCLE('',#10395,5.700000000000);
#13814=EDGE_CURVE('',#13812,#13807,#13813,.T.);
#13815=ORIENTED_EDGE('',*,*,#13814,.F.);
#13816=CARTESIAN_POINT('',(4.051248320001,4.009661712625,0.485000000000));
#13817=VERTEX_POINT('',#13816);
#13818=CIRCLE('',#10395,5.700000000000);
#13819=EDGE_CURVE('',#13817,#13812,#13818,.T.);
#13820=ORIENTED_EDGE('',*,*,#13819,.F.);
#13821=CARTESIAN_POINT('',(4.177988725061,3.877423140858,0.485000000000));
#13822=VERTEX_POINT('',#13821);
#13823=CIRCLE('',#10395,5.700000000000);
#13824=EDGE_CURVE('',#13822,#13817,#13823,.T.);
#13825=ORIENTED_EDGE('',*,*,#13824,.F.);
#13826=CARTESIAN_POINT('',(4.248311584828,3.800243239349,0.485000000000));
#13827=VERTEX_POINT('',#13826);
#13828=CIRCLE('',#10395,5.700000000000);
#13829=EDGE_CURVE('',#13827,#13822,#13828,.T.);
#13830=ORIENTED_EDGE('',*,*,#13829,.F.);
#13831=CARTESIAN_POINT('',(4.309074198310,3.731203499336,0.485000000000));
#13832=VERTEX_POINT('',#13831);
#13833=CIRCLE('',#10395,5.700000000000);
#13834=EDGE_CURVE('',#13832,#13827,#13833,.T.);
#13835=ORIENTED_EDGE('',*,*,#13834,.F.);
#13836=CARTESIAN_POINT('',(4.376696719884,3.651647001307,0.485000000000));
#13837=VERTEX_POINT('',#13836);
#13838=CIRCLE('',#10395,5.700000000000);
#13839=EDGE_CURVE('',#13837,#13832,#13838,.T.);
#13840=ORIENTED_EDGE('',*,*,#13839,.F.);
#13841=CARTESIAN_POINT('',(4.491765926853,3.509136483290,0.485000000000));
#13842=VERTEX_POINT('',#13841);
#13843=CIRCLE('',#10395,5.700000000000);
#13844=EDGE_CURVE('',#13842,#13837,#13843,.T.);
#13845=ORIENTED_EDGE('',*,*,#13844,.F.);
#13846=CARTESIAN_POINT('',(4.555290134813,3.426270828127,0.485000000000));
#13847=VERTEX_POINT('',#13846);
#13848=CIRCLE('',#10395,5.700000000000);
#13849=EDGE_CURVE('',#13847,#13842,#13848,.T.);
#13850=ORIENTED_EDGE('',*,*,#13849,.F.);
#13851=CARTESIAN_POINT('',(4.609978871307,3.352326774958,0.485000000000));
#13852=VERTEX_POINT('',#13851);
#13853=CIRCLE('',#10395,5.700000000000);
#13854=EDGE_CURVE('',#13852,#13847,#13853,.T.);
#13855=ORIENTED_EDGE('',*,*,#13854,.F.);
#13856=CARTESIAN_POINT('',(4.670610919609,3.267322089668,0.485000000000));
#13857=VERTEX_POINT('',#13856);
#13858=CIRCLE('',#10395,5.700000000000);
#13859=EDGE_CURVE('',#13857,#13852,#13858,.T.);
#13860=ORIENTED_EDGE('',*,*,#13859,.F.);
#13861=CARTESIAN_POINT('',(4.773179852214,3.115566416949,0.485000000000));
#13862=VERTEX_POINT('',#13861);
#13863=CIRCLE('',#10395,5.700000000000);
#13864=EDGE_CURVE('',#13862,#13857,#13863,.T.);
#13865=ORIENTED_EDGE('',*,*,#13864,.F.);
#13866=CARTESIAN_POINT('',(4.829447714993,3.027612057075,0.485000000000));
#13867=VERTEX_POINT('',#13866);
#13868=CIRCLE('',#10395,5.700000000000);
#13869=EDGE_CURVE('',#13867,#13862,#13868,.T.);
#13870=ORIENTED_EDGE('',*,*,#13869,.F.);
#13871=CARTESIAN_POINT('',(4.877668540899,2.949296459348,0.485000000000));
#13872=VERTEX_POINT('',#13871);
#13873=CIRCLE('',#10395,5.700000000000);
#13874=EDGE_CURVE('',#13872,#13867,#13873,.T.);
#13875=ORIENTED_EDGE('',*,*,#13874,.F.);
#13876=CARTESIAN_POINT('',(4.930873260631,2.859456047502,0.485000000000));
#13877=VERTEX_POINT('',#13876);
#13878=CIRCLE('',#10395,5.700000000000);
#13879=EDGE_CURVE('',#13877,#13872,#13878,.T.);
#13880=ORIENTED_EDGE('',*,*,#13879,.F.);
#13881=CARTESIAN_POINT('',(5.020202907362,2.699548623181,0.485000000000));
#13882=VERTEX_POINT('',#13881);
#13883=CIRCLE('',#10395,5.700000000000);
#13884=EDGE_CURVE('',#13882,#13877,#13883,.T.);
#13885=ORIENTED_EDGE('',*,*,#13884,.F.);
#13886=CARTESIAN_POINT('',(5.068809013720,2.607139271775,0.485000000000));
#13887=VERTEX_POINT('',#13886);
#13888=CIRCLE('',#10395,5.700000000000);
#13889=EDGE_CURVE('',#13887,#13882,#13888,.T.);
#13890=ORIENTED_EDGE('',*,*,#13889,.F.);
#13891=CARTESIAN_POINT('',(5.110214496882,2.525016395166,0.485000000000));
#13892=VERTEX_POINT('',#13891);
#13893=CIRCLE('',#10395,5.700000000000);
#13894=EDGE_CURVE('',#13892,#13887,#13893,.T.);
#13895=ORIENTED_EDGE('',*,*,#13894,.F.);
#13896=CARTESIAN_POINT('',(5.155608546820,2.430987558989,0.485000000000));
#13897=VERTEX_POINT('',#13896);
#13898=CIRCLE('',#10395,5.700000000000);
#13899=EDGE_CURVE('',#13897,#13892,#13898,.T.);
#13900=ORIENTED_EDGE('',*,*,#13899,.F.);
#13901=CARTESIAN_POINT('',(5.231055285525,2.264080519722,0.485000000000));
#13902=VERTEX_POINT('',#13901);
#13903=CIRCLE('',#10395,5.700000000000);
#13904=EDGE_CURVE('',#13902,#13897,#13903,.T.);
#13905=ORIENTED_EDGE('',*,*,#13904,.F.);
#13906=CARTESIAN_POINT('',(5.271649427352,2.167881988278,0.485000000000));
#13907=VERTEX_POINT('',#13906);
#13908=CIRCLE('',#10395,5.700000000000);
#13909=EDGE_CURVE('',#13907,#13902,#13908,.T.);
#13910=ORIENTED_EDGE('',*,*,#13909,.F.);
#13911=CARTESIAN_POINT('',(5.305941240315,2.082543529996,0.485000000000));
#13912=VERTEX_POINT('',#13911);
#13913=CIRCLE('',#10395,5.700000000000);
#13914=EDGE_CURVE('',#13912,#13907,#13913,.T.);
#13915=ORIENTED_EDGE('',*,*,#13914,.F.);
#13916=CARTESIAN_POINT('',(5.343197555288,1.985003749408,0.485000000000));
#13917=VERTEX_POINT('',#13916);
#13918=CIRCLE('',#10395,5.700000000000);
#13919=EDGE_CURVE('',#13917,#13912,#13918,.T.);
#13920=ORIENTED_EDGE('',*,*,#13919,.F.);
#13921=CARTESIAN_POINT('',(5.404217790486,1.812299664238,0.485000000000));
#13922=VERTEX_POINT('',#13921);
#13923=CIRCLE('',#10395,5.700000000000);
#13924=EDGE_CURVE('',#13922,#13917,#13923,.T.);
#13925=ORIENTED_EDGE('',*,*,#13924,.F.);
#13926=CARTESIAN_POINT('',(5.436507486060,1.713005065380,0.485000000000));
#13927=VERTEX_POINT('',#13926);
#13928=CIRCLE('',#10395,5.700000000000);
#13929=EDGE_CURVE('',#13927,#13922,#13928,.T.);
#13930=ORIENTED_EDGE('',*,*,#13929,.F.);
#13931=CARTESIAN_POINT('',(5.463438555526,1.625065890971,0.485000000000));
#13932=VERTEX_POINT('',#13931);
#13933=CIRCLE('',#10395,5.700000000000);
#13934=EDGE_CURVE('',#13932,#13927,#13933,.T.);
#13935=ORIENTED_EDGE('',*,*,#13934,.F.);
#13936=CARTESIAN_POINT('',(5.492288702932,1.524717942326,0.485000000000));
#13937=VERTEX_POINT('',#13936);
#13938=CIRCLE('',#10395,5.700000000000);
#13939=EDGE_CURVE('',#13937,#13932,#13938,.T.);
#13940=ORIENTED_EDGE('',*,*,#13939,.F.);
#13941=CARTESIAN_POINT('',(5.538442782429,1.347461148144,0.485000000000));
#13942=VERTEX_POINT('',#13941);
#13943=CIRCLE('',#10395,5.700000000000);
#13944=EDGE_CURVE('',#13942,#13937,#13943,.T.);
#13945=ORIENTED_EDGE('',*,*,#13944,.F.);
#13946=CARTESIAN_POINT('',(5.562195383753,1.245785901732,0.485000000000));
#13947=VERTEX_POINT('',#13946);
#13948=CIRCLE('',#10395,5.700000000000);
#13949=EDGE_CURVE('',#13947,#13942,#13948,.T.);
#13950=ORIENTED_EDGE('',*,*,#13949,.F.);
#13951=CARTESIAN_POINT('',(5.581571670749,1.155879614963,0.485000000000));
#13952=VERTEX_POINT('',#13951);
#13953=CIRCLE('',#10395,5.700000000000);
#13954=EDGE_CURVE('',#13952,#13947,#13953,.T.);
#13955=ORIENTED_EDGE('',*,*,#13954,.F.);
#13956=CARTESIAN_POINT('',(5.601807784615,1.053446507531,0.485000000000));
#13957=VERTEX_POINT('',#13956);
#13958=CIRCLE('',#10395,5.700000000000);
#13959=EDGE_CURVE('',#13957,#13952,#13958,.T.);
#13960=ORIENTED_EDGE('',*,*,#13959,.F.);
#13961=CARTESIAN_POINT('',(5.632763167212,0.872914143601,0.485000000000));
#13962=VERTEX_POINT('',#13961);
#13963=CIRCLE('',#10395,5.700000000000);
#13964=EDGE_CURVE('',#13962,#13957,#13963,.T.);
#13965=ORIENTED_EDGE('',*,*,#13964,.F.);
#13966=CARTESIAN_POINT('',(5.647807536250,0.769590822115,0.485000000000));
#13967=VERTEX_POINT('',#13966);
#13968=CIRCLE('',#10395,5.700000000000);
#13969=EDGE_CURVE('',#13967,#13962,#13968,.T.);
#13970=ORIENTED_EDGE('',*,*,#13969,.F.);
#13971=CARTESIAN_POINT('',(5.659489434184,0.678365199843,0.485000000000));
#13972=VERTEX_POINT('',#13971);
#13973=CIRCLE('',#10395,5.700000000000);
#13974=EDGE_CURVE('',#13972,#13967,#13973,.T.);
#13975=ORIENTED_EDGE('',*,*,#13974,.F.);
#13976=CARTESIAN_POINT('',(5.670965712845,0.574584966509,0.485000000000));
#13977=VERTEX_POINT('',#13976);
#13978=CIRCLE('',#10395,5.700000000000);
#13979=EDGE_CURVE('',#13977,#13972,#13978,.T.);
#13980=ORIENTED_EDGE('',*,*,#13979,.F.);
#13981=CARTESIAN_POINT('',(5.686499364301,0.392077772650,0.485000000000));
#13982=VERTEX_POINT('',#13981);
#13983=CIRCLE('',#10395,5.700000000000);
#13984=EDGE_CURVE('',#13982,#13977,#13983,.T.);
#13985=ORIENTED_EDGE('',*,*,#13984,.F.);
#13986=CARTESIAN_POINT('',(5.692727106028,0.287850822989,0.485000000000));
#13987=VERTEX_POINT('',#13986);
#13988=CIRCLE('',#10395,5.700000000000);
#13989=EDGE_CURVE('',#13987,#13982,#13988,.T.);
#13990=ORIENTED_EDGE('',*,*,#13989,.F.);
#13991=CARTESIAN_POINT('',(5.696630446559,0.195963147912,0.485000000000));
#13992=VERTEX_POINT('',#13991);
#13993=CIRCLE('',#10395,5.700000000000);
#13994=EDGE_CURVE('',#13992,#13987,#13993,.T.);
#13995=ORIENTED_EDGE('',*,*,#13994,.F.);
#13996=CARTESIAN_POINT('',(5.699264203164,0.091583527637,0.485000000000));
#13997=VERTEX_POINT('',#13996);
#13998=CIRCLE('',#10395,5.700000000000);
#13999=EDGE_CURVE('',#13997,#13992,#13998,.T.);
#14000=ORIENTED_EDGE('',*,*,#13999,.F.);
#14001=CARTESIAN_POINT('',(5.699264203164,-0.091583527637,0.485000000000));
#14002=VERTEX_POINT('',#14001);
#14003=CIRCLE('',#10395,5.700000000000);
#14004=EDGE_CURVE('',#14002,#13997,#14003,.T.);
#14005=ORIENTED_EDGE('',*,*,#14004,.F.);
#14006=CARTESIAN_POINT('',(5.696630446559,-0.195963147912,0.485000000000));
#14007=VERTEX_POINT('',#14006);
#14008=CIRCLE('',#10395,5.700000000000);
#14009=EDGE_CURVE('',#14007,#14002,#14008,.T.);
#14010=ORIENTED_EDGE('',*,*,#14009,.F.);
#14011=CARTESIAN_POINT('',(5.692727106028,-0.287850822989,0.485000000000));
#14012=VERTEX_POINT('',#14011);
#14013=CIRCLE('',#10395,5.700000000000);
#14014=EDGE_CURVE('',#14012,#14007,#14013,.T.);
#14015=ORIENTED_EDGE('',*,*,#14014,.F.);
#14016=CARTESIAN_POINT('',(5.686499364301,-0.392077772650,0.485000000000));
#14017=VERTEX_POINT('',#14016);
#14018=CIRCLE('',#10395,5.700000000000);
#14019=EDGE_CURVE('',#14017,#14012,#14018,.T.);
#14020=ORIENTED_EDGE('',*,*,#14019,.F.);
#14021=CARTESIAN_POINT('',(5.670965712845,-0.574584966509,0.485000000000));
#14022=VERTEX_POINT('',#14021);
#14023=CIRCLE('',#10395,5.700000000000);
#14024=EDGE_CURVE('',#14022,#14017,#14023,.T.);
#14025=ORIENTED_EDGE('',*,*,#14024,.F.);
#14026=CARTESIAN_POINT('',(5.659489434184,-0.678365199843,0.485000000000));
#14027=VERTEX_POINT('',#14026);
#14028=CIRCLE('',#10395,5.700000000000);
#14029=EDGE_CURVE('',#14027,#14022,#14028,.T.);
#14030=ORIENTED_EDGE('',*,*,#14029,.F.);
#14031=CARTESIAN_POINT('',(5.647807536250,-0.769590822115,0.485000000000));
#14032=VERTEX_POINT('',#14031);
#14033=CIRCLE('',#10395,5.700000000000);
#14034=EDGE_CURVE('',#14032,#14027,#14033,.T.);
#14035=ORIENTED_EDGE('',*,*,#14034,.F.);
#14036=CARTESIAN_POINT('',(5.632763167212,-0.872914143601,0.485000000000));
#14037=VERTEX_POINT('',#14036);
#14038=CIRCLE('',#10395,5.700000000000);
#14039=EDGE_CURVE('',#14037,#14032,#14038,.T.);
#14040=ORIENTED_EDGE('',*,*,#14039,.F.);
#14041=CARTESIAN_POINT('',(5.601807784615,-1.053446507531,0.485000000000));
#14042=VERTEX_POINT('',#14041);
#14043=CIRCLE('',#10395,5.700000000000);
#14044=EDGE_CURVE('',#14042,#14037,#14043,.T.);
#14045=ORIENTED_EDGE('',*,*,#14044,.F.);
#14046=CARTESIAN_POINT('',(5.581571670749,-1.155879614963,0.485000000000));
#14047=VERTEX_POINT('',#14046);
#14048=CIRCLE('',#10395,5.700000000000);
#14049=EDGE_CURVE('',#14047,#14042,#14048,.T.);
#14050=ORIENTED_EDGE('',*,*,#14049,.F.);
#14051=CARTESIAN_POINT('',(5.562195383753,-1.245785901732,0.485000000000));
#14052=VERTEX_POINT('',#14051);
#14053=CIRCLE('',#10395,5.700000000000);
#14054=EDGE_CURVE('',#14052,#14047,#14053,.T.);
#14055=ORIENTED_EDGE('',*,*,#14054,.F.);
#14056=CARTESIAN_POINT('',(5.538442782429,-1.347461148144,0.485000000000));
#14057=VERTEX_POINT('',#14056);
#14058=CIRCLE('',#10395,5.700000000000);
#14059=EDGE_CURVE('',#14057,#14052,#14058,.T.);
#14060=ORIENTED_EDGE('',*,*,#14059,.F.);
#14061=CARTESIAN_POINT('',(5.492288702932,-1.524717942326,0.485000000000));
#14062=VERTEX_POINT('',#14061);
#14063=CIRCLE('',#10395,5.700000000000);
#14064=EDGE_CURVE('',#14062,#14057,#14063,.T.);
#14065=ORIENTED_EDGE('',*,*,#14064,.F.);
#14066=CARTESIAN_POINT('',(5.463438555526,-1.625065890971,0.485000000000));
#14067=VERTEX_POINT('',#14066);
#14068=CIRCLE('',#10395,5.700000000000);
#14069=EDGE_CURVE('',#14067,#14062,#14068,.T.);
#14070=ORIENTED_EDGE('',*,*,#14069,.F.);
#14071=CARTESIAN_POINT('',(5.436507486060,-1.713005065380,0.485000000000));
#14072=VERTEX_POINT('',#14071);
#14073=CIRCLE('',#10395,5.700000000000);
#14074=EDGE_CURVE('',#14072,#14067,#14073,.T.);
#14075=ORIENTED_EDGE('',*,*,#14074,.F.);
#14076=CARTESIAN_POINT('',(5.404217790486,-1.812299664238,0.485000000000));
#14077=VERTEX_POINT('',#14076);
#14078=CIRCLE('',#10395,5.700000000000);
#14079=EDGE_CURVE('',#14077,#14072,#14078,.T.);
#14080=ORIENTED_EDGE('',*,*,#14079,.F.);
#14081=CARTESIAN_POINT('',(5.343197555288,-1.985003749408,0.485000000000));
#14082=VERTEX_POINT('',#14081);
#14083=CIRCLE('',#10395,5.700000000000);
#14084=EDGE_CURVE('',#14082,#14077,#14083,.T.);
#14085=ORIENTED_EDGE('',*,*,#14084,.F.);
#14086=CARTESIAN_POINT('',(5.305941240315,-2.082543529996,0.485000000000));
#14087=VERTEX_POINT('',#14086);
#14088=CIRCLE('',#10395,5.700000000000);
#14089=EDGE_CURVE('',#14087,#14082,#14088,.T.);
#14090=ORIENTED_EDGE('',*,*,#14089,.F.);
#14091=CARTESIAN_POINT('',(5.271649427352,-2.167881988278,0.485000000000));
#14092=VERTEX_POINT('',#14091);
#14093=CIRCLE('',#10395,5.700000000000);
#14094=EDGE_CURVE('',#14092,#14087,#14093,.T.);
#14095=ORIENTED_EDGE('',*,*,#14094,.F.);
#14096=CARTESIAN_POINT('',(5.231055285525,-2.264080519722,0.485000000000));
#14097=VERTEX_POINT('',#14096);
#14098=CIRCLE('',#10395,5.700000000000);
#14099=EDGE_CURVE('',#14097,#14092,#14098,.T.);
#14100=ORIENTED_EDGE('',*,*,#14099,.F.);
#14101=CARTESIAN_POINT('',(5.155608546820,-2.430987558989,0.485000000000));
#14102=VERTEX_POINT('',#14101);
#14103=CIRCLE('',#10395,5.700000000000);
#14104=EDGE_CURVE('',#14102,#14097,#14103,.T.);
#14105=ORIENTED_EDGE('',*,*,#14104,.F.);
#14106=CARTESIAN_POINT('',(5.110214496882,-2.525016395166,0.485000000000));
#14107=VERTEX_POINT('',#14106);
#14108=CIRCLE('',#10395,5.700000000000);
#14109=EDGE_CURVE('',#14107,#14102,#14108,.T.);
#14110=ORIENTED_EDGE('',*,*,#14109,.F.);
#14111=CARTESIAN_POINT('',(5.068809013720,-2.607139271775,0.485000000000));
#14112=VERTEX_POINT('',#14111);
#14113=CIRCLE('',#10395,5.700000000000);
#14114=EDGE_CURVE('',#14112,#14107,#14113,.T.);
#14115=ORIENTED_EDGE('',*,*,#14114,.F.);
#14116=CARTESIAN_POINT('',(5.020202907362,-2.699548623181,0.485000000000));
#14117=VERTEX_POINT('',#14116);
#14118=CIRCLE('',#10395,5.700000000000);
#14119=EDGE_CURVE('',#14117,#14112,#14118,.T.);
#14120=ORIENTED_EDGE('',*,*,#14119,.F.);
#14121=CARTESIAN_POINT('',(4.930873260631,-2.859456047502,0.485000000000));
#14122=VERTEX_POINT('',#14121);
#14123=CIRCLE('',#10395,5.700000000000);
#14124=EDGE_CURVE('',#14122,#14117,#14123,.T.);
#14125=ORIENTED_EDGE('',*,*,#14124,.F.);
#14126=CARTESIAN_POINT('',(4.877668540899,-2.949296459348,0.485000000000));
#14127=VERTEX_POINT('',#14126);
#14128=CIRCLE('',#10395,5.700000000000);
#14129=EDGE_CURVE('',#14127,#14122,#14128,.T.);
#14130=ORIENTED_EDGE('',*,*,#14129,.F.);
#14131=CARTESIAN_POINT('',(4.829447714993,-3.027612057075,0.485000000000));
#14132=VERTEX_POINT('',#14131);
#14133=CIRCLE('',#10395,5.700000000000);
#14134=EDGE_CURVE('',#14132,#14127,#14133,.T.);
#14135=ORIENTED_EDGE('',*,*,#14134,.F.);
#14136=CARTESIAN_POINT('',(4.773179852214,-3.115566416949,0.485000000000));
#14137=VERTEX_POINT('',#14136);
#14138=CIRCLE('',#10395,5.700000000000);
#14139=EDGE_CURVE('',#14137,#14132,#14138,.T.);
#14140=ORIENTED_EDGE('',*,*,#14139,.F.);
#14141=CARTESIAN_POINT('',(4.670610919609,-3.267322089668,0.485000000000));
#14142=VERTEX_POINT('',#14141);
#14143=CIRCLE('',#10395,5.700000000000);
#14144=EDGE_CURVE('',#14142,#14137,#14143,.T.);
#14145=ORIENTED_EDGE('',*,*,#14144,.F.);
#14146=CARTESIAN_POINT('',(4.609978871307,-3.352326774958,0.485000000000));
#14147=VERTEX_POINT('',#14146);
#14148=CIRCLE('',#10395,5.700000000000);
#14149=EDGE_CURVE('',#14147,#14142,#14148,.T.);
#14150=ORIENTED_EDGE('',*,*,#14149,.F.);
#14151=CARTESIAN_POINT('',(4.555290134813,-3.426270828127,0.485000000000));
#14152=VERTEX_POINT('',#14151);
#14153=CIRCLE('',#10395,5.700000000000);
#14154=EDGE_CURVE('',#14152,#14147,#14153,.T.);
#14155=ORIENTED_EDGE('',*,*,#14154,.F.);
#14156=CARTESIAN_POINT('',(4.491765926853,-3.509136483290,0.485000000000));
#14157=VERTEX_POINT('',#14156);
#14158=CIRCLE('',#10395,5.700000000000);
#14159=EDGE_CURVE('',#14157,#14152,#14158,.T.);
#14160=ORIENTED_EDGE('',*,*,#14159,.F.);
#14161=CARTESIAN_POINT('',(4.376696719884,-3.651647001307,0.485000000000));
#14162=VERTEX_POINT('',#14161);
#14163=CIRCLE('',#10395,5.700000000000);
#14164=EDGE_CURVE('',#14162,#14157,#14163,.T.);
#14165=ORIENTED_EDGE('',*,*,#14164,.F.);
#14166=CARTESIAN_POINT('',(4.309074198310,-3.731203499336,0.485000000000));
#14167=VERTEX_POINT('',#14166);
#14168=CIRCLE('',#10395,5.700000000000);
#14169=EDGE_CURVE('',#14167,#14162,#14168,.T.);
#14170=ORIENTED_EDGE('',*,*,#14169,.F.);
#14171=CARTESIAN_POINT('',(4.248311584828,-3.800243239349,0.485000000000));
#14172=VERTEX_POINT('',#14171);
#14173=CIRCLE('',#10395,5.700000000000);
#14174=EDGE_CURVE('',#14172,#14167,#14173,.T.);
#14175=ORIENTED_EDGE('',*,*,#14174,.F.);
#14176=CARTESIAN_POINT('',(4.177988725061,-3.877423140858,0.485000000000));
#14177=VERTEX_POINT('',#14176);
#14178=CIRCLE('',#10395,5.700000000000);
#14179=EDGE_CURVE('',#14177,#14172,#14178,.T.);
#14180=ORIENTED_EDGE('',*,*,#14179,.F.);
#14181=CARTESIAN_POINT('',(4.051248320001,-4.009661712625,0.485000000000));
#14182=VERTEX_POINT('',#14181);
#14183=CIRCLE('',#10395,5.700000000000);
#14184=EDGE_CURVE('',#14182,#14177,#14183,.T.);
#14185=ORIENTED_EDGE('',*,*,#14184,.F.);
#14186=CARTESIAN_POINT('',(3.977122546972,-4.083196817001,0.485000000000));
#14187=VERTEX_POINT('',#14186);
#14188=CIRCLE('',#10395,5.700000000000);
#14189=EDGE_CURVE('',#14187,#14182,#14188,.T.);
#14190=ORIENTED_EDGE('',*,*,#14189,.F.);
#14191=CARTESIAN_POINT('',(3.910723852524,-4.146834810949,0.485000000000));
#14192=VERTEX_POINT('',#14191);
#14193=CIRCLE('',#10395,5.700000000000);
#14194=EDGE_CURVE('',#14192,#14187,#14193,.T.);
#14195=ORIENTED_EDGE('',*,*,#14194,.F.);
#14196=CARTESIAN_POINT('',(3.834109018767,-4.217772875844,0.485000000000));
#14197=VERTEX_POINT('',#14196);
#14198=CIRCLE('',#10395,5.700000000000);
#14199=EDGE_CURVE('',#14197,#14192,#14198,.T.);
#14200=ORIENTED_EDGE('',*,*,#14199,.F.);
#14201=CARTESIAN_POINT('',(3.696610583138,-4.338786719422,0.485000000000));
#14202=VERTEX_POINT('',#14201);
#14203=CIRCLE('',#10395,5.700000000000);
#14204=EDGE_CURVE('',#14202,#14197,#14203,.T.);
#14205=ORIENTED_EDGE('',*,*,#14204,.F.);
#14206=CARTESIAN_POINT('',(3.616515636548,-4.405770608033,0.485000000000));
#14207=VERTEX_POINT('',#14206);
#14208=CIRCLE('',#10395,5.700000000000);
#14209=EDGE_CURVE('',#14207,#14202,#14208,.T.);
#14210=ORIENTED_EDGE('',*,*,#14209,.F.);
#14211=CARTESIAN_POINT('',(3.544959265248,-4.463548342712,0.485000000000));
#14212=VERTEX_POINT('',#14211);
#14213=CIRCLE('',#10395,5.700000000000);
#14214=EDGE_CURVE('',#14212,#14207,#14213,.T.);
#14215=ORIENTED_EDGE('',*,*,#14214,.F.);
#14216=CARTESIAN_POINT('',(3.462604469134,-4.527733460611,0.485000000000));
#14217=VERTEX_POINT('',#14216);
#14218=CIRCLE('',#10395,5.700000000000);
#14219=EDGE_CURVE('',#14217,#14212,#14218,.T.);
#14220=ORIENTED_EDGE('',*,*,#14219,.F.);
#14221=CARTESIAN_POINT('',(3.315338682315,-4.636650668483,0.485000000000));
#14222=VERTEX_POINT('',#14221);
#14223=CIRCLE('',#10395,5.700000000000);
#14224=EDGE_CURVE('',#14222,#14217,#14223,.T.);
#14225=ORIENTED_EDGE('',*,*,#14224,.F.);
#14226=CARTESIAN_POINT('',(3.229851648090,-4.696600720876,0.485000000000));
#14227=VERTEX_POINT('',#14226);
#14228=CIRCLE('',#10395,5.700000000000);
#14229=EDGE_CURVE('',#14227,#14222,#14228,.T.);
#14230=ORIENTED_EDGE('',*,*,#14229,.F.);
#14231=CARTESIAN_POINT('',(3.153653165234,-4.748101906384,0.485000000000));
#14232=VERTEX_POINT('',#14231);
#14233=CIRCLE('',#10395,5.700000000000);
#14234=EDGE_CURVE('',#14232,#14227,#14233,.T.);
#14235=ORIENTED_EDGE('',*,*,#14234,.F.);
#14236=CARTESIAN_POINT('',(3.066151774955,-4.805071622040,0.485000000000));
#14237=VERTEX_POINT('',#14236);
#14238=CIRCLE('',#10395,5.700000000000);
#14239=EDGE_CURVE('',#14237,#14232,#14238,.T.);
#14240=ORIENTED_EDGE('',*,*,#14239,.F.);
#14241=CARTESIAN_POINT('',(2.910179690316,-4.901107443229,0.485000000000));
#14242=VERTEX_POINT('',#14241);
#14243=CIRCLE('',#10395,5.700000000000);
#14244=EDGE_CURVE('',#14242,#14237,#14243,.T.);
#14245=ORIENTED_EDGE('',*,*,#14244,.F.);
#14246=CARTESIAN_POINT('',(2.819916504495,-4.953591717903,0.485000000000));
#14247=VERTEX_POINT('',#14246);
#14248=CIRCLE('',#10395,5.700000000000);
#14249=EDGE_CURVE('',#14247,#14242,#14248,.T.);
#14250=ORIENTED_EDGE('',*,*,#14249,.F.);
#14251=CARTESIAN_POINT('',(2.739624921898,-4.998445287018,0.485000000000));
#14252=VERTEX_POINT('',#14251);
#14253=CIRCLE('',#10395,5.700000000000);
#14254=EDGE_CURVE('',#14252,#14247,#14253,.T.);
#14255=ORIENTED_EDGE('',*,*,#14254,.F.);
#14256=CARTESIAN_POINT('',(2.647607386978,-5.047789132325,0.485000000000));
#14257=VERTEX_POINT('',#14256);
#14258=CIRCLE('',#10395,5.700000000000);
#14259=EDGE_CURVE('',#14257,#14252,#14258,.T.);
#14260=ORIENTED_EDGE('',*,*,#14259,.F.);
#14261=CARTESIAN_POINT('',(2.484052786962,-5.130251626537,0.485000000000));
#14262=VERTEX_POINT('',#14261);
#14263=CIRCLE('',#10395,5.700000000000);
#14264=EDGE_CURVE('',#14262,#14257,#14263,.T.);
#14265=ORIENTED_EDGE('',*,*,#14264,.F.);
#14266=CARTESIAN_POINT('',(2.389663797868,-5.174891973091,0.485000000000));
#14267=VERTEX_POINT('',#14266);
#14268=CIRCLE('',#10395,5.700000000000);
#14269=EDGE_CURVE('',#14267,#14262,#14268,.T.);
#14270=ORIENTED_EDGE('',*,*,#14269,.F.);
#14271=CARTESIAN_POINT('',(2.305857618222,-5.212774754820,0.485000000000));
#14272=VERTEX_POINT('',#14271);
#14273=CIRCLE('',#10395,5.700000000000);
#14274=EDGE_CURVE('',#14272,#14267,#14273,.T.);
#14275=ORIENTED_EDGE('',*,*,#14274,.F.);
#14276=CARTESIAN_POINT('',(2.209986927107,-5.254137206242,0.485000000000));
#14277=VERTEX_POINT('',#14276);
#14278=CIRCLE('',#10395,5.700000000000);
#14279=EDGE_CURVE('',#14277,#14272,#14278,.T.);
#14280=ORIENTED_EDGE('',*,*,#14279,.F.);
#14281=CARTESIAN_POINT('',(2.040028226355,-5.322432229317,0.485000000000));
#14282=VERTEX_POINT('',#14281);
#14283=CIRCLE('',#10395,5.700000000000);
#14284=EDGE_CURVE('',#14282,#14277,#14283,.T.);
#14285=ORIENTED_EDGE('',*,*,#14284,.F.);
#14286=CARTESIAN_POINT('',(1.942193508818,-5.358907013030,0.485000000000));
#14287=VERTEX_POINT('',#14286);
#14288=CIRCLE('',#10395,5.700000000000);
#14289=EDGE_CURVE('',#14287,#14282,#14288,.T.);
#14290=ORIENTED_EDGE('',*,*,#14289,.F.);
#14291=CARTESIAN_POINT('',(1.855476557568,-5.389546061063,0.485000000000));
#14292=VERTEX_POINT('',#14291);
#14293=CIRCLE('',#10395,5.700000000000);
#14294=EDGE_CURVE('',#14292,#14287,#14293,.T.);
#14295=ORIENTED_EDGE('',*,*,#14294,.F.);
#14296=CARTESIAN_POINT('',(1.756443460785,-5.422629101189,0.485000000000));
#14297=VERTEX_POINT('',#14296);
#14298=CIRCLE('',#10395,5.700000000000);
#14299=EDGE_CURVE('',#14297,#14292,#14298,.T.);
#14300=ORIENTED_EDGE('',*,*,#14299,.F.);
#14301=CARTESIAN_POINT('',(1.581305215631,-5.476264585922,0.485000000000));
#14302=VERTEX_POINT('',#14301);
#14303=CIRCLE('',#10395,5.700000000000);
#14304=EDGE_CURVE('',#14302,#14297,#14303,.T.);
#14305=ORIENTED_EDGE('',*,*,#14304,.F.);
#14306=CARTESIAN_POINT('',(1.480729671031,-5.504311005142,0.485000000000));
#14307=VERTEX_POINT('',#14306);
#14308=CIRCLE('',#10395,5.700000000000);
#14309=EDGE_CURVE('',#14307,#14302,#14308,.T.);
#14310=ORIENTED_EDGE('',*,*,#14309,.F.);
#14311=CARTESIAN_POINT('',(1.391726745799,-5.527485564434,0.485000000000));
#14312=VERTEX_POINT('',#14311);
#14313=CIRCLE('',#10395,5.700000000000);
#14314=EDGE_CURVE('',#14312,#14307,#14313,.T.);
#14315=ORIENTED_EDGE('',*,*,#14314,.F.);
#14316=CARTESIAN_POINT('',(1.290244779079,-5.552050829204,0.485000000000));
#14317=VERTEX_POINT('',#14316);
#14318=CIRCLE('',#10395,5.700000000000);
#14319=EDGE_CURVE('',#14317,#14312,#14318,.T.);
#14320=ORIENTED_EDGE('',*,*,#14319,.F.);
#14321=CARTESIAN_POINT('',(1.111188864592,-5.590640330696,0.485000000000));
#14322=VERTEX_POINT('',#14321);
#14323=CIRCLE('',#10395,5.700000000000);
#14324=EDGE_CURVE('',#14322,#14317,#14323,.T.);
#14325=ORIENTED_EDGE('',*,*,#14324,.F.);
#14326=CARTESIAN_POINT('',(1.008597142034,-5.610056310331,0.485000000000));
#14327=VERTEX_POINT('',#14326);
#14328=CIRCLE('',#10395,5.700000000000);
#14329=EDGE_CURVE('',#14327,#14322,#14328,.T.);
#14330=ORIENTED_EDGE('',*,*,#14329,.F.);
#14331=CARTESIAN_POINT('',(0.917949510935,-5.625599407652,0.485000000000));
#14332=VERTEX_POINT('',#14331);
#14333=CIRCLE('',#10395,5.700000000000);
#14334=EDGE_CURVE('',#14332,#14327,#14333,.T.);
#14335=ORIENTED_EDGE('',*,*,#14334,.F.);
#14336=CARTESIAN_POINT('',(0.814749854173,-5.641469903768,0.485000000000));
#14337=VERTEX_POINT('',#14336);
#14338=CIRCLE('',#10395,5.700000000000);
#14339=EDGE_CURVE('',#14337,#14332,#14338,.T.);
#14340=ORIENTED_EDGE('',*,*,#14339,.F.);
#14341=CARTESIAN_POINT('',(0.633066372321,-5.664735383779,0.485000000000));
#14342=VERTEX_POINT('',#14341);
#14343=CIRCLE('',#10395,5.700000000000);
#14344=EDGE_CURVE('',#14342,#14337,#14343,.T.);
#14345=ORIENTED_EDGE('',*,*,#14344,.F.);
#14346=CARTESIAN_POINT('',(0.529197647517,-5.675381031249,0.485000000000));
#14347=VERTEX_POINT('',#14346);
#14348=CIRCLE('',#10395,5.700000000000);
#14349=EDGE_CURVE('',#14347,#14342,#14348,.T.);
#14350=ORIENTED_EDGE('',*,*,#14349,.F.);
#14351=CARTESIAN_POINT('',(0.437558428809,-5.683180678227,0.485000000000));
#14352=VERTEX_POINT('',#14351);
#14353=CIRCLE('',#10395,5.700000000000);
#14354=EDGE_CURVE('',#14352,#14347,#14353,.T.);
#14355=ORIENTED_EDGE('',*,*,#14354,.F.);
#14356=CARTESIAN_POINT('',(0.333384637899,-5.690242058403,0.485000000000));
#14357=VERTEX_POINT('',#14356);
#14358=CIRCLE('',#10395,5.700000000000);
#14359=EDGE_CURVE('',#14357,#14352,#14358,.T.);
#14360=ORIENTED_EDGE('',*,*,#14359,.F.);
#14361=CARTESIAN_POINT('',(0.150382622331,-5.698015888614,0.485000000000));
#14362=VERTEX_POINT('',#14361);
#14363=CIRCLE('',#10395,5.700000000000);
#14364=EDGE_CURVE('',#14362,#14357,#14363,.T.);
#14365=ORIENTED_EDGE('',*,*,#14364,.F.);
#14366=CARTESIAN_POINT('',(0.045985271822,-5.699814501786,0.485000000000));
#14367=VERTEX_POINT('',#14366);
#14368=CIRCLE('',#10395,5.700000000000);
#14369=EDGE_CURVE('',#14367,#14362,#14368,.T.);
#14370=ORIENTED_EDGE('',*,*,#14369,.F.);
#14371=CARTESIAN_POINT('',(-0.045985271822,-5.699814501786,0.485000000000));
#14372=VERTEX_POINT('',#14371);
#14373=CIRCLE('',#10395,5.700000000000);
#14374=EDGE_CURVE('',#14372,#14367,#14373,.T.);
#14375=ORIENTED_EDGE('',*,*,#14374,.F.);
#14376=CARTESIAN_POINT('',(-0.150382622331,-5.698015888614,0.485000000000));
#14377=VERTEX_POINT('',#14376);
#14378=CIRCLE('',#10395,5.700000000000);
#14379=EDGE_CURVE('',#14377,#14372,#14378,.T.);
#14380=ORIENTED_EDGE('',*,*,#14379,.F.);
#14381=CARTESIAN_POINT('',(-0.333384637899,-5.690242058403,0.485000000000));
#14382=VERTEX_POINT('',#14381);
#14383=CIRCLE('',#10395,5.700000000000);
#14384=EDGE_CURVE('',#14382,#14377,#14383,.T.);
#14385=ORIENTED_EDGE('',*,*,#14384,.F.);
#14386=CARTESIAN_POINT('',(-0.437558428809,-5.683180678227,0.485000000000));
#14387=VERTEX_POINT('',#14386);
#14388=CIRCLE('',#10395,5.700000000000);
#14389=EDGE_CURVE('',#14387,#14382,#14388,.T.);
#14390=ORIENTED_EDGE('',*,*,#14389,.F.);
#14391=CARTESIAN_POINT('',(-0.529197647517,-5.675381031249,0.485000000000));
#14392=VERTEX_POINT('',#14391);
#14393=CIRCLE('',#10395,5.700000000000);
#14394=EDGE_CURVE('',#14392,#14387,#14393,.T.);
#14395=ORIENTED_EDGE('',*,*,#14394,.F.);
#14396=CARTESIAN_POINT('',(-0.633066372321,-5.664735383779,0.485000000000));
#14397=VERTEX_POINT('',#14396);
#14398=CIRCLE('',#10395,5.700000000000);
#14399=EDGE_CURVE('',#14397,#14392,#14398,.T.);
#14400=ORIENTED_EDGE('',*,*,#14399,.F.);
#14401=CARTESIAN_POINT('',(-0.814749854173,-5.641469903768,0.485000000000));
#14402=VERTEX_POINT('',#14401);
#14403=CIRCLE('',#10395,5.700000000000);
#14404=EDGE_CURVE('',#14402,#14397,#14403,.T.);
#14405=ORIENTED_EDGE('',*,*,#14404,.F.);
#14406=CARTESIAN_POINT('',(-0.917949510935,-5.625599407652,0.485000000000));
#14407=VERTEX_POINT('',#14406);
#14408=CIRCLE('',#10395,5.700000000000);
#14409=EDGE_CURVE('',#14407,#14402,#14408,.T.);
#14410=ORIENTED_EDGE('',*,*,#14409,.F.);
#14411=CARTESIAN_POINT('',(-1.008597142034,-5.610056310331,0.485000000000));
#14412=VERTEX_POINT('',#14411);
#14413=CIRCLE('',#10395,5.700000000000);
#14414=EDGE_CURVE('',#14412,#14407,#14413,.T.);
#14415=ORIENTED_EDGE('',*,*,#14414,.F.);
#14416=CARTESIAN_POINT('',(-1.111188864592,-5.590640330696,0.485000000000));
#14417=VERTEX_POINT('',#14416);
#14418=CIRCLE('',#10395,5.700000000000);
#14419=EDGE_CURVE('',#14417,#14412,#14418,.T.);
#14420=ORIENTED_EDGE('',*,*,#14419,.F.);
#14421=CARTESIAN_POINT('',(-1.290244779079,-5.552050829204,0.485000000000));
#14422=VERTEX_POINT('',#14421);
#14423=CIRCLE('',#10395,5.700000000000);
#14424=EDGE_CURVE('',#14422,#14417,#14423,.T.);
#14425=ORIENTED_EDGE('',*,*,#14424,.F.);
#14426=CARTESIAN_POINT('',(-1.391726745799,-5.527485564434,0.485000000000));
#14427=VERTEX_POINT('',#14426);
#14428=CIRCLE('',#10395,5.700000000000);
#14429=EDGE_CURVE('',#14427,#14422,#14428,.T.);
#14430=ORIENTED_EDGE('',*,*,#14429,.F.);
#14431=CARTESIAN_POINT('',(-1.480729671031,-5.504311005142,0.485000000000));
#14432=VERTEX_POINT('',#14431);
#14433=CIRCLE('',#10395,5.700000000000);
#14434=EDGE_CURVE('',#14432,#14427,#14433,.T.);
#14435=ORIENTED_EDGE('',*,*,#14434,.F.);
#14436=CARTESIAN_POINT('',(-1.581305215631,-5.476264585922,0.485000000000));
#14437=VERTEX_POINT('',#14436);
#14438=CIRCLE('',#10395,5.700000000000);
#14439=EDGE_CURVE('',#14437,#14432,#14438,.T.);
#14440=ORIENTED_EDGE('',*,*,#14439,.F.);
#14441=CARTESIAN_POINT('',(-1.756443460785,-5.422629101189,0.485000000000));
#14442=VERTEX_POINT('',#14441);
#14443=CIRCLE('',#10395,5.700000000000);
#14444=EDGE_CURVE('',#14442,#14437,#14443,.T.);
#14445=ORIENTED_EDGE('',*,*,#14444,.F.);
#14446=CARTESIAN_POINT('',(-1.855476557568,-5.389546061063,0.485000000000));
#14447=VERTEX_POINT('',#14446);
#14448=CIRCLE('',#10395,5.700000000000);
#14449=EDGE_CURVE('',#14447,#14442,#14448,.T.);
#14450=ORIENTED_EDGE('',*,*,#14449,.F.);
#14451=CARTESIAN_POINT('',(-1.942193508818,-5.358907013030,0.485000000000));
#14452=VERTEX_POINT('',#14451);
#14453=CIRCLE('',#10395,5.700000000000);
#14454=EDGE_CURVE('',#14452,#14447,#14453,.T.);
#14455=ORIENTED_EDGE('',*,*,#14454,.F.);
#14456=CARTESIAN_POINT('',(-2.040028226355,-5.322432229317,0.485000000000));
#14457=VERTEX_POINT('',#14456);
#14458=CIRCLE('',#10395,5.700000000000);
#14459=EDGE_CURVE('',#14457,#14452,#14458,.T.);
#14460=ORIENTED_EDGE('',*,*,#14459,.F.);
#14461=CARTESIAN_POINT('',(-2.209986927107,-5.254137206242,0.485000000000));
#14462=VERTEX_POINT('',#14461);
#14463=CIRCLE('',#10395,5.700000000000);
#14464=EDGE_CURVE('',#14462,#14457,#14463,.T.);
#14465=ORIENTED_EDGE('',*,*,#14464,.F.);
#14466=CARTESIAN_POINT('',(-2.305857618222,-5.212774754820,0.485000000000));
#14467=VERTEX_POINT('',#14466);
#14468=CIRCLE('',#10395,5.700000000000);
#14469=EDGE_CURVE('',#14467,#14462,#14468,.T.);
#14470=ORIENTED_EDGE('',*,*,#14469,.F.);
#14471=CARTESIAN_POINT('',(-2.389663797868,-5.174891973091,0.485000000000));
#14472=VERTEX_POINT('',#14471);
#14473=CIRCLE('',#10395,5.700000000000);
#14474=EDGE_CURVE('',#14472,#14467,#14473,.T.);
#14475=ORIENTED_EDGE('',*,*,#14474,.F.);
#14476=CARTESIAN_POINT('',(-2.484052786962,-5.130251626537,0.485000000000));
#14477=VERTEX_POINT('',#14476);
#14478=CIRCLE('',#10395,5.700000000000);
#14479=EDGE_CURVE('',#14477,#14472,#14478,.T.);
#14480=ORIENTED_EDGE('',*,*,#14479,.F.);
#14481=CARTESIAN_POINT('',(-2.647607386978,-5.047789132325,0.485000000000));
#14482=VERTEX_POINT('',#14481);
#14483=CIRCLE('',#10395,5.700000000000);
#14484=EDGE_CURVE('',#14482,#14477,#14483,.T.);
#14485=ORIENTED_EDGE('',*,*,#14484,.F.);
#14486=CARTESIAN_POINT('',(-2.739624921898,-4.998445287018,0.485000000000));
#14487=VERTEX_POINT('',#14486);
#14488=CIRCLE('',#10395,5.700000000000);
#14489=EDGE_CURVE('',#14487,#14482,#14488,.T.);
#14490=ORIENTED_EDGE('',*,*,#14489,.F.);
#14491=CARTESIAN_POINT('',(-2.819916504495,-4.953591717903,0.485000000000));
#14492=VERTEX_POINT('',#14491);
#14493=CIRCLE('',#10395,5.700000000000);
#14494=EDGE_CURVE('',#14492,#14487,#14493,.T.);
#14495=ORIENTED_EDGE('',*,*,#14494,.F.);
#14496=CARTESIAN_POINT('',(-2.910179690316,-4.901107443229,0.485000000000));
#14497=VERTEX_POINT('',#14496);
#14498=CIRCLE('',#10395,5.700000000000);
#14499=EDGE_CURVE('',#14497,#14492,#14498,.T.);
#14500=ORIENTED_EDGE('',*,*,#14499,.F.);
#14501=CARTESIAN_POINT('',(-3.066151774955,-4.805071622040,0.485000000000));
#14502=VERTEX_POINT('',#14501);
#14503=CIRCLE('',#10395,5.700000000000);
#14504=EDGE_CURVE('',#14502,#14497,#14503,.T.);
#14505=ORIENTED_EDGE('',*,*,#14504,.F.);
#14506=CARTESIAN_POINT('',(-3.153653165234,-4.748101906384,0.485000000000));
#14507=VERTEX_POINT('',#14506);
#14508=CIRCLE('',#10395,5.700000000000);
#14509=EDGE_CURVE('',#14507,#14502,#14508,.T.);
#14510=ORIENTED_EDGE('',*,*,#14509,.F.);
#14511=CARTESIAN_POINT('',(-3.229851648090,-4.696600720876,0.485000000000));
#14512=VERTEX_POINT('',#14511);
#14513=CIRCLE('',#10395,5.700000000000);
#14514=EDGE_CURVE('',#14512,#14507,#14513,.T.);
#14515=ORIENTED_EDGE('',*,*,#14514,.F.);
#14516=CARTESIAN_POINT('',(-3.315338682315,-4.636650668483,0.485000000000));
#14517=VERTEX_POINT('',#14516);
#14518=CIRCLE('',#10395,5.700000000000);
#14519=EDGE_CURVE('',#14517,#14512,#14518,.T.);
#14520=ORIENTED_EDGE('',*,*,#14519,.F.);
#14521=CARTESIAN_POINT('',(-3.462604469134,-4.527733460611,0.485000000000));
#14522=VERTEX_POINT('',#14521);
#14523=CIRCLE('',#10395,5.700000000000);
#14524=EDGE_CURVE('',#14522,#14517,#14523,.T.);
#14525=ORIENTED_EDGE('',*,*,#14524,.F.);
#14526=CARTESIAN_POINT('',(-3.544959265248,-4.463548342712,0.485000000000));
#14527=VERTEX_POINT('',#14526);
#14528=CIRCLE('',#10395,5.700000000000);
#14529=EDGE_CURVE('',#14527,#14522,#14528,.T.);
#14530=ORIENTED_EDGE('',*,*,#14529,.F.);
#14531=CARTESIAN_POINT('',(-3.616515636548,-4.405770608033,0.485000000000));
#14532=VERTEX_POINT('',#14531);
#14533=CIRCLE('',#10395,5.700000000000);
#14534=EDGE_CURVE('',#14532,#14527,#14533,.T.);
#14535=ORIENTED_EDGE('',*,*,#14534,.F.);
#14536=CARTESIAN_POINT('',(-3.696610583138,-4.338786719422,0.485000000000));
#14537=VERTEX_POINT('',#14536);
#14538=CIRCLE('',#10395,5.700000000000);
#14539=EDGE_CURVE('',#14537,#14532,#14538,.T.);
#14540=ORIENTED_EDGE('',*,*,#14539,.F.);
#14541=CARTESIAN_POINT('',(-3.834109018767,-4.217772875844,0.485000000000));
#14542=VERTEX_POINT('',#14541);
#14543=CIRCLE('',#10395,5.700000000000);
#14544=EDGE_CURVE('',#14542,#14537,#14543,.T.);
#14545=ORIENTED_EDGE('',*,*,#14544,.F.);
#14546=CARTESIAN_POINT('',(-3.910723852524,-4.146834810949,0.485000000000));
#14547=VERTEX_POINT('',#14546);
#14548=CIRCLE('',#10395,5.700000000000);
#14549=EDGE_CURVE('',#14547,#14542,#14548,.T.);
#14550=ORIENTED_EDGE('',*,*,#14549,.F.);
#14551=CARTESIAN_POINT('',(-3.977122546972,-4.083196817001,0.485000000000));
#14552=VERTEX_POINT('',#14551);
#14553=CIRCLE('',#10395,5.700000000000);
#14554=EDGE_CURVE('',#14552,#14547,#14553,.T.);
#14555=ORIENTED_EDGE('',*,*,#14554,.F.);
#14556=CARTESIAN_POINT('',(-4.051248320001,-4.009661712625,0.485000000000));
#14557=VERTEX_POINT('',#14556);
#14558=CIRCLE('',#10395,5.700000000000);
#14559=EDGE_CURVE('',#14557,#14552,#14558,.T.);
#14560=ORIENTED_EDGE('',*,*,#14559,.F.);
#14561=CARTESIAN_POINT('',(-4.177988725061,-3.877423140858,0.485000000000));
#14562=VERTEX_POINT('',#14561);
#14563=CIRCLE('',#10395,5.700000000000);
#14564=EDGE_CURVE('',#14562,#14557,#14563,.T.);
#14565=ORIENTED_EDGE('',*,*,#14564,.F.);
#14566=CARTESIAN_POINT('',(-4.248311584828,-3.800243239349,0.485000000000));
#14567=VERTEX_POINT('',#14566);
#14568=CIRCLE('',#10395,5.700000000000);
#14569=EDGE_CURVE('',#14567,#14562,#14568,.T.);
#14570=ORIENTED_EDGE('',*,*,#14569,.F.);
#14571=CARTESIAN_POINT('',(-4.309074198310,-3.731203499336,0.485000000000));
#14572=VERTEX_POINT('',#14571);
#14573=CIRCLE('',#10395,5.700000000000);
#14574=EDGE_CURVE('',#14572,#14567,#14573,.T.);
#14575=ORIENTED_EDGE('',*,*,#14574,.F.);
#14576=CARTESIAN_POINT('',(-4.376696719884,-3.651647001307,0.485000000000));
#14577=VERTEX_POINT('',#14576);
#14578=CIRCLE('',#10395,5.700000000000);
#14579=EDGE_CURVE('',#14577,#14572,#14578,.T.);
#14580=ORIENTED_EDGE('',*,*,#14579,.F.);
#14581=CARTESIAN_POINT('',(-4.491765926853,-3.509136483290,0.485000000000));
#14582=VERTEX_POINT('',#14581);
#14583=CIRCLE('',#10395,5.700000000000);
#14584=EDGE_CURVE('',#14582,#14577,#14583,.T.);
#14585=ORIENTED_EDGE('',*,*,#14584,.F.);
#14586=CARTESIAN_POINT('',(-4.555290134813,-3.426270828127,0.485000000000));
#14587=VERTEX_POINT('',#14586);
#14588=CIRCLE('',#10395,5.700000000000);
#14589=EDGE_CURVE('',#14587,#14582,#14588,.T.);
#14590=ORIENTED_EDGE('',*,*,#14589,.F.);
#14591=CARTESIAN_POINT('',(-4.609978871307,-3.352326774958,0.485000000000));
#14592=VERTEX_POINT('',#14591);
#14593=CIRCLE('',#10395,5.700000000000);
#14594=EDGE_CURVE('',#14592,#14587,#14593,.T.);
#14595=ORIENTED_EDGE('',*,*,#14594,.F.);
#14596=CARTESIAN_POINT('',(-4.670610919609,-3.267322089668,0.485000000000));
#14597=VERTEX_POINT('',#14596);
#14598=CIRCLE('',#10395,5.700000000000);
#14599=EDGE_CURVE('',#14597,#14592,#14598,.T.);
#14600=ORIENTED_EDGE('',*,*,#14599,.F.);
#14601=CARTESIAN_POINT('',(-4.773179852214,-3.115566416949,0.485000000000));
#14602=VERTEX_POINT('',#14601);
#14603=CIRCLE('',#10395,5.700000000000);
#14604=EDGE_CURVE('',#14602,#14597,#14603,.T.);
#14605=ORIENTED_EDGE('',*,*,#14604,.F.);
#14606=CARTESIAN_POINT('',(-4.829447714993,-3.027612057075,0.485000000000));
#14607=VERTEX_POINT('',#14606);
#14608=CIRCLE('',#10395,5.700000000000);
#14609=EDGE_CURVE('',#14607,#14602,#14608,.T.);
#14610=ORIENTED_EDGE('',*,*,#14609,.F.);
#14611=CARTESIAN_POINT('',(-4.877668540899,-2.949296459348,0.485000000000));
#14612=VERTEX_POINT('',#14611);
#14613=CIRCLE('',#10395,5.700000000000);
#14614=EDGE_CURVE('',#14612,#14607,#14613,.T.);
#14615=ORIENTED_EDGE('',*,*,#14614,.F.);
#14616=CARTESIAN_POINT('',(-4.930873260631,-2.859456047502,0.485000000000));
#14617=VERTEX_POINT('',#14616);
#14618=CIRCLE('',#10395,5.700000000000);
#14619=EDGE_CURVE('',#14617,#14612,#14618,.T.);
#14620=ORIENTED_EDGE('',*,*,#14619,.F.);
#14621=CARTESIAN_POINT('',(-5.020202907362,-2.699548623181,0.485000000000));
#14622=VERTEX_POINT('',#14621);
#14623=CIRCLE('',#10395,5.700000000000);
#14624=EDGE_CURVE('',#14622,#14617,#14623,.T.);
#14625=ORIENTED_EDGE('',*,*,#14624,.F.);
#14626=CARTESIAN_POINT('',(-5.068809013720,-2.607139271775,0.485000000000));
#14627=VERTEX_POINT('',#14626);
#14628=CIRCLE('',#10395,5.700000000000);
#14629=EDGE_CURVE('',#14627,#14622,#14628,.T.);
#14630=ORIENTED_EDGE('',*,*,#14629,.F.);
#14631=CARTESIAN_POINT('',(-5.110214496882,-2.525016395166,0.485000000000));
#14632=VERTEX_POINT('',#14631);
#14633=CIRCLE('',#10395,5.700000000000);
#14634=EDGE_CURVE('',#14632,#14627,#14633,.T.);
#14635=ORIENTED_EDGE('',*,*,#14634,.F.);
#14636=CARTESIAN_POINT('',(-5.155608546820,-2.430987558989,0.485000000000));
#14637=VERTEX_POINT('',#14636);
#14638=CIRCLE('',#10395,5.700000000000);
#14639=EDGE_CURVE('',#14637,#14632,#14638,.T.);
#14640=ORIENTED_EDGE('',*,*,#14639,.F.);
#14641=CARTESIAN_POINT('',(-5.231055285525,-2.264080519722,0.485000000000));
#14642=VERTEX_POINT('',#14641);
#14643=CIRCLE('',#10395,5.700000000000);
#14644=EDGE_CURVE('',#14642,#14637,#14643,.T.);
#14645=ORIENTED_EDGE('',*,*,#14644,.F.);
#14646=CARTESIAN_POINT('',(-5.271649427352,-2.167881988278,0.485000000000));
#14647=VERTEX_POINT('',#14646);
#14648=CIRCLE('',#10395,5.700000000000);
#14649=EDGE_CURVE('',#14647,#14642,#14648,.T.);
#14650=ORIENTED_EDGE('',*,*,#14649,.F.);
#14651=CARTESIAN_POINT('',(-5.305941240315,-2.082543529996,0.485000000000));
#14652=VERTEX_POINT('',#14651);
#14653=CIRCLE('',#10395,5.700000000000);
#14654=EDGE_CURVE('',#14652,#14647,#14653,.T.);
#14655=ORIENTED_EDGE('',*,*,#14654,.F.);
#14656=CARTESIAN_POINT('',(-5.343197555288,-1.985003749408,0.485000000000));
#14657=VERTEX_POINT('',#14656);
#14658=CIRCLE('',#10395,5.700000000000);
#14659=EDGE_CURVE('',#14657,#14652,#14658,.T.);
#14660=ORIENTED_EDGE('',*,*,#14659,.F.);
#14661=CARTESIAN_POINT('',(-5.404217790486,-1.812299664238,0.485000000000));
#14662=VERTEX_POINT('',#14661);
#14663=CIRCLE('',#10395,5.700000000000);
#14664=EDGE_CURVE('',#14662,#14657,#14663,.T.);
#14665=ORIENTED_EDGE('',*,*,#14664,.F.);
#14666=CARTESIAN_POINT('',(-5.436507486060,-1.713005065380,0.485000000000));
#14667=VERTEX_POINT('',#14666);
#14668=CIRCLE('',#10395,5.700000000000);
#14669=EDGE_CURVE('',#14667,#14662,#14668,.T.);
#14670=ORIENTED_EDGE('',*,*,#14669,.F.);
#14671=CARTESIAN_POINT('',(-5.463438555526,-1.625065890971,0.485000000000));
#14672=VERTEX_POINT('',#14671);
#14673=CIRCLE('',#10395,5.700000000000);
#14674=EDGE_CURVE('',#14672,#14667,#14673,.T.);
#14675=ORIENTED_EDGE('',*,*,#14674,.F.);
#14676=CARTESIAN_POINT('',(-5.492288702932,-1.524717942326,0.485000000000));
#14677=VERTEX_POINT('',#14676);
#14678=CIRCLE('',#10395,5.700000000000);
#14679=EDGE_CURVE('',#14677,#14672,#14678,.T.);
#14680=ORIENTED_EDGE('',*,*,#14679,.F.);
#14681=CARTESIAN_POINT('',(-5.538442782429,-1.347461148144,0.485000000000));
#14682=VERTEX_POINT('',#14681);
#14683=CIRCLE('',#10395,5.700000000000);
#14684=EDGE_CURVE('',#14682,#14677,#14683,.T.);
#14685=ORIENTED_EDGE('',*,*,#14684,.F.);
#14686=CARTESIAN_POINT('',(-5.562195383753,-1.245785901732,0.485000000000));
#14687=VERTEX_POINT('',#14686);
#14688=CIRCLE('',#10395,5.700000000000);
#14689=EDGE_CURVE('',#14687,#14682,#14688,.T.);
#14690=ORIENTED_EDGE('',*,*,#14689,.F.);
#14691=CARTESIAN_POINT('',(-5.581571670749,-1.155879614963,0.485000000000));
#14692=VERTEX_POINT('',#14691);
#14693=CIRCLE('',#10395,5.700000000000);
#14694=EDGE_CURVE('',#14692,#14687,#14693,.T.);
#14695=ORIENTED_EDGE('',*,*,#14694,.F.);
#14696=CARTESIAN_POINT('',(-5.601807784615,-1.053446507531,0.485000000000));
#14697=VERTEX_POINT('',#14696);
#14698=CIRCLE('',#10395,5.700000000000);
#14699=EDGE_CURVE('',#14697,#14692,#14698,.T.);
#14700=ORIENTED_EDGE('',*,*,#14699,.F.);
#14701=CARTESIAN_POINT('',(-5.632763167212,-0.872914143601,0.485000000000));
#14702=VERTEX_POINT('',#14701);
#14703=CIRCLE('',#10395,5.700000000000);
#14704=EDGE_CURVE('',#14702,#14697,#14703,.T.);
#14705=ORIENTED_EDGE('',*,*,#14704,.F.);
#14706=CARTESIAN_POINT('',(-5.647807536250,-0.769590822115,0.485000000000));
#14707=VERTEX_POINT('',#14706);
#14708=CIRCLE('',#10395,5.700000000000);
#14709=EDGE_CURVE('',#14707,#14702,#14708,.T.);
#14710=ORIENTED_EDGE('',*,*,#14709,.F.);
#14711=CARTESIAN_POINT('',(-5.659489434184,-0.678365199843,0.485000000000));
#14712=VERTEX_POINT('',#14711);
#14713=CIRCLE('',#10395,5.700000000000);
#14714=EDGE_CURVE('',#14712,#14707,#14713,.T.);
#14715=ORIENTED_EDGE('',*,*,#14714,.F.);
#14716=CARTESIAN_POINT('',(-5.670965712845,-0.574584966509,0.485000000000));
#14717=VERTEX_POINT('',#14716);
#14718=CIRCLE('',#10395,5.700000000000);
#14719=EDGE_CURVE('',#14717,#14712,#14718,.T.);
#14720=ORIENTED_EDGE('',*,*,#14719,.F.);
#14721=CARTESIAN_POINT('',(-5.686499364301,-0.392077772650,0.485000000000));
#14722=VERTEX_POINT('',#14721);
#14723=CIRCLE('',#10395,5.700000000000);
#14724=EDGE_CURVE('',#14722,#14717,#14723,.T.);
#14725=ORIENTED_EDGE('',*,*,#14724,.F.);
#14726=CARTESIAN_POINT('',(-5.692727106028,-0.287850822989,0.485000000000));
#14727=VERTEX_POINT('',#14726);
#14728=CIRCLE('',#10395,5.700000000000);
#14729=EDGE_CURVE('',#14727,#14722,#14728,.T.);
#14730=ORIENTED_EDGE('',*,*,#14729,.F.);
#14731=CARTESIAN_POINT('',(-5.696630446559,-0.195963147912,0.485000000000));
#14732=VERTEX_POINT('',#14731);
#14733=CIRCLE('',#10395,5.700000000000);
#14734=EDGE_CURVE('',#14732,#14727,#14733,.T.);
#14735=ORIENTED_EDGE('',*,*,#14734,.F.);
#14736=CARTESIAN_POINT('',(-5.699264203164,-0.091583527637,0.485000000000));
#14737=VERTEX_POINT('',#14736);
#14738=CIRCLE('',#10395,5.700000000000);
#14739=EDGE_CURVE('',#14737,#14732,#14738,.T.);
#14740=ORIENTED_EDGE('',*,*,#14739,.F.);
#14741=CARTESIAN_POINT('',(-5.699264203164,0.091583527637,0.485000000000));
#14742=VERTEX_POINT('',#14741);
#14743=CIRCLE('',#10395,5.700000000000);
#14744=EDGE_CURVE('',#14742,#14737,#14743,.T.);
#14745=ORIENTED_EDGE('',*,*,#14744,.F.);
#14746=CARTESIAN_POINT('',(-5.696630446559,0.195963147912,0.485000000000));
#14747=VERTEX_POINT('',#14746);
#14748=CIRCLE('',#10395,5.700000000000);
#14749=EDGE_CURVE('',#14747,#14742,#14748,.T.);
#14750=ORIENTED_EDGE('',*,*,#14749,.F.);
#14751=CARTESIAN_POINT('',(-5.692727106028,0.287850822989,0.485000000000));
#14752=VERTEX_POINT('',#14751);
#14753=CIRCLE('',#10395,5.700000000000);
#14754=EDGE_CURVE('',#14752,#14747,#14753,.T.);
#14755=ORIENTED_EDGE('',*,*,#14754,.F.);
#14756=CARTESIAN_POINT('',(-5.686499364301,0.392077772650,0.485000000000));
#14757=VERTEX_POINT('',#14756);
#14758=CIRCLE('',#10395,5.700000000000);
#14759=EDGE_CURVE('',#14757,#14752,#14758,.T.);
#14760=ORIENTED_EDGE('',*,*,#14759,.F.);
#14761=CARTESIAN_POINT('',(-5.670965712845,0.574584966509,0.485000000000));
#14762=VERTEX_POINT('',#14761);
#14763=CIRCLE('',#10395,5.700000000000);
#14764=EDGE_CURVE('',#14762,#14757,#14763,.T.);
#14765=ORIENTED_EDGE('',*,*,#14764,.F.);
#14766=CARTESIAN_POINT('',(-5.659489434184,0.678365199843,0.485000000000));
#14767=VERTEX_POINT('',#14766);
#14768=CIRCLE('',#10395,5.700000000000);
#14769=EDGE_CURVE('',#14767,#14762,#14768,.T.);
#14770=ORIENTED_EDGE('',*,*,#14769,.F.);
#14771=CARTESIAN_POINT('',(-5.647807536250,0.769590822115,0.485000000000));
#14772=VERTEX_POINT('',#14771);
#14773=CIRCLE('',#10395,5.700000000000);
#14774=EDGE_CURVE('',#14772,#14767,#14773,.T.);
#14775=ORIENTED_EDGE('',*,*,#14774,.F.);
#14776=CARTESIAN_POINT('',(-5.632763167212,0.872914143601,0.485000000000));
#14777=VERTEX_POINT('',#14776);
#14778=CIRCLE('',#10395,5.700000000000);
#14779=EDGE_CURVE('',#14777,#14772,#14778,.T.);
#14780=ORIENTED_EDGE('',*,*,#14779,.F.);
#14781=CARTESIAN_POINT('',(-5.601807784615,1.053446507531,0.485000000000));
#14782=VERTEX_POINT('',#14781);
#14783=CIRCLE('',#10395,5.700000000000);
#14784=EDGE_CURVE('',#14782,#14777,#14783,.T.);
#14785=ORIENTED_EDGE('',*,*,#14784,.F.);
#14786=CARTESIAN_POINT('',(-5.581571670749,1.155879614963,0.485000000000));
#14787=VERTEX_POINT('',#14786);
#14788=CIRCLE('',#10395,5.700000000000);
#14789=EDGE_CURVE('',#14787,#14782,#14788,.T.);
#14790=ORIENTED_EDGE('',*,*,#14789,.F.);
#14791=CARTESIAN_POINT('',(-5.562195383753,1.245785901732,0.485000000000));
#14792=VERTEX_POINT('',#14791);
#14793=CIRCLE('',#10395,5.700000000000);
#14794=EDGE_CURVE('',#14792,#14787,#14793,.T.);
#14795=ORIENTED_EDGE('',*,*,#14794,.F.);
#14796=CARTESIAN_POINT('',(-5.538442782429,1.347461148144,0.485000000000));
#14797=VERTEX_POINT('',#14796);
#14798=CIRCLE('',#10395,5.700000000000);
#14799=EDGE_CURVE('',#14797,#14792,#14798,.T.);
#14800=ORIENTED_EDGE('',*,*,#14799,.F.);
#14801=CARTESIAN_POINT('',(-5.492288702932,1.524717942326,0.485000000000));
#14802=VERTEX_POINT('',#14801);
#14803=CIRCLE('',#10395,5.700000000000);
#14804=EDGE_CURVE('',#14802,#14797,#14803,.T.);
#14805=ORIENTED_EDGE('',*,*,#14804,.F.);
#14806=CARTESIAN_POINT('',(-5.463438555526,1.625065890971,0.485000000000));
#14807=VERTEX_POINT('',#14806);
#14808=CIRCLE('',#10395,5.700000000000);
#14809=EDGE_CURVE('',#14807,#14802,#14808,.T.);
#14810=ORIENTED_EDGE('',*,*,#14809,.F.);
#14811=CARTESIAN_POINT('',(-5.436507486060,1.713005065380,0.485000000000));
#14812=VERTEX_POINT('',#14811);
#14813=CIRCLE('',#10395,5.700000000000);
#14814=EDGE_CURVE('',#14812,#14807,#14813,.T.);
#14815=ORIENTED_EDGE('',*,*,#14814,.F.);
#14816=CARTESIAN_POINT('',(-5.404217790486,1.812299664238,0.485000000000));
#14817=VERTEX_POINT('',#14816);
#14818=CIRCLE('',#10395,5.700000000000);
#14819=EDGE_CURVE('',#14817,#14812,#14818,.T.);
#14820=ORIENTED_EDGE('',*,*,#14819,.F.);
#14821=CARTESIAN_POINT('',(-5.343197555288,1.985003749408,0.485000000000));
#14822=VERTEX_POINT('',#14821);
#14823=CIRCLE('',#10395,5.700000000000);
#14824=EDGE_CURVE('',#14822,#14817,#14823,.T.);
#14825=ORIENTED_EDGE('',*,*,#14824,.F.);
#14826=CARTESIAN_POINT('',(-5.305941240315,2.082543529996,0.485000000000));
#14827=VERTEX_POINT('',#14826);
#14828=CIRCLE('',#10395,5.700000000000);
#14829=EDGE_CURVE('',#14827,#14822,#14828,.T.);
#14830=ORIENTED_EDGE('',*,*,#14829,.F.);
#14831=CARTESIAN_POINT('',(-5.271649427352,2.167881988278,0.485000000000));
#14832=VERTEX_POINT('',#14831);
#14833=CIRCLE('',#10395,5.700000000000);
#14834=EDGE_CURVE('',#14832,#14827,#14833,.T.);
#14835=ORIENTED_EDGE('',*,*,#14834,.F.);
#14836=CARTESIAN_POINT('',(-5.231055285525,2.264080519722,0.485000000000));
#14837=VERTEX_POINT('',#14836);
#14838=CIRCLE('',#10395,5.700000000000);
#14839=EDGE_CURVE('',#14837,#14832,#14838,.T.);
#14840=ORIENTED_EDGE('',*,*,#14839,.F.);
#14841=CARTESIAN_POINT('',(-5.155608546820,2.430987558989,0.485000000000));
#14842=VERTEX_POINT('',#14841);
#14843=CIRCLE('',#10395,5.700000000000);
#14844=EDGE_CURVE('',#14842,#14837,#14843,.T.);
#14845=ORIENTED_EDGE('',*,*,#14844,.F.);
#14846=CARTESIAN_POINT('',(-5.110214496882,2.525016395166,0.485000000000));
#14847=VERTEX_POINT('',#14846);
#14848=CIRCLE('',#10395,5.700000000000);
#14849=EDGE_CURVE('',#14847,#14842,#14848,.T.);
#14850=ORIENTED_EDGE('',*,*,#14849,.F.);
#14851=CARTESIAN_POINT('',(-5.068809013720,2.607139271775,0.485000000000));
#14852=VERTEX_POINT('',#14851);
#14853=CIRCLE('',#10395,5.700000000000);
#14854=EDGE_CURVE('',#14852,#14847,#14853,.T.);
#14855=ORIENTED_EDGE('',*,*,#14854,.F.);
#14856=CARTESIAN_POINT('',(-5.020202907362,2.699548623181,0.485000000000));
#14857=VERTEX_POINT('',#14856);
#14858=CIRCLE('',#10395,5.700000000000);
#14859=EDGE_CURVE('',#14857,#14852,#14858,.T.);
#14860=ORIENTED_EDGE('',*,*,#14859,.F.);
#14861=CARTESIAN_POINT('',(-4.930873260631,2.859456047502,0.485000000000));
#14862=VERTEX_POINT('',#14861);
#14863=CIRCLE('',#10395,5.700000000000);
#14864=EDGE_CURVE('',#14862,#14857,#14863,.T.);
#14865=ORIENTED_EDGE('',*,*,#14864,.F.);
#14866=CARTESIAN_POINT('',(-4.877668540899,2.949296459348,0.485000000000));
#14867=VERTEX_POINT('',#14866);
#14868=CIRCLE('',#10395,5.700000000000);
#14869=EDGE_CURVE('',#14867,#14862,#14868,.T.);
#14870=ORIENTED_EDGE('',*,*,#14869,.F.);
#14871=CARTESIAN_POINT('',(-4.829447714993,3.027612057075,0.485000000000));
#14872=VERTEX_POINT('',#14871);
#14873=CIRCLE('',#10395,5.700000000000);
#14874=EDGE_CURVE('',#14872,#14867,#14873,.T.);
#14875=ORIENTED_EDGE('',*,*,#14874,.F.);
#14876=CARTESIAN_POINT('',(-4.773179852214,3.115566416949,0.485000000000));
#14877=VERTEX_POINT('',#14876);
#14878=CIRCLE('',#10395,5.700000000000);
#14879=EDGE_CURVE('',#14877,#14872,#14878,.T.);
#14880=ORIENTED_EDGE('',*,*,#14879,.F.);
#14881=CARTESIAN_POINT('',(-4.670610919609,3.267322089668,0.485000000000));
#14882=VERTEX_POINT('',#14881);
#14883=CIRCLE('',#10395,5.700000000000);
#14884=EDGE_CURVE('',#14882,#14877,#14883,.T.);
#14885=ORIENTED_EDGE('',*,*,#14884,.F.);
#14886=CARTESIAN_POINT('',(-4.609978871307,3.352326774958,0.485000000000));
#14887=VERTEX_POINT('',#14886);
#14888=CIRCLE('',#10395,5.700000000000);
#14889=EDGE_CURVE('',#14887,#14882,#14888,.T.);
#14890=ORIENTED_EDGE('',*,*,#14889,.F.);
#14891=CARTESIAN_POINT('',(-4.555290134813,3.426270828127,0.485000000000));
#14892=VERTEX_POINT('',#14891);
#14893=CIRCLE('',#10395,5.700000000000);
#14894=EDGE_CURVE('',#14892,#14887,#14893,.T.);
#14895=ORIENTED_EDGE('',*,*,#14894,.F.);
#14896=CARTESIAN_POINT('',(-4.491765926853,3.509136483290,0.485000000000));
#14897=VERTEX_POINT('',#14896);
#14898=CIRCLE('',#10395,5.700000000000);
#14899=EDGE_CURVE('',#14897,#14892,#14898,.T.);
#14900=ORIENTED_EDGE('',*,*,#14899,.F.);
#14901=CARTESIAN_POINT('',(-4.376696719884,3.651647001307,0.485000000000));
#14902=VERTEX_POINT('',#14901);
#14903=CIRCLE('',#10395,5.700000000000);
#14904=EDGE_CURVE('',#14902,#14897,#14903,.T.);
#14905=ORIENTED_EDGE('',*,*,#14904,.F.);
#14906=CARTESIAN_POINT('',(-4.309074198310,3.731203499336,0.485000000000));
#14907=VERTEX_POINT('',#14906);
#14908=CIRCLE('',#10395,5.700000000000);
#14909=EDGE_CURVE('',#14907,#14902,#14908,.T.);
#14910=ORIENTED_EDGE('',*,*,#14909,.F.);
#14911=CARTESIAN_POINT('',(-4.248311584828,3.800243239349,0.485000000000));
#14912=VERTEX_POINT('',#14911);
#14913=CIRCLE('',#10395,5.700000000000);
#14914=EDGE_CURVE('',#14912,#14907,#14913,.T.);
#14915=ORIENTED_EDGE('',*,*,#14914,.F.);
#14916=CARTESIAN_POINT('',(-4.177988725061,3.877423140858,0.485000000000));
#14917=VERTEX_POINT('',#14916);
#14918=CIRCLE('',#10395,5.700000000000);
#14919=EDGE_CURVE('',#14917,#14912,#14918,.T.);
#14920=ORIENTED_EDGE('',*,*,#14919,.F.);
#14921=CARTESIAN_POINT('',(-4.051248320001,4.009661712625,0.485000000000));
#14922=VERTEX_POINT('',#14921);
#14923=CIRCLE('',#10395,5.700000000000);
#14924=EDGE_CURVE('',#14922,#14917,#14923,.T.);
#14925=ORIENTED_EDGE('',*,*,#14924,.F.);
#14926=CARTESIAN_POINT('',(-3.977122546972,4.083196817001,0.485000000000));
#14927=VERTEX_POINT('',#14926);
#14928=CIRCLE('',#10395,5.700000000000);
#14929=EDGE_CURVE('',#14927,#14922,#14928,.T.);
#14930=ORIENTED_EDGE('',*,*,#14929,.F.);
#14931=CARTESIAN_POINT('',(-3.910723852524,4.146834810949,0.485000000000));
#14932=VERTEX_POINT('',#14931);
#14933=CIRCLE('',#10395,5.700000000000);
#14934=EDGE_CURVE('',#14932,#14927,#14933,.T.);
#14935=ORIENTED_EDGE('',*,*,#14934,.F.);
#14936=CARTESIAN_POINT('',(-3.834109018767,4.217772875844,0.485000000000));
#14937=VERTEX_POINT('',#14936);
#14938=CIRCLE('',#10395,5.700000000000);
#14939=EDGE_CURVE('',#14937,#14932,#14938,.T.);
#14940=ORIENTED_EDGE('',*,*,#14939,.F.);
#14941=CARTESIAN_POINT('',(-3.696610583138,4.338786719422,0.485000000000));
#14942=VERTEX_POINT('',#14941);
#14943=CIRCLE('',#10395,5.700000000000);
#14944=EDGE_CURVE('',#14942,#14937,#14943,.T.);
#14945=ORIENTED_EDGE('',*,*,#14944,.F.);
#14946=CARTESIAN_POINT('',(-3.616515636548,4.405770608033,0.485000000000));
#14947=VERTEX_POINT('',#14946);
#14948=CIRCLE('',#10395,5.700000000000);
#14949=EDGE_CURVE('',#14947,#14942,#14948,.T.);
#14950=ORIENTED_EDGE('',*,*,#14949,.F.);
#14951=CARTESIAN_POINT('',(-3.544959265248,4.463548342712,0.485000000000));
#14952=VERTEX_POINT('',#14951);
#14953=CIRCLE('',#10395,5.700000000000);
#14954=EDGE_CURVE('',#14952,#14947,#14953,.T.);
#14955=ORIENTED_EDGE('',*,*,#14954,.F.);
#14956=CARTESIAN_POINT('',(-3.462604469134,4.527733460611,0.485000000000));
#14957=VERTEX_POINT('',#14956);
#14958=CIRCLE('',#10395,5.700000000000);
#14959=EDGE_CURVE('',#14957,#14952,#14958,.T.);
#14960=ORIENTED_EDGE('',*,*,#14959,.F.);
#14961=CARTESIAN_POINT('',(-3.315338682315,4.636650668483,0.485000000000));
#14962=VERTEX_POINT('',#14961);
#14963=CIRCLE('',#10395,5.700000000000);
#14964=EDGE_CURVE('',#14962,#14957,#14963,.T.);
#14965=ORIENTED_EDGE('',*,*,#14964,.F.);
#14966=CARTESIAN_POINT('',(-3.229851648090,4.696600720876,0.485000000000));
#14967=VERTEX_POINT('',#14966);
#14968=CIRCLE('',#10395,5.700000000000);
#14969=EDGE_CURVE('',#14967,#14962,#14968,.T.);
#14970=ORIENTED_EDGE('',*,*,#14969,.F.);
#14971=CARTESIAN_POINT('',(-3.153653165234,4.748101906384,0.485000000000));
#14972=VERTEX_POINT('',#14971);
#14973=CIRCLE('',#10395,5.700000000000);
#14974=EDGE_CURVE('',#14972,#14967,#14973,.T.);
#14975=ORIENTED_EDGE('',*,*,#14974,.F.);
#14976=CARTESIAN_POINT('',(-3.066151774955,4.805071622040,0.485000000000));
#14977=VERTEX_POINT('',#14976);
#14978=CIRCLE('',#10395,5.700000000000);
#14979=EDGE_CURVE('',#14977,#14972,#14978,.T.);
#14980=ORIENTED_EDGE('',*,*,#14979,.F.);
#14981=CARTESIAN_POINT('',(-2.910179690316,4.901107443229,0.485000000000));
#14982=VERTEX_POINT('',#14981);
#14983=CIRCLE('',#10395,5.700000000000);
#14984=EDGE_CURVE('',#14982,#14977,#14983,.T.);
#14985=ORIENTED_EDGE('',*,*,#14984,.F.);
#14986=CARTESIAN_POINT('',(-2.819916504495,4.953591717903,0.485000000000));
#14987=VERTEX_POINT('',#14986);
#14988=CIRCLE('',#10395,5.700000000000);
#14989=EDGE_CURVE('',#14987,#14982,#14988,.T.);
#14990=ORIENTED_EDGE('',*,*,#14989,.F.);
#14991=CARTESIAN_POINT('',(-2.739624921898,4.998445287018,0.485000000000));
#14992=VERTEX_POINT('',#14991);
#14993=CIRCLE('',#10395,5.700000000000);
#14994=EDGE_CURVE('',#14992,#14987,#14993,.T.);
#14995=ORIENTED_EDGE('',*,*,#14994,.F.);
#14996=CARTESIAN_POINT('',(-2.647607386978,5.047789132325,0.485000000000));
#14997=VERTEX_POINT('',#14996);
#14998=CIRCLE('',#10395,5.700000000000);
#14999=EDGE_CURVE('',#14997,#14992,#14998,.T.);
#15000=ORIENTED_EDGE('',*,*,#14999,.F.);
#15001=CARTESIAN_POINT('',(-2.484052786962,5.130251626537,0.485000000000));
#15002=VERTEX_POINT('',#15001);
#15003=CIRCLE('',#10395,5.700000000000);
#15004=EDGE_CURVE('',#15002,#14997,#15003,.T.);
#15005=ORIENTED_EDGE('',*,*,#15004,.F.);
#15006=CARTESIAN_POINT('',(-2.389663797868,5.174891973091,0.485000000000));
#15007=VERTEX_POINT('',#15006);
#15008=CIRCLE('',#10395,5.700000000000);
#15009=EDGE_CURVE('',#15007,#15002,#15008,.T.);
#15010=ORIENTED_EDGE('',*,*,#15009,.F.);
#15011=CARTESIAN_POINT('',(-2.305857618222,5.212774754820,0.485000000000));
#15012=VERTEX_POINT('',#15011);
#15013=CIRCLE('',#10395,5.700000000000);
#15014=EDGE_CURVE('',#15012,#15007,#15013,.T.);
#15015=ORIENTED_EDGE('',*,*,#15014,.F.);
#15016=CARTESIAN_POINT('',(-2.209986927107,5.254137206242,0.485000000000));
#15017=VERTEX_POINT('',#15016);
#15018=CIRCLE('',#10395,5.700000000000);
#15019=EDGE_CURVE('',#15017,#15012,#15018,.T.);
#15020=ORIENTED_EDGE('',*,*,#15019,.F.);
#15021=CARTESIAN_POINT('',(-2.040028226355,5.322432229317,0.485000000000));
#15022=VERTEX_POINT('',#15021);
#15023=CIRCLE('',#10395,5.700000000000);
#15024=EDGE_CURVE('',#15022,#15017,#15023,.T.);
#15025=ORIENTED_EDGE('',*,*,#15024,.F.);
#15026=CARTESIAN_POINT('',(-1.942193508818,5.358907013030,0.485000000000));
#15027=VERTEX_POINT('',#15026);
#15028=CIRCLE('',#10395,5.700000000000);
#15029=EDGE_CURVE('',#15027,#15022,#15028,.T.);
#15030=ORIENTED_EDGE('',*,*,#15029,.F.);
#15031=CARTESIAN_POINT('',(-1.855476557568,5.389546061063,0.485000000000));
#15032=VERTEX_POINT('',#15031);
#15033=CIRCLE('',#10395,5.700000000000);
#15034=EDGE_CURVE('',#15032,#15027,#15033,.T.);
#15035=ORIENTED_EDGE('',*,*,#15034,.F.);
#15036=CARTESIAN_POINT('',(-1.756443460785,5.422629101189,0.485000000000));
#15037=VERTEX_POINT('',#15036);
#15038=CIRCLE('',#10395,5.700000000000);
#15039=EDGE_CURVE('',#15037,#15032,#15038,.T.);
#15040=ORIENTED_EDGE('',*,*,#15039,.F.);
#15041=CARTESIAN_POINT('',(-1.581305215631,5.476264585922,0.485000000000));
#15042=VERTEX_POINT('',#15041);
#15043=CIRCLE('',#10395,5.700000000000);
#15044=EDGE_CURVE('',#15042,#15037,#15043,.T.);
#15045=ORIENTED_EDGE('',*,*,#15044,.F.);
#15046=CARTESIAN_POINT('',(-1.480729671031,5.504311005142,0.485000000000));
#15047=VERTEX_POINT('',#15046);
#15048=CIRCLE('',#10395,5.700000000000);
#15049=EDGE_CURVE('',#15047,#15042,#15048,.T.);
#15050=ORIENTED_EDGE('',*,*,#15049,.F.);
#15051=CARTESIAN_POINT('',(-1.391726745799,5.527485564434,0.485000000000));
#15052=VERTEX_POINT('',#15051);
#15053=CIRCLE('',#10395,5.700000000000);
#15054=EDGE_CURVE('',#15052,#15047,#15053,.T.);
#15055=ORIENTED_EDGE('',*,*,#15054,.F.);
#15056=CARTESIAN_POINT('',(-1.290244779079,5.552050829204,0.485000000000));
#15057=VERTEX_POINT('',#15056);
#15058=CIRCLE('',#10395,5.700000000000);
#15059=EDGE_CURVE('',#15057,#15052,#15058,.T.);
#15060=ORIENTED_EDGE('',*,*,#15059,.F.);
#15061=CARTESIAN_POINT('',(-1.111188864592,5.590640330696,0.485000000000));
#15062=VERTEX_POINT('',#15061);
#15063=CIRCLE('',#10395,5.700000000000);
#15064=EDGE_CURVE('',#15062,#15057,#15063,.T.);
#15065=ORIENTED_EDGE('',*,*,#15064,.F.);
#15066=CARTESIAN_POINT('',(-1.008597142034,5.610056310331,0.485000000000));
#15067=VERTEX_POINT('',#15066);
#15068=CIRCLE('',#10395,5.700000000000);
#15069=EDGE_CURVE('',#15067,#15062,#15068,.T.);
#15070=ORIENTED_EDGE('',*,*,#15069,.F.);
#15071=CARTESIAN_POINT('',(-0.917949510935,5.625599407652,0.485000000000));
#15072=VERTEX_POINT('',#15071);
#15073=CIRCLE('',#10395,5.700000000000);
#15074=EDGE_CURVE('',#15072,#15067,#15073,.T.);
#15075=ORIENTED_EDGE('',*,*,#15074,.F.);
#15076=CARTESIAN_POINT('',(-0.814749854173,5.641469903768,0.485000000000));
#15077=VERTEX_POINT('',#15076);
#15078=CIRCLE('',#10395,5.700000000000);
#15079=EDGE_CURVE('',#15077,#15072,#15078,.T.);
#15080=ORIENTED_EDGE('',*,*,#15079,.F.);
#15081=CARTESIAN_POINT('',(-0.633066372321,5.664735383779,0.485000000000));
#15082=VERTEX_POINT('',#15081);
#15083=CIRCLE('',#10395,5.700000000000);
#15084=EDGE_CURVE('',#15082,#15077,#15083,.T.);
#15085=ORIENTED_EDGE('',*,*,#15084,.F.);
#15086=CARTESIAN_POINT('',(-0.529197647517,5.675381031249,0.485000000000));
#15087=VERTEX_POINT('',#15086);
#15088=CIRCLE('',#10395,5.700000000000);
#15089=EDGE_CURVE('',#15087,#15082,#15088,.T.);
#15090=ORIENTED_EDGE('',*,*,#15089,.F.);
#15091=CARTESIAN_POINT('',(-0.437558428809,5.683180678227,0.485000000000));
#15092=VERTEX_POINT('',#15091);
#15093=CIRCLE('',#10395,5.700000000000);
#15094=EDGE_CURVE('',#15092,#15087,#15093,.T.);
#15095=ORIENTED_EDGE('',*,*,#15094,.F.);
#15096=CARTESIAN_POINT('',(-0.333384637899,5.690242058403,0.485000000000));
#15097=VERTEX_POINT('',#15096);
#15098=CIRCLE('',#10395,5.700000000000);
#15099=EDGE_CURVE('',#15097,#15092,#15098,.T.);
#15100=ORIENTED_EDGE('',*,*,#15099,.F.);
#15101=CIRCLE('',#10395,5.700000000000);
#15102=EDGE_CURVE('',#13627,#15097,#15101,.T.);
#15103=ORIENTED_EDGE('',*,*,#15102,.F.);
#15104=EDGE_LOOP('',(#13630,#13635,#13640,#13645,#13650,#13655,#13660,#13665,#13670,#13675,#13680,#13685,#13690,#13695,#13700,#13705,#13710,#13715,#13720,#13725,#13730,#13735,#13740,#13745,#13750,#13755,#13760,#13765,#13770,#13775,#13780,#13785,#13790,#13795,#13800,#13805,#13810,#13815,#13820,#13825,#13830,#13835,#13840,#13845,#13850,#13855,#13860,#13865,#13870,#13875,#13880,#13885,#13890,#13895,#13900,#13905,#13910,#13915,#13920,#13925,#13930,#13935,#13940,#13945,#13950,#13955,#13960,#13965,#13970,#13975,#13980,#13985,#13990,#13995,#14000,#14005,#14010,#14015,#14020,#14025,#14030,#14035,#14040,#14045,#14050,#14055,#14060,#14065,#14070,#14075,#14080,#14085,#14090,#14095,#14100,#14105,#14110,#14115,#14120,#14125,#14130,#14135,#14140,#14145,#14150,#14155,#14160,#14165,#14170,#14175,#14180,#14185,#14190,#14195,#14200,#14205,#14210,#14215,#14220,#14225,#14230,#14235,#14240,#14245,#14250,#14255,#14260,#14265,#14270,#14275,#14280,#14285,#14290,#14295,#14300,#14305,#14310,#14315,#14320,#14325,#14330,#14335,#14340,#14345,#14350,#14355,#14360,#14365,#14370,#14375,#14380,#14385,#14390,#14395,#14400,#14405,#14410,#14415,#14420,#14425,#14430,#14435,#14440,#14445,#14450,#14455,#14460,#14465,#14470,#14475,#14480,#14485,#14490,#14495,#14500,#14505,#14510,#14515,#14520,#14525,#14530,#14535,#14540,#14545,#14550,#14555,#14560,#14565,#14570,#14575,#14580,#14585,#14590,#14595,#14600,#14605,#14610,#14615,#14620,#14625,#14630,#14635,#14640,#14645,#14650,#14655,#14660,#14665,#14670,#14675,#14680,#14685,#14690,#14695,#14700,#14705,#14710,#14715,#14720,#14725,#14730,#14735,#14740,#14745,#14750,#14755,#14760,#14765,#14770,#14775,#14780,#14785,#14790,#14795,#14800,#14805,#14810,#14815,#14820,#14825,#14830,#14835,#14840,#14845,#14850,#14855,#14860,#14865,#14870,#14875,#14880,#14885,#14890,#14895,#14900,#14905,#14910,#14915,#14920,#14925,#14930,#14935,#14940,#14945,#14950,#14955,#14960,#14965,#14970,#14975,#14980,#14985,#14990,#14995,#15000,#15005,#15010,#15015,#15020,#15025,#15030,#15035,#15040,#15045,#15050,#15055,#15060,#15065,#15070,#15075,#15080,#15085,#15090,#15095,#15100,#15103));
#15105=FACE_BOUND('',#13029,.T.);
#15106=FACE_BOUND('',#13623,.T.);
#15107=ADVANCED_FACE('',(#15105,#15106),#11548,.T.);
#15108=FACE_BOUND('',#13326,.T.);
#15109=FACE_BOUND('',#15104,.T.);
#15110=ADVANCED_FACE('',(#15108,#15109),#11548,.T.);
#15111=PLANE('',#10395);
#15112=ORIENTED_EDGE('',*,*,#10397,.F.);
#15113=EDGE_LOOP('',(#15112));
#15114=ORIENTED_EDGE('',*,*,#13629,.T.);
#15115=ORIENTED_EDGE('',*,*,#15102,.T.);
#15116=ORIENTED_EDGE('',*,*,#15099,.T.);
#15117=ORIENTED_EDGE('',*,*,#15094,.T.);
#15118=ORIENTED_EDGE('',*,*,#15089,.T.);
#15119=ORIENTED_EDGE('',*,*,#15084,.T.);
#15120=ORIENTED_EDGE('',*,*,#15079,.T.);
#15121=ORIENTED_EDGE('',*,*,#15074,.T.);
#15122=ORIENTED_EDGE('',*,*,#15069,.T.);
#15123=ORIENTED_EDGE('',*,*,#15064,.T.);
#15124=ORIENTED_EDGE('',*,*,#15059,.T.);
#15125=ORIENTED_EDGE('',*,*,#15054,.T.);
#15126=ORIENTED_EDGE('',*,*,#15049,.T.);
#15127=ORIENTED_EDGE('',*,*,#15044,.T.);
#15128=ORIENTED_EDGE('',*,*,#15039,.T.);
#15129=ORIENTED_EDGE('',*,*,#15034,.T.);
#15130=ORIENTED_EDGE('',*,*,#15029,.T.);
#15131=ORIENTED_EDGE('',*,*,#15024,.T.);
#15132=ORIENTED_EDGE('',*,*,#15019,.T.);
#15133=ORIENTED_EDGE('',*,*,#15014,.T.);
#15134=ORIENTED_EDGE('',*,*,#15009,.T.);
#15135=ORIENTED_EDGE('',*,*,#15004,.T.);
#15136=ORIENTED_EDGE('',*,*,#14999,.T.);
#15137=ORIENTED_EDGE('',*,*,#14994,.T.);
#15138=ORIENTED_EDGE('',*,*,#14989,.T.);
#15139=ORIENTED_EDGE('',*,*,#14984,.T.);
#15140=ORIENTED_EDGE('',*,*,#14979,.T.);
#15141=ORIENTED_EDGE('',*,*,#14974,.T.);
#15142=ORIENTED_EDGE('',*,*,#14969,.T.);
#15143=ORIENTED_EDGE('',*,*,#14964,.T.);
#15144=ORIENTED_EDGE('',*,*,#14959,.T.);
#15145=ORIENTED_EDGE('',*,*,#14954,.T.);
#15146=ORIENTED_EDGE('',*,*,#14949,.T.);
#15147=ORIENTED_EDGE('',*,*,#14944,.T.);
#15148=ORIENTED_EDGE('',*,*,#14939,.T.);
#15149=ORIENTED_EDGE('',*,*,#14934,.T.);
#15150=ORIENTED_EDGE('',*,*,#14929,.T.);
#15151=ORIENTED_EDGE('',*,*,#14924,.T.);
#15152=ORIENTED_EDGE('',*,*,#14919,.T.);
#15153=ORIENTED_EDGE('',*,*,#14914,.T.);
#15154=ORIENTED_EDGE('',*,*,#14909,.T.);
#15155=ORIENTED_EDGE('',*,*,#14904,.T.);
#15156=ORIENTED_EDGE('',*,*,#14899,.T.);
#15157=ORIENTED_EDGE('',*,*,#14894,.T.);
#15158=ORIENTED_EDGE('',*,*,#14889,.T.);
#15159=ORIENTED_EDGE('',*,*,#14884,.T.);
#15160=ORIENTED_EDGE('',*,*,#14879,.T.);
#15161=ORIENTED_EDGE('',*,*,#14874,.T.);
#15162=ORIENTED_EDGE('',*,*,#14869,.T.);
#15163=ORIENTED_EDGE('',*,*,#14864,.T.);
#15164=ORIENTED_EDGE('',*,*,#14859,.T.);
#15165=ORIENTED_EDGE('',*,*,#14854,.T.);
#15166=ORIENTED_EDGE('',*,*,#14849,.T.);
#15167=ORIENTED_EDGE('',*,*,#14844,.T.);
#15168=ORIENTED_EDGE('',*,*,#14839,.T.);
#15169=ORIENTED_EDGE('',*,*,#14834,.T.);
#15170=ORIENTED_EDGE('',*,*,#14829,.T.);
#15171=ORIENTED_EDGE('',*,*,#14824,.T.);
#15172=ORIENTED_EDGE('',*,*,#14819,.T.);
#15173=ORIENTED_EDGE('',*,*,#14814,.T.);
#15174=ORIENTED_EDGE('',*,*,#14809,.T.);
#15175=ORIENTED_EDGE('',*,*,#14804,.T.);
#15176=ORIENTED_EDGE('',*,*,#14799,.T.);
#15177=ORIENTED_EDGE('',*,*,#14794,.T.);
#15178=ORIENTED_EDGE('',*,*,#14789,.T.);
#15179=ORIENTED_EDGE('',*,*,#14784,.T.);
#15180=ORIENTED_EDGE('',*,*,#14779,.T.);
#15181=ORIENTED_EDGE('',*,*,#14774,.T.);
#15182=ORIENTED_EDGE('',*,*,#14769,.T.);
#15183=ORIENTED_EDGE('',*,*,#14764,.T.);
#15184=ORIENTED_EDGE('',*,*,#14759,.T.);
#15185=ORIENTED_EDGE('',*,*,#14754,.T.);
#15186=ORIENTED_EDGE('',*,*,#14749,.T.);
#15187=ORIENTED_EDGE('',*,*,#14744,.T.);
#15188=ORIENTED_EDGE('',*,*,#14739,.T.);
#15189=ORIENTED_EDGE('',*,*,#14734,.T.);
#15190=ORIENTED_EDGE('',*,*,#14729,.T.);
#15191=ORIENTED_EDGE('',*,*,#14724,.T.);
#15192=ORIENTED_EDGE('',*,*,#14719,.T.);
#15193=ORIENTED_EDGE('',*,*,#14714,.T.);
#15194=ORIENTED_EDGE('',*,*,#14709,.T.);
#15195=ORIENTED_EDGE('',*,*,#14704,.T.);
#15196=ORIENTED_EDGE('',*,*,#14699,.T.);
#15197=ORIENTED_EDGE('',*,*,#14694,.T.);
#15198=ORIENTED_EDGE('',*,*,#14689,.T.);
#15199=ORIENTED_EDGE('',*,*,#14684,.T.);
#15200=ORIENTED_EDGE('',*,*,#14679,.T.);
#15201=ORIENTED_EDGE('',*,*,#14674,.T.);
#15202=ORIENTED_EDGE('',*,*,#14669,.T.);
#15203=ORIENTED_EDGE('',*,*,#14664,.T.);
#15204=ORIENTED_EDGE('',*,*,#14659,.T.);
#15205=ORIENTED_EDGE('',*,*,#14654,.T.);
#15206=ORIENTED_EDGE('',*,*,#14649,.T.);
#15207=ORIENTED_EDGE('',*,*,#14644,.T.);
#15208=ORIENTED_EDGE('',*,*,#14639,.T.);
#15209=ORIENTED_EDGE('',*,*,#14634,.T.);
#15210=ORIENTED_EDGE('',*,*,#14629,.T.);
#15211=ORIENTED_EDGE('',*,*,#14624,.T.);
#15212=ORIENTED_EDGE('',*,*,#14619,.T.);
#15213=ORIENTED_EDGE('',*,*,#14614,.T.);
#15214=ORIENTED_EDGE('',*,*,#14609,.T.);
#15215=ORIENTED_EDGE('',*,*,#14604,.T.);
#15216=ORIENTED_EDGE('',*,*,#14599,.T.);
#15217=ORIENTED_EDGE('',*,*,#14594,.T.);
#15218=ORIENTED_EDGE('',*,*,#14589,.T.);
#15219=ORIENTED_EDGE('',*,*,#14584,.T.);
#15220=ORIENTED_EDGE('',*,*,#14579,.T.);
#15221=ORIENTED_EDGE('',*,*,#14574,.T.);
#15222=ORIENTED_EDGE('',*,*,#14569,.T.);
#15223=ORIENTED_EDGE('',*,*,#14564,.T.);
#15224=ORIENTED_EDGE('',*,*,#14559,.T.);
#15225=ORIENTED_EDGE('',*,*,#14554,.T.);
#15226=ORIENTED_EDGE('',*,*,#14549,.T.);
#15227=ORIENTED_EDGE('',*,*,#14544,.T.);
#15228=ORIENTED_EDGE('',*,*,#14539,.T.);
#15229=ORIENTED_EDGE('',*,*,#14534,.T.);
#15230=ORIENTED_EDGE('',*,*,#14529,.T.);
#15231=ORIENTED_EDGE('',*,*,#14524,.T.);
#15232=ORIENTED_EDGE('',*,*,#14519,.T.);
#15233=ORIENTED_EDGE('',*,*,#14514,.T.);
#15234=ORIENTED_EDGE('',*,*,#14509,.T.);
#15235=ORIENTED_EDGE('',*,*,#14504,.T.);
#15236=ORIENTED_EDGE('',*,*,#14499,.T.);
#15237=ORIENTED_EDGE('',*,*,#14494,.T.);
#15238=ORIENTED_EDGE('',*,*,#14489,.T.);
#15239=ORIENTED_EDGE('',*,*,#14484,.T.);
#15240=ORIENTED_EDGE('',*,*,#14479,.T.);
#15241=ORIENTED_EDGE('',*,*,#14474,.T.);
#15242=ORIENTED_EDGE('',*,*,#14469,.T.);
#15243=ORIENTED_EDGE('',*,*,#14464,.T.);
#15244=ORIENTED_EDGE('',*,*,#14459,.T.);
#15245=ORIENTED_EDGE('',*,*,#14454,.T.);
#15246=ORIENTED_EDGE('',*,*,#14449,.T.);
#15247=ORIENTED_EDGE('',*,*,#14444,.T.);
#15248=ORIENTED_EDGE('',*,*,#14439,.T.);
#15249=ORIENTED_EDGE('',*,*,#14434,.T.);
#15250=ORIENTED_EDGE('',*,*,#14429,.T.);
#15251=ORIENTED_EDGE('',*,*,#14424,.T.);
#15252=ORIENTED_EDGE('',*,*,#14419,.T.);
#15253=ORIENTED_EDGE('',*,*,#14414,.T.);
#15254=ORIENTED_EDGE('',*,*,#14409,.T.);
#15255=ORIENTED_EDGE('',*,*,#14404,.T.);
#15256=ORIENTED_EDGE('',*,*,#14399,.T.);
#15257=ORIENTED_EDGE('',*,*,#14394,.T.);
#15258=ORIENTED_EDGE('',*,*,#14389,.T.);
#15259=ORIENTED_EDGE('',*,*,#14384,.T.);
#15260=ORIENTED_EDGE('',*,*,#14379,.T.);
#15261=ORIENTED_EDGE('',*,*,#14374,.T.);
#15262=ORIENTED_EDGE('',*,*,#14369,.T.);
#15263=ORIENTED_EDGE('',*,*,#14364,.T.);
#15264=ORIENTED_EDGE('',*,*,#14359,.T.);
#15265=ORIENTED_EDGE('',*,*,#14354,.T.);
#15266=ORIENTED_EDGE('',*,*,#14349,.T.);
#15267=ORIENTED_EDGE('',*,*,#14344,.T.);
#15268=ORIENTED_EDGE('',*,*,#14339,.T.);
#15269=ORIENTED_EDGE('',*,*,#14334,.T.);
#15270=ORIENTED_EDGE('',*,*,#14329,.T.);
#15271=ORIENTED_EDGE('',*,*,#14324,.T.);
#15272=ORIENTED_EDGE('',*,*,#14319,.T.);
#15273=ORIENTED_EDGE('',*,*,#14314,.T.);
#15274=ORIENTED_EDGE('',*,*,#14309,.T.);
#15275=ORIENTED_EDGE('',*,*,#14304,.T.);
#15276=ORIENTED_EDGE('',*,*,#14299,.T.);
#15277=ORIENTED_EDGE('',*,*,#14294,.T.);
#15278=ORIENTED_EDGE('',*,*,#14289,.T.);
#15279=ORIENTED_EDGE('',*,*,#14284,.T.);
#15280=ORIENTED_EDGE('',*,*,#14279,.T.);
#15281=ORIENTED_EDGE('',*,*,#14274,.T.);
#15282=ORIENTED_EDGE('',*,*,#14269,.T.);
#15283=ORIENTED_EDGE('',*,*,#14264,.T.);
#15284=ORIENTED_EDGE('',*,*,#14259,.T.);
#15285=ORIENTED_EDGE('',*,*,#14254,.T.);
#15286=ORIENTED_EDGE('',*,*,#14249,.T.);
#15287=ORIENTED_EDGE('',*,*,#14244,.T.);
#15288=ORIENTED_EDGE('',*,*,#14239,.T.);
#15289=ORIENTED_EDGE('',*,*,#14234,.T.);
#15290=ORIENTED_EDGE('',*,*,#14229,.T.);
#15291=ORIENTED_EDGE('',*,*,#14224,.T.);
#15292=ORIENTED_EDGE('',*,*,#14219,.T.);
#15293=ORIENTED_EDGE('',*,*,#14214,.T.);
#15294=ORIENTED_EDGE('',*,*,#14209,.T.);
#15295=ORIENTED_EDGE('',*,*,#14204,.T.);
#15296=ORIENTED_EDGE('',*,*,#14199,.T.);
#15297=ORIENTED_EDGE('',*,*,#14194,.T.);
#15298=ORIENTED_EDGE('',*,*,#14189,.T.);
#15299=ORIENTED_EDGE('',*,*,#14184,.T.);
#15300=ORIENTED_EDGE('',*,*,#14179,.T.);
#15301=ORIENTED_EDGE('',*,*,#14174,.T.);
#15302=ORIENTED_EDGE('',*,*,#14169,.T.);
#15303=ORIENTED_EDGE('',*,*,#14164,.T.);
#15304=ORIENTED_EDGE('',*,*,#14159,.T.);
#15305=ORIENTED_EDGE('',*,*,#14154,.T.);
#15306=ORIENTED_EDGE('',*,*,#14149,.T.);
#15307=ORIENTED_EDGE('',*,*,#14144,.T.);
#15308=ORIENTED_EDGE('',*,*,#14139,.T.);
#15309=ORIENTED_EDGE('',*,*,#14134,.T.);
#15310=ORIENTED_EDGE('',*,*,#14129,.T.);
#15311=ORIENTED_EDGE('',*,*,#14124,.T.);
#15312=ORIENTED_EDGE('',*,*,#14119,.T.);
#15313=ORIENTED_EDGE('',*,*,#14114,.T.);
#15314=ORIENTED_EDGE('',*,*,#14109,.T.);
#15315=ORIENTED_EDGE('',*,*,#14104,.T.);
#15316=ORIENTED_EDGE('',*,*,#14099,.T.);
#15317=ORIENTED_EDGE('',*,*,#14094,.T.);
#15318=ORIENTED_EDGE('',*,*,#14089,.T.);
#15319=ORIENTED_EDGE('',*,*,#14084,.T.);
#15320=ORIENTED_EDGE('',*,*,#14079,.T.);
#15321=ORIENTED_EDGE('',*,*,#14074,.T.);
#15322=ORIENTED_EDGE('',*,*,#14069,.T.);
#15323=ORIENTED_EDGE('',*,*,#14064,.T.);
#15324=ORIENTED_EDGE('',*,*,#14059,.T.);
#15325=ORIENTED_EDGE('',*,*,#14054,.T.);
#15326=ORIENTED_EDGE('',*,*,#14049,.T.);
#15327=ORIENTED_EDGE('',*,*,#14044,.T.);
#15328=ORIENTED_EDGE('',*,*,#14039,.T.);
#15329=ORIENTED_EDGE('',*,*,#14034,.T.);
#15330=ORIENTED_EDGE('',*,*,#14029,.T.);
#15331=ORIENTED_EDGE('',*,*,#14024,.T.);
#15332=ORIENTED_EDGE('',*,*,#14019,.T.);
#15333=ORIENTED_EDGE('',*,*,#14014,.T.);
#15334=ORIENTED_EDGE('',*,*,#14009,.T.);
#15335=ORIENTED_EDGE('',*,*,#14004,.T.);
#15336=ORIENTED_EDGE('',*,*,#13999,.T.);
#15337=ORIENTED_EDGE('',*,*,#13994,.T.);
#15338=ORIENTED_EDGE('',*,*,#13989,.T.);
#15339=ORIENTED_EDGE('',*,*,#13984,.T.);
#15340=ORIENTED_EDGE('',*,*,#13979,.T.);
#15341=ORIENTED_EDGE('',*,*,#13974,.T.);
#15342=ORIENTED_EDGE('',*,*,#13969,.T.);
#15343=ORIENTED_EDGE('',*,*,#13964,.T.);
#15344=ORIENTED_EDGE('',*,*,#13959,.T.);
#15345=ORIENTED_EDGE('',*,*,#13954,.T.);
#15346=ORIENTED_EDGE('',*,*,#13949,.T.);
#15347=ORIENTED_EDGE('',*,*,#13944,.T.);
#15348=ORIENTED_EDGE('',*,*,#13939,.T.);
#15349=ORIENTED_EDGE('',*,*,#13934,.T.);
#15350=ORIENTED_EDGE('',*,*,#13929,.T.);
#15351=ORIENTED_EDGE('',*,*,#13924,.T.);
#15352=ORIENTED_EDGE('',*,*,#13919,.T.);
#15353=ORIENTED_EDGE('',*,*,#13914,.T.);
#15354=ORIENTED_EDGE('',*,*,#13909,.T.);
#15355=ORIENTED_EDGE('',*,*,#13904,.T.);
#15356=ORIENTED_EDGE('',*,*,#13899,.T.);
#15357=ORIENTED_EDGE('',*,*,#13894,.T.);
#15358=ORIENTED_EDGE('',*,*,#13889,.T.);
#15359=ORIENTED_EDGE('',*,*,#13884,.T.);
#15360=ORIENTED_EDGE('',*,*,#13879,.T.);
#15361=ORIENTED_EDGE('',*,*,#13874,.T.);
#15362=ORIENTED_EDGE('',*,*,#13869,.T.);
#15363=ORIENTED_EDGE('',*,*,#13864,.T.);
#15364=ORIENTED_EDGE('',*,*,#13859,.T.);
#15365=ORIENTED_EDGE('',*,*,#13854,.T.);
#15366=ORIENTED_EDGE('',*,*,#13849,.T.);
#15367=ORIENTED_EDGE('',*,*,#13844,.T.);
#15368=ORIENTED_EDGE('',*,*,#13839,.T.);
#15369=ORIENTED_EDGE('',*,*,#13834,.T.);
#15370=ORIENTED_EDGE('',*,*,#13829,.T.);
#15371=ORIENTED_EDGE('',*,*,#13824,.T.);
#15372=ORIENTED_EDGE('',*,*,#13819,.T.);
#15373=ORIENTED_EDGE('',*,*,#13814,.T.);
#15374=ORIENTED_EDGE('',*,*,#13809,.T.);
#15375=ORIENTED_EDGE('',*,*,#13804,.T.);
#15376=ORIENTED_EDGE('',*,*,#13799,.T.);
#15377=ORIENTED_EDGE('',*,*,#13794,.T.);
#15378=ORIENTED_EDGE('',*,*,#13789,.T.);
#15379=ORIENTED_EDGE('',*,*,#13784,.T.);
#15380=ORIENTED_EDGE('',*,*,#13779,.T.);
#15381=ORIENTED_EDGE('',*,*,#13774,.T.);
#15382=ORIENTED_EDGE('',*,*,#13769,.T.);
#15383=ORIENTED_EDGE('',*,*,#13764,.T.);
#15384=ORIENTED_EDGE('',*,*,#13759,.T.);
#15385=ORIENTED_EDGE('',*,*,#13754,.T.);
#15386=ORIENTED_EDGE('',*,*,#13749,.T.);
#15387=ORIENTED_EDGE('',*,*,#13744,.T.);
#15388=ORIENTED_EDGE('',*,*,#13739,.T.);
#15389=ORIENTED_EDGE('',*,*,#13734,.T.);
#15390=ORIENTED_EDGE('',*,*,#13729,.T.);
#15391=ORIENTED_EDGE('',*,*,#13724,.T.);
#15392=ORIENTED_EDGE('',*,*,#13719,.T.);
#15393=ORIENTED_EDGE('',*,*,#13714,.T.);
#15394=ORIENTED_EDGE('',*,*,#13709,.T.);
#15395=ORIENTED_EDGE('',*,*,#13704,.T.);
#15396=ORIENTED_EDGE('',*,*,#13699,.T.);
#15397=ORIENTED_EDGE('',*,*,#13694,.T.);
#15398=ORIENTED_EDGE('',*,*,#13689,.T.);
#15399=ORIENTED_EDGE('',*,*,#13684,.T.);
#15400=ORIENTED_EDGE('',*,*,#13679,.T.);
#15401=ORIENTED_EDGE('',*,*,#13674,.T.);
#15402=ORIENTED_EDGE('',*,*,#13669,.T.);
#15403=ORIENTED_EDGE('',*,*,#13664,.T.);
#15404=ORIENTED_EDGE('',*,*,#13659,.T.);
#15405=ORIENTED_EDGE('',*,*,#13654,.T.);
#15406=ORIENTED_EDGE('',*,*,#13649,.T.);
#15407=ORIENTED_EDGE('',*,*,#13644,.T.);
#15408=ORIENTED_EDGE('',*,*,#13639,.T.);
#15409=ORIENTED_EDGE('',*,*,#13634,.T.);
#15410=EDGE_LOOP('',(#15114,#15115,#15116,#15117,#15118,#15119,#15120,#15121,#15122,#15123,#15124,#15125,#15126,#15127,#15128,#15129,#15130,#15131,#15132,#15133,#15134,#15135,#15136,#15137,#15138,#15139,#15140,#15141,#15142,#15143,#15144,#15145,#15146,#15147,#15148,#15149,#15150,#15151,#15152,#15153,#15154,#15155,#15156,#15157,#15158,#15159,#15160,#15161,#15162,#15163,#15164,#15165,#15166,#15167,#15168,#15169,#15170,#15171,#15172,#15173,#15174,#15175,#15176,#15177,#15178,#15179,#15180,#15181,#15182,#15183,#15184,#15185,#15186,#15187,#15188,#15189,#15190,#15191,#15192,#15193,#15194,#15195,#15196,#15197,#15198,#15199,#15200,#15201,#15202,#15203,#15204,#15205,#15206,#15207,#15208,#15209,#15210,#15211,#15212,#15213,#15214,#15215,#15216,#15217,#15218,#15219,#15220,#15221,#15222,#15223,#15224,#15225,#15226,#15227,#15228,#15229,#15230,#15231,#15232,#15233,#15234,#15235,#15236,#15237,#15238,#15239,#15240,#15241,#15242,#15243,#15244,#15245,#15246,#15247,#15248,#15249,#15250,#15251,#15252,#15253,#15254,#15255,#15256,#15257,#15258,#15259,#15260,#15261,#15262,#15263,#15264,#15265,#15266,#15267,#15268,#15269,#15270,#15271,#15272,#15273,#15274,#15275,#15276,#15277,#15278,#15279,#15280,#15281,#15282,#15283,#15284,#15285,#15286,#15287,#15288,#15289,#15290,#15291,#15292,#15293,#15294,#15295,#15296,#15297,#15298,#15299,#15300,#15301,#15302,#15303,#15304,#15305,#15306,#15307,#15308,#15309,#15310,#15311,#15312,#15313,#15314,#15315,#15316,#15317,#15318,#15319,#15320,#15321,#15322,#15323,#15324,#15325,#15326,#15327,#15328,#15329,#15330,#15331,#15332,#15333,#15334,#15335,#15336,#15337,#15338,#15339,#15340,#15341,#15342,#15343,#15344,#15345,#15346,#15347,#15348,#15349,#15350,#15351,#15352,#15353,#15354,#15355,#15356,#15357,#15358,#15359,#15360,#15361,#15362,#15363,#15364,#15365,#15366,#15367,#15368,#15369,#15370,#15371,#15372,#15373,#15374,#15375,#15376,#15377,#15378,#15379,#15380,#15381,#15382,#15383,#15384,#15385,#15386,#15387,#15388,#15389,#15390,#15391,#15392,#15393,#15394,#15395,#15396,#15397,#15398,#15399,#15400,#15401,#15402,#15403,#15404,#15405,#15406,#15407,#15408,#15409));
#15411=FACE_BOUND('',#15113,.T.);
#15412=FACE_OUTER_BOUND('',#15410,.T.);
#15413=ADVANCED_FACE('',(#15411,#15412),#15111,.T.);
#15414=AXIS2_PLACEMENT_3D('',#10402,#5544,#5545);
#15415=PLANE('',#15414);
#15416=ORIENTED_EDGE('',*,*,#10405,.T.);
#15417=EDGE_LOOP('',(#15416));
#15418=ORIENTED_EDGE('',*,*,#11554,.F.);
#15419=ORIENTED_EDGE('',*,*,#13027,.F.);
#15420=ORIENTED_EDGE('',*,*,#13024,.F.);
#15421=ORIENTED_EDGE('',*,*,#13019,.F.);
#15422=ORIENTED_EDGE('',*,*,#13014,.F.);
#15423=ORIENTED_EDGE('',*,*,#13009,.F.);
#15424=ORIENTED_EDGE('',*,*,#13004,.F.);
#15425=ORIENTED_EDGE('',*,*,#12999,.F.);
#15426=ORIENTED_EDGE('',*,*,#12994,.F.);
#15427=ORIENTED_EDGE('',*,*,#12989,.F.);
#15428=ORIENTED_EDGE('',*,*,#12984,.F.);
#15429=ORIENTED_EDGE('',*,*,#12979,.F.);
#15430=ORIENTED_EDGE('',*,*,#12974,.F.);
#15431=ORIENTED_EDGE('',*,*,#12969,.F.);
#15432=ORIENTED_EDGE('',*,*,#12964,.F.);
#15433=ORIENTED_EDGE('',*,*,#12959,.F.);
#15434=ORIENTED_EDGE('',*,*,#12954,.F.);
#15435=ORIENTED_EDGE('',*,*,#12949,.F.);
#15436=ORIENTED_EDGE('',*,*,#12944,.F.);
#15437=ORIENTED_EDGE('',*,*,#12939,.F.);
#15438=ORIENTED_EDGE('',*,*,#12934,.F.);
#15439=ORIENTED_EDGE('',*,*,#12929,.F.);
#15440=ORIENTED_EDGE('',*,*,#12924,.F.);
#15441=ORIENTED_EDGE('',*,*,#12919,.F.);
#15442=ORIENTED_EDGE('',*,*,#12914,.F.);
#15443=ORIENTED_EDGE('',*,*,#12909,.F.);
#15444=ORIENTED_EDGE('',*,*,#12904,.F.);
#15445=ORIENTED_EDGE('',*,*,#12899,.F.);
#15446=ORIENTED_EDGE('',*,*,#12894,.F.);
#15447=ORIENTED_EDGE('',*,*,#12889,.F.);
#15448=ORIENTED_EDGE('',*,*,#12884,.F.);
#15449=ORIENTED_EDGE('',*,*,#12879,.F.);
#15450=ORIENTED_EDGE('',*,*,#12874,.F.);
#15451=ORIENTED_EDGE('',*,*,#12869,.F.);
#15452=ORIENTED_EDGE('',*,*,#12864,.F.);
#15453=ORIENTED_EDGE('',*,*,#12859,.F.);
#15454=ORIENTED_EDGE('',*,*,#12854,.F.);
#15455=ORIENTED_EDGE('',*,*,#12849,.F.);
#15456=ORIENTED_EDGE('',*,*,#12844,.F.);
#15457=ORIENTED_EDGE('',*,*,#12839,.F.);
#15458=ORIENTED_EDGE('',*,*,#12834,.F.);
#15459=ORIENTED_EDGE('',*,*,#12829,.F.);
#15460=ORIENTED_EDGE('',*,*,#12824,.F.);
#15461=ORIENTED_EDGE('',*,*,#12819,.F.);
#15462=ORIENTED_EDGE('',*,*,#12814,.F.);
#15463=ORIENTED_EDGE('',*,*,#12809,.F.);
#15464=ORIENTED_EDGE('',*,*,#12804,.F.);
#15465=ORIENTED_EDGE('',*,*,#12799,.F.);
#15466=ORIENTED_EDGE('',*,*,#12794,.F.);
#15467=ORIENTED_EDGE('',*,*,#12789,.F.);
#15468=ORIENTED_EDGE('',*,*,#12784,.F.);
#15469=ORIENTED_EDGE('',*,*,#12779,.F.);
#15470=ORIENTED_EDGE('',*,*,#12774,.F.);
#15471=ORIENTED_EDGE('',*,*,#12769,.F.);
#15472=ORIENTED_EDGE('',*,*,#12764,.F.);
#15473=ORIENTED_EDGE('',*,*,#12759,.F.);
#15474=ORIENTED_EDGE('',*,*,#12754,.F.);
#15475=ORIENTED_EDGE('',*,*,#12749,.F.);
#15476=ORIENTED_EDGE('',*,*,#12744,.F.);
#15477=ORIENTED_EDGE('',*,*,#12739,.F.);
#15478=ORIENTED_EDGE('',*,*,#12734,.F.);
#15479=ORIENTED_EDGE('',*,*,#12729,.F.);
#15480=ORIENTED_EDGE('',*,*,#12724,.F.);
#15481=ORIENTED_EDGE('',*,*,#12719,.F.);
#15482=ORIENTED_EDGE('',*,*,#12714,.F.);
#15483=ORIENTED_EDGE('',*,*,#12709,.F.);
#15484=ORIENTED_EDGE('',*,*,#12704,.F.);
#15485=ORIENTED_EDGE('',*,*,#12699,.F.);
#15486=ORIENTED_EDGE('',*,*,#12694,.F.);
#15487=ORIENTED_EDGE('',*,*,#12689,.F.);
#15488=ORIENTED_EDGE('',*,*,#12684,.F.);
#15489=ORIENTED_EDGE('',*,*,#12679,.F.);
#15490=ORIENTED_EDGE('',*,*,#12674,.F.);
#15491=ORIENTED_EDGE('',*,*,#12669,.F.);
#15492=ORIENTED_EDGE('',*,*,#12664,.F.);
#15493=ORIENTED_EDGE('',*,*,#12659,.F.);
#15494=ORIENTED_EDGE('',*,*,#12654,.F.);
#15495=ORIENTED_EDGE('',*,*,#12649,.F.);
#15496=ORIENTED_EDGE('',*,*,#12644,.F.);
#15497=ORIENTED_EDGE('',*,*,#12639,.F.);
#15498=ORIENTED_EDGE('',*,*,#12634,.F.);
#15499=ORIENTED_EDGE('',*,*,#12629,.F.);
#15500=ORIENTED_EDGE('',*,*,#12624,.F.);
#15501=ORIENTED_EDGE('',*,*,#12619,.F.);
#15502=ORIENTED_EDGE('',*,*,#12614,.F.);
#15503=ORIENTED_EDGE('',*,*,#12609,.F.);
#15504=ORIENTED_EDGE('',*,*,#12604,.F.);
#15505=ORIENTED_EDGE('',*,*,#12599,.F.);
#15506=ORIENTED_EDGE('',*,*,#12594,.F.);
#15507=ORIENTED_EDGE('',*,*,#12589,.F.);
#15508=ORIENTED_EDGE('',*,*,#12584,.F.);
#15509=ORIENTED_EDGE('',*,*,#12579,.F.);
#15510=ORIENTED_EDGE('',*,*,#12574,.F.);
#15511=ORIENTED_EDGE('',*,*,#12569,.F.);
#15512=ORIENTED_EDGE('',*,*,#12564,.F.);
#15513=ORIENTED_EDGE('',*,*,#12559,.F.);
#15514=ORIENTED_EDGE('',*,*,#12554,.F.);
#15515=ORIENTED_EDGE('',*,*,#12549,.F.);
#15516=ORIENTED_EDGE('',*,*,#12544,.F.);
#15517=ORIENTED_EDGE('',*,*,#12539,.F.);
#15518=ORIENTED_EDGE('',*,*,#12534,.F.);
#15519=ORIENTED_EDGE('',*,*,#12529,.F.);
#15520=ORIENTED_EDGE('',*,*,#12524,.F.);
#15521=ORIENTED_EDGE('',*,*,#12519,.F.);
#15522=ORIENTED_EDGE('',*,*,#12514,.F.);
#15523=ORIENTED_EDGE('',*,*,#12509,.F.);
#15524=ORIENTED_EDGE('',*,*,#12504,.F.);
#15525=ORIENTED_EDGE('',*,*,#12499,.F.);
#15526=ORIENTED_EDGE('',*,*,#12494,.F.);
#15527=ORIENTED_EDGE('',*,*,#12489,.F.);
#15528=ORIENTED_EDGE('',*,*,#12484,.F.);
#15529=ORIENTED_EDGE('',*,*,#12479,.F.);
#15530=ORIENTED_EDGE('',*,*,#12474,.F.);
#15531=ORIENTED_EDGE('',*,*,#12469,.F.);
#15532=ORIENTED_EDGE('',*,*,#12464,.F.);
#15533=ORIENTED_EDGE('',*,*,#12459,.F.);
#15534=ORIENTED_EDGE('',*,*,#12454,.F.);
#15535=ORIENTED_EDGE('',*,*,#12449,.F.);
#15536=ORIENTED_EDGE('',*,*,#12444,.F.);
#15537=ORIENTED_EDGE('',*,*,#12439,.F.);
#15538=ORIENTED_EDGE('',*,*,#12434,.F.);
#15539=ORIENTED_EDGE('',*,*,#12429,.F.);
#15540=ORIENTED_EDGE('',*,*,#12424,.F.);
#15541=ORIENTED_EDGE('',*,*,#12419,.F.);
#15542=ORIENTED_EDGE('',*,*,#12414,.F.);
#15543=ORIENTED_EDGE('',*,*,#12409,.F.);
#15544=ORIENTED_EDGE('',*,*,#12404,.F.);
#15545=ORIENTED_EDGE('',*,*,#12399,.F.);
#15546=ORIENTED_EDGE('',*,*,#12394,.F.);
#15547=ORIENTED_EDGE('',*,*,#12389,.F.);
#15548=ORIENTED_EDGE('',*,*,#12384,.F.);
#15549=ORIENTED_EDGE('',*,*,#12379,.F.);
#15550=ORIENTED_EDGE('',*,*,#12374,.F.);
#15551=ORIENTED_EDGE('',*,*,#12369,.F.);
#15552=ORIENTED_EDGE('',*,*,#12364,.F.);
#15553=ORIENTED_EDGE('',*,*,#12359,.F.);
#15554=ORIENTED_EDGE('',*,*,#12354,.F.);
#15555=ORIENTED_EDGE('',*,*,#12349,.F.);
#15556=ORIENTED_EDGE('',*,*,#12344,.F.);
#15557=ORIENTED_EDGE('',*,*,#12339,.F.);
#15558=ORIENTED_EDGE('',*,*,#12334,.F.);
#15559=ORIENTED_EDGE('',*,*,#12329,.F.);
#15560=ORIENTED_EDGE('',*,*,#12324,.F.);
#15561=ORIENTED_EDGE('',*,*,#12319,.F.);
#15562=ORIENTED_EDGE('',*,*,#12314,.F.);
#15563=ORIENTED_EDGE('',*,*,#12309,.F.);
#15564=ORIENTED_EDGE('',*,*,#12304,.F.);
#15565=ORIENTED_EDGE('',*,*,#12299,.F.);
#15566=ORIENTED_EDGE('',*,*,#12294,.F.);
#15567=ORIENTED_EDGE('',*,*,#12289,.F.);
#15568=ORIENTED_EDGE('',*,*,#12284,.F.);
#15569=ORIENTED_EDGE('',*,*,#12279,.F.);
#15570=ORIENTED_EDGE('',*,*,#12274,.F.);
#15571=ORIENTED_EDGE('',*,*,#12269,.F.);
#15572=ORIENTED_EDGE('',*,*,#12264,.F.);
#15573=ORIENTED_EDGE('',*,*,#12259,.F.);
#15574=ORIENTED_EDGE('',*,*,#12254,.F.);
#15575=ORIENTED_EDGE('',*,*,#12249,.F.);
#15576=ORIENTED_EDGE('',*,*,#12244,.F.);
#15577=ORIENTED_EDGE('',*,*,#12239,.F.);
#15578=ORIENTED_EDGE('',*,*,#12234,.F.);
#15579=ORIENTED_EDGE('',*,*,#12229,.F.);
#15580=ORIENTED_EDGE('',*,*,#12224,.F.);
#15581=ORIENTED_EDGE('',*,*,#12219,.F.);
#15582=ORIENTED_EDGE('',*,*,#12214,.F.);
#15583=ORIENTED_EDGE('',*,*,#12209,.F.);
#15584=ORIENTED_EDGE('',*,*,#12204,.F.);
#15585=ORIENTED_EDGE('',*,*,#12199,.F.);
#15586=ORIENTED_EDGE('',*,*,#12194,.F.);
#15587=ORIENTED_EDGE('',*,*,#12189,.F.);
#15588=ORIENTED_EDGE('',*,*,#12184,.F.);
#15589=ORIENTED_EDGE('',*,*,#12179,.F.);
#15590=ORIENTED_EDGE('',*,*,#12174,.F.);
#15591=ORIENTED_EDGE('',*,*,#12169,.F.);
#15592=ORIENTED_EDGE('',*,*,#12164,.F.);
#15593=ORIENTED_EDGE('',*,*,#12159,.F.);
#15594=ORIENTED_EDGE('',*,*,#12154,.F.);
#15595=ORIENTED_EDGE('',*,*,#12149,.F.);
#15596=ORIENTED_EDGE('',*,*,#12144,.F.);
#15597=ORIENTED_EDGE('',*,*,#12139,.F.);
#15598=ORIENTED_EDGE('',*,*,#12134,.F.);
#15599=ORIENTED_EDGE('',*,*,#12129,.F.);
#15600=ORIENTED_EDGE('',*,*,#12124,.F.);
#15601=ORIENTED_EDGE('',*,*,#12119,.F.);
#15602=ORIENTED_EDGE('',*,*,#12114,.F.);
#15603=ORIENTED_EDGE('',*,*,#12109,.F.);
#15604=ORIENTED_EDGE('',*,*,#12104,.F.);
#15605=ORIENTED_EDGE('',*,*,#12099,.F.);
#15606=ORIENTED_EDGE('',*,*,#12094,.F.);
#15607=ORIENTED_EDGE('',*,*,#12089,.F.);
#15608=ORIENTED_EDGE('',*,*,#12084,.F.);
#15609=ORIENTED_EDGE('',*,*,#12079,.F.);
#15610=ORIENTED_EDGE('',*,*,#12074,.F.);
#15611=ORIENTED_EDGE('',*,*,#12069,.F.);
#15612=ORIENTED_EDGE('',*,*,#12064,.F.);
#15613=ORIENTED_EDGE('',*,*,#12059,.F.);
#15614=ORIENTED_EDGE('',*,*,#12054,.F.);
#15615=ORIENTED_EDGE('',*,*,#12049,.F.);
#15616=ORIENTED_EDGE('',*,*,#12044,.F.);
#15617=ORIENTED_EDGE('',*,*,#12039,.F.);
#15618=ORIENTED_EDGE('',*,*,#12034,.F.);
#15619=ORIENTED_EDGE('',*,*,#12029,.F.);
#15620=ORIENTED_EDGE('',*,*,#12024,.F.);
#15621=ORIENTED_EDGE('',*,*,#12019,.F.);
#15622=ORIENTED_EDGE('',*,*,#12014,.F.);
#15623=ORIENTED_EDGE('',*,*,#12009,.F.);
#15624=ORIENTED_EDGE('',*,*,#12004,.F.);
#15625=ORIENTED_EDGE('',*,*,#11999,.F.);
#15626=ORIENTED_EDGE('',*,*,#11994,.F.);
#15627=ORIENTED_EDGE('',*,*,#11989,.F.);
#15628=ORIENTED_EDGE('',*,*,#11984,.F.);
#15629=ORIENTED_EDGE('',*,*,#11979,.F.);
#15630=ORIENTED_EDGE('',*,*,#11974,.F.);
#15631=ORIENTED_EDGE('',*,*,#11969,.F.);
#15632=ORIENTED_EDGE('',*,*,#11964,.F.);
#15633=ORIENTED_EDGE('',*,*,#11959,.F.);
#15634=ORIENTED_EDGE('',*,*,#11954,.F.);
#15635=ORIENTED_EDGE('',*,*,#11949,.F.);
#15636=ORIENTED_EDGE('',*,*,#11944,.F.);
#15637=ORIENTED_EDGE('',*,*,#11939,.F.);
#15638=ORIENTED_EDGE('',*,*,#11934,.F.);
#15639=ORIENTED_EDGE('',*,*,#11929,.F.);
#15640=ORIENTED_EDGE('',*,*,#11924,.F.);
#15641=ORIENTED_EDGE('',*,*,#11919,.F.);
#15642=ORIENTED_EDGE('',*,*,#11914,.F.);
#15643=ORIENTED_EDGE('',*,*,#11909,.F.);
#15644=ORIENTED_EDGE('',*,*,#11904,.F.);
#15645=ORIENTED_EDGE('',*,*,#11899,.F.);
#15646=ORIENTED_EDGE('',*,*,#11894,.F.);
#15647=ORIENTED_EDGE('',*,*,#11889,.F.);
#15648=ORIENTED_EDGE('',*,*,#11884,.F.);
#15649=ORIENTED_EDGE('',*,*,#11879,.F.);
#15650=ORIENTED_EDGE('',*,*,#11874,.F.);
#15651=ORIENTED_EDGE('',*,*,#11869,.F.);
#15652=ORIENTED_EDGE('',*,*,#11864,.F.);
#15653=ORIENTED_EDGE('',*,*,#11859,.F.);
#15654=ORIENTED_EDGE('',*,*,#11854,.F.);
#15655=ORIENTED_EDGE('',*,*,#11849,.F.);
#15656=ORIENTED_EDGE('',*,*,#11844,.F.);
#15657=ORIENTED_EDGE('',*,*,#11839,.F.);
#15658=ORIENTED_EDGE('',*,*,#11834,.F.);
#15659=ORIENTED_EDGE('',*,*,#11829,.F.);
#15660=ORIENTED_EDGE('',*,*,#11824,.F.);
#15661=ORIENTED_EDGE('',*,*,#11819,.F.);
#15662=ORIENTED_EDGE('',*,*,#11814,.F.);
#15663=ORIENTED_EDGE('',*,*,#11809,.F.);
#15664=ORIENTED_EDGE('',*,*,#11804,.F.);
#15665=ORIENTED_EDGE('',*,*,#11799,.F.);
#15666=ORIENTED_EDGE('',*,*,#11794,.F.);
#15667=ORIENTED_EDGE('',*,*,#11789,.F.);
#15668=ORIENTED_EDGE('',*,*,#11784,.F.);
#15669=ORIENTED_EDGE('',*,*,#11779,.F.);
#15670=ORIENTED_EDGE('',*,*,#11774,.F.);
#15671=ORIENTED_EDGE('',*,*,#11769,.F.);
#15672=ORIENTED_EDGE('',*,*,#11764,.F.);
#15673=ORIENTED_EDGE('',*,*,#11759,.F.);
#15674=ORIENTED_EDGE('',*,*,#11754,.F.);
#15675=ORIENTED_EDGE('',*,*,#11749,.F.);
#15676=ORIENTED_EDGE('',*,*,#11744,.F.);
#15677=ORIENTED_EDGE('',*,*,#11739,.F.);
#15678=ORIENTED_EDGE('',*,*,#11734,.F.);
#15679=ORIENTED_EDGE('',*,*,#11729,.F.);
#15680=ORIENTED_EDGE('',*,*,#11724,.F.);
#15681=ORIENTED_EDGE('',*,*,#11719,.F.);
#15682=ORIENTED_EDGE('',*,*,#11714,.F.);
#15683=ORIENTED_EDGE('',*,*,#11709,.F.);
#15684=ORIENTED_EDGE('',*,*,#11704,.F.);
#15685=ORIENTED_EDGE('',*,*,#11699,.F.);
#15686=ORIENTED_EDGE('',*,*,#11694,.F.);
#15687=ORIENTED_EDGE('',*,*,#11689,.F.);
#15688=ORIENTED_EDGE('',*,*,#11684,.F.);
#15689=ORIENTED_EDGE('',*,*,#11679,.F.);
#15690=ORIENTED_EDGE('',*,*,#11674,.F.);
#15691=ORIENTED_EDGE('',*,*,#11669,.F.);
#15692=ORIENTED_EDGE('',*,*,#11664,.F.);
#15693=ORIENTED_EDGE('',*,*,#11659,.F.);
#15694=ORIENTED_EDGE('',*,*,#11654,.F.);
#15695=ORIENTED_EDGE('',*,*,#11649,.F.);
#15696=ORIENTED_EDGE('',*,*,#11644,.F.);
#15697=ORIENTED_EDGE('',*,*,#11639,.F.);
#15698=ORIENTED_EDGE('',*,*,#11634,.F.);
#15699=ORIENTED_EDGE('',*,*,#11629,.F.);
#15700=ORIENTED_EDGE('',*,*,#11624,.F.);
#15701=ORIENTED_EDGE('',*,*,#11619,.F.);
#15702=ORIENTED_EDGE('',*,*,#11614,.F.);
#15703=ORIENTED_EDGE('',*,*,#11609,.F.);
#15704=ORIENTED_EDGE('',*,*,#11604,.F.);
#15705=ORIENTED_EDGE('',*,*,#11599,.F.);
#15706=ORIENTED_EDGE('',*,*,#11594,.F.);
#15707=ORIENTED_EDGE('',*,*,#11589,.F.);
#15708=ORIENTED_EDGE('',*,*,#11584,.F.);
#15709=ORIENTED_EDGE('',*,*,#11579,.F.);
#15710=ORIENTED_EDGE('',*,*,#11574,.F.);
#15711=ORIENTED_EDGE('',*,*,#11569,.F.);
#15712=ORIENTED_EDGE('',*,*,#11564,.F.);
#15713=ORIENTED_EDGE('',*,*,#11559,.F.);
#15714=EDGE_LOOP('',(#15418,#15419,#15420,#15421,#15422,#15423,#15424,#15425,#15426,#15427,#15428,#15429,#15430,#15431,#15432,#15433,#15434,#15435,#15436,#15437,#15438,#15439,#15440,#15441,#15442,#15443,#15444,#15445,#15446,#15447,#15448,#15449,#15450,#15451,#15452,#15453,#15454,#15455,#15456,#15457,#15458,#15459,#15460,#15461,#15462,#15463,#15464,#15465,#15466,#15467,#15468,#15469,#15470,#15471,#15472,#15473,#15474,#15475,#15476,#15477,#15478,#15479,#15480,#15481,#15482,#15483,#15484,#15485,#15486,#15487,#15488,#15489,#15490,#15491,#15492,#15493,#15494,#15495,#15496,#15497,#15498,#15499,#15500,#15501,#15502,#15503,#15504,#15505,#15506,#15507,#15508,#15509,#15510,#15511,#15512,#15513,#15514,#15515,#15516,#15517,#15518,#15519,#15520,#15521,#15522,#15523,#15524,#15525,#15526,#15527,#15528,#15529,#15530,#15531,#15532,#15533,#15534,#15535,#15536,#15537,#15538,#15539,#15540,#15541,#15542,#15543,#15544,#15545,#15546,#15547,#15548,#15549,#15550,#15551,#15552,#15553,#15554,#15555,#15556,#15557,#15558,#15559,#15560,#15561,#15562,#15563,#15564,#15565,#15566,#15567,#15568,#15569,#15570,#15571,#15572,#15573,#15574,#15575,#15576,#15577,#15578,#15579,#15580,#15581,#15582,#15583,#15584,#15585,#15586,#15587,#15588,#15589,#15590,#15591,#15592,#15593,#15594,#15595,#15596,#15597,#15598,#15599,#15600,#15601,#15602,#15603,#15604,#15605,#15606,#15607,#15608,#15609,#15610,#15611,#15612,#15613,#15614,#15615,#15616,#15617,#15618,#15619,#15620,#15621,#15622,#15623,#15624,#15625,#15626,#15627,#15628,#15629,#15630,#15631,#15632,#15633,#15634,#15635,#15636,#15637,#15638,#15639,#15640,#15641,#15642,#15643,#15644,#15645,#15646,#15647,#15648,#15649,#15650,#15651,#15652,#15653,#15654,#15655,#15656,#15657,#15658,#15659,#15660,#15661,#15662,#15663,#15664,#15665,#15666,#15667,#15668,#15669,#15670,#15671,#15672,#15673,#15674,#15675,#15676,#15677,#15678,#15679,#15680,#15681,#15682,#15683,#15684,#15685,#15686,#15687,#15688,#15689,#15690,#15691,#15692,#15693,#15694,#15695,#15696,#15697,#15698,#15699,#15700,#15701,#15702,#15703,#15704,#15705,#15706,#15707,#15708,#15709,#15710,#15711,#15712,#15713));
#15715=FACE_BOUND('',#15417,.T.);
#15716=FACE_OUTER_BOUND('',#15714,.T.);
#15717=ADVANCED_FACE('',(#15715,#15716),#15415,.T.);
#15718=CARTESIAN_POINT('',(0.846921582936,1.754305925246,0.000000000000));
#15719=DIRECTION('',(0.434755424654,0.900548566561,0.000000000000));
#15720=AXIS2_PLACEMENT_3D('',#15718,#15719,#3565);
#15721=PLANE('',#15720);
#15722=ORIENTED_EDGE('',*,*,#1393,.T.);
#15723=ORIENTED_EDGE('',*,*,#4668,.F.);
#15724=ORIENTED_EDGE('',*,*,#4665,.F.);
#15725=ORIENTED_EDGE('',*,*,#10046,.F.);
#15726=ORIENTED_EDGE('',*,*,#7794,.F.);
#15727=ORIENTED_EDGE('',*,*,#7789,.F.);
#15728=EDGE_LOOP('',(#15722,#15723,#15724,#15725,#15726,#15727));
#15729=FACE_OUTER_BOUND('',#15728,.T.);
#15730=ADVANCED_FACE('',(#15729),#15721,.T.);
#15731=CARTESIAN_POINT('',(1.761025336242,0.832859659312,0.000000000000));
#15732=DIRECTION('',(0.903997882814,0.427536931584,0.000000000000));
#15733=AXIS2_PLACEMENT_3D('',#15731,#15732,#5530);
#15734=PLANE('',#15733);
#15735=ORIENTED_EDGE('',*,*,#266,.T.);
#15736=ORIENTED_EDGE('',*,*,#4430,.F.);
#15737=ORIENTED_EDGE('',*,*,#4427,.F.);
#15738=ORIENTED_EDGE('',*,*,#9959,.F.);
#15739=ORIENTED_EDGE('',*,*,#8002,.F.);
#15740=ORIENTED_EDGE('',*,*,#7997,.F.);
#15741=EDGE_LOOP('',(#15735,#15736,#15737,#15738,#15739,#15740));
#15742=FACE_OUTER_BOUND('',#15741,.T.);
#15743=ADVANCED_FACE('',(#15742),#15734,.T.);
#15744=CARTESIAN_POINT('',(0.049138275086,1.947421597117,0.000000000000));
#15745=DIRECTION('',(0.025224450624,0.999681812924,0.000000000000));
#15746=AXIS2_PLACEMENT_3D('',#15744,#15745,#3715);
#15747=PLANE('',#15746);
#15748=ORIENTED_EDGE('',*,*,#1186,.T.);
#15749=ORIENTED_EDGE('',*,*,#4818,.F.);
#15750=ORIENTED_EDGE('',*,*,#4815,.F.);
#15751=ORIENTED_EDGE('',*,*,#10054,.F.);
#15752=ORIENTED_EDGE('',*,*,#7664,.F.);
#15753=ORIENTED_EDGE('',*,*,#7659,.F.);
#15754=EDGE_LOOP('',(#15748,#15749,#15750,#15751,#15752,#15753));
#15755=FACE_OUTER_BOUND('',#15754,.T.);
#15756=ADVANCED_FACE('',(#15755),#15747,.T.);
#15757=CARTESIAN_POINT('',(-0.906849258741,-1.724091026865,0.000000000000));
#15758=DIRECTION('',(-0.465518464193,-0.885038168383,0.000000000000));
#15759=AXIS2_PLACEMENT_3D('',#15757,#15758,#3787);
#15760=PLANE('',#15759);
#15761=ORIENTED_EDGE('',*,*,#1648,.F.);
#15762=ORIENTED_EDGE('',*,*,#7600,.F.);
#15763=ORIENTED_EDGE('',*,*,#7597,.F.);
#15764=ORIENTED_EDGE('',*,*,#9673,.T.);
#15765=ORIENTED_EDGE('',*,*,#4892,.F.);
#15766=ORIENTED_EDGE('',*,*,#4887,.F.);
#15767=EDGE_LOOP('',(#15761,#15762,#15763,#15764,#15765,#15766));
#15768=FACE_OUTER_BOUND('',#15767,.T.);
#15769=ADVANCED_FACE('',(#15768),#15760,.T.);
#15770=CARTESIAN_POINT('',(0.377547313157,-1.911105301475,0.000000000000));
#15771=DIRECTION('',(0.193808666310,-0.981039347255,0.000000000000));
#15772=AXIS2_PLACEMENT_3D('',#15770,#15771,#4027);
#15773=PLANE('',#15772);
#15774=ORIENTED_EDGE('',*,*,#121,.F.);
#15775=ORIENTED_EDGE('',*,*,#7392,.F.);
#15776=ORIENTED_EDGE('',*,*,#7389,.F.);
#15777=ORIENTED_EDGE('',*,*,#9545,.T.);
#15778=ORIENTED_EDGE('',*,*,#5132,.F.);
#15779=ORIENTED_EDGE('',*,*,#5127,.F.);
#15780=EDGE_LOOP('',(#15774,#15775,#15776,#15777,#15778,#15779));
#15781=FACE_OUTER_BOUND('',#15780,.T.);
#15782=ADVANCED_FACE('',(#15781),#15773,.T.);
#15783=CARTESIAN_POINT('',(0.602432259853,1.852549815601,0.000000000000));
#15784=DIRECTION('',(0.309250228397,0.950980702347,0.000000000000));
#15785=AXIS2_PLACEMENT_3D('',#15783,#15784,#4944);
#15786=PLANE('',#15785);
#15787=ORIENTED_EDGE('',*,*,#712,.F.);
#15788=ORIENTED_EDGE('',*,*,#8501,.F.);
#15789=ORIENTED_EDGE('',*,*,#8498,.F.);
#15790=ORIENTED_EDGE('',*,*,#9575,.T.);
#15791=ORIENTED_EDGE('',*,*,#3855,.F.);
#15792=ORIENTED_EDGE('',*,*,#3850,.F.);
#15793=EDGE_LOOP('',(#15787,#15788,#15789,#15790,#15791,#15792));
#15794=FACE_OUTER_BOUND('',#15793,.T.);
#15795=ADVANCED_FACE('',(#15794),#15786,.T.);
#15796=CARTESIAN_POINT('',(1.185177855552,-1.546033278330,0.000000000000));
#15797=DIRECTION('',(0.608394581343,-0.793634697700,0.000000000000));
#15798=AXIS2_PLACEMENT_3D('',#15796,#15797,#5052);
#15799=PLANE('',#15798);
#15800=ORIENTED_EDGE('',*,*,#588,.T.);
#15801=ORIENTED_EDGE('',*,*,#3961,.F.);
#15802=ORIENTED_EDGE('',*,*,#3958,.F.);
#15803=ORIENTED_EDGE('',*,*,#9482,.F.);
#15804=ORIENTED_EDGE('',*,*,#8409,.F.);
#15805=ORIENTED_EDGE('',*,*,#8404,.F.);
#15806=EDGE_LOOP('',(#15800,#15801,#15802,#15803,#15804,#15805));
#15807=FACE_OUTER_BOUND('',#15806,.T.);
#15808=ADVANCED_FACE('',(#15807),#15799,.T.);
#15809=CARTESIAN_POINT('',(1.382972374476,1.371952207051,0.000000000000));
#15810=DIRECTION('',(0.709929648817,0.704272599020,0.000000000000));
#15811=AXIS2_PLACEMENT_3D('',#15809,#15810,#3445);
#15812=PLANE('',#15811);
#15813=ORIENTED_EDGE('',*,*,#1754,.T.);
#15814=ORIENTED_EDGE('',*,*,#4548,.F.);
#15815=ORIENTED_EDGE('',*,*,#4545,.F.);
#15816=ORIENTED_EDGE('',*,*,#9929,.F.);
#15817=ORIENTED_EDGE('',*,*,#7898,.F.);
#15818=ORIENTED_EDGE('',*,*,#7893,.F.);
#15819=EDGE_LOOP('',(#15813,#15814,#15815,#15816,#15817,#15818));
#15820=FACE_OUTER_BOUND('',#15819,.T.);
#15821=ADVANCED_FACE('',(#15820),#15812,.T.);
#15822=CARTESIAN_POINT('',(-0.377547313157,1.911105301475,0.000000000000));
#15823=DIRECTION('',(-0.193808666310,0.981039347255,0.000000000000));
#15824=AXIS2_PLACEMENT_3D('',#15822,#15823,#5124);
#15825=PLANE('',#15824);
#15826=ORIENTED_EDGE('',*,*,#1241,.F.);
#15827=ORIENTED_EDGE('',*,*,#8345,.F.);
#15828=ORIENTED_EDGE('',*,*,#8342,.F.);
#15829=ORIENTED_EDGE('',*,*,#9891,.T.);
#15830=ORIENTED_EDGE('',*,*,#4035,.F.);
#15831=ORIENTED_EDGE('',*,*,#4030,.F.);
#15832=EDGE_LOOP('',(#15826,#15827,#15828,#15829,#15830,#15831));
#15833=FACE_OUTER_BOUND('',#15832,.T.);
#15834=ADVANCED_FACE('',(#15833),#15825,.T.);
#15835=CARTESIAN_POINT('',(-1.914064600625,0.362245982212,0.000000000000));
#15836=DIRECTION('',(-0.982558462348,0.185953940717,0.000000000000));
#15837=AXIS2_PLACEMENT_3D('',#15835,#15836,#19);
#15838=PLANE('',#15837);
#15839=ORIENTED_EDGE('',*,*,#275,.F.);
#15840=ORIENTED_EDGE('',*,*,#7990,.F.);
#15841=ORIENTED_EDGE('',*,*,#7987,.F.);
#15842=ORIENTED_EDGE('',*,*,#9662,.T.);
#15843=ORIENTED_EDGE('',*,*,#4442,.F.);
#15844=ORIENTED_EDGE('',*,*,#4437,.F.);
#15845=EDGE_LOOP('',(#15839,#15840,#15841,#15842,#15843,#15844));
#15846=FACE_OUTER_BOUND('',#15845,.T.);
#15847=ADVANCED_FACE('',(#15846),#15838,.T.);
#15848=CARTESIAN_POINT('',(1.943581416927,0.131744915551,0.000000000000));
#15849=DIRECTION('',(0.997710509791,0.067629421496,0.000000000000));
#15850=AXIS2_PLACEMENT_3D('',#15848,#15849,#4524);
#15851=PLANE('',#15850);
#15852=ORIENTED_EDGE('',*,*,#344,.F.);
#15853=ORIENTED_EDGE('',*,*,#8865,.F.);
#15854=ORIENTED_EDGE('',*,*,#8862,.F.);
#15855=ORIENTED_EDGE('',*,*,#9684,.T.);
#15856=ORIENTED_EDGE('',*,*,#3435,.F.);
#15857=ORIENTED_EDGE('',*,*,#3430,.F.);
#15858=EDGE_LOOP('',(#15852,#15853,#15854,#15855,#15856,#15857));
#15859=FACE_OUTER_BOUND('',#15858,.T.);
#15860=ADVANCED_FACE('',(#15859),#15851,.T.);
#15861=CARTESIAN_POINT('',(-1.536502127104,-1.197508522057,0.000000000000));
#15862=DIRECTION('',(-0.788742013675,-0.614724357630,0.000000000000));
#15863=AXIS2_PLACEMENT_3D('',#15861,#15862,#3637);
#15864=PLANE('',#15863);
#15865=ORIENTED_EDGE('',*,*,#1471,.F.);
#15866=ORIENTED_EDGE('',*,*,#7730,.F.);
#15867=ORIENTED_EDGE('',*,*,#7727,.F.);
#15868=ORIENTED_EDGE('',*,*,#9583,.T.);
#15869=ORIENTED_EDGE('',*,*,#4742,.F.);
#15870=ORIENTED_EDGE('',*,*,#4737,.F.);
#15871=EDGE_LOOP('',(#15865,#15866,#15867,#15868,#15869,#15870));
#15872=FACE_OUTER_BOUND('',#15871,.T.);
#15873=ADVANCED_FACE('',(#15872),#15864,.T.);
#15874=CARTESIAN_POINT('',(0.280684381694,1.927714119072,0.000000000000));
#15875=DIRECTION('',(0.144085426580,0.989565252951,0.000000000000));
#15876=AXIS2_PLACEMENT_3D('',#15874,#15875,#5004);
#15877=PLANE('',#15876);
#15878=ORIENTED_EDGE('',*,*,#144,.F.);
#15879=ORIENTED_EDGE('',*,*,#8449,.F.);
#15880=ORIENTED_EDGE('',*,*,#8446,.F.);
#15881=ORIENTED_EDGE('',*,*,#9510,.T.);
#15882=ORIENTED_EDGE('',*,*,#3915,.F.);
#15883=ORIENTED_EDGE('',*,*,#3910,.F.);
#15884=EDGE_LOOP('',(#15878,#15879,#15880,#15881,#15882,#15883));
#15885=FACE_OUTER_BOUND('',#15884,.T.);
#15886=ADVANCED_FACE('',(#15885),#15877,.T.);
#15887=CARTESIAN_POINT('',(-1.716780865327,0.920613332210,0.000000000000));
#15888=DIRECTION('',(-0.881285598549,0.472584060025,0.000000000000));
#15889=AXIS2_PLACEMENT_3D('',#15887,#15888,#4105);
#15890=PLANE('',#15889);
#15891=ORIENTED_EDGE('',*,*,#634,.T.);
#15892=ORIENTED_EDGE('',*,*,#5208,.F.);
#15893=ORIENTED_EDGE('',*,*,#5205,.F.);
#15894=ORIENTED_EDGE('',*,*,#9940,.F.);
#15895=ORIENTED_EDGE('',*,*,#7326,.F.);
#15896=ORIENTED_EDGE('',*,*,#7321,.F.);
#15897=EDGE_LOOP('',(#15891,#15892,#15893,#15894,#15895,#15896));
#15898=FACE_OUTER_BOUND('',#15897,.T.);
#15899=ADVANCED_FACE('',(#15898),#15890,.T.);
#15900=CARTESIAN_POINT('',(-1.494339875907,-1.249725482764,0.000000000000));
#15901=DIRECTION('',(-0.767098607966,-0.641529208733,0.000000000000));
#15902=AXIS2_PLACEMENT_3D('',#15900,#15901,#4512);
#15903=PLANE('',#15902);
#15904=ORIENTED_EDGE('',*,*,#335,.T.);
#15905=ORIENTED_EDGE('',*,*,#3421,.F.);
#15906=ORIENTED_EDGE('',*,*,#3418,.F.);
#15907=ORIENTED_EDGE('',*,*,#9874,.F.);
#15908=ORIENTED_EDGE('',*,*,#8877,.F.);
#15909=ORIENTED_EDGE('',*,*,#8872,.F.);
#15910=EDGE_LOOP('',(#15904,#15905,#15906,#15907,#15908,#15909));
#15911=FACE_OUTER_BOUND('',#15910,.T.);
#15912=ADVANCED_FACE('',(#15911),#15903,.T.);
#15913=CARTESIAN_POINT('',(-0.602432259853,1.852549815601,0.000000000000));
#15914=DIRECTION('',(-0.309250228397,0.950980702347,0.000000000000));
#15915=AXIS2_PLACEMENT_3D('',#15913,#15914,#3835);
#15916=PLANE('',#15915);
#15917=ORIENTED_EDGE('',*,*,#1324,.T.);
#15918=ORIENTED_EDGE('',*,*,#4938,.F.);
#15919=ORIENTED_EDGE('',*,*,#4935,.F.);
#15920=ORIENTED_EDGE('',*,*,#9433,.F.);
#15921=ORIENTED_EDGE('',*,*,#7560,.F.);
#15922=ORIENTED_EDGE('',*,*,#7555,.F.);
#15923=EDGE_LOOP('',(#15917,#15918,#15919,#15920,#15921,#15922));
#15924=FACE_OUTER_BOUND('',#15923,.T.);
#15925=ADVANCED_FACE('',(#15924),#15916,.T.);
#15926=CARTESIAN_POINT('',(1.893359768778,0.458316738697,0.000000000000));
#15927=DIRECTION('',(0.971929924661,0.235270528432,0.000000000000));
#15928=AXIS2_PLACEMENT_3D('',#15926,#15927,#4584);
#15929=PLANE('',#15928);
#15930=ORIENTED_EDGE('',*,*,#1126,.F.);
#15931=ORIENTED_EDGE('',*,*,#8813,.F.);
#15932=ORIENTED_EDGE('',*,*,#8810,.F.);
#15933=ORIENTED_EDGE('',*,*,#9526,.T.);
#15934=ORIENTED_EDGE('',*,*,#3495,.F.);
#15935=ORIENTED_EDGE('',*,*,#3490,.F.);
#15936=EDGE_LOOP('',(#15930,#15931,#15932,#15933,#15934,#15935));
#15937=FACE_OUTER_BOUND('',#15936,.T.);
#15938=ADVANCED_FACE('',(#15937),#15929,.T.);
#15939=CARTESIAN_POINT('',(-1.185177855552,1.546033278330,0.000000000000));
#15940=DIRECTION('',(-0.608394581343,0.793634697700,0.000000000000));
#15941=AXIS2_PLACEMENT_3D('',#15939,#15940,#3955);
#15942=PLANE('',#15941);
#15943=ORIENTED_EDGE('',*,*,#1002,.T.);
#15944=ORIENTED_EDGE('',*,*,#5058,.F.);
#15945=ORIENTED_EDGE('',*,*,#5055,.F.);
#15946=ORIENTED_EDGE('',*,*,#9716,.F.);
#15947=ORIENTED_EDGE('',*,*,#7456,.F.);
#15948=ORIENTED_EDGE('',*,*,#7451,.F.);
#15949=EDGE_LOOP('',(#15943,#15944,#15945,#15946,#15947,#15948));
#15950=FACE_OUTER_BOUND('',#15949,.T.);
#15951=ADVANCED_FACE('',(#15950),#15942,.T.);
#15952=CARTESIAN_POINT('',(-0.757369190483,-1.794786158934,0.000000000000));
#15953=DIRECTION('',(-0.388784948527,-0.921328531958,0.000000000000));
#15954=AXIS2_PLACEMENT_3D('',#15952,#15953,#3817);
#15955=PLANE('',#15954);
#15956=ORIENTED_EDGE('',*,*,#298,.F.);
#15957=ORIENTED_EDGE('',*,*,#7574,.F.);
#15958=ORIENTED_EDGE('',*,*,#7571,.F.);
#15959=ORIENTED_EDGE('',*,*,#9428,.T.);
#15960=ORIENTED_EDGE('',*,*,#4922,.F.);
#15961=ORIENTED_EDGE('',*,*,#4917,.F.);
#15962=EDGE_LOOP('',(#15956,#15957,#15958,#15959,#15960,#15961));
#15963=FACE_OUTER_BOUND('',#15962,.T.);
#15964=ADVANCED_FACE('',(#15963),#15955,.T.);
#15965=CLOSED_SHELL('',(#47,#92,#1863,#5543,#8938,#8954,#8970,#8986,#9002,#9018,#9034,#9050,#9066,#9082,#9098,#9114,#9130,#9146,#9162,#9182,#9198,#9214,#9230,#9246,#9262,#9278,#9294,#9310,#9326,#9342,#9358,#9374,#10180,#10193,#10206,#10219,#10232,#10245,#10258,#10271,#10284,#10297,#10310,#10323,#10336,#10349,#10362,#10375,#10388,#10422,#10425,#10433,#10442,#10455,#10468,#10481,#10494,#10507,#10520,#10533,#10546,#10559,#10572,#10585,#10598,#10611,#10624,#10637,#10650,#10663,#10676,#10689,#10702,#10715,#10728,#10741,#10754,#10767,#10780,#10793,#10806,#10819,#10832,#10845,#10858,#10871,#10884,#10897,#10910,#10923,#10936,#10949,#10962,#10975,#10988,#11001,#11014,#11027,#11040,#11053,#11066,#11079,#11092,#11105,#11118,#11131,#11144,#11157,#11170,#11183,#11196,#11209,#11222,#11235,#11248,#11261,#11274,#11287,#11300,#11313,#11326,#11339,#11352,#11365,#11378,#11391,#11404,#11417,#11430,#11443,#11456,#11469,#11482,#11495,#11508,#11521,#11534,#11547,#15107,#15110,#15413,#15717,#15730,#15743,#15756,#15769,#15782,#15795,#15808,#15821,#15834,#15847,#15860,#15873,#15886,#15899,#15912,#15925,#15938,#15951,#15964));
#15966=MANIFOLD_SOLID_BREP('barrel_and_winding',#15965);
#15967=APPLICATION_CONTEXT('core data for automotive mechanical design processes');
#15968=APPLICATION_PROTOCOL_DEFINITION('international standard','automotive_design',2000,#15967);
#15969=PRODUCT_CONTEXT('',#15967,'mechanical');
#15970=PRODUCT('barrel_and_winding','barrel_and_winding','',(#15969));
#15971=PRODUCT_DEFINITION_FORMATION('','',#15970);
#15972=PRODUCT_DEFINITION_CONTEXT('part definition',#15967,'design');
#15973=PRODUCT_DEFINITION('','',#15971,#15972);
#15974=PRODUCT_DEFINITION_SHAPE('','',#15973);
#15975=(LENGTH_UNIT()NAMED_UNIT(*)SI_UNIT(.MILLI.,.METRE.));
#15976=(NAMED_UNIT(*)PLANE_ANGLE_UNIT()SI_UNIT($,.RADIAN.));
#15977=(NAMED_UNIT(*)SI_UNIT($,.STERADIAN.)SOLID_ANGLE_UNIT());
#15978=UNCERTAINTY_MEASURE_WITH_UNIT(LENGTH_MEASURE(1.E-07),#15975,'distance_accuracy_value','');
#15979=(GEOMETRIC_REPRESENTATION_CONTEXT(3)GLOBAL_UNCERTAINTY_ASSIGNED_CONTEXT((#15978))GLOBAL_UNIT_ASSIGNED_CONTEXT((#15975,#15976,#15977))REPRESENTATION_CONTEXT('',''));
#15980=ADVANCED_BREP_SHAPE_REPRESENTATION('',(#15966),#15979);
#15981=SHAPE_DEFINITION_REPRESENTATION(#15974,#15980);
ENDSEC;
END-ISO-10303-21;
